[kbplacer_plugin_action.py:65]: Plugin version: 0.13
[kbplacer_plugin_action.py:66]: Python version: '3.11.5 (main, Jan 27 2025, 07:08:36) [MSC v.1942 64 bit (AMD64)]'
[kbplacer_plugin_action.py:67]: KiCad version: 9.0.2 with 4.2.2 msw (phoenix) wxWidgets 3.2.6
[kbplacer_dialog.py:586]: Language: en
[kbplacer_plugin_action.py:75]: GUI state: {"layout_path": "C:\\Users\\conta\\Downloads\\lilypad-65-keyboard.json", "key_distance": [19.05, 19.05], "key_info": {"annotation_format": "SW{}", "position_option": "Default", "position": {"x": 0.0, "y": 0.0, "orientation": 0.0, "side": "Back"}, "template_path": ""}, "enable_diode_placement": true, "route_switches_with_diodes": true, "optimize_diodes_orientation": false, "diode_info": {"annotation_format": "D{}", "position_option": "Custom", "position": {"x": 5.0, "y": 2.0, "orientation": 90.0, "side": "Back"}, "template_path": ""}, "additional_elements": [{"annotation_format": "LED{}", "position_option": "Custom", "position": {"x": 0.0, "y": -5.25, "orientation": 180.0, "side": "Back"}, "template_path": ""}], "route_rows_and_columns": true, "template_path": "", "generate_outline": false, "outline_delta": 0.0}
[key_placer.py:362]: Set key 1U distance: 19050000/19050000
[key_placer.py:124]: Switches by nets: defaultdict(<class 'list'>, {frozenset({'Column 2', 'Row 4'}): ['SW61'], frozenset({'Column 9', 'Row 2'}): ['SW40'], frozenset({'Column 0', 'Row 0'}): ['SW1'], frozenset({'Column 2', 'Row 0'}): ['SW3'], frozenset({'Column 4', 'Row 2'}): ['SW35'], frozenset({'Row 1', 'Column 5'}): ['SW21'], frozenset({'Row 2', 'Column 2'}): ['SW33'], frozenset({'Column 1', 'Row 4'}): ['SW60'], frozenset({'Row 1', 'Column 12'}): ['SW28'], frozenset({'Column 3', 'Row 4'}): ['SW62'], frozenset({'Column 13', 'Row 3'}): ['SW58'], frozenset({'Column 11', 'Row 0'}): ['SW12'], frozenset({'Row 1', 'Column 2'}): ['SW18'], frozenset({'Column 1', 'Row 1'}): ['SW17'], frozenset({'Row 2', 'Column 6'}): ['SW37'], frozenset({'Column 7', 'Row 3'}): ['SW52'], frozenset({'Column 7', 'Row 2'}): ['SW38'], frozenset({'Row 2', 'Column 12'}): ['SW43'], frozenset({'Column 10', 'Row 0'}): ['SW11'], frozenset({'Row 1', 'Column 8'}): ['SW24'], frozenset({'Row 3', 'Column 8'}): ['SW53'], frozenset({'Column 8', 'Row 4'}): ['SW67'], frozenset({'Row 1', 'Column 0'}): ['SW16'], frozenset({'Column 13', 'Row 0'}): ['SW14'], frozenset({'Column 0', 'Row 4'}): ['SW59'], frozenset({'Column 7', 'Row 4'}): ['SW66'], frozenset({'Column 4', 'Row 1'}): ['SW20'], frozenset({'Row 3', 'Column 4'}): ['SW49'], frozenset({'Column 13', 'Row 2'}): ['SW44'], frozenset({'Column 6', 'Row 4'}): ['SW65'], frozenset({'Column 6', 'Row 0'}): ['SW7'], frozenset({'Row 2', 'Column 0'}): ['SW31'], frozenset({'Column 13', 'Row 1'}): ['SW29'], frozenset({'Row 2', 'Column 5'}): ['SW36'], frozenset({'Column 9', 'Row 4'}): ['SW68'], frozenset({'Row 3', 'Column 3'}): ['SW48'], frozenset({'Row 3', 'Column 2'}): ['SW47'], frozenset({'Column 4', 'Row 0'}): ['SW5'], frozenset({'Row 3', 'Column 0'}): ['SW45'], frozenset({'Column 5', 'Row 0'}): ['SW6'], frozenset({'Column 12', 'Row 0'}): ['SW13'], frozenset({'Row 3', 'Column 6'}): ['SW51'], frozenset({'Row 1', 'Column 14'}): ['SW30'], frozenset({'Row 3', 'Column 12'}): ['SW57'], frozenset({'Column 7', 'Row 0'}): ['SW8'], frozenset({'Row 1', 'Column 3'}): ['SW19'], frozenset({'Column 4', 'Row 4'}): ['SW63'], frozenset({'Row 2', 'Column 8'}): ['SW39'], frozenset({'Column 5', 'Row 4'}): ['SW64'], frozenset({'Row 3', 'Column 10'}): ['SW55'], frozenset({'Column 11', 'Row 2'}): ['SW42'], frozenset({'Column 14', 'Row 0'}): ['SW15'], frozenset({'Row 3', 'Column 1'}): ['SW46'], frozenset({'Row 2', 'Column 3'}): ['SW34'], frozenset({'Row 1', 'Column 10'}): ['SW26'], frozenset({'Column 9', 'Row 1'}): ['SW25'], frozenset({'Column 1', 'Row 0'}): ['SW2'], frozenset({'Column 9', 'Row 0'}): ['SW10'], frozenset({'Row 2', 'Column 1'}): ['SW32'], frozenset({'Column 8', 'Row 0'}): ['SW9'], frozenset({'Column 11', 'Row 1'}): ['SW27'], frozenset({'Column 3', 'Row 0'}): ['SW4'], frozenset({'Column 11', 'Row 3'}): ['SW56'], frozenset({'Row 3', 'Column 5'}): ['SW50'], frozenset({'Column 7', 'Row 1'}): ['SW23'], frozenset({'Row 2', 'Column 10'}): ['SW41'], frozenset({'Row 1', 'Column 6'}): ['SW22'], frozenset({'Row 3', 'Column 9'}): ['SW54']})
[key_placer.py:128]: Diodes by switch: {'SW29': ['D29'], 'SW21': ['D21'], 'SW45': ['D45'], 'SW63': ['D63'], 'SW1': ['D1'], 'SW47': ['D47'], 'SW59': ['D59'], 'SW26': ['D26'], 'SW50': ['D50'], 'SW62': ['D62'], 'SW64': ['D64'], 'SW57': ['D57'], 'SW6': ['D6'], 'SW9': ['D9'], 'SW3': ['D3'], 'SW16': ['D16'], 'SW41': ['D41'], 'SW51': ['D51'], 'SW56': ['D56'], 'SW25': ['D25'], 'SW40': ['D40'], 'SW14': ['D14'], 'SW66': ['D66'], 'SW60': ['D60'], 'SW22': ['D22'], 'SW24': ['D24'], 'SW53': ['D53'], 'SW7': ['D7'], 'SW38': ['D38'], 'SW4': ['D4'], 'SW34': ['D34'], 'SW19': ['D19'], 'SW48': ['D48'], 'SW30': ['D30'], 'SW33': ['D33'], 'SW27': ['D27'], 'SW52': ['D52'], 'SW11': ['D11'], 'SW8': ['D8'], 'SW5': ['D5'], 'SW65': ['D65'], 'SW39': ['D39'], 'SW15': ['D15'], 'SW54': ['D54'], 'SW43': ['D43'], 'SW13': ['D13'], 'SW17': ['D17'], 'SW32': ['D32'], 'SW28': ['D28'], 'SW20': ['D20'], 'SW18': ['D18'], 'SW46': ['D46'], 'SW12': ['D12'], 'SW55': ['D55'], 'SW37': ['D37'], 'SW67': ['D67'], 'SW44': ['D44'], 'SW61': ['D61'], 'SW35': ['D35'], 'SW2': ['D2'], 'SW31': ['D31'], 'SW36': ['D36'], 'SW10': ['D10'], 'SW49': ['D49'], 'SW42': ['D42'], 'SW23': ['D23'], 'SW68': ['D68'], 'SW58': ['D58']}
[kle_serial.py:897]: User layout: [{'name': 'Yuzu Nano 65 Keyboard', 'author': 'Logan', 'notes': 'Compact normal typing keyboard with dedicated arrows and enough Linux controls for terminal use.'}, ['~\n`\nEsc', '!\n1\nF1', '@\n2\nF2', '#\n3\nF3', '$\n4\nF4', '%\n5\nF5', '^\n6\nF6', '&\n7\nF7', '*\n8\nF8', '(\n9\nF9', ')\n0\nF10', '_\n-\nF11', '+\n=\nF12', {'a': 6, 'w': 2}, 'Backspace', 'Delete'], [{'a': 4, 'w': 1.5}, 'Tab', 'Q', 'W', 'E', 'R', 'T', 'Y', 'U', 'I', 'O', 'P', '{\n[', '}\n]', {'w': 1.5}, '|\n\\', {'a': 6}, 'Home'], [{'a': 4, 'w': 1.75}, 'Caps Lock', 'A', 'S', 'D', 'F', 'G', 'H', 'J', 'K', 'L', ':\n;', '"\n\'', {'a': 6, 'w': 2.25}, 'Enter', 'Page Up'], [{'a': 4, 'w': 2.25}, 'Shift', 'Z', 'X', 'C', 'V', 'B', 'N', 'M', '<\n,', '>\n.', '?\n/', {'a': 6, 'w': 1.75}, 'Shift', {'a': 7}, '↑', {'a': 6}, 'Page Down'], [{'w': 1.25}, 'Ctrl', {'w': 1.25}, 'Win', {'w': 1.25}, 'Alt', {'a': 7, 'w': 6.25}, '', {'a': 6}, 'Alt', 'Fn', 'Ctrl', {'a': 7}, '←', '↓', '→']]
[key_placer.py:662]: Layout offset: (28575000, 28575000)
[board_modifier.py:85]: Setting SW1 footprint position: (38100000, 38100000)
[board_modifier.py:85]: Setting SW2 footprint position: (57150000, 38100000)
[board_modifier.py:85]: Setting SW3 footprint position: (76200000, 38100000)
[board_modifier.py:85]: Setting SW4 footprint position: (95250000, 38100000)
[board_modifier.py:85]: Setting SW5 footprint position: (114300000, 38100000)
[board_modifier.py:85]: Setting SW6 footprint position: (133350000, 38100000)
[board_modifier.py:85]: Setting SW7 footprint position: (152400000, 38100000)
[board_modifier.py:85]: Setting SW8 footprint position: (171450000, 38100000)
[board_modifier.py:85]: Setting SW9 footprint position: (190500000, 38100000)
[board_modifier.py:85]: Setting SW10 footprint position: (209550000, 38100000)
[board_modifier.py:85]: Setting SW11 footprint position: (228600000, 38100000)
[board_modifier.py:85]: Setting SW12 footprint position: (247650000, 38100000)
[board_modifier.py:85]: Setting SW13 footprint position: (266700000, 38100000)
[board_modifier.py:85]: Setting SW14 footprint position: (295275000, 38100000)
[board_modifier.py:85]: Setting SW15 footprint position: (323850000, 38100000)
[board_modifier.py:85]: Setting SW16 footprint position: (42862500, 57150000)
[board_modifier.py:85]: Setting SW17 footprint position: (66675000, 57150000)
[board_modifier.py:85]: Setting SW18 footprint position: (85725000, 57150000)
[board_modifier.py:85]: Setting SW19 footprint position: (104775000, 57150000)
[board_modifier.py:85]: Setting SW20 footprint position: (123825000, 57150000)
[board_modifier.py:85]: Setting SW21 footprint position: (142875000, 57150000)
[board_modifier.py:85]: Setting SW22 footprint position: (161925000, 57150000)
[board_modifier.py:85]: Setting SW23 footprint position: (180975000, 57150000)
[board_modifier.py:85]: Setting SW24 footprint position: (200025000, 57150000)
[board_modifier.py:85]: Setting SW25 footprint position: (219075000, 57150000)
[board_modifier.py:85]: Setting SW26 footprint position: (238125000, 57150000)
[board_modifier.py:85]: Setting SW27 footprint position: (257175000, 57150000)
[board_modifier.py:85]: Setting SW28 footprint position: (276225000, 57150000)
[board_modifier.py:85]: Setting SW29 footprint position: (300037500, 57150000)
[board_modifier.py:85]: Setting SW30 footprint position: (323850000, 57150000)
[board_modifier.py:85]: Setting SW31 footprint position: (45243750, 76200000)
[board_modifier.py:85]: Setting SW32 footprint position: (71437500, 76200000)
[board_modifier.py:85]: Setting SW33 footprint position: (90487500, 76200000)
[board_modifier.py:85]: Setting SW34 footprint position: (109537500, 76200000)
[board_modifier.py:85]: Setting SW35 footprint position: (128587500, 76200000)
[board_modifier.py:85]: Setting SW36 footprint position: (147637500, 76200000)
[board_modifier.py:85]: Setting SW37 footprint position: (166687500, 76200000)
[board_modifier.py:85]: Setting SW38 footprint position: (185737500, 76200000)
[board_modifier.py:85]: Setting SW39 footprint position: (204787500, 76200000)
[board_modifier.py:85]: Setting SW40 footprint position: (223837500, 76200000)
[board_modifier.py:85]: Setting SW41 footprint position: (242887500, 76200000)
[board_modifier.py:85]: Setting SW42 footprint position: (261937500, 76200000)
[board_modifier.py:85]: Setting SW43 footprint position: (292893750, 76200000)
[board_modifier.py:85]: Setting SW44 footprint position: (323850000, 76200000)
[board_modifier.py:85]: Setting SW45 footprint position: (50006250, 95250000)
[board_modifier.py:85]: Setting SW46 footprint position: (80962500, 95250000)
[board_modifier.py:85]: Setting SW47 footprint position: (100012500, 95250000)
[board_modifier.py:85]: Setting SW48 footprint position: (119062500, 95250000)
[board_modifier.py:85]: Setting SW49 footprint position: (138112500, 95250000)
[board_modifier.py:85]: Setting SW50 footprint position: (157162500, 95250000)
[board_modifier.py:85]: Setting SW51 footprint position: (176212500, 95250000)
[board_modifier.py:85]: Setting SW52 footprint position: (195262500, 95250000)
[board_modifier.py:85]: Setting SW53 footprint position: (214312500, 95250000)
[board_modifier.py:85]: Setting SW54 footprint position: (233362500, 95250000)
[board_modifier.py:85]: Setting SW55 footprint position: (252412500, 95250000)
[board_modifier.py:85]: Setting SW56 footprint position: (278606250, 95250000)
[board_modifier.py:85]: Setting SW57 footprint position: (304800000, 95250000)
[board_modifier.py:85]: Setting SW58 footprint position: (323850000, 95250000)
[board_modifier.py:85]: Setting SW59 footprint position: (40481250, 114300000)
[board_modifier.py:85]: Setting SW60 footprint position: (64293750, 114300000)
[board_modifier.py:85]: Setting SW61 footprint position: (88106250, 114300000)
[board_modifier.py:85]: Setting SW62 footprint position: (159543750, 114300000)
[board_modifier.py:85]: Setting SW63 footprint position: (228600000, 114300000)
[board_modifier.py:85]: Setting SW64 footprint position: (247650000, 114300000)
[board_modifier.py:85]: Setting SW65 footprint position: (266700000, 114300000)
[board_modifier.py:85]: Setting SW66 footprint position: (285750000, 114300000)
[board_modifier.py:85]: Setting SW67 footprint position: (304800000, 114300000)
[board_modifier.py:85]: Setting SW68 footprint position: (323850000, 114300000)
[key_placer.py:999]: Diode info: [ElementInfo(annotation_format='D{}', position_option=<PositionOption.CUSTOM: 'Custom'>, position=ElementPosition(x=5.0, y=2.0, orientation=90.0, side=<Side.BACK: 'Back'>), template_path='')]
[board_modifier.py:98]: Getting SW1 footprint position: (38100000, 38100000)
[board_modifier.py:85]: Setting D1 footprint position: (43100000, 40100000)
[board_modifier.py:98]: Getting SW2 footprint position: (57150000, 38100000)
[board_modifier.py:85]: Setting D2 footprint position: (62150000, 40100000)
[board_modifier.py:98]: Getting SW3 footprint position: (76200000, 38100000)
[board_modifier.py:85]: Setting D3 footprint position: (81200000, 40100000)
[board_modifier.py:98]: Getting SW4 footprint position: (95250000, 38100000)
[board_modifier.py:85]: Setting D4 footprint position: (100250000, 40100000)
[board_modifier.py:98]: Getting SW5 footprint position: (114300000, 38100000)
[board_modifier.py:85]: Setting D5 footprint position: (119300000, 40100000)
[board_modifier.py:98]: Getting SW6 footprint position: (133350000, 38100000)
[board_modifier.py:85]: Setting D6 footprint position: (138350000, 40100000)
[board_modifier.py:98]: Getting SW7 footprint position: (152400000, 38100000)
[board_modifier.py:85]: Setting D7 footprint position: (157400000, 40100000)
[board_modifier.py:98]: Getting SW8 footprint position: (171450000, 38100000)
[board_modifier.py:85]: Setting D8 footprint position: (176450000, 40100000)
[board_modifier.py:98]: Getting SW9 footprint position: (190500000, 38100000)
[board_modifier.py:85]: Setting D9 footprint position: (195500000, 40100000)
[board_modifier.py:98]: Getting SW10 footprint position: (209550000, 38100000)
[board_modifier.py:85]: Setting D10 footprint position: (214550000, 40100000)
[board_modifier.py:98]: Getting SW11 footprint position: (228600000, 38100000)
[board_modifier.py:85]: Setting D11 footprint position: (233600000, 40100000)
[board_modifier.py:98]: Getting SW12 footprint position: (247650000, 38100000)
[board_modifier.py:85]: Setting D12 footprint position: (252650000, 40100000)
[board_modifier.py:98]: Getting SW13 footprint position: (266700000, 38100000)
[board_modifier.py:85]: Setting D13 footprint position: (271700000, 40100000)
[board_modifier.py:98]: Getting SW14 footprint position: (295275000, 38100000)
[board_modifier.py:85]: Setting D14 footprint position: (300275000, 40100000)
[board_modifier.py:98]: Getting SW15 footprint position: (323850000, 38100000)
[board_modifier.py:85]: Setting D15 footprint position: (328850000, 40100000)
[board_modifier.py:98]: Getting SW16 footprint position: (42862500, 57150000)
[board_modifier.py:85]: Setting D16 footprint position: (47862500, 59150000)
[board_modifier.py:98]: Getting SW17 footprint position: (66675000, 57150000)
[board_modifier.py:85]: Setting D17 footprint position: (71675000, 59150000)
[board_modifier.py:98]: Getting SW18 footprint position: (85725000, 57150000)
[board_modifier.py:85]: Setting D18 footprint position: (90725000, 59150000)
[board_modifier.py:98]: Getting SW19 footprint position: (104775000, 57150000)
[board_modifier.py:85]: Setting D19 footprint position: (109775000, 59150000)
[board_modifier.py:98]: Getting SW20 footprint position: (123825000, 57150000)
[board_modifier.py:85]: Setting D20 footprint position: (128825000, 59150000)
[board_modifier.py:98]: Getting SW21 footprint position: (142875000, 57150000)
[board_modifier.py:85]: Setting D21 footprint position: (147875000, 59150000)
[board_modifier.py:98]: Getting SW22 footprint position: (161925000, 57150000)
[board_modifier.py:85]: Setting D22 footprint position: (166925000, 59150000)
[board_modifier.py:98]: Getting SW23 footprint position: (180975000, 57150000)
[board_modifier.py:85]: Setting D23 footprint position: (185975000, 59150000)
[board_modifier.py:98]: Getting SW24 footprint position: (200025000, 57150000)
[board_modifier.py:85]: Setting D24 footprint position: (205025000, 59150000)
[board_modifier.py:98]: Getting SW25 footprint position: (219075000, 57150000)
[board_modifier.py:85]: Setting D25 footprint position: (224075000, 59150000)
[board_modifier.py:98]: Getting SW26 footprint position: (238125000, 57150000)
[board_modifier.py:85]: Setting D26 footprint position: (243125000, 59150000)
[board_modifier.py:98]: Getting SW27 footprint position: (257175000, 57150000)
[board_modifier.py:85]: Setting D27 footprint position: (262175000, 59150000)
[board_modifier.py:98]: Getting SW28 footprint position: (276225000, 57150000)
[board_modifier.py:85]: Setting D28 footprint position: (281225000, 59150000)
[board_modifier.py:98]: Getting SW29 footprint position: (300037500, 57150000)
[board_modifier.py:85]: Setting D29 footprint position: (305037500, 59150000)
[board_modifier.py:98]: Getting SW30 footprint position: (323850000, 57150000)
[board_modifier.py:85]: Setting D30 footprint position: (328850000, 59150000)
[board_modifier.py:98]: Getting SW31 footprint position: (45243750, 76200000)
[board_modifier.py:85]: Setting D31 footprint position: (50243750, 78200000)
[board_modifier.py:98]: Getting SW32 footprint position: (71437500, 76200000)
[board_modifier.py:85]: Setting D32 footprint position: (76437500, 78200000)
[board_modifier.py:98]: Getting SW33 footprint position: (90487500, 76200000)
[board_modifier.py:85]: Setting D33 footprint position: (95487500, 78200000)
[board_modifier.py:98]: Getting SW34 footprint position: (109537500, 76200000)
[board_modifier.py:85]: Setting D34 footprint position: (114537500, 78200000)
[board_modifier.py:98]: Getting SW35 footprint position: (128587500, 76200000)
[board_modifier.py:85]: Setting D35 footprint position: (133587500, 78200000)
[board_modifier.py:98]: Getting SW36 footprint position: (147637500, 76200000)
[board_modifier.py:85]: Setting D36 footprint position: (152637500, 78200000)
[board_modifier.py:98]: Getting SW37 footprint position: (166687500, 76200000)
[board_modifier.py:85]: Setting D37 footprint position: (171687500, 78200000)
[board_modifier.py:98]: Getting SW38 footprint position: (185737500, 76200000)
[board_modifier.py:85]: Setting D38 footprint position: (190737500, 78200000)
[board_modifier.py:98]: Getting SW39 footprint position: (204787500, 76200000)
[board_modifier.py:85]: Setting D39 footprint position: (209787500, 78200000)
[board_modifier.py:98]: Getting SW40 footprint position: (223837500, 76200000)
[board_modifier.py:85]: Setting D40 footprint position: (228837500, 78200000)
[board_modifier.py:98]: Getting SW41 footprint position: (242887500, 76200000)
[board_modifier.py:85]: Setting D41 footprint position: (247887500, 78200000)
[board_modifier.py:98]: Getting SW42 footprint position: (261937500, 76200000)
[board_modifier.py:85]: Setting D42 footprint position: (266937500, 78200000)
[board_modifier.py:98]: Getting SW43 footprint position: (292893750, 76200000)
[board_modifier.py:85]: Setting D43 footprint position: (297893750, 78200000)
[board_modifier.py:98]: Getting SW44 footprint position: (323850000, 76200000)
[board_modifier.py:85]: Setting D44 footprint position: (328850000, 78200000)
[board_modifier.py:98]: Getting SW45 footprint position: (50006250, 95250000)
[board_modifier.py:85]: Setting D45 footprint position: (55006250, 97250000)
[board_modifier.py:98]: Getting SW46 footprint position: (80962500, 95250000)
[board_modifier.py:85]: Setting D46 footprint position: (85962500, 97250000)
[board_modifier.py:98]: Getting SW47 footprint position: (100012500, 95250000)
[board_modifier.py:85]: Setting D47 footprint position: (105012500, 97250000)
[board_modifier.py:98]: Getting SW48 footprint position: (119062500, 95250000)
[board_modifier.py:85]: Setting D48 footprint position: (124062500, 97250000)
[board_modifier.py:98]: Getting SW49 footprint position: (138112500, 95250000)
[board_modifier.py:85]: Setting D49 footprint position: (143112500, 97250000)
[board_modifier.py:98]: Getting SW50 footprint position: (157162500, 95250000)
[board_modifier.py:85]: Setting D50 footprint position: (162162500, 97250000)
[board_modifier.py:98]: Getting SW51 footprint position: (176212500, 95250000)
[board_modifier.py:85]: Setting D51 footprint position: (181212500, 97250000)
[board_modifier.py:98]: Getting SW52 footprint position: (195262500, 95250000)
[board_modifier.py:85]: Setting D52 footprint position: (200262500, 97250000)
[board_modifier.py:98]: Getting SW53 footprint position: (214312500, 95250000)
[board_modifier.py:85]: Setting D53 footprint position: (219312500, 97250000)
[board_modifier.py:98]: Getting SW54 footprint position: (233362500, 95250000)
[board_modifier.py:85]: Setting D54 footprint position: (238362500, 97250000)
[board_modifier.py:98]: Getting SW55 footprint position: (252412500, 95250000)
[board_modifier.py:85]: Setting D55 footprint position: (257412500, 97250000)
[board_modifier.py:98]: Getting SW56 footprint position: (278606250, 95250000)
[board_modifier.py:85]: Setting D56 footprint position: (283606250, 97250000)
[board_modifier.py:98]: Getting SW57 footprint position: (304800000, 95250000)
[board_modifier.py:85]: Setting D57 footprint position: (309800000, 97250000)
[board_modifier.py:98]: Getting SW58 footprint position: (323850000, 95250000)
[board_modifier.py:85]: Setting D58 footprint position: (328850000, 97250000)
[board_modifier.py:98]: Getting SW59 footprint position: (40481250, 114300000)
[board_modifier.py:85]: Setting D59 footprint position: (45481250, 116300000)
[board_modifier.py:98]: Getting SW60 footprint position: (64293750, 114300000)
[board_modifier.py:85]: Setting D60 footprint position: (69293750, 116300000)
[board_modifier.py:98]: Getting SW61 footprint position: (88106250, 114300000)
[board_modifier.py:85]: Setting D61 footprint position: (93106250, 116300000)
[board_modifier.py:98]: Getting SW62 footprint position: (159543750, 114300000)
[board_modifier.py:85]: Setting D62 footprint position: (164543750, 116300000)
[board_modifier.py:98]: Getting SW63 footprint position: (228600000, 114300000)
[board_modifier.py:85]: Setting D63 footprint position: (233600000, 116300000)
[board_modifier.py:98]: Getting SW64 footprint position: (247650000, 114300000)
[board_modifier.py:85]: Setting D64 footprint position: (252650000, 116300000)
[board_modifier.py:98]: Getting SW65 footprint position: (266700000, 114300000)
[board_modifier.py:85]: Setting D65 footprint position: (271700000, 116300000)
[board_modifier.py:98]: Getting SW66 footprint position: (285750000, 114300000)
[board_modifier.py:85]: Setting D66 footprint position: (290750000, 116300000)
[board_modifier.py:98]: Getting SW67 footprint position: (304800000, 114300000)
[board_modifier.py:85]: Setting D67 footprint position: (309800000, 116300000)
[board_modifier.py:98]: Getting SW68 footprint position: (323850000, 114300000)
[board_modifier.py:85]: Setting D68 footprint position: (328850000, 116300000)
[key_placer.py:775]: Placing additional elements for SW61
[board_modifier.py:98]: Getting SW61 footprint position: (88106250, 114300000)
[board_modifier.py:75]: Searching for optional LED61 footprint in C:\Users\conta\OneDrive\Documents\GitHub\Lilypad\PCB\Lilypad.kicad_pcb
[board_modifier.py:85]: Setting LED61 footprint position: (88106250, 109050000)
[key_placer.py:775]: Placing additional elements for SW40
[board_modifier.py:98]: Getting SW40 footprint position: (223837500, 76200000)
[board_modifier.py:75]: Searching for optional LED40 footprint in C:\Users\conta\OneDrive\Documents\GitHub\Lilypad\PCB\Lilypad.kicad_pcb
[board_modifier.py:85]: Setting LED40 footprint position: (223837500, 70950000)
[key_placer.py:775]: Placing additional elements for SW1
[board_modifier.py:98]: Getting SW1 footprint position: (38100000, 38100000)
[board_modifier.py:75]: Searching for optional LED1 footprint in C:\Users\conta\OneDrive\Documents\GitHub\Lilypad\PCB\Lilypad.kicad_pcb
[board_modifier.py:85]: Setting LED1 footprint position: (38100000, 32850000)
[key_placer.py:775]: Placing additional elements for SW3
[board_modifier.py:98]: Getting SW3 footprint position: (76200000, 38100000)
[board_modifier.py:75]: Searching for optional LED3 footprint in C:\Users\conta\OneDrive\Documents\GitHub\Lilypad\PCB\Lilypad.kicad_pcb
[board_modifier.py:85]: Setting LED3 footprint position: (76200000, 32850000)
[key_placer.py:775]: Placing additional elements for SW35
[board_modifier.py:98]: Getting SW35 footprint position: (128587500, 76200000)
[board_modifier.py:75]: Searching for optional LED35 footprint in C:\Users\conta\OneDrive\Documents\GitHub\Lilypad\PCB\Lilypad.kicad_pcb
[board_modifier.py:85]: Setting LED35 footprint position: (128587500, 70950000)
[key_placer.py:775]: Placing additional elements for SW21
[board_modifier.py:98]: Getting SW21 footprint position: (142875000, 57150000)
[board_modifier.py:75]: Searching for optional LED21 footprint in C:\Users\conta\OneDrive\Documents\GitHub\Lilypad\PCB\Lilypad.kicad_pcb
[board_modifier.py:85]: Setting LED21 footprint position: (142875000, 51900000)
[key_placer.py:775]: Placing additional elements for SW33
[board_modifier.py:98]: Getting SW33 footprint position: (90487500, 76200000)
[board_modifier.py:75]: Searching for optional LED33 footprint in C:\Users\conta\OneDrive\Documents\GitHub\Lilypad\PCB\Lilypad.kicad_pcb
[board_modifier.py:85]: Setting LED33 footprint position: (90487500, 70950000)
[key_placer.py:775]: Placing additional elements for SW60
[board_modifier.py:98]: Getting SW60 footprint position: (64293750, 114300000)
[board_modifier.py:75]: Searching for optional LED60 footprint in C:\Users\conta\OneDrive\Documents\GitHub\Lilypad\PCB\Lilypad.kicad_pcb
[board_modifier.py:85]: Setting LED60 footprint position: (64293750, 109050000)
[key_placer.py:775]: Placing additional elements for SW28
[board_modifier.py:98]: Getting SW28 footprint position: (276225000, 57150000)
[board_modifier.py:75]: Searching for optional LED28 footprint in C:\Users\conta\OneDrive\Documents\GitHub\Lilypad\PCB\Lilypad.kicad_pcb
[board_modifier.py:85]: Setting LED28 footprint position: (276225000, 51900000)
[key_placer.py:775]: Placing additional elements for SW62
[board_modifier.py:98]: Getting SW62 footprint position: (159543750, 114300000)
[board_modifier.py:75]: Searching for optional LED62 footprint in C:\Users\conta\OneDrive\Documents\GitHub\Lilypad\PCB\Lilypad.kicad_pcb
[board_modifier.py:85]: Setting LED62 footprint position: (159543750, 109050000)
[key_placer.py:775]: Placing additional elements for SW58
[board_modifier.py:98]: Getting SW58 footprint position: (323850000, 95250000)
[board_modifier.py:75]: Searching for optional LED58 footprint in C:\Users\conta\OneDrive\Documents\GitHub\Lilypad\PCB\Lilypad.kicad_pcb
[board_modifier.py:85]: Setting LED58 footprint position: (323850000, 90000000)
[key_placer.py:775]: Placing additional elements for SW12
[board_modifier.py:98]: Getting SW12 footprint position: (247650000, 38100000)
[board_modifier.py:75]: Searching for optional LED12 footprint in C:\Users\conta\OneDrive\Documents\GitHub\Lilypad\PCB\Lilypad.kicad_pcb
[board_modifier.py:85]: Setting LED12 footprint position: (247650000, 32850000)
[key_placer.py:775]: Placing additional elements for SW18
[board_modifier.py:98]: Getting SW18 footprint position: (85725000, 57150000)
[board_modifier.py:75]: Searching for optional LED18 footprint in C:\Users\conta\OneDrive\Documents\GitHub\Lilypad\PCB\Lilypad.kicad_pcb
[board_modifier.py:85]: Setting LED18 footprint position: (85725000, 51900000)
[key_placer.py:775]: Placing additional elements for SW17
[board_modifier.py:98]: Getting SW17 footprint position: (66675000, 57150000)
[board_modifier.py:75]: Searching for optional LED17 footprint in C:\Users\conta\OneDrive\Documents\GitHub\Lilypad\PCB\Lilypad.kicad_pcb
[board_modifier.py:85]: Setting LED17 footprint position: (66675000, 51900000)
[key_placer.py:775]: Placing additional elements for SW37
[board_modifier.py:98]: Getting SW37 footprint position: (166687500, 76200000)
[board_modifier.py:75]: Searching for optional LED37 footprint in C:\Users\conta\OneDrive\Documents\GitHub\Lilypad\PCB\Lilypad.kicad_pcb
[board_modifier.py:85]: Setting LED37 footprint position: (166687500, 70950000)
[key_placer.py:775]: Placing additional elements for SW52
[board_modifier.py:98]: Getting SW52 footprint position: (195262500, 95250000)
[board_modifier.py:75]: Searching for optional LED52 footprint in C:\Users\conta\OneDrive\Documents\GitHub\Lilypad\PCB\Lilypad.kicad_pcb
[board_modifier.py:85]: Setting LED52 footprint position: (195262500, 90000000)
[key_placer.py:775]: Placing additional elements for SW38
[board_modifier.py:98]: Getting SW38 footprint position: (185737500, 76200000)
[board_modifier.py:75]: Searching for optional LED38 footprint in C:\Users\conta\OneDrive\Documents\GitHub\Lilypad\PCB\Lilypad.kicad_pcb
[board_modifier.py:85]: Setting LED38 footprint position: (185737500, 70950000)
[key_placer.py:775]: Placing additional elements for SW43
[board_modifier.py:98]: Getting SW43 footprint position: (292893750, 76200000)
[board_modifier.py:75]: Searching for optional LED43 footprint in C:\Users\conta\OneDrive\Documents\GitHub\Lilypad\PCB\Lilypad.kicad_pcb
[board_modifier.py:85]: Setting LED43 footprint position: (292893750, 70950000)
[key_placer.py:775]: Placing additional elements for SW11
[board_modifier.py:98]: Getting SW11 footprint position: (228600000, 38100000)
[board_modifier.py:75]: Searching for optional LED11 footprint in C:\Users\conta\OneDrive\Documents\GitHub\Lilypad\PCB\Lilypad.kicad_pcb
[board_modifier.py:85]: Setting LED11 footprint position: (228600000, 32850000)
[key_placer.py:775]: Placing additional elements for SW24
[board_modifier.py:98]: Getting SW24 footprint position: (200025000, 57150000)
[board_modifier.py:75]: Searching for optional LED24 footprint in C:\Users\conta\OneDrive\Documents\GitHub\Lilypad\PCB\Lilypad.kicad_pcb
[board_modifier.py:85]: Setting LED24 footprint position: (200025000, 51900000)
[key_placer.py:775]: Placing additional elements for SW53
[board_modifier.py:98]: Getting SW53 footprint position: (214312500, 95250000)
[board_modifier.py:75]: Searching for optional LED53 footprint in C:\Users\conta\OneDrive\Documents\GitHub\Lilypad\PCB\Lilypad.kicad_pcb
[board_modifier.py:85]: Setting LED53 footprint position: (214312500, 90000000)
[key_placer.py:775]: Placing additional elements for SW67
[board_modifier.py:98]: Getting SW67 footprint position: (304800000, 114300000)
[board_modifier.py:75]: Searching for optional LED67 footprint in C:\Users\conta\OneDrive\Documents\GitHub\Lilypad\PCB\Lilypad.kicad_pcb
[board_modifier.py:85]: Setting LED67 footprint position: (304800000, 109050000)
[key_placer.py:775]: Placing additional elements for SW16
[board_modifier.py:98]: Getting SW16 footprint position: (42862500, 57150000)
[board_modifier.py:75]: Searching for optional LED16 footprint in C:\Users\conta\OneDrive\Documents\GitHub\Lilypad\PCB\Lilypad.kicad_pcb
[board_modifier.py:85]: Setting LED16 footprint position: (42862500, 51900000)
[key_placer.py:775]: Placing additional elements for SW14
[board_modifier.py:98]: Getting SW14 footprint position: (295275000, 38100000)
[board_modifier.py:75]: Searching for optional LED14 footprint in C:\Users\conta\OneDrive\Documents\GitHub\Lilypad\PCB\Lilypad.kicad_pcb
[board_modifier.py:85]: Setting LED14 footprint position: (295275000, 32850000)
[key_placer.py:775]: Placing additional elements for SW59
[board_modifier.py:98]: Getting SW59 footprint position: (40481250, 114300000)
[board_modifier.py:75]: Searching for optional LED59 footprint in C:\Users\conta\OneDrive\Documents\GitHub\Lilypad\PCB\Lilypad.kicad_pcb
[board_modifier.py:85]: Setting LED59 footprint position: (40481250, 109050000)
[key_placer.py:775]: Placing additional elements for SW66
[board_modifier.py:98]: Getting SW66 footprint position: (285750000, 114300000)
[board_modifier.py:75]: Searching for optional LED66 footprint in C:\Users\conta\OneDrive\Documents\GitHub\Lilypad\PCB\Lilypad.kicad_pcb
[board_modifier.py:85]: Setting LED66 footprint position: (285750000, 109050000)
[key_placer.py:775]: Placing additional elements for SW20
[board_modifier.py:98]: Getting SW20 footprint position: (123825000, 57150000)
[board_modifier.py:75]: Searching for optional LED20 footprint in C:\Users\conta\OneDrive\Documents\GitHub\Lilypad\PCB\Lilypad.kicad_pcb
[board_modifier.py:85]: Setting LED20 footprint position: (123825000, 51900000)
[key_placer.py:775]: Placing additional elements for SW49
[board_modifier.py:98]: Getting SW49 footprint position: (138112500, 95250000)
[board_modifier.py:75]: Searching for optional LED49 footprint in C:\Users\conta\OneDrive\Documents\GitHub\Lilypad\PCB\Lilypad.kicad_pcb
[board_modifier.py:85]: Setting LED49 footprint position: (138112500, 90000000)
[key_placer.py:775]: Placing additional elements for SW44
[board_modifier.py:98]: Getting SW44 footprint position: (323850000, 76200000)
[board_modifier.py:75]: Searching for optional LED44 footprint in C:\Users\conta\OneDrive\Documents\GitHub\Lilypad\PCB\Lilypad.kicad_pcb
[board_modifier.py:85]: Setting LED44 footprint position: (323850000, 70950000)
[key_placer.py:775]: Placing additional elements for SW65
[board_modifier.py:98]: Getting SW65 footprint position: (266700000, 114300000)
[board_modifier.py:75]: Searching for optional LED65 footprint in C:\Users\conta\OneDrive\Documents\GitHub\Lilypad\PCB\Lilypad.kicad_pcb
[board_modifier.py:85]: Setting LED65 footprint position: (266700000, 109050000)
[key_placer.py:775]: Placing additional elements for SW7
[board_modifier.py:98]: Getting SW7 footprint position: (152400000, 38100000)
[board_modifier.py:75]: Searching for optional LED7 footprint in C:\Users\conta\OneDrive\Documents\GitHub\Lilypad\PCB\Lilypad.kicad_pcb
[board_modifier.py:85]: Setting LED7 footprint position: (152400000, 32850000)
[key_placer.py:775]: Placing additional elements for SW31
[board_modifier.py:98]: Getting SW31 footprint position: (45243750, 76200000)
[board_modifier.py:75]: Searching for optional LED31 footprint in C:\Users\conta\OneDrive\Documents\GitHub\Lilypad\PCB\Lilypad.kicad_pcb
[board_modifier.py:85]: Setting LED31 footprint position: (45243750, 70950000)
[key_placer.py:775]: Placing additional elements for SW29
[board_modifier.py:98]: Getting SW29 footprint position: (300037500, 57150000)
[board_modifier.py:75]: Searching for optional LED29 footprint in C:\Users\conta\OneDrive\Documents\GitHub\Lilypad\PCB\Lilypad.kicad_pcb
[board_modifier.py:85]: Setting LED29 footprint position: (300037500, 51900000)
[key_placer.py:775]: Placing additional elements for SW36
[board_modifier.py:98]: Getting SW36 footprint position: (147637500, 76200000)
[board_modifier.py:75]: Searching for optional LED36 footprint in C:\Users\conta\OneDrive\Documents\GitHub\Lilypad\PCB\Lilypad.kicad_pcb
[board_modifier.py:85]: Setting LED36 footprint position: (147637500, 70950000)
[key_placer.py:775]: Placing additional elements for SW68
[board_modifier.py:98]: Getting SW68 footprint position: (323850000, 114300000)
[board_modifier.py:75]: Searching for optional LED68 footprint in C:\Users\conta\OneDrive\Documents\GitHub\Lilypad\PCB\Lilypad.kicad_pcb
[board_modifier.py:85]: Setting LED68 footprint position: (323850000, 109050000)
[key_placer.py:775]: Placing additional elements for SW48
[board_modifier.py:98]: Getting SW48 footprint position: (119062500, 95250000)
[board_modifier.py:75]: Searching for optional LED48 footprint in C:\Users\conta\OneDrive\Documents\GitHub\Lilypad\PCB\Lilypad.kicad_pcb
[board_modifier.py:85]: Setting LED48 footprint position: (119062500, 90000000)
[key_placer.py:775]: Placing additional elements for SW47
[board_modifier.py:98]: Getting SW47 footprint position: (100012500, 95250000)
[board_modifier.py:75]: Searching for optional LED47 footprint in C:\Users\conta\OneDrive\Documents\GitHub\Lilypad\PCB\Lilypad.kicad_pcb
[board_modifier.py:85]: Setting LED47 footprint position: (100012500, 90000000)
[key_placer.py:775]: Placing additional elements for SW5
[board_modifier.py:98]: Getting SW5 footprint position: (114300000, 38100000)
[board_modifier.py:75]: Searching for optional LED5 footprint in C:\Users\conta\OneDrive\Documents\GitHub\Lilypad\PCB\Lilypad.kicad_pcb
[board_modifier.py:85]: Setting LED5 footprint position: (114300000, 32850000)
[key_placer.py:775]: Placing additional elements for SW45
[board_modifier.py:98]: Getting SW45 footprint position: (50006250, 95250000)
[board_modifier.py:75]: Searching for optional LED45 footprint in C:\Users\conta\OneDrive\Documents\GitHub\Lilypad\PCB\Lilypad.kicad_pcb
[board_modifier.py:85]: Setting LED45 footprint position: (50006250, 90000000)
[key_placer.py:775]: Placing additional elements for SW6
[board_modifier.py:98]: Getting SW6 footprint position: (133350000, 38100000)
[board_modifier.py:75]: Searching for optional LED6 footprint in C:\Users\conta\OneDrive\Documents\GitHub\Lilypad\PCB\Lilypad.kicad_pcb
[board_modifier.py:85]: Setting LED6 footprint position: (133350000, 32850000)
[key_placer.py:775]: Placing additional elements for SW13
[board_modifier.py:98]: Getting SW13 footprint position: (266700000, 38100000)
[board_modifier.py:75]: Searching for optional LED13 footprint in C:\Users\conta\OneDrive\Documents\GitHub\Lilypad\PCB\Lilypad.kicad_pcb
[board_modifier.py:85]: Setting LED13 footprint position: (266700000, 32850000)
[key_placer.py:775]: Placing additional elements for SW51
[board_modifier.py:98]: Getting SW51 footprint position: (176212500, 95250000)
[board_modifier.py:75]: Searching for optional LED51 footprint in C:\Users\conta\OneDrive\Documents\GitHub\Lilypad\PCB\Lilypad.kicad_pcb
[board_modifier.py:85]: Setting LED51 footprint position: (176212500, 90000000)
[key_placer.py:775]: Placing additional elements for SW30
[board_modifier.py:98]: Getting SW30 footprint position: (323850000, 57150000)
[board_modifier.py:75]: Searching for optional LED30 footprint in C:\Users\conta\OneDrive\Documents\GitHub\Lilypad\PCB\Lilypad.kicad_pcb
[board_modifier.py:85]: Setting LED30 footprint position: (323850000, 51900000)
[key_placer.py:775]: Placing additional elements for SW57
[board_modifier.py:98]: Getting SW57 footprint position: (304800000, 95250000)
[board_modifier.py:75]: Searching for optional LED57 footprint in C:\Users\conta\OneDrive\Documents\GitHub\Lilypad\PCB\Lilypad.kicad_pcb
[board_modifier.py:85]: Setting LED57 footprint position: (304800000, 90000000)
[key_placer.py:775]: Placing additional elements for SW8
[board_modifier.py:98]: Getting SW8 footprint position: (171450000, 38100000)
[board_modifier.py:75]: Searching for optional LED8 footprint in C:\Users\conta\OneDrive\Documents\GitHub\Lilypad\PCB\Lilypad.kicad_pcb
[board_modifier.py:85]: Setting LED8 footprint position: (171450000, 32850000)
[key_placer.py:775]: Placing additional elements for SW19
[board_modifier.py:98]: Getting SW19 footprint position: (104775000, 57150000)
[board_modifier.py:75]: Searching for optional LED19 footprint in C:\Users\conta\OneDrive\Documents\GitHub\Lilypad\PCB\Lilypad.kicad_pcb
[board_modifier.py:85]: Setting LED19 footprint position: (104775000, 51900000)
[key_placer.py:775]: Placing additional elements for SW63
[board_modifier.py:98]: Getting SW63 footprint position: (228600000, 114300000)
[board_modifier.py:75]: Searching for optional LED63 footprint in C:\Users\conta\OneDrive\Documents\GitHub\Lilypad\PCB\Lilypad.kicad_pcb
[board_modifier.py:85]: Setting LED63 footprint position: (228600000, 109050000)
[key_placer.py:775]: Placing additional elements for SW39
[board_modifier.py:98]: Getting SW39 footprint position: (204787500, 76200000)
[board_modifier.py:75]: Searching for optional LED39 footprint in C:\Users\conta\OneDrive\Documents\GitHub\Lilypad\PCB\Lilypad.kicad_pcb
[board_modifier.py:85]: Setting LED39 footprint position: (204787500, 70950000)
[key_placer.py:775]: Placing additional elements for SW64
[board_modifier.py:98]: Getting SW64 footprint position: (247650000, 114300000)
[board_modifier.py:75]: Searching for optional LED64 footprint in C:\Users\conta\OneDrive\Documents\GitHub\Lilypad\PCB\Lilypad.kicad_pcb
[board_modifier.py:85]: Setting LED64 footprint position: (247650000, 109050000)
[key_placer.py:775]: Placing additional elements for SW55
[board_modifier.py:98]: Getting SW55 footprint position: (252412500, 95250000)
[board_modifier.py:75]: Searching for optional LED55 footprint in C:\Users\conta\OneDrive\Documents\GitHub\Lilypad\PCB\Lilypad.kicad_pcb
[board_modifier.py:85]: Setting LED55 footprint position: (252412500, 90000000)
[key_placer.py:775]: Placing additional elements for SW42
[board_modifier.py:98]: Getting SW42 footprint position: (261937500, 76200000)
[board_modifier.py:75]: Searching for optional LED42 footprint in C:\Users\conta\OneDrive\Documents\GitHub\Lilypad\PCB\Lilypad.kicad_pcb
[board_modifier.py:85]: Setting LED42 footprint position: (261937500, 70950000)
[key_placer.py:775]: Placing additional elements for SW15
[board_modifier.py:98]: Getting SW15 footprint position: (323850000, 38100000)
[board_modifier.py:75]: Searching for optional LED15 footprint in C:\Users\conta\OneDrive\Documents\GitHub\Lilypad\PCB\Lilypad.kicad_pcb
[board_modifier.py:85]: Setting LED15 footprint position: (323850000, 32850000)
[key_placer.py:775]: Placing additional elements for SW46
[board_modifier.py:98]: Getting SW46 footprint position: (80962500, 95250000)
[board_modifier.py:75]: Searching for optional LED46 footprint in C:\Users\conta\OneDrive\Documents\GitHub\Lilypad\PCB\Lilypad.kicad_pcb
[board_modifier.py:85]: Setting LED46 footprint position: (80962500, 90000000)
[key_placer.py:775]: Placing additional elements for SW34
[board_modifier.py:98]: Getting SW34 footprint position: (109537500, 76200000)
[board_modifier.py:75]: Searching for optional LED34 footprint in C:\Users\conta\OneDrive\Documents\GitHub\Lilypad\PCB\Lilypad.kicad_pcb
[board_modifier.py:85]: Setting LED34 footprint position: (109537500, 70950000)
[key_placer.py:775]: Placing additional elements for SW26
[board_modifier.py:98]: Getting SW26 footprint position: (238125000, 57150000)
[board_modifier.py:75]: Searching for optional LED26 footprint in C:\Users\conta\OneDrive\Documents\GitHub\Lilypad\PCB\Lilypad.kicad_pcb
[board_modifier.py:85]: Setting LED26 footprint position: (238125000, 51900000)
[key_placer.py:775]: Placing additional elements for SW25
[board_modifier.py:98]: Getting SW25 footprint position: (219075000, 57150000)
[board_modifier.py:75]: Searching for optional LED25 footprint in C:\Users\conta\OneDrive\Documents\GitHub\Lilypad\PCB\Lilypad.kicad_pcb
[board_modifier.py:85]: Setting LED25 footprint position: (219075000, 51900000)
[key_placer.py:775]: Placing additional elements for SW2
[board_modifier.py:98]: Getting SW2 footprint position: (57150000, 38100000)
[board_modifier.py:75]: Searching for optional LED2 footprint in C:\Users\conta\OneDrive\Documents\GitHub\Lilypad\PCB\Lilypad.kicad_pcb
[board_modifier.py:85]: Setting LED2 footprint position: (57150000, 32850000)
[key_placer.py:775]: Placing additional elements for SW10
[board_modifier.py:98]: Getting SW10 footprint position: (209550000, 38100000)
[board_modifier.py:75]: Searching for optional LED10 footprint in C:\Users\conta\OneDrive\Documents\GitHub\Lilypad\PCB\Lilypad.kicad_pcb
[board_modifier.py:85]: Setting LED10 footprint position: (209550000, 32850000)
[key_placer.py:775]: Placing additional elements for SW32
[board_modifier.py:98]: Getting SW32 footprint position: (71437500, 76200000)
[board_modifier.py:75]: Searching for optional LED32 footprint in C:\Users\conta\OneDrive\Documents\GitHub\Lilypad\PCB\Lilypad.kicad_pcb
[board_modifier.py:85]: Setting LED32 footprint position: (71437500, 70950000)
[key_placer.py:775]: Placing additional elements for SW9
[board_modifier.py:98]: Getting SW9 footprint position: (190500000, 38100000)
[board_modifier.py:75]: Searching for optional LED9 footprint in C:\Users\conta\OneDrive\Documents\GitHub\Lilypad\PCB\Lilypad.kicad_pcb
[board_modifier.py:85]: Setting LED9 footprint position: (190500000, 32850000)
[key_placer.py:775]: Placing additional elements for SW27
[board_modifier.py:98]: Getting SW27 footprint position: (257175000, 57150000)
[board_modifier.py:75]: Searching for optional LED27 footprint in C:\Users\conta\OneDrive\Documents\GitHub\Lilypad\PCB\Lilypad.kicad_pcb
[board_modifier.py:85]: Setting LED27 footprint position: (257175000, 51900000)
[key_placer.py:775]: Placing additional elements for SW4
[board_modifier.py:98]: Getting SW4 footprint position: (95250000, 38100000)
[board_modifier.py:75]: Searching for optional LED4 footprint in C:\Users\conta\OneDrive\Documents\GitHub\Lilypad\PCB\Lilypad.kicad_pcb
[board_modifier.py:85]: Setting LED4 footprint position: (95250000, 32850000)
[key_placer.py:775]: Placing additional elements for SW56
[board_modifier.py:98]: Getting SW56 footprint position: (278606250, 95250000)
[board_modifier.py:75]: Searching for optional LED56 footprint in C:\Users\conta\OneDrive\Documents\GitHub\Lilypad\PCB\Lilypad.kicad_pcb
[board_modifier.py:85]: Setting LED56 footprint position: (278606250, 90000000)
[key_placer.py:775]: Placing additional elements for SW50
[board_modifier.py:98]: Getting SW50 footprint position: (157162500, 95250000)
[board_modifier.py:75]: Searching for optional LED50 footprint in C:\Users\conta\OneDrive\Documents\GitHub\Lilypad\PCB\Lilypad.kicad_pcb
[board_modifier.py:85]: Setting LED50 footprint position: (157162500, 90000000)
[key_placer.py:775]: Placing additional elements for SW23
[board_modifier.py:98]: Getting SW23 footprint position: (180975000, 57150000)
[board_modifier.py:75]: Searching for optional LED23 footprint in C:\Users\conta\OneDrive\Documents\GitHub\Lilypad\PCB\Lilypad.kicad_pcb
[board_modifier.py:85]: Setting LED23 footprint position: (180975000, 51900000)
[key_placer.py:775]: Placing additional elements for SW41
[board_modifier.py:98]: Getting SW41 footprint position: (242887500, 76200000)
[board_modifier.py:75]: Searching for optional LED41 footprint in C:\Users\conta\OneDrive\Documents\GitHub\Lilypad\PCB\Lilypad.kicad_pcb
[board_modifier.py:85]: Setting LED41 footprint position: (242887500, 70950000)
[key_placer.py:775]: Placing additional elements for SW22
[board_modifier.py:98]: Getting SW22 footprint position: (161925000, 57150000)
[board_modifier.py:75]: Searching for optional LED22 footprint in C:\Users\conta\OneDrive\Documents\GitHub\Lilypad\PCB\Lilypad.kicad_pcb
[board_modifier.py:85]: Setting LED22 footprint position: (161925000, 51900000)
[key_placer.py:775]: Placing additional elements for SW54
[board_modifier.py:98]: Getting SW54 footprint position: (233362500, 95250000)
[board_modifier.py:75]: Searching for optional LED54 footprint in C:\Users\conta\OneDrive\Documents\GitHub\Lilypad\PCB\Lilypad.kicad_pcb
[board_modifier.py:85]: Setting LED54 footprint position: (233362500, 90000000)
[key_placer.py:424]: Routing SW61 with D61
[key_placer.py:426]: Using internal autorouter method
[board_modifier.py:532]: Routing at B.Cu layer
[board_modifier.py:549]: Netclass: Default, track width: 200000
[board_modifier.py:611]: Routing pad 'SW61:2' at (91681250, 120300000) with pad 'D61:2' at (93106250, 114900000) using coordinate system rotated by 0 degree(s)
[board_modifier.py:455]: Adding track segment (B.Cu): [(91681250, 120300000), (91681250, 116325000)]
[board_modifier.py:460]: Track added
[board_modifier.py:455]: Adding track segment (B.Cu): [(91681250, 116325000), (93106250, 114900000)]
[board_modifier.py:460]: Track added
[key_placer.py:424]: Routing SW40 with D40
[key_placer.py:426]: Using internal autorouter method
[board_modifier.py:532]: Routing at B.Cu layer
[board_modifier.py:549]: Netclass: Default, track width: 200000
[board_modifier.py:611]: Routing pad 'SW40:2' at (227412500, 82200000) with pad 'D40:2' at (228837500, 76800000) using coordinate system rotated by 0 degree(s)
[board_modifier.py:455]: Adding track segment (B.Cu): [(227412500, 82200000), (227412500, 78225000)]
[board_modifier.py:460]: Track added
[board_modifier.py:455]: Adding track segment (B.Cu): [(227412500, 78225000), (228837500, 76800000)]
[board_modifier.py:460]: Track added
[key_placer.py:424]: Routing SW1 with D1
[key_placer.py:426]: Using internal autorouter method
[board_modifier.py:532]: Routing at B.Cu layer
[board_modifier.py:549]: Netclass: Default, track width: 200000
[board_modifier.py:611]: Routing pad 'SW1:2' at (41675000, 44100000) with pad 'D1:2' at (43100000, 38700000) using coordinate system rotated by 0 degree(s)
[board_modifier.py:455]: Adding track segment (B.Cu): [(41675000, 44100000), (41675000, 40125000)]
[board_modifier.py:460]: Track added
[board_modifier.py:455]: Adding track segment (B.Cu): [(41675000, 40125000), (43100000, 38700000)]
[board_modifier.py:460]: Track added
[key_placer.py:424]: Routing SW3 with D3
[key_placer.py:426]: Using internal autorouter method
[board_modifier.py:532]: Routing at B.Cu layer
[board_modifier.py:549]: Netclass: Default, track width: 200000
[board_modifier.py:611]: Routing pad 'SW3:2' at (79775000, 44100000) with pad 'D3:2' at (81200000, 38700000) using coordinate system rotated by 0 degree(s)
[board_modifier.py:455]: Adding track segment (B.Cu): [(79775000, 44100000), (79775000, 40125000)]
[board_modifier.py:460]: Track added
[board_modifier.py:455]: Adding track segment (B.Cu): [(79775000, 40125000), (81200000, 38700000)]
[board_modifier.py:460]: Track added
[key_placer.py:424]: Routing SW35 with D35
[key_placer.py:426]: Using internal autorouter method
[board_modifier.py:532]: Routing at B.Cu layer
[board_modifier.py:549]: Netclass: Default, track width: 200000
[board_modifier.py:611]: Routing pad 'SW35:2' at (132162500, 82200000) with pad 'D35:2' at (133587500, 76800000) using coordinate system rotated by 0 degree(s)
[board_modifier.py:455]: Adding track segment (B.Cu): [(132162500, 82200000), (132162500, 78225000)]
[board_modifier.py:460]: Track added
[board_modifier.py:455]: Adding track segment (B.Cu): [(132162500, 78225000), (133587500, 76800000)]
[board_modifier.py:460]: Track added
[key_placer.py:424]: Routing SW21 with D21
[key_placer.py:426]: Using internal autorouter method
[board_modifier.py:532]: Routing at B.Cu layer
[board_modifier.py:549]: Netclass: Default, track width: 200000
[board_modifier.py:611]: Routing pad 'SW21:2' at (146450000, 63150000) with pad 'D21:2' at (147875000, 57750000) using coordinate system rotated by 0 degree(s)
[board_modifier.py:455]: Adding track segment (B.Cu): [(146450000, 63150000), (146450000, 59175000)]
[board_modifier.py:460]: Track added
[board_modifier.py:455]: Adding track segment (B.Cu): [(146450000, 59175000), (147875000, 57750000)]
[board_modifier.py:460]: Track added
[key_placer.py:424]: Routing SW33 with D33
[key_placer.py:426]: Using internal autorouter method
[board_modifier.py:532]: Routing at B.Cu layer
[board_modifier.py:549]: Netclass: Default, track width: 200000
[board_modifier.py:611]: Routing pad 'SW33:2' at (94062500, 82200000) with pad 'D33:2' at (95487500, 76800000) using coordinate system rotated by 0 degree(s)
[board_modifier.py:455]: Adding track segment (B.Cu): [(94062500, 82200000), (94062500, 78225000)]
[board_modifier.py:460]: Track added
[board_modifier.py:455]: Adding track segment (B.Cu): [(94062500, 78225000), (95487500, 76800000)]
[board_modifier.py:460]: Track added
[key_placer.py:424]: Routing SW60 with D60
[key_placer.py:426]: Using internal autorouter method
[board_modifier.py:532]: Routing at B.Cu layer
[board_modifier.py:549]: Netclass: Default, track width: 200000
[board_modifier.py:611]: Routing pad 'SW60:2' at (67868750, 120300000) with pad 'D60:2' at (69293750, 114900000) using coordinate system rotated by 0 degree(s)
[board_modifier.py:455]: Adding track segment (B.Cu): [(67868750, 120300000), (67868750, 116325000)]
[board_modifier.py:460]: Track added
[board_modifier.py:455]: Adding track segment (B.Cu): [(67868750, 116325000), (69293750, 114900000)]
[board_modifier.py:460]: Track added
[key_placer.py:424]: Routing SW28 with D28
[key_placer.py:426]: Using internal autorouter method
[board_modifier.py:532]: Routing at B.Cu layer
[board_modifier.py:549]: Netclass: Default, track width: 200000
[board_modifier.py:611]: Routing pad 'SW28:2' at (279800000, 63150000) with pad 'D28:2' at (281225000, 57750000) using coordinate system rotated by 0 degree(s)
[board_modifier.py:455]: Adding track segment (B.Cu): [(279800000, 63150000), (279800000, 59175000)]
[board_modifier.py:460]: Track added
[board_modifier.py:455]: Adding track segment (B.Cu): [(279800000, 59175000), (281225000, 57750000)]
[board_modifier.py:460]: Track added
[key_placer.py:424]: Routing SW62 with D62
[key_placer.py:426]: Using internal autorouter method
[board_modifier.py:532]: Routing at B.Cu layer
[board_modifier.py:549]: Netclass: Default, track width: 200000
[board_modifier.py:611]: Routing pad 'SW62:2' at (163118750, 120300000) with pad 'D62:2' at (164543750, 114900000) using coordinate system rotated by 0 degree(s)
[board_modifier.py:455]: Adding track segment (B.Cu): [(163118750, 120300000), (163118750, 116325000)]
[board_modifier.py:460]: Track added
[board_modifier.py:455]: Adding track segment (B.Cu): [(163118750, 116325000), (164543750, 114900000)]
[board_modifier.py:460]: Track added
[key_placer.py:424]: Routing SW58 with D58
[key_placer.py:426]: Using internal autorouter method
[board_modifier.py:532]: Routing at B.Cu layer
[board_modifier.py:549]: Netclass: Default, track width: 200000
[board_modifier.py:611]: Routing pad 'SW58:2' at (327425000, 101250000) with pad 'D58:2' at (328850000, 95850000) using coordinate system rotated by 0 degree(s)
[board_modifier.py:455]: Adding track segment (B.Cu): [(327425000, 101250000), (327425000, 97275000)]
[board_modifier.py:460]: Track added
[board_modifier.py:455]: Adding track segment (B.Cu): [(327425000, 97275000), (328850000, 95850000)]
[board_modifier.py:460]: Track added
[key_placer.py:424]: Routing SW12 with D12
[key_placer.py:426]: Using internal autorouter method
[board_modifier.py:532]: Routing at B.Cu layer
[board_modifier.py:549]: Netclass: Default, track width: 200000
[board_modifier.py:611]: Routing pad 'SW12:2' at (251225000, 44100000) with pad 'D12:2' at (252650000, 38700000) using coordinate system rotated by 0 degree(s)
[board_modifier.py:455]: Adding track segment (B.Cu): [(251225000, 44100000), (251225000, 40125000)]
[board_modifier.py:460]: Track added
[board_modifier.py:455]: Adding track segment (B.Cu): [(251225000, 40125000), (252650000, 38700000)]
[board_modifier.py:460]: Track added
[key_placer.py:424]: Routing SW18 with D18
[key_placer.py:426]: Using internal autorouter method
[board_modifier.py:532]: Routing at B.Cu layer
[board_modifier.py:549]: Netclass: Default, track width: 200000
[board_modifier.py:611]: Routing pad 'SW18:2' at (89300000, 63150000) with pad 'D18:2' at (90725000, 57750000) using coordinate system rotated by 0 degree(s)
[board_modifier.py:455]: Adding track segment (B.Cu): [(89300000, 63150000), (89300000, 59175000)]
[board_modifier.py:460]: Track added
[board_modifier.py:455]: Adding track segment (B.Cu): [(89300000, 59175000), (90725000, 57750000)]
[board_modifier.py:460]: Track added
[key_placer.py:424]: Routing SW17 with D17
[key_placer.py:426]: Using internal autorouter method
[board_modifier.py:532]: Routing at B.Cu layer
[board_modifier.py:549]: Netclass: Default, track width: 200000
[board_modifier.py:611]: Routing pad 'SW17:2' at (70250000, 63150000) with pad 'D17:2' at (71675000, 57750000) using coordinate system rotated by 0 degree(s)
[board_modifier.py:455]: Adding track segment (B.Cu): [(70250000, 63150000), (70250000, 59175000)]
[board_modifier.py:460]: Track added
[board_modifier.py:455]: Adding track segment (B.Cu): [(70250000, 59175000), (71675000, 57750000)]
[board_modifier.py:460]: Track added
[key_placer.py:424]: Routing SW37 with D37
[key_placer.py:426]: Using internal autorouter method
[board_modifier.py:532]: Routing at B.Cu layer
[board_modifier.py:549]: Netclass: Default, track width: 200000
[board_modifier.py:611]: Routing pad 'SW37:2' at (170262500, 82200000) with pad 'D37:2' at (171687500, 76800000) using coordinate system rotated by 0 degree(s)
[board_modifier.py:455]: Adding track segment (B.Cu): [(170262500, 82200000), (170262500, 78225000)]
[board_modifier.py:460]: Track added
[board_modifier.py:455]: Adding track segment (B.Cu): [(170262500, 78225000), (171687500, 76800000)]
[board_modifier.py:460]: Track added
[key_placer.py:424]: Routing SW52 with D52
[key_placer.py:426]: Using internal autorouter method
[board_modifier.py:532]: Routing at B.Cu layer
[board_modifier.py:549]: Netclass: Default, track width: 200000
[board_modifier.py:611]: Routing pad 'SW52:2' at (198837500, 101250000) with pad 'D52:2' at (200262500, 95850000) using coordinate system rotated by 0 degree(s)
[board_modifier.py:455]: Adding track segment (B.Cu): [(198837500, 101250000), (198837500, 97275000)]
[board_modifier.py:460]: Track added
[board_modifier.py:455]: Adding track segment (B.Cu): [(198837500, 97275000), (200262500, 95850000)]
[board_modifier.py:460]: Track added
[key_placer.py:424]: Routing SW38 with D38
[key_placer.py:426]: Using internal autorouter method
[board_modifier.py:532]: Routing at B.Cu layer
[board_modifier.py:549]: Netclass: Default, track width: 200000
[board_modifier.py:611]: Routing pad 'SW38:2' at (189312500, 82200000) with pad 'D38:2' at (190737500, 76800000) using coordinate system rotated by 0 degree(s)
[board_modifier.py:455]: Adding track segment (B.Cu): [(189312500, 82200000), (189312500, 78225000)]
[board_modifier.py:460]: Track added
[board_modifier.py:455]: Adding track segment (B.Cu): [(189312500, 78225000), (190737500, 76800000)]
[board_modifier.py:460]: Track added
[key_placer.py:424]: Routing SW43 with D43
[key_placer.py:426]: Using internal autorouter method
[board_modifier.py:532]: Routing at B.Cu layer
[board_modifier.py:549]: Netclass: Default, track width: 200000
[board_modifier.py:611]: Routing pad 'SW43:2' at (296468750, 82200000) with pad 'D43:2' at (297893750, 76800000) using coordinate system rotated by 0 degree(s)
[board_modifier.py:455]: Adding track segment (B.Cu): [(296468750, 82200000), (296468750, 78225000)]
[board_modifier.py:460]: Track added
[board_modifier.py:455]: Adding track segment (B.Cu): [(296468750, 78225000), (297893750, 76800000)]
[board_modifier.py:460]: Track added
[key_placer.py:424]: Routing SW11 with D11
[key_placer.py:426]: Using internal autorouter method
[board_modifier.py:532]: Routing at B.Cu layer
[board_modifier.py:549]: Netclass: Default, track width: 200000
[board_modifier.py:611]: Routing pad 'SW11:2' at (232175000, 44100000) with pad 'D11:2' at (233600000, 38700000) using coordinate system rotated by 0 degree(s)
[board_modifier.py:455]: Adding track segment (B.Cu): [(232175000, 44100000), (232175000, 40125000)]
[board_modifier.py:460]: Track added
[board_modifier.py:455]: Adding track segment (B.Cu): [(232175000, 40125000), (233600000, 38700000)]
[board_modifier.py:460]: Track added
[key_placer.py:424]: Routing SW24 with D24
[key_placer.py:426]: Using internal autorouter method
[board_modifier.py:532]: Routing at B.Cu layer
[board_modifier.py:549]: Netclass: Default, track width: 200000
[board_modifier.py:611]: Routing pad 'SW24:2' at (203600000, 63150000) with pad 'D24:2' at (205025000, 57750000) using coordinate system rotated by 0 degree(s)
[board_modifier.py:455]: Adding track segment (B.Cu): [(203600000, 63150000), (203600000, 59175000)]
[board_modifier.py:460]: Track added
[board_modifier.py:455]: Adding track segment (B.Cu): [(203600000, 59175000), (205025000, 57750000)]
[board_modifier.py:460]: Track added
[key_placer.py:424]: Routing SW53 with D53
[key_placer.py:426]: Using internal autorouter method
[board_modifier.py:532]: Routing at B.Cu layer
[board_modifier.py:549]: Netclass: Default, track width: 200000
[board_modifier.py:611]: Routing pad 'SW53:2' at (217887500, 101250000) with pad 'D53:2' at (219312500, 95850000) using coordinate system rotated by 0 degree(s)
[board_modifier.py:455]: Adding track segment (B.Cu): [(217887500, 101250000), (217887500, 97275000)]
[board_modifier.py:460]: Track added
[board_modifier.py:455]: Adding track segment (B.Cu): [(217887500, 97275000), (219312500, 95850000)]
[board_modifier.py:460]: Track added
[key_placer.py:424]: Routing SW67 with D67
[key_placer.py:426]: Using internal autorouter method
[board_modifier.py:532]: Routing at B.Cu layer
[board_modifier.py:549]: Netclass: Default, track width: 200000
[board_modifier.py:611]: Routing pad 'SW67:2' at (308375000, 120300000) with pad 'D67:2' at (309800000, 114900000) using coordinate system rotated by 0 degree(s)
[board_modifier.py:455]: Adding track segment (B.Cu): [(308375000, 120300000), (308375000, 116325000)]
[board_modifier.py:460]: Track added
[board_modifier.py:455]: Adding track segment (B.Cu): [(308375000, 116325000), (309800000, 114900000)]
[board_modifier.py:460]: Track added
[key_placer.py:424]: Routing SW16 with D16
[key_placer.py:426]: Using internal autorouter method
[board_modifier.py:532]: Routing at B.Cu layer
[board_modifier.py:549]: Netclass: Default, track width: 200000
[board_modifier.py:611]: Routing pad 'SW16:2' at (46437500, 63150000) with pad 'D16:2' at (47862500, 57750000) using coordinate system rotated by 0 degree(s)
[board_modifier.py:455]: Adding track segment (B.Cu): [(46437500, 63150000), (46437500, 59175000)]
[board_modifier.py:460]: Track added
[board_modifier.py:455]: Adding track segment (B.Cu): [(46437500, 59175000), (47862500, 57750000)]
[board_modifier.py:460]: Track added
[key_placer.py:424]: Routing SW14 with D14
[key_placer.py:426]: Using internal autorouter method
[board_modifier.py:532]: Routing at B.Cu layer
[board_modifier.py:549]: Netclass: Default, track width: 200000
[board_modifier.py:611]: Routing pad 'SW14:2' at (298850000, 44100000) with pad 'D14:2' at (300275000, 38700000) using coordinate system rotated by 0 degree(s)
[board_modifier.py:455]: Adding track segment (B.Cu): [(298850000, 44100000), (298850000, 40125000)]
[board_modifier.py:460]: Track added
[board_modifier.py:455]: Adding track segment (B.Cu): [(298850000, 40125000), (300275000, 38700000)]
[board_modifier.py:460]: Track added
[key_placer.py:424]: Routing SW59 with D59
[key_placer.py:426]: Using internal autorouter method
[board_modifier.py:532]: Routing at B.Cu layer
[board_modifier.py:549]: Netclass: Default, track width: 200000
[board_modifier.py:611]: Routing pad 'SW59:2' at (44056250, 120300000) with pad 'D59:2' at (45481250, 114900000) using coordinate system rotated by 0 degree(s)
[board_modifier.py:455]: Adding track segment (B.Cu): [(44056250, 120300000), (44056250, 116325000)]
[board_modifier.py:460]: Track added
[board_modifier.py:455]: Adding track segment (B.Cu): [(44056250, 116325000), (45481250, 114900000)]
[board_modifier.py:460]: Track added
[key_placer.py:424]: Routing SW66 with D66
[key_placer.py:426]: Using internal autorouter method
[board_modifier.py:532]: Routing at B.Cu layer
[board_modifier.py:549]: Netclass: Default, track width: 200000
[board_modifier.py:611]: Routing pad 'SW66:2' at (289325000, 120300000) with pad 'D66:2' at (290750000, 114900000) using coordinate system rotated by 0 degree(s)
[board_modifier.py:455]: Adding track segment (B.Cu): [(289325000, 120300000), (289325000, 116325000)]
[board_modifier.py:460]: Track added
[board_modifier.py:455]: Adding track segment (B.Cu): [(289325000, 116325000), (290750000, 114900000)]
[board_modifier.py:460]: Track added
[key_placer.py:424]: Routing SW20 with D20
[key_placer.py:426]: Using internal autorouter method
[board_modifier.py:532]: Routing at B.Cu layer
[board_modifier.py:549]: Netclass: Default, track width: 200000
[board_modifier.py:611]: Routing pad 'SW20:2' at (127400000, 63150000) with pad 'D20:2' at (128825000, 57750000) using coordinate system rotated by 0 degree(s)
[board_modifier.py:455]: Adding track segment (B.Cu): [(127400000, 63150000), (127400000, 59175000)]
[board_modifier.py:460]: Track added
[board_modifier.py:455]: Adding track segment (B.Cu): [(127400000, 59175000), (128825000, 57750000)]
[board_modifier.py:460]: Track added
[key_placer.py:424]: Routing SW49 with D49
[key_placer.py:426]: Using internal autorouter method
[board_modifier.py:532]: Routing at B.Cu layer
[board_modifier.py:549]: Netclass: Default, track width: 200000
[board_modifier.py:611]: Routing pad 'SW49:2' at (141687500, 101250000) with pad 'D49:2' at (143112500, 95850000) using coordinate system rotated by 0 degree(s)
[board_modifier.py:455]: Adding track segment (B.Cu): [(141687500, 101250000), (141687500, 97275000)]
[board_modifier.py:460]: Track added
[board_modifier.py:455]: Adding track segment (B.Cu): [(141687500, 97275000), (143112500, 95850000)]
[board_modifier.py:460]: Track added
[key_placer.py:424]: Routing SW44 with D44
[key_placer.py:426]: Using internal autorouter method
[board_modifier.py:532]: Routing at B.Cu layer
[board_modifier.py:549]: Netclass: Default, track width: 200000
[board_modifier.py:611]: Routing pad 'SW44:2' at (327425000, 82200000) with pad 'D44:2' at (328850000, 76800000) using coordinate system rotated by 0 degree(s)
[board_modifier.py:455]: Adding track segment (B.Cu): [(327425000, 82200000), (327425000, 78225000)]
[board_modifier.py:460]: Track added
[board_modifier.py:455]: Adding track segment (B.Cu): [(327425000, 78225000), (328850000, 76800000)]
[board_modifier.py:460]: Track added
[key_placer.py:424]: Routing SW65 with D65
[key_placer.py:426]: Using internal autorouter method
[board_modifier.py:532]: Routing at B.Cu layer
[board_modifier.py:549]: Netclass: Default, track width: 200000
[board_modifier.py:611]: Routing pad 'SW65:2' at (270275000, 120300000) with pad 'D65:2' at (271700000, 114900000) using coordinate system rotated by 0 degree(s)
[board_modifier.py:455]: Adding track segment (B.Cu): [(270275000, 120300000), (270275000, 116325000)]
[board_modifier.py:460]: Track added
[board_modifier.py:455]: Adding track segment (B.Cu): [(270275000, 116325000), (271700000, 114900000)]
[board_modifier.py:460]: Track added
[key_placer.py:424]: Routing SW7 with D7
[key_placer.py:426]: Using internal autorouter method
[board_modifier.py:532]: Routing at B.Cu layer
[board_modifier.py:549]: Netclass: Default, track width: 200000
[board_modifier.py:611]: Routing pad 'SW7:2' at (155975000, 44100000) with pad 'D7:2' at (157400000, 38700000) using coordinate system rotated by 0 degree(s)
[board_modifier.py:455]: Adding track segment (B.Cu): [(155975000, 44100000), (155975000, 40125000)]
[board_modifier.py:460]: Track added
[board_modifier.py:455]: Adding track segment (B.Cu): [(155975000, 40125000), (157400000, 38700000)]
[board_modifier.py:460]: Track added
[key_placer.py:424]: Routing SW31 with D31
[key_placer.py:426]: Using internal autorouter method
[board_modifier.py:532]: Routing at B.Cu layer
[board_modifier.py:549]: Netclass: Default, track width: 200000
[board_modifier.py:611]: Routing pad 'SW31:2' at (48818750, 82200000) with pad 'D31:2' at (50243750, 76800000) using coordinate system rotated by 0 degree(s)
[board_modifier.py:455]: Adding track segment (B.Cu): [(48818750, 82200000), (48818750, 78225000)]
[board_modifier.py:460]: Track added
[board_modifier.py:455]: Adding track segment (B.Cu): [(48818750, 78225000), (50243750, 76800000)]
[board_modifier.py:460]: Track added
[key_placer.py:424]: Routing SW29 with D29
[key_placer.py:426]: Using internal autorouter method
[board_modifier.py:532]: Routing at B.Cu layer
[board_modifier.py:549]: Netclass: Default, track width: 200000
[board_modifier.py:611]: Routing pad 'SW29:2' at (303612500, 63150000) with pad 'D29:2' at (305037500, 57750000) using coordinate system rotated by 0 degree(s)
[board_modifier.py:455]: Adding track segment (B.Cu): [(303612500, 63150000), (303612500, 59175000)]
[board_modifier.py:460]: Track added
[board_modifier.py:455]: Adding track segment (B.Cu): [(303612500, 59175000), (305037500, 57750000)]
[board_modifier.py:460]: Track added
[key_placer.py:424]: Routing SW36 with D36
[key_placer.py:426]: Using internal autorouter method
[board_modifier.py:532]: Routing at B.Cu layer
[board_modifier.py:549]: Netclass: Default, track width: 200000
[board_modifier.py:611]: Routing pad 'SW36:2' at (151212500, 82200000) with pad 'D36:2' at (152637500, 76800000) using coordinate system rotated by 0 degree(s)
[board_modifier.py:455]: Adding track segment (B.Cu): [(151212500, 82200000), (151212500, 78225000)]
[board_modifier.py:460]: Track added
[board_modifier.py:455]: Adding track segment (B.Cu): [(151212500, 78225000), (152637500, 76800000)]
[board_modifier.py:460]: Track added
[key_placer.py:424]: Routing SW68 with D68
[key_placer.py:426]: Using internal autorouter method
[board_modifier.py:532]: Routing at B.Cu layer
[board_modifier.py:549]: Netclass: Default, track width: 200000
[board_modifier.py:611]: Routing pad 'SW68:2' at (327425000, 120300000) with pad 'D68:2' at (328850000, 114900000) using coordinate system rotated by 0 degree(s)
[board_modifier.py:455]: Adding track segment (B.Cu): [(327425000, 120300000), (327425000, 116325000)]
[board_modifier.py:460]: Track added
[board_modifier.py:455]: Adding track segment (B.Cu): [(327425000, 116325000), (328850000, 114900000)]
[board_modifier.py:460]: Track added
[key_placer.py:424]: Routing SW48 with D48
[key_placer.py:426]: Using internal autorouter method
[board_modifier.py:532]: Routing at B.Cu layer
[board_modifier.py:549]: Netclass: Default, track width: 200000
[board_modifier.py:611]: Routing pad 'SW48:2' at (122637500, 101250000) with pad 'D48:2' at (124062500, 95850000) using coordinate system rotated by 0 degree(s)
[board_modifier.py:455]: Adding track segment (B.Cu): [(122637500, 101250000), (122637500, 97275000)]
[board_modifier.py:460]: Track added
[board_modifier.py:455]: Adding track segment (B.Cu): [(122637500, 97275000), (124062500, 95850000)]
[board_modifier.py:460]: Track added
[key_placer.py:424]: Routing SW47 with D47
[key_placer.py:426]: Using internal autorouter method
[board_modifier.py:532]: Routing at B.Cu layer
[board_modifier.py:549]: Netclass: Default, track width: 200000
[board_modifier.py:611]: Routing pad 'SW47:2' at (103587500, 101250000) with pad 'D47:2' at (105012500, 95850000) using coordinate system rotated by 0 degree(s)
[board_modifier.py:455]: Adding track segment (B.Cu): [(103587500, 101250000), (103587500, 97275000)]
[board_modifier.py:460]: Track added
[board_modifier.py:455]: Adding track segment (B.Cu): [(103587500, 97275000), (105012500, 95850000)]
[board_modifier.py:460]: Track added
[key_placer.py:424]: Routing SW5 with D5
[key_placer.py:426]: Using internal autorouter method
[board_modifier.py:532]: Routing at B.Cu layer
[board_modifier.py:549]: Netclass: Default, track width: 200000
[board_modifier.py:611]: Routing pad 'SW5:2' at (117875000, 44100000) with pad 'D5:2' at (119300000, 38700000) using coordinate system rotated by 0 degree(s)
[board_modifier.py:455]: Adding track segment (B.Cu): [(117875000, 44100000), (117875000, 40125000)]
[board_modifier.py:460]: Track added
[board_modifier.py:455]: Adding track segment (B.Cu): [(117875000, 40125000), (119300000, 38700000)]
[board_modifier.py:460]: Track added
[key_placer.py:424]: Routing SW45 with D45
[key_placer.py:426]: Using internal autorouter method
[board_modifier.py:532]: Routing at B.Cu layer
[board_modifier.py:549]: Netclass: Default, track width: 200000
[board_modifier.py:611]: Routing pad 'SW45:2' at (53581250, 101250000) with pad 'D45:2' at (55006250, 95850000) using coordinate system rotated by 0 degree(s)
[board_modifier.py:455]: Adding track segment (B.Cu): [(53581250, 101250000), (53581250, 97275000)]
[board_modifier.py:460]: Track added
[board_modifier.py:455]: Adding track segment (B.Cu): [(53581250, 97275000), (55006250, 95850000)]
[board_modifier.py:460]: Track added
[key_placer.py:424]: Routing SW6 with D6
[key_placer.py:426]: Using internal autorouter method
[board_modifier.py:532]: Routing at B.Cu layer
[board_modifier.py:549]: Netclass: Default, track width: 200000
[board_modifier.py:611]: Routing pad 'SW6:2' at (136925000, 44100000) with pad 'D6:2' at (138350000, 38700000) using coordinate system rotated by 0 degree(s)
[board_modifier.py:455]: Adding track segment (B.Cu): [(136925000, 44100000), (136925000, 40125000)]
[board_modifier.py:460]: Track added
[board_modifier.py:455]: Adding track segment (B.Cu): [(136925000, 40125000), (138350000, 38700000)]
[board_modifier.py:460]: Track added
[key_placer.py:424]: Routing SW13 with D13
[key_placer.py:426]: Using internal autorouter method
[board_modifier.py:532]: Routing at B.Cu layer
[board_modifier.py:549]: Netclass: Default, track width: 200000
[board_modifier.py:611]: Routing pad 'SW13:2' at (270275000, 44100000) with pad 'D13:2' at (271700000, 38700000) using coordinate system rotated by 0 degree(s)
[board_modifier.py:455]: Adding track segment (B.Cu): [(270275000, 44100000), (270275000, 40125000)]
[board_modifier.py:460]: Track added
[board_modifier.py:455]: Adding track segment (B.Cu): [(270275000, 40125000), (271700000, 38700000)]
[board_modifier.py:460]: Track added
[key_placer.py:424]: Routing SW51 with D51
[key_placer.py:426]: Using internal autorouter method
[board_modifier.py:532]: Routing at B.Cu layer
[board_modifier.py:549]: Netclass: Default, track width: 200000
[board_modifier.py:611]: Routing pad 'SW51:2' at (179787500, 101250000) with pad 'D51:2' at (181212500, 95850000) using coordinate system rotated by 0 degree(s)
[board_modifier.py:455]: Adding track segment (B.Cu): [(179787500, 101250000), (179787500, 97275000)]
[board_modifier.py:460]: Track added
[board_modifier.py:455]: Adding track segment (B.Cu): [(179787500, 97275000), (181212500, 95850000)]
[board_modifier.py:460]: Track added
[key_placer.py:424]: Routing SW30 with D30
[key_placer.py:426]: Using internal autorouter method
[board_modifier.py:532]: Routing at B.Cu layer
[board_modifier.py:549]: Netclass: Default, track width: 200000
[board_modifier.py:611]: Routing pad 'SW30:2' at (327425000, 63150000) with pad 'D30:2' at (328850000, 57750000) using coordinate system rotated by 0 degree(s)
[board_modifier.py:455]: Adding track segment (B.Cu): [(327425000, 63150000), (327425000, 59175000)]
[board_modifier.py:460]: Track added
[board_modifier.py:455]: Adding track segment (B.Cu): [(327425000, 59175000), (328850000, 57750000)]
[board_modifier.py:460]: Track added
[key_placer.py:424]: Routing SW57 with D57
[key_placer.py:426]: Using internal autorouter method
[board_modifier.py:532]: Routing at B.Cu layer
[board_modifier.py:549]: Netclass: Default, track width: 200000
[board_modifier.py:611]: Routing pad 'SW57:2' at (308375000, 101250000) with pad 'D57:2' at (309800000, 95850000) using coordinate system rotated by 0 degree(s)
[board_modifier.py:455]: Adding track segment (B.Cu): [(308375000, 101250000), (308375000, 97275000)]
[board_modifier.py:460]: Track added
[board_modifier.py:455]: Adding track segment (B.Cu): [(308375000, 97275000), (309800000, 95850000)]
[board_modifier.py:460]: Track added
[key_placer.py:424]: Routing SW8 with D8
[key_placer.py:426]: Using internal autorouter method
[board_modifier.py:532]: Routing at B.Cu layer
[board_modifier.py:549]: Netclass: Default, track width: 200000
[board_modifier.py:611]: Routing pad 'SW8:2' at (175025000, 44100000) with pad 'D8:2' at (176450000, 38700000) using coordinate system rotated by 0 degree(s)
[board_modifier.py:455]: Adding track segment (B.Cu): [(175025000, 44100000), (175025000, 40125000)]
[board_modifier.py:460]: Track added
[board_modifier.py:455]: Adding track segment (B.Cu): [(175025000, 40125000), (176450000, 38700000)]
[board_modifier.py:460]: Track added
[key_placer.py:424]: Routing SW19 with D19
[key_placer.py:426]: Using internal autorouter method
[board_modifier.py:532]: Routing at B.Cu layer
[board_modifier.py:549]: Netclass: Default, track width: 200000
[board_modifier.py:611]: Routing pad 'SW19:2' at (108350000, 63150000) with pad 'D19:2' at (109775000, 57750000) using coordinate system rotated by 0 degree(s)
[board_modifier.py:455]: Adding track segment (B.Cu): [(108350000, 63150000), (108350000, 59175000)]
[board_modifier.py:460]: Track added
[board_modifier.py:455]: Adding track segment (B.Cu): [(108350000, 59175000), (109775000, 57750000)]
[board_modifier.py:460]: Track added
[key_placer.py:424]: Routing SW63 with D63
[key_placer.py:426]: Using internal autorouter method
[board_modifier.py:532]: Routing at B.Cu layer
[board_modifier.py:549]: Netclass: Default, track width: 200000
[board_modifier.py:611]: Routing pad 'SW63:2' at (232175000, 120300000) with pad 'D63:2' at (233600000, 114900000) using coordinate system rotated by 0 degree(s)
[board_modifier.py:455]: Adding track segment (B.Cu): [(232175000, 120300000), (232175000, 116325000)]
[board_modifier.py:460]: Track added
[board_modifier.py:455]: Adding track segment (B.Cu): [(232175000, 116325000), (233600000, 114900000)]
[board_modifier.py:460]: Track added
[key_placer.py:424]: Routing SW39 with D39
[key_placer.py:426]: Using internal autorouter method
[board_modifier.py:532]: Routing at B.Cu layer
[board_modifier.py:549]: Netclass: Default, track width: 200000
[board_modifier.py:611]: Routing pad 'SW39:2' at (208362500, 82200000) with pad 'D39:2' at (209787500, 76800000) using coordinate system rotated by 0 degree(s)
[board_modifier.py:455]: Adding track segment (B.Cu): [(208362500, 82200000), (208362500, 78225000)]
[board_modifier.py:460]: Track added
[board_modifier.py:455]: Adding track segment (B.Cu): [(208362500, 78225000), (209787500, 76800000)]
[board_modifier.py:460]: Track added
[key_placer.py:424]: Routing SW64 with D64
[key_placer.py:426]: Using internal autorouter method
[board_modifier.py:532]: Routing at B.Cu layer
[board_modifier.py:549]: Netclass: Default, track width: 200000
[board_modifier.py:611]: Routing pad 'SW64:2' at (251225000, 120300000) with pad 'D64:2' at (252650000, 114900000) using coordinate system rotated by 0 degree(s)
[board_modifier.py:455]: Adding track segment (B.Cu): [(251225000, 120300000), (251225000, 116325000)]
[board_modifier.py:460]: Track added
[board_modifier.py:455]: Adding track segment (B.Cu): [(251225000, 116325000), (252650000, 114900000)]
[board_modifier.py:460]: Track added
[key_placer.py:424]: Routing SW55 with D55
[key_placer.py:426]: Using internal autorouter method
[board_modifier.py:532]: Routing at B.Cu layer
[board_modifier.py:549]: Netclass: Default, track width: 200000
[board_modifier.py:611]: Routing pad 'SW55:2' at (255987500, 101250000) with pad 'D55:2' at (257412500, 95850000) using coordinate system rotated by 0 degree(s)
[board_modifier.py:455]: Adding track segment (B.Cu): [(255987500, 101250000), (255987500, 97275000)]
[board_modifier.py:460]: Track added
[board_modifier.py:455]: Adding track segment (B.Cu): [(255987500, 97275000), (257412500, 95850000)]
[board_modifier.py:460]: Track added
[key_placer.py:424]: Routing SW42 with D42
[key_placer.py:426]: Using internal autorouter method
[board_modifier.py:532]: Routing at B.Cu layer
[board_modifier.py:549]: Netclass: Default, track width: 200000
[board_modifier.py:611]: Routing pad 'SW42:2' at (265512500, 82200000) with pad 'D42:2' at (266937500, 76800000) using coordinate system rotated by 0 degree(s)
[board_modifier.py:455]: Adding track segment (B.Cu): [(265512500, 82200000), (265512500, 78225000)]
[board_modifier.py:460]: Track added
[board_modifier.py:455]: Adding track segment (B.Cu): [(265512500, 78225000), (266937500, 76800000)]
[board_modifier.py:460]: Track added
[key_placer.py:424]: Routing SW15 with D15
[key_placer.py:426]: Using internal autorouter method
[board_modifier.py:532]: Routing at B.Cu layer
[board_modifier.py:549]: Netclass: Default, track width: 200000
[board_modifier.py:611]: Routing pad 'SW15:2' at (327425000, 44100000) with pad 'D15:2' at (328850000, 38700000) using coordinate system rotated by 0 degree(s)
[board_modifier.py:455]: Adding track segment (B.Cu): [(327425000, 44100000), (327425000, 40125000)]
[board_modifier.py:460]: Track added
[board_modifier.py:455]: Adding track segment (B.Cu): [(327425000, 40125000), (328850000, 38700000)]
[board_modifier.py:460]: Track added
[key_placer.py:424]: Routing SW46 with D46
[key_placer.py:426]: Using internal autorouter method
[board_modifier.py:532]: Routing at B.Cu layer
[board_modifier.py:549]: Netclass: Default, track width: 200000
[board_modifier.py:611]: Routing pad 'SW46:2' at (84537500, 101250000) with pad 'D46:2' at (85962500, 95850000) using coordinate system rotated by 0 degree(s)
[board_modifier.py:455]: Adding track segment (B.Cu): [(84537500, 101250000), (84537500, 97275000)]
[board_modifier.py:460]: Track added
[board_modifier.py:455]: Adding track segment (B.Cu): [(84537500, 97275000), (85962500, 95850000)]
[board_modifier.py:460]: Track added
[key_placer.py:424]: Routing SW34 with D34
[key_placer.py:426]: Using internal autorouter method
[board_modifier.py:532]: Routing at B.Cu layer
[board_modifier.py:549]: Netclass: Default, track width: 200000
[board_modifier.py:611]: Routing pad 'SW34:2' at (113112500, 82200000) with pad 'D34:2' at (114537500, 76800000) using coordinate system rotated by 0 degree(s)
[board_modifier.py:455]: Adding track segment (B.Cu): [(113112500, 82200000), (113112500, 78225000)]
[board_modifier.py:460]: Track added
[board_modifier.py:455]: Adding track segment (B.Cu): [(113112500, 78225000), (114537500, 76800000)]
[board_modifier.py:460]: Track added
[key_placer.py:424]: Routing SW26 with D26
[key_placer.py:426]: Using internal autorouter method
[board_modifier.py:532]: Routing at B.Cu layer
[board_modifier.py:549]: Netclass: Default, track width: 200000
[board_modifier.py:611]: Routing pad 'SW26:2' at (241700000, 63150000) with pad 'D26:2' at (243125000, 57750000) using coordinate system rotated by 0 degree(s)
[board_modifier.py:455]: Adding track segment (B.Cu): [(241700000, 63150000), (241700000, 59175000)]
[board_modifier.py:460]: Track added
[board_modifier.py:455]: Adding track segment (B.Cu): [(241700000, 59175000), (243125000, 57750000)]
[board_modifier.py:460]: Track added
[key_placer.py:424]: Routing SW25 with D25
[key_placer.py:426]: Using internal autorouter method
[board_modifier.py:532]: Routing at B.Cu layer
[board_modifier.py:549]: Netclass: Default, track width: 200000
[board_modifier.py:611]: Routing pad 'SW25:2' at (222650000, 63150000) with pad 'D25:2' at (224075000, 57750000) using coordinate system rotated by 0 degree(s)
[board_modifier.py:455]: Adding track segment (B.Cu): [(222650000, 63150000), (222650000, 59175000)]
[board_modifier.py:460]: Track added
[board_modifier.py:455]: Adding track segment (B.Cu): [(222650000, 59175000), (224075000, 57750000)]
[board_modifier.py:460]: Track added
[key_placer.py:424]: Routing SW2 with D2
[key_placer.py:426]: Using internal autorouter method
[board_modifier.py:532]: Routing at B.Cu layer
[board_modifier.py:549]: Netclass: Default, track width: 200000
[board_modifier.py:611]: Routing pad 'SW2:2' at (60725000, 44100000) with pad 'D2:2' at (62150000, 38700000) using coordinate system rotated by 0 degree(s)
[board_modifier.py:455]: Adding track segment (B.Cu): [(60725000, 44100000), (60725000, 40125000)]
[board_modifier.py:460]: Track added
[board_modifier.py:455]: Adding track segment (B.Cu): [(60725000, 40125000), (62150000, 38700000)]
[board_modifier.py:460]: Track added
[key_placer.py:424]: Routing SW10 with D10
[key_placer.py:426]: Using internal autorouter method
[board_modifier.py:532]: Routing at B.Cu layer
[board_modifier.py:549]: Netclass: Default, track width: 200000
[board_modifier.py:611]: Routing pad 'SW10:2' at (213125000, 44100000) with pad 'D10:2' at (214550000, 38700000) using coordinate system rotated by 0 degree(s)
[board_modifier.py:455]: Adding track segment (B.Cu): [(213125000, 44100000), (213125000, 40125000)]
[board_modifier.py:460]: Track added
[board_modifier.py:455]: Adding track segment (B.Cu): [(213125000, 40125000), (214550000, 38700000)]
[board_modifier.py:460]: Track added
[key_placer.py:424]: Routing SW32 with D32
[key_placer.py:426]: Using internal autorouter method
[board_modifier.py:532]: Routing at B.Cu layer
[board_modifier.py:549]: Netclass: Default, track width: 200000
[board_modifier.py:611]: Routing pad 'SW32:2' at (75012500, 82200000) with pad 'D32:2' at (76437500, 76800000) using coordinate system rotated by 0 degree(s)
[board_modifier.py:455]: Adding track segment (B.Cu): [(75012500, 82200000), (75012500, 78225000)]
[board_modifier.py:460]: Track added
[board_modifier.py:455]: Adding track segment (B.Cu): [(75012500, 78225000), (76437500, 76800000)]
[board_modifier.py:460]: Track added
[key_placer.py:424]: Routing SW9 with D9
[key_placer.py:426]: Using internal autorouter method
[board_modifier.py:532]: Routing at B.Cu layer
[board_modifier.py:549]: Netclass: Default, track width: 200000
[board_modifier.py:611]: Routing pad 'SW9:2' at (194075000, 44100000) with pad 'D9:2' at (195500000, 38700000) using coordinate system rotated by 0 degree(s)
[board_modifier.py:455]: Adding track segment (B.Cu): [(194075000, 44100000), (194075000, 40125000)]
[board_modifier.py:460]: Track added
[board_modifier.py:455]: Adding track segment (B.Cu): [(194075000, 40125000), (195500000, 38700000)]
[board_modifier.py:460]: Track added
[key_placer.py:424]: Routing SW27 with D27
[key_placer.py:426]: Using internal autorouter method
[board_modifier.py:532]: Routing at B.Cu layer
[board_modifier.py:549]: Netclass: Default, track width: 200000
[board_modifier.py:611]: Routing pad 'SW27:2' at (260750000, 63150000) with pad 'D27:2' at (262175000, 57750000) using coordinate system rotated by 0 degree(s)
[board_modifier.py:455]: Adding track segment (B.Cu): [(260750000, 63150000), (260750000, 59175000)]
[board_modifier.py:460]: Track added
[board_modifier.py:455]: Adding track segment (B.Cu): [(260750000, 59175000), (262175000, 57750000)]
[board_modifier.py:460]: Track added
[key_placer.py:424]: Routing SW4 with D4
[key_placer.py:426]: Using internal autorouter method
[board_modifier.py:532]: Routing at B.Cu layer
[board_modifier.py:549]: Netclass: Default, track width: 200000
[board_modifier.py:611]: Routing pad 'SW4:2' at (98825000, 44100000) with pad 'D4:2' at (100250000, 38700000) using coordinate system rotated by 0 degree(s)
[board_modifier.py:455]: Adding track segment (B.Cu): [(98825000, 44100000), (98825000, 40125000)]
[board_modifier.py:460]: Track added
[board_modifier.py:455]: Adding track segment (B.Cu): [(98825000, 40125000), (100250000, 38700000)]
[board_modifier.py:460]: Track added
[key_placer.py:424]: Routing SW56 with D56
[key_placer.py:426]: Using internal autorouter method
[board_modifier.py:532]: Routing at B.Cu layer
[board_modifier.py:549]: Netclass: Default, track width: 200000
[board_modifier.py:611]: Routing pad 'SW56:2' at (282181250, 101250000) with pad 'D56:2' at (283606250, 95850000) using coordinate system rotated by 0 degree(s)
[board_modifier.py:455]: Adding track segment (B.Cu): [(282181250, 101250000), (282181250, 97275000)]
[board_modifier.py:460]: Track added
[board_modifier.py:455]: Adding track segment (B.Cu): [(282181250, 97275000), (283606250, 95850000)]
[board_modifier.py:460]: Track added
[key_placer.py:424]: Routing SW50 with D50
[key_placer.py:426]: Using internal autorouter method
[board_modifier.py:532]: Routing at B.Cu layer
[board_modifier.py:549]: Netclass: Default, track width: 200000
[board_modifier.py:611]: Routing pad 'SW50:2' at (160737500, 101250000) with pad 'D50:2' at (162162500, 95850000) using coordinate system rotated by 0 degree(s)
[board_modifier.py:455]: Adding track segment (B.Cu): [(160737500, 101250000), (160737500, 97275000)]
[board_modifier.py:460]: Track added
[board_modifier.py:455]: Adding track segment (B.Cu): [(160737500, 97275000), (162162500, 95850000)]
[board_modifier.py:460]: Track added
[key_placer.py:424]: Routing SW23 with D23
[key_placer.py:426]: Using internal autorouter method
[board_modifier.py:532]: Routing at B.Cu layer
[board_modifier.py:549]: Netclass: Default, track width: 200000
[board_modifier.py:611]: Routing pad 'SW23:2' at (184550000, 63150000) with pad 'D23:2' at (185975000, 57750000) using coordinate system rotated by 0 degree(s)
[board_modifier.py:455]: Adding track segment (B.Cu): [(184550000, 63150000), (184550000, 59175000)]
[board_modifier.py:460]: Track added
[board_modifier.py:455]: Adding track segment (B.Cu): [(184550000, 59175000), (185975000, 57750000)]
[board_modifier.py:460]: Track added
[key_placer.py:424]: Routing SW41 with D41
[key_placer.py:426]: Using internal autorouter method
[board_modifier.py:532]: Routing at B.Cu layer
[board_modifier.py:549]: Netclass: Default, track width: 200000
[board_modifier.py:611]: Routing pad 'SW41:2' at (246462500, 82200000) with pad 'D41:2' at (247887500, 76800000) using coordinate system rotated by 0 degree(s)
[board_modifier.py:455]: Adding track segment (B.Cu): [(246462500, 82200000), (246462500, 78225000)]
[board_modifier.py:460]: Track added
[board_modifier.py:455]: Adding track segment (B.Cu): [(246462500, 78225000), (247887500, 76800000)]
[board_modifier.py:460]: Track added
[key_placer.py:424]: Routing SW22 with D22
[key_placer.py:426]: Using internal autorouter method
[board_modifier.py:532]: Routing at B.Cu layer
[board_modifier.py:549]: Netclass: Default, track width: 200000
[board_modifier.py:611]: Routing pad 'SW22:2' at (165500000, 63150000) with pad 'D22:2' at (166925000, 57750000) using coordinate system rotated by 0 degree(s)
[board_modifier.py:455]: Adding track segment (B.Cu): [(165500000, 63150000), (165500000, 59175000)]
[board_modifier.py:460]: Track added
[board_modifier.py:455]: Adding track segment (B.Cu): [(165500000, 59175000), (166925000, 57750000)]
[board_modifier.py:460]: Track added
[key_placer.py:424]: Routing SW54 with D54
[key_placer.py:426]: Using internal autorouter method
[board_modifier.py:532]: Routing at B.Cu layer
[board_modifier.py:549]: Netclass: Default, track width: 200000
[board_modifier.py:611]: Routing pad 'SW54:2' at (236937500, 101250000) with pad 'D54:2' at (238362500, 95850000) using coordinate system rotated by 0 degree(s)
[board_modifier.py:455]: Adding track segment (B.Cu): [(236937500, 101250000), (236937500, 97275000)]
[board_modifier.py:460]: Track added
[board_modifier.py:455]: Adding track segment (B.Cu): [(236937500, 97275000), (238362500, 95850000)]
[board_modifier.py:460]: Track added
[key_placer.py:820]: Routing Column 4 pads
[board_modifier.py:532]: Routing at B.Cu layer
[board_modifier.py:549]: Netclass: Default, track width: 200000
[board_modifier.py:611]: Routing pad 'A1:9' at (47200000, 29720000) with pad 'SW5:1' at (105725000, 41900000) using coordinate system rotated by 0 degree(s)
[board_modifier.py:455]: Adding track segment (B.Cu): [(47200000, 29720000), (93545000, 29720000)]
[board_modifier.py:465]: Could not add track segment due to detected collision
[board_modifier.py:455]: Adding track segment (B.Cu): [(47200000, 29720000), (59380000, 41900000)]
[board_modifier.py:465]: Could not add track segment due to detected collision
[board_modifier.py:532]: Routing at B.Cu layer
[board_modifier.py:549]: Netclass: Default, track width: 200000
[board_modifier.py:611]: Routing pad 'SW5:1' at (105725000, 41900000) with pad 'SW20:1' at (115250000, 60950000) using coordinate system rotated by 0 degree(s)
[board_modifier.py:455]: Adding track segment (B.Cu): [(105725000, 41900000), (105725000, 51425000)]
[board_modifier.py:460]: Track added
[board_modifier.py:455]: Adding track segment (B.Cu): [(105725000, 51425000), (115250000, 60950000)]
[board_modifier.py:465]: Could not add track segment due to detected collision
[board_modifier.py:455]: Adding track segment (B.Cu): [(105725000, 41900000), (115250000, 51425000)]
[board_modifier.py:460]: Track added
[board_modifier.py:455]: Adding track segment (B.Cu): [(115250000, 51425000), (115250000, 60950000)]
[board_modifier.py:460]: Track added
[board_modifier.py:532]: Routing at B.Cu layer
[board_modifier.py:549]: Netclass: Default, track width: 200000
[board_modifier.py:611]: Routing pad 'SW20:1' at (115250000, 60950000) with pad 'SW35:1' at (120012500, 80000000) using coordinate system rotated by 0 degree(s)
[board_modifier.py:455]: Adding track segment (B.Cu): [(115250000, 60950000), (115250000, 75237500)]
[board_modifier.py:465]: Could not add track segment due to detected collision
[board_modifier.py:455]: Adding track segment (B.Cu): [(115250000, 60950000), (120012500, 65712500)]
[board_modifier.py:460]: Track added
[board_modifier.py:455]: Adding track segment (B.Cu): [(120012500, 65712500), (120012500, 80000000)]
[board_modifier.py:460]: Track added
[board_modifier.py:532]: Routing at B.Cu layer
[board_modifier.py:549]: Netclass: Default, track width: 200000
[board_modifier.py:611]: Routing pad 'SW35:1' at (120012500, 80000000) with pad 'SW49:1' at (129537500, 99050000) using coordinate system rotated by 0 degree(s)
[board_modifier.py:455]: Adding track segment (B.Cu): [(120012500, 80000000), (120012500, 89525000)]
[board_modifier.py:460]: Track added
[board_modifier.py:455]: Adding track segment (B.Cu): [(120012500, 89525000), (129537500, 99050000)]
[board_modifier.py:465]: Could not add track segment due to detected collision
[board_modifier.py:455]: Adding track segment (B.Cu): [(120012500, 80000000), (129537500, 89525000)]
[board_modifier.py:460]: Track added
[board_modifier.py:455]: Adding track segment (B.Cu): [(129537500, 89525000), (129537500, 99050000)]
[board_modifier.py:460]: Track added
[board_modifier.py:532]: Routing at B.Cu layer
[board_modifier.py:549]: Netclass: Default, track width: 200000
[board_modifier.py:611]: Routing pad 'SW49:1' at (129537500, 99050000) with pad 'SW63:1' at (220025000, 118100000) using coordinate system rotated by 0 degree(s)
[board_modifier.py:455]: Adding track segment (B.Cu): [(129537500, 99050000), (200975000, 99050000)]
[board_modifier.py:465]: Could not add track segment due to detected collision
[board_modifier.py:455]: Adding track segment (B.Cu): [(129537500, 99050000), (148587500, 118100000)]
[board_modifier.py:460]: Track added
[board_modifier.py:455]: Adding track segment (B.Cu): [(148587500, 118100000), (220025000, 118100000)]
[board_modifier.py:465]: Could not add track segment due to detected collision
[key_placer.py:820]: Routing Column 0 pads
[board_modifier.py:532]: Routing at B.Cu layer
[board_modifier.py:549]: Netclass: Default, track width: 200000
[board_modifier.py:611]: Routing pad 'SW45:1' at (41431250, 99050000) with pad 'SW59:1' at (31906250, 118100000) using coordinate system rotated by 0 degree(s)
[board_modifier.py:455]: Adding track segment (B.Cu): [(41431250, 99050000), (41431250, 108575000)]
[board_modifier.py:460]: Track added
[board_modifier.py:455]: Adding track segment (B.Cu): [(41431250, 108575000), (31906250, 118100000)]
[board_modifier.py:460]: Track added
[board_modifier.py:532]: Routing at B.Cu layer
[board_modifier.py:549]: Netclass: Default, track width: 200000
[board_modifier.py:611]: Routing pad 'SW1:1' at (29525000, 41900000) with pad 'SW16:1' at (34287500, 60950000) using coordinate system rotated by 0 degree(s)
[board_modifier.py:455]: Adding track segment (B.Cu): [(29525000, 41900000), (29525000, 56187500)]
[board_modifier.py:465]: Could not add track segment due to detected collision
[board_modifier.py:455]: Adding track segment (B.Cu): [(29525000, 41900000), (34287500, 46662500)]
[board_modifier.py:465]: Could not add track segment due to detected collision
[board_modifier.py:532]: Routing at B.Cu layer
[board_modifier.py:549]: Netclass: Default, track width: 200000
[board_modifier.py:611]: Routing pad 'SW1:1' at (29525000, 41900000) with pad 'A1:4' at (34500000, 29720000) using coordinate system rotated by 0 degree(s)
[board_modifier.py:455]: Adding track segment (B.Cu): [(29525000, 41900000), (29525000, 34695000)]
[board_modifier.py:460]: Track added
[board_modifier.py:455]: Adding track segment (B.Cu): [(29525000, 34695000), (34500000, 29720000)]
[board_modifier.py:460]: Track added
[board_modifier.py:532]: Routing at B.Cu layer
[board_modifier.py:549]: Netclass: Default, track width: 200000
[board_modifier.py:611]: Routing pad 'SW16:1' at (34287500, 60950000) with pad 'SW31:1' at (36668750, 80000000) using coordinate system rotated by 0 degree(s)
[board_modifier.py:455]: Adding track segment (B.Cu): [(34287500, 60950000), (34287500, 77618750)]
[board_modifier.py:460]: Track added
[board_modifier.py:455]: Adding track segment (B.Cu): [(34287500, 77618750), (36668750, 80000000)]
[board_modifier.py:460]: Track added
[board_modifier.py:532]: Routing at B.Cu layer
[board_modifier.py:549]: Netclass: Default, track width: 200000
[board_modifier.py:611]: Routing pad 'SW31:1' at (36668750, 80000000) with pad 'SW45:1' at (41431250, 99050000) using coordinate system rotated by 0 degree(s)
[board_modifier.py:455]: Adding track segment (B.Cu): [(36668750, 80000000), (36668750, 94287500)]
[board_modifier.py:460]: Track added
[board_modifier.py:455]: Adding track segment (B.Cu): [(36668750, 94287500), (41431250, 99050000)]
[board_modifier.py:460]: Track added
[key_placer.py:820]: Routing Column 10 pads
[board_modifier.py:532]: Routing at B.Cu layer
[board_modifier.py:549]: Netclass: Default, track width: 200000
[board_modifier.py:611]: Routing pad 'A1:16' at (64980000, 29720000) with pad 'SW11:1' at (220025000, 41900000) using coordinate system rotated by 0 degree(s)
[board_modifier.py:455]: Adding track segment (B.Cu): [(64980000, 29720000), (207845000, 29720000)]
[board_modifier.py:465]: Could not add track segment due to detected collision
[board_modifier.py:455]: Adding track segment (B.Cu): [(64980000, 29720000), (77160000, 41900000)]
[board_modifier.py:465]: Could not add track segment due to detected collision
[board_modifier.py:532]: Routing at B.Cu layer
[board_modifier.py:549]: Netclass: Default, track width: 200000
[board_modifier.py:611]: Routing pad 'SW11:1' at (220025000, 41900000) with pad 'SW26:1' at (229550000, 60950000) using coordinate system rotated by 0 degree(s)
[board_modifier.py:455]: Adding track segment (B.Cu): [(220025000, 41900000), (220025000, 51425000)]
[board_modifier.py:460]: Track added
[board_modifier.py:455]: Adding track segment (B.Cu): [(220025000, 51425000), (229550000, 60950000)]
[board_modifier.py:465]: Could not add track segment due to detected collision
[board_modifier.py:455]: Adding track segment (B.Cu): [(220025000, 41900000), (229550000, 51425000)]
[board_modifier.py:460]: Track added
[board_modifier.py:455]: Adding track segment (B.Cu): [(229550000, 51425000), (229550000, 60950000)]
[board_modifier.py:460]: Track added
[board_modifier.py:532]: Routing at B.Cu layer
[board_modifier.py:549]: Netclass: Default, track width: 200000
[board_modifier.py:611]: Routing pad 'SW26:1' at (229550000, 60950000) with pad 'SW41:1' at (234312500, 80000000) using coordinate system rotated by 0 degree(s)
[board_modifier.py:455]: Adding track segment (B.Cu): [(229550000, 60950000), (229550000, 75237500)]
[board_modifier.py:465]: Could not add track segment due to detected collision
[board_modifier.py:455]: Adding track segment (B.Cu): [(229550000, 60950000), (234312500, 65712500)]
[board_modifier.py:460]: Track added
[board_modifier.py:455]: Adding track segment (B.Cu): [(234312500, 65712500), (234312500, 80000000)]
[board_modifier.py:460]: Track added
[board_modifier.py:532]: Routing at B.Cu layer
[board_modifier.py:549]: Netclass: Default, track width: 200000
[board_modifier.py:611]: Routing pad 'SW41:1' at (234312500, 80000000) with pad 'SW55:1' at (243837500, 99050000) using coordinate system rotated by 0 degree(s)
[board_modifier.py:455]: Adding track segment (B.Cu): [(234312500, 80000000), (234312500, 89525000)]
[board_modifier.py:460]: Track added
[board_modifier.py:455]: Adding track segment (B.Cu): [(234312500, 89525000), (243837500, 99050000)]
[board_modifier.py:465]: Could not add track segment due to detected collision
[board_modifier.py:455]: Adding track segment (B.Cu): [(234312500, 80000000), (243837500, 89525000)]
[board_modifier.py:460]: Track added
[board_modifier.py:455]: Adding track segment (B.Cu): [(243837500, 89525000), (243837500, 99050000)]
[board_modifier.py:460]: Track added
[key_placer.py:820]: Routing Column 7 pads
[board_modifier.py:532]: Routing at B.Cu layer
[board_modifier.py:549]: Netclass: Default, track width: 200000
[board_modifier.py:611]: Routing pad 'A1:12' at (54820000, 29720000) with pad 'SW8:1' at (162875000, 41900000) using coordinate system rotated by 0 degree(s)
[board_modifier.py:455]: Adding track segment (B.Cu): [(54820000, 29720000), (150695000, 29720000)]
[board_modifier.py:465]: Could not add track segment due to detected collision
[board_modifier.py:455]: Adding track segment (B.Cu): [(54820000, 29720000), (67000000, 41900000)]
[board_modifier.py:465]: Could not add track segment due to detected collision
[board_modifier.py:532]: Routing at B.Cu layer
[board_modifier.py:549]: Netclass: Default, track width: 200000
[board_modifier.py:611]: Routing pad 'SW8:1' at (162875000, 41900000) with pad 'SW23:1' at (172400000, 60950000) using coordinate system rotated by 0 degree(s)
[board_modifier.py:455]: Adding track segment (B.Cu): [(162875000, 41900000), (162875000, 51425000)]
[board_modifier.py:460]: Track added
[board_modifier.py:455]: Adding track segment (B.Cu): [(162875000, 51425000), (172400000, 60950000)]
[board_modifier.py:465]: Could not add track segment due to detected collision
[board_modifier.py:455]: Adding track segment (B.Cu): [(162875000, 41900000), (172400000, 51425000)]
[board_modifier.py:460]: Track added
[board_modifier.py:455]: Adding track segment (B.Cu): [(172400000, 51425000), (172400000, 60950000)]
[board_modifier.py:460]: Track added
[board_modifier.py:532]: Routing at B.Cu layer
[board_modifier.py:549]: Netclass: Default, track width: 200000
[board_modifier.py:611]: Routing pad 'SW23:1' at (172400000, 60950000) with pad 'SW38:1' at (177162500, 80000000) using coordinate system rotated by 0 degree(s)
[board_modifier.py:455]: Adding track segment (B.Cu): [(172400000, 60950000), (172400000, 75237500)]
[board_modifier.py:465]: Could not add track segment due to detected collision
[board_modifier.py:455]: Adding track segment (B.Cu): [(172400000, 60950000), (177162500, 65712500)]
[board_modifier.py:460]: Track added
[board_modifier.py:455]: Adding track segment (B.Cu): [(177162500, 65712500), (177162500, 80000000)]
[board_modifier.py:460]: Track added
[board_modifier.py:532]: Routing at B.Cu layer
[board_modifier.py:549]: Netclass: Default, track width: 200000
[board_modifier.py:611]: Routing pad 'SW38:1' at (177162500, 80000000) with pad 'SW52:1' at (186687500, 99050000) using coordinate system rotated by 0 degree(s)
[board_modifier.py:455]: Adding track segment (B.Cu): [(177162500, 80000000), (177162500, 89525000)]
[board_modifier.py:460]: Track added
[board_modifier.py:455]: Adding track segment (B.Cu): [(177162500, 89525000), (186687500, 99050000)]
[board_modifier.py:465]: Could not add track segment due to detected collision
[board_modifier.py:455]: Adding track segment (B.Cu): [(177162500, 80000000), (186687500, 89525000)]
[board_modifier.py:460]: Track added
[board_modifier.py:455]: Adding track segment (B.Cu): [(186687500, 89525000), (186687500, 99050000)]
[board_modifier.py:460]: Track added
[board_modifier.py:532]: Routing at B.Cu layer
[board_modifier.py:549]: Netclass: Default, track width: 200000
[board_modifier.py:611]: Routing pad 'SW52:1' at (186687500, 99050000) with pad 'SW66:1' at (277175000, 118100000) using coordinate system rotated by 0 degree(s)
[board_modifier.py:455]: Adding track segment (B.Cu): [(186687500, 99050000), (258125000, 99050000)]
[board_modifier.py:465]: Could not add track segment due to detected collision
[board_modifier.py:455]: Adding track segment (B.Cu): [(186687500, 99050000), (205737500, 118100000)]
[board_modifier.py:460]: Track added
[board_modifier.py:455]: Adding track segment (B.Cu): [(205737500, 118100000), (277175000, 118100000)]
[board_modifier.py:465]: Could not add track segment due to detected collision
[key_placer.py:820]: Routing Column 9 pads
[board_modifier.py:532]: Routing at B.Cu layer
[board_modifier.py:549]: Netclass: Default, track width: 200000
[board_modifier.py:611]: Routing pad 'A1:15' at (62440000, 29720000) with pad 'SW10:1' at (200975000, 41900000) using coordinate system rotated by 0 degree(s)
[board_modifier.py:455]: Adding track segment (B.Cu): [(62440000, 29720000), (188795000, 29720000)]
[board_modifier.py:465]: Could not add track segment due to detected collision
[board_modifier.py:455]: Adding track segment (B.Cu): [(62440000, 29720000), (74620000, 41900000)]
[board_modifier.py:460]: Track added
[board_modifier.py:455]: Adding track segment (B.Cu): [(74620000, 41900000), (200975000, 41900000)]
[board_modifier.py:465]: Could not add track segment due to detected collision
[board_modifier.py:532]: Routing at B.Cu layer
[board_modifier.py:549]: Netclass: Default, track width: 200000
[board_modifier.py:611]: Routing pad 'SW10:1' at (200975000, 41900000) with pad 'SW25:1' at (210500000, 60950000) using coordinate system rotated by 0 degree(s)
[board_modifier.py:455]: Adding track segment (B.Cu): [(200975000, 41900000), (200975000, 51425000)]
[board_modifier.py:460]: Track added
[board_modifier.py:455]: Adding track segment (B.Cu): [(200975000, 51425000), (210500000, 60950000)]
[board_modifier.py:465]: Could not add track segment due to detected collision
[board_modifier.py:455]: Adding track segment (B.Cu): [(200975000, 41900000), (210500000, 51425000)]
[board_modifier.py:460]: Track added
[board_modifier.py:455]: Adding track segment (B.Cu): [(210500000, 51425000), (210500000, 60950000)]
[board_modifier.py:460]: Track added
[board_modifier.py:532]: Routing at B.Cu layer
[board_modifier.py:549]: Netclass: Default, track width: 200000
[board_modifier.py:611]: Routing pad 'SW25:1' at (210500000, 60950000) with pad 'SW40:1' at (215262500, 80000000) using coordinate system rotated by 0 degree(s)
[board_modifier.py:455]: Adding track segment (B.Cu): [(210500000, 60950000), (210500000, 75237500)]
[board_modifier.py:465]: Could not add track segment due to detected collision
[board_modifier.py:455]: Adding track segment (B.Cu): [(210500000, 60950000), (215262500, 65712500)]
[board_modifier.py:460]: Track added
[board_modifier.py:455]: Adding track segment (B.Cu): [(215262500, 65712500), (215262500, 80000000)]
[board_modifier.py:460]: Track added
[board_modifier.py:532]: Routing at B.Cu layer
[board_modifier.py:549]: Netclass: Default, track width: 200000
[board_modifier.py:611]: Routing pad 'SW40:1' at (215262500, 80000000) with pad 'SW54:1' at (224787500, 99050000) using coordinate system rotated by 0 degree(s)
[board_modifier.py:455]: Adding track segment (B.Cu): [(215262500, 80000000), (215262500, 89525000)]
[board_modifier.py:460]: Track added
[board_modifier.py:455]: Adding track segment (B.Cu): [(215262500, 89525000), (224787500, 99050000)]
[board_modifier.py:465]: Could not add track segment due to detected collision
[board_modifier.py:455]: Adding track segment (B.Cu): [(215262500, 80000000), (224787500, 89525000)]
[board_modifier.py:460]: Track added
[board_modifier.py:455]: Adding track segment (B.Cu): [(224787500, 89525000), (224787500, 99050000)]
[board_modifier.py:460]: Track added
[board_modifier.py:532]: Routing at B.Cu layer
[board_modifier.py:549]: Netclass: Default, track width: 200000
[board_modifier.py:611]: Routing pad 'SW54:1' at (224787500, 99050000) with pad 'SW68:1' at (315275000, 118100000) using coordinate system rotated by 0 degree(s)
[board_modifier.py:455]: Adding track segment (B.Cu): [(224787500, 99050000), (296225000, 99050000)]
[board_modifier.py:465]: Could not add track segment due to detected collision
[board_modifier.py:455]: Adding track segment (B.Cu): [(224787500, 99050000), (243837500, 118100000)]
[board_modifier.py:465]: Could not add track segment due to detected collision
[key_placer.py:820]: Routing Column 14 pads
[board_modifier.py:532]: Routing at B.Cu layer
[board_modifier.py:549]: Netclass: Default, track width: 200000
[board_modifier.py:611]: Routing pad 'A1:29' at (54820000, 47500000) with pad 'SW15:1' at (315275000, 41900000) using coordinate system rotated by 0 degree(s)
[board_modifier.py:455]: Adding track segment (B.Cu): [(54820000, 47500000), (309675000, 47500000)]
[board_modifier.py:465]: Could not add track segment due to detected collision
[board_modifier.py:455]: Adding track segment (B.Cu): [(54820000, 47500000), (60420000, 41900000)]
[board_modifier.py:465]: Could not add track segment due to detected collision
[board_modifier.py:532]: Routing at B.Cu layer
[board_modifier.py:549]: Netclass: Default, track width: 200000
[board_modifier.py:611]: Routing pad 'SW15:1' at (315275000, 41900000) with pad 'SW30:1' at (315275000, 60950000) using coordinate system rotated by 0 degree(s)
[board_modifier.py:455]: Adding track segment (B.Cu): [(315275000, 41900000), (315275000, 60950000)]
[board_modifier.py:460]: Track added
[key_placer.py:820]: Routing Column 11 pads
[board_modifier.py:532]: Routing at B.Cu layer
[board_modifier.py:549]: Netclass: Default, track width: 200000
[board_modifier.py:611]: Routing pad 'A1:17' at (67520000, 29720000) with pad 'SW12:1' at (239075000, 41900000) using coordinate system rotated by 0 degree(s)
[board_modifier.py:455]: Adding track segment (B.Cu): [(67520000, 29720000), (226895000, 29720000)]
[board_modifier.py:465]: Could not add track segment due to detected collision
[board_modifier.py:455]: Adding track segment (B.Cu): [(67520000, 29720000), (79700000, 41900000)]
[board_modifier.py:465]: Could not add track segment due to detected collision
[board_modifier.py:532]: Routing at B.Cu layer
[board_modifier.py:549]: Netclass: Default, track width: 200000
[board_modifier.py:611]: Routing pad 'SW12:1' at (239075000, 41900000) with pad 'SW27:1' at (248600000, 60950000) using coordinate system rotated by 0 degree(s)
[board_modifier.py:455]: Adding track segment (B.Cu): [(239075000, 41900000), (239075000, 51425000)]
[board_modifier.py:460]: Track added
[board_modifier.py:455]: Adding track segment (B.Cu): [(239075000, 51425000), (248600000, 60950000)]
[board_modifier.py:465]: Could not add track segment due to detected collision
[board_modifier.py:455]: Adding track segment (B.Cu): [(239075000, 41900000), (248600000, 51425000)]
[board_modifier.py:460]: Track added
[board_modifier.py:455]: Adding track segment (B.Cu): [(248600000, 51425000), (248600000, 60950000)]
[board_modifier.py:460]: Track added
[board_modifier.py:532]: Routing at B.Cu layer
[board_modifier.py:549]: Netclass: Default, track width: 200000
[board_modifier.py:611]: Routing pad 'SW27:1' at (248600000, 60950000) with pad 'SW42:1' at (253362500, 80000000) using coordinate system rotated by 0 degree(s)
[board_modifier.py:455]: Adding track segment (B.Cu): [(248600000, 60950000), (248600000, 75237500)]
[board_modifier.py:465]: Could not add track segment due to detected collision
[board_modifier.py:455]: Adding track segment (B.Cu): [(248600000, 60950000), (253362500, 65712500)]
[board_modifier.py:460]: Track added
[board_modifier.py:455]: Adding track segment (B.Cu): [(253362500, 65712500), (253362500, 80000000)]
[board_modifier.py:460]: Track added
[board_modifier.py:532]: Routing at B.Cu layer
[board_modifier.py:549]: Netclass: Default, track width: 200000
[board_modifier.py:611]: Routing pad 'SW42:1' at (253362500, 80000000) with pad 'SW56:1' at (270031250, 99050000) using coordinate system rotated by 0 degree(s)
[board_modifier.py:455]: Adding track segment (B.Cu): [(253362500, 80000000), (253362500, 82381250)]
[board_modifier.py:460]: Track added
[board_modifier.py:455]: Adding track segment (B.Cu): [(253362500, 82381250), (270031250, 99050000)]
[board_modifier.py:460]: Track added
[key_placer.py:820]: Routing Column 12 pads
[board_modifier.py:532]: Routing at B.Cu layer
[board_modifier.py:549]: Netclass: Default, track width: 200000
[board_modifier.py:611]: Routing pad 'A1:19' at (72600000, 29720000) with pad 'SW13:1' at (258125000, 41900000) using coordinate system rotated by 0 degree(s)
[board_modifier.py:455]: Adding track segment (B.Cu): [(72600000, 29720000), (245945000, 29720000)]
[board_modifier.py:465]: Could not add track segment due to detected collision
[board_modifier.py:455]: Adding track segment (B.Cu): [(72600000, 29720000), (84780000, 41900000)]
[board_modifier.py:465]: Could not add track segment due to detected collision
[board_modifier.py:532]: Routing at B.Cu layer
[board_modifier.py:549]: Netclass: Default, track width: 200000
[board_modifier.py:611]: Routing pad 'SW13:1' at (258125000, 41900000) with pad 'SW28:1' at (267650000, 60950000) using coordinate system rotated by 0 degree(s)
[board_modifier.py:455]: Adding track segment (B.Cu): [(258125000, 41900000), (258125000, 51425000)]
[board_modifier.py:460]: Track added
[board_modifier.py:455]: Adding track segment (B.Cu): [(258125000, 51425000), (267650000, 60950000)]
[board_modifier.py:465]: Could not add track segment due to detected collision
[board_modifier.py:455]: Adding track segment (B.Cu): [(258125000, 41900000), (267650000, 51425000)]
[board_modifier.py:460]: Track added
[board_modifier.py:455]: Adding track segment (B.Cu): [(267650000, 51425000), (267650000, 60950000)]
[board_modifier.py:460]: Track added
[board_modifier.py:532]: Routing at B.Cu layer
[board_modifier.py:549]: Netclass: Default, track width: 200000
[board_modifier.py:611]: Routing pad 'SW28:1' at (267650000, 60950000) with pad 'SW43:1' at (284318750, 80000000) using coordinate system rotated by 0 degree(s)
[board_modifier.py:455]: Adding track segment (B.Cu): [(267650000, 60950000), (267650000, 63331250)]
[board_modifier.py:460]: Track added
[board_modifier.py:455]: Adding track segment (B.Cu): [(267650000, 63331250), (284318750, 80000000)]
[board_modifier.py:460]: Track added
[board_modifier.py:532]: Routing at B.Cu layer
[board_modifier.py:549]: Netclass: Default, track width: 200000
[board_modifier.py:611]: Routing pad 'SW43:1' at (284318750, 80000000) with pad 'SW57:1' at (296225000, 99050000) using coordinate system rotated by 0 degree(s)
[board_modifier.py:455]: Adding track segment (B.Cu): [(284318750, 80000000), (284318750, 87143750)]
[board_modifier.py:460]: Track added
[board_modifier.py:455]: Adding track segment (B.Cu): [(284318750, 87143750), (296225000, 99050000)]
[board_modifier.py:460]: Track added
[key_placer.py:820]: Routing Row 2 pads
[board_modifier.py:532]: Routing at B.Cu layer
[board_modifier.py:549]: Netclass: Default, track width: 200000
[board_modifier.py:611]: Routing pad 'D32:1' at (76437500, 79600000) with pad 'A1:24' at (67520000, 48300000) using coordinate system rotated by 0 degree(s)
[board_modifier.py:455]: Adding track segment (B.Cu): [(76437500, 79600000), (76437500, 57217500)]
[board_modifier.py:465]: Could not add track segment due to detected collision
[board_modifier.py:455]: Adding track segment (B.Cu): [(76437500, 79600000), (67520000, 70682500)]
[board_modifier.py:465]: Could not add track segment due to detected collision
[board_modifier.py:532]: Routing at B.Cu layer
[board_modifier.py:549]: Netclass: Default, track width: 200000
[board_modifier.py:611]: Routing pad 'D31:1' at (50243750, 79600000) with pad 'D32:1' at (76437500, 79600000) using coordinate system rotated by 0 degree(s)
[board_modifier.py:455]: Adding track segment (B.Cu): [(50243750, 79600000), (76437500, 79600000)]
[board_modifier.py:465]: Could not add track segment due to detected collision
[board_modifier.py:532]: Routing at B.Cu layer
[board_modifier.py:549]: Netclass: Default, track width: 200000
[board_modifier.py:611]: Routing pad 'D32:1' at (76437500, 79600000) with pad 'D33:1' at (95487500, 79600000) using coordinate system rotated by 0 degree(s)
[board_modifier.py:455]: Adding track segment (B.Cu): [(76437500, 79600000), (95487500, 79600000)]
[board_modifier.py:465]: Could not add track segment due to detected collision
[board_modifier.py:532]: Routing at B.Cu layer
[board_modifier.py:549]: Netclass: Default, track width: 200000
[board_modifier.py:611]: Routing pad 'D33:1' at (95487500, 79600000) with pad 'D34:1' at (114537500, 79600000) using coordinate system rotated by 0 degree(s)
[board_modifier.py:455]: Adding track segment (B.Cu): [(95487500, 79600000), (114537500, 79600000)]
[board_modifier.py:465]: Could not add track segment due to detected collision
[board_modifier.py:532]: Routing at B.Cu layer
[board_modifier.py:549]: Netclass: Default, track width: 200000
[board_modifier.py:611]: Routing pad 'D34:1' at (114537500, 79600000) with pad 'D35:1' at (133587500, 79600000) using coordinate system rotated by 0 degree(s)
[board_modifier.py:455]: Adding track segment (B.Cu): [(114537500, 79600000), (133587500, 79600000)]
[board_modifier.py:465]: Could not add track segment due to detected collision
[board_modifier.py:532]: Routing at B.Cu layer
[board_modifier.py:549]: Netclass: Default, track width: 200000
[board_modifier.py:611]: Routing pad 'D35:1' at (133587500, 79600000) with pad 'D36:1' at (152637500, 79600000) using coordinate system rotated by 0 degree(s)
[board_modifier.py:455]: Adding track segment (B.Cu): [(133587500, 79600000), (152637500, 79600000)]
[board_modifier.py:465]: Could not add track segment due to detected collision
[board_modifier.py:532]: Routing at B.Cu layer
[board_modifier.py:549]: Netclass: Default, track width: 200000
[board_modifier.py:611]: Routing pad 'D36:1' at (152637500, 79600000) with pad 'D37:1' at (171687500, 79600000) using coordinate system rotated by 0 degree(s)
[board_modifier.py:455]: Adding track segment (B.Cu): [(152637500, 79600000), (171687500, 79600000)]
[board_modifier.py:465]: Could not add track segment due to detected collision
[board_modifier.py:532]: Routing at B.Cu layer
[board_modifier.py:549]: Netclass: Default, track width: 200000
[board_modifier.py:611]: Routing pad 'D37:1' at (171687500, 79600000) with pad 'D38:1' at (190737500, 79600000) using coordinate system rotated by 0 degree(s)
[board_modifier.py:455]: Adding track segment (B.Cu): [(171687500, 79600000), (190737500, 79600000)]
[board_modifier.py:465]: Could not add track segment due to detected collision
[board_modifier.py:532]: Routing at B.Cu layer
[board_modifier.py:549]: Netclass: Default, track width: 200000
[board_modifier.py:611]: Routing pad 'D38:1' at (190737500, 79600000) with pad 'D39:1' at (209787500, 79600000) using coordinate system rotated by 0 degree(s)
[board_modifier.py:455]: Adding track segment (B.Cu): [(190737500, 79600000), (209787500, 79600000)]
[board_modifier.py:465]: Could not add track segment due to detected collision
[board_modifier.py:532]: Routing at B.Cu layer
[board_modifier.py:549]: Netclass: Default, track width: 200000
[board_modifier.py:611]: Routing pad 'D39:1' at (209787500, 79600000) with pad 'D40:1' at (228837500, 79600000) using coordinate system rotated by 0 degree(s)
[board_modifier.py:455]: Adding track segment (B.Cu): [(209787500, 79600000), (228837500, 79600000)]
[board_modifier.py:465]: Could not add track segment due to detected collision
[board_modifier.py:532]: Routing at B.Cu layer
[board_modifier.py:549]: Netclass: Default, track width: 200000
[board_modifier.py:611]: Routing pad 'D40:1' at (228837500, 79600000) with pad 'D41:1' at (247887500, 79600000) using coordinate system rotated by 0 degree(s)
[board_modifier.py:455]: Adding track segment (B.Cu): [(228837500, 79600000), (247887500, 79600000)]
[board_modifier.py:465]: Could not add track segment due to detected collision
[board_modifier.py:532]: Routing at B.Cu layer
[board_modifier.py:549]: Netclass: Default, track width: 200000
[board_modifier.py:611]: Routing pad 'D41:1' at (247887500, 79600000) with pad 'D42:1' at (266937500, 79600000) using coordinate system rotated by 0 degree(s)
[board_modifier.py:455]: Adding track segment (B.Cu): [(247887500, 79600000), (266937500, 79600000)]
[board_modifier.py:465]: Could not add track segment due to detected collision
[board_modifier.py:532]: Routing at B.Cu layer
[board_modifier.py:549]: Netclass: Default, track width: 200000
[board_modifier.py:611]: Routing pad 'D42:1' at (266937500, 79600000) with pad 'D43:1' at (297893750, 79600000) using coordinate system rotated by 0 degree(s)
[board_modifier.py:455]: Adding track segment (B.Cu): [(266937500, 79600000), (297893750, 79600000)]
[board_modifier.py:465]: Could not add track segment due to detected collision
[board_modifier.py:532]: Routing at B.Cu layer
[board_modifier.py:549]: Netclass: Default, track width: 200000
[board_modifier.py:611]: Routing pad 'D43:1' at (297893750, 79600000) with pad 'D44:1' at (328850000, 79600000) using coordinate system rotated by 0 degree(s)
[board_modifier.py:455]: Adding track segment (B.Cu): [(297893750, 79600000), (328850000, 79600000)]
[board_modifier.py:465]: Could not add track segment due to detected collision
[key_placer.py:820]: Routing Row 1 pads
[board_modifier.py:532]: Routing at B.Cu layer
[board_modifier.py:549]: Netclass: Default, track width: 200000
[board_modifier.py:611]: Routing pad 'D16:1' at (47862500, 60550000) with pad 'A1:25' at (64980000, 48300000) using coordinate system rotated by 0 degree(s)
[board_modifier.py:455]: Adding track segment (B.Cu): [(47862500, 60550000), (52730000, 60550000)]
[board_modifier.py:460]: Track added
[board_modifier.py:455]: Adding track segment (B.Cu): [(52730000, 60550000), (64980000, 48300000)]
[board_modifier.py:460]: Track added
[board_modifier.py:532]: Routing at B.Cu layer
[board_modifier.py:549]: Netclass: Default, track width: 200000
[board_modifier.py:611]: Routing pad 'A1:25' at (64980000, 48300000) with pad 'D17:1' at (71675000, 60550000) using coordinate system rotated by 0 degree(s)
[board_modifier.py:455]: Adding track segment (B.Cu): [(64980000, 48300000), (64980000, 53855000)]
[board_modifier.py:465]: Could not add track segment due to detected collision
[board_modifier.py:455]: Adding track segment (B.Cu): [(64980000, 48300000), (71675000, 54995000)]
[board_modifier.py:465]: Could not add track segment due to detected collision
[board_modifier.py:532]: Routing at B.Cu layer
[board_modifier.py:549]: Netclass: Default, track width: 200000
[board_modifier.py:611]: Routing pad 'D17:1' at (71675000, 60550000) with pad 'D18:1' at (90725000, 60550000) using coordinate system rotated by 0 degree(s)
[board_modifier.py:455]: Adding track segment (B.Cu): [(71675000, 60550000), (90725000, 60550000)]
[board_modifier.py:465]: Could not add track segment due to detected collision
[board_modifier.py:532]: Routing at B.Cu layer
[board_modifier.py:549]: Netclass: Default, track width: 200000
[board_modifier.py:611]: Routing pad 'D18:1' at (90725000, 60550000) with pad 'D19:1' at (109775000, 60550000) using coordinate system rotated by 0 degree(s)
[board_modifier.py:455]: Adding track segment (B.Cu): [(90725000, 60550000), (109775000, 60550000)]
[board_modifier.py:465]: Could not add track segment due to detected collision
[board_modifier.py:532]: Routing at B.Cu layer
[board_modifier.py:549]: Netclass: Default, track width: 200000
[board_modifier.py:611]: Routing pad 'D19:1' at (109775000, 60550000) with pad 'D20:1' at (128825000, 60550000) using coordinate system rotated by 0 degree(s)
[board_modifier.py:455]: Adding track segment (B.Cu): [(109775000, 60550000), (128825000, 60550000)]
[board_modifier.py:465]: Could not add track segment due to detected collision
[board_modifier.py:532]: Routing at B.Cu layer
[board_modifier.py:549]: Netclass: Default, track width: 200000
[board_modifier.py:611]: Routing pad 'D20:1' at (128825000, 60550000) with pad 'D21:1' at (147875000, 60550000) using coordinate system rotated by 0 degree(s)
[board_modifier.py:455]: Adding track segment (B.Cu): [(128825000, 60550000), (147875000, 60550000)]
[board_modifier.py:465]: Could not add track segment due to detected collision
[board_modifier.py:532]: Routing at B.Cu layer
[board_modifier.py:549]: Netclass: Default, track width: 200000
[board_modifier.py:611]: Routing pad 'D21:1' at (147875000, 60550000) with pad 'D22:1' at (166925000, 60550000) using coordinate system rotated by 0 degree(s)
[board_modifier.py:455]: Adding track segment (B.Cu): [(147875000, 60550000), (166925000, 60550000)]
[board_modifier.py:465]: Could not add track segment due to detected collision
[board_modifier.py:532]: Routing at B.Cu layer
[board_modifier.py:549]: Netclass: Default, track width: 200000
[board_modifier.py:611]: Routing pad 'D22:1' at (166925000, 60550000) with pad 'D23:1' at (185975000, 60550000) using coordinate system rotated by 0 degree(s)
[board_modifier.py:455]: Adding track segment (B.Cu): [(166925000, 60550000), (185975000, 60550000)]
[board_modifier.py:465]: Could not add track segment due to detected collision
[board_modifier.py:532]: Routing at B.Cu layer
[board_modifier.py:549]: Netclass: Default, track width: 200000
[board_modifier.py:611]: Routing pad 'D23:1' at (185975000, 60550000) with pad 'D24:1' at (205025000, 60550000) using coordinate system rotated by 0 degree(s)
[board_modifier.py:455]: Adding track segment (B.Cu): [(185975000, 60550000), (205025000, 60550000)]
[board_modifier.py:465]: Could not add track segment due to detected collision
[board_modifier.py:532]: Routing at B.Cu layer
[board_modifier.py:549]: Netclass: Default, track width: 200000
[board_modifier.py:611]: Routing pad 'D24:1' at (205025000, 60550000) with pad 'D25:1' at (224075000, 60550000) using coordinate system rotated by 0 degree(s)
[board_modifier.py:455]: Adding track segment (B.Cu): [(205025000, 60550000), (224075000, 60550000)]
[board_modifier.py:465]: Could not add track segment due to detected collision
[board_modifier.py:532]: Routing at B.Cu layer
[board_modifier.py:549]: Netclass: Default, track width: 200000
[board_modifier.py:611]: Routing pad 'D25:1' at (224075000, 60550000) with pad 'D26:1' at (243125000, 60550000) using coordinate system rotated by 0 degree(s)
[board_modifier.py:455]: Adding track segment (B.Cu): [(224075000, 60550000), (243125000, 60550000)]
[board_modifier.py:465]: Could not add track segment due to detected collision
[board_modifier.py:532]: Routing at B.Cu layer
[board_modifier.py:549]: Netclass: Default, track width: 200000
[board_modifier.py:611]: Routing pad 'D26:1' at (243125000, 60550000) with pad 'D27:1' at (262175000, 60550000) using coordinate system rotated by 0 degree(s)
[board_modifier.py:455]: Adding track segment (B.Cu): [(243125000, 60550000), (262175000, 60550000)]
[board_modifier.py:465]: Could not add track segment due to detected collision
[board_modifier.py:532]: Routing at B.Cu layer
[board_modifier.py:549]: Netclass: Default, track width: 200000
[board_modifier.py:611]: Routing pad 'D27:1' at (262175000, 60550000) with pad 'D28:1' at (281225000, 60550000) using coordinate system rotated by 0 degree(s)
[board_modifier.py:455]: Adding track segment (B.Cu): [(262175000, 60550000), (281225000, 60550000)]
[board_modifier.py:465]: Could not add track segment due to detected collision
[board_modifier.py:532]: Routing at B.Cu layer
[board_modifier.py:549]: Netclass: Default, track width: 200000
[board_modifier.py:611]: Routing pad 'D28:1' at (281225000, 60550000) with pad 'D29:1' at (305037500, 60550000) using coordinate system rotated by 0 degree(s)
[board_modifier.py:455]: Adding track segment (B.Cu): [(281225000, 60550000), (305037500, 60550000)]
[board_modifier.py:465]: Could not add track segment due to detected collision
[board_modifier.py:532]: Routing at B.Cu layer
[board_modifier.py:549]: Netclass: Default, track width: 200000
[board_modifier.py:611]: Routing pad 'D29:1' at (305037500, 60550000) with pad 'D30:1' at (328850000, 60550000) using coordinate system rotated by 0 degree(s)
[board_modifier.py:455]: Adding track segment (B.Cu): [(305037500, 60550000), (328850000, 60550000)]
[board_modifier.py:465]: Could not add track segment due to detected collision
[key_placer.py:820]: Routing Column 5 pads
[board_modifier.py:532]: Routing at B.Cu layer
[board_modifier.py:549]: Netclass: Default, track width: 200000
[board_modifier.py:611]: Routing pad 'A1:10' at (49740000, 29720000) with pad 'SW6:1' at (124775000, 41900000) using coordinate system rotated by 0 degree(s)
[board_modifier.py:455]: Adding track segment (B.Cu): [(49740000, 29720000), (112595000, 29720000)]
[board_modifier.py:465]: Could not add track segment due to detected collision
[board_modifier.py:455]: Adding track segment (B.Cu): [(49740000, 29720000), (61920000, 41900000)]
[board_modifier.py:465]: Could not add track segment due to detected collision
[board_modifier.py:532]: Routing at B.Cu layer
[board_modifier.py:549]: Netclass: Default, track width: 200000
[board_modifier.py:611]: Routing pad 'SW6:1' at (124775000, 41900000) with pad 'SW21:1' at (134300000, 60950000) using coordinate system rotated by 0 degree(s)
[board_modifier.py:455]: Adding track segment (B.Cu): [(124775000, 41900000), (124775000, 51425000)]
[board_modifier.py:460]: Track added
[board_modifier.py:455]: Adding track segment (B.Cu): [(124775000, 51425000), (134300000, 60950000)]
[board_modifier.py:465]: Could not add track segment due to detected collision
[board_modifier.py:455]: Adding track segment (B.Cu): [(124775000, 41900000), (134300000, 51425000)]
[board_modifier.py:460]: Track added
[board_modifier.py:455]: Adding track segment (B.Cu): [(134300000, 51425000), (134300000, 60950000)]
[board_modifier.py:460]: Track added
[board_modifier.py:532]: Routing at B.Cu layer
[board_modifier.py:549]: Netclass: Default, track width: 200000
[board_modifier.py:611]: Routing pad 'SW21:1' at (134300000, 60950000) with pad 'SW36:1' at (139062500, 80000000) using coordinate system rotated by 0 degree(s)
[board_modifier.py:455]: Adding track segment (B.Cu): [(134300000, 60950000), (134300000, 75237500)]
[board_modifier.py:465]: Could not add track segment due to detected collision
[board_modifier.py:455]: Adding track segment (B.Cu): [(134300000, 60950000), (139062500, 65712500)]
[board_modifier.py:460]: Track added
[board_modifier.py:455]: Adding track segment (B.Cu): [(139062500, 65712500), (139062500, 80000000)]
[board_modifier.py:460]: Track added
[board_modifier.py:532]: Routing at B.Cu layer
[board_modifier.py:549]: Netclass: Default, track width: 200000
[board_modifier.py:611]: Routing pad 'SW36:1' at (139062500, 80000000) with pad 'SW50:1' at (148587500, 99050000) using coordinate system rotated by 0 degree(s)
[board_modifier.py:455]: Adding track segment (B.Cu): [(139062500, 80000000), (139062500, 89525000)]
[board_modifier.py:460]: Track added
[board_modifier.py:455]: Adding track segment (B.Cu): [(139062500, 89525000), (148587500, 99050000)]
[board_modifier.py:465]: Could not add track segment due to detected collision
[board_modifier.py:455]: Adding track segment (B.Cu): [(139062500, 80000000), (148587500, 89525000)]
[board_modifier.py:460]: Track added
[board_modifier.py:455]: Adding track segment (B.Cu): [(148587500, 89525000), (148587500, 99050000)]
[board_modifier.py:460]: Track added
[board_modifier.py:532]: Routing at B.Cu layer
[board_modifier.py:549]: Netclass: Default, track width: 200000
[board_modifier.py:611]: Routing pad 'SW50:1' at (148587500, 99050000) with pad 'SW64:1' at (239075000, 118100000) using coordinate system rotated by 0 degree(s)
[board_modifier.py:455]: Adding track segment (B.Cu): [(148587500, 99050000), (220025000, 99050000)]
[board_modifier.py:465]: Could not add track segment due to detected collision
[board_modifier.py:455]: Adding track segment (B.Cu): [(148587500, 99050000), (167637500, 118100000)]
[board_modifier.py:465]: Could not add track segment due to detected collision
[key_placer.py:820]: Routing Column 2 pads
[board_modifier.py:532]: Routing at B.Cu layer
[board_modifier.py:549]: Netclass: Default, track width: 200000
[board_modifier.py:611]: Routing pad 'A1:6' at (39580000, 29720000) with pad 'SW3:1' at (67625000, 41900000) using coordinate system rotated by 0 degree(s)
[board_modifier.py:455]: Adding track segment (B.Cu): [(39580000, 29720000), (55445000, 29720000)]
[board_modifier.py:465]: Could not add track segment due to detected collision
[board_modifier.py:455]: Adding track segment (B.Cu): [(39580000, 29720000), (51760000, 41900000)]
[board_modifier.py:465]: Could not add track segment due to detected collision
[board_modifier.py:532]: Routing at B.Cu layer
[board_modifier.py:549]: Netclass: Default, track width: 200000
[board_modifier.py:611]: Routing pad 'SW3:1' at (67625000, 41900000) with pad 'SW18:1' at (77150000, 60950000) using coordinate system rotated by 0 degree(s)
[board_modifier.py:455]: Adding track segment (B.Cu): [(67625000, 41900000), (67625000, 51425000)]
[board_modifier.py:465]: Could not add track segment due to detected collision
[board_modifier.py:455]: Adding track segment (B.Cu): [(67625000, 41900000), (77150000, 51425000)]
[board_modifier.py:465]: Could not add track segment due to detected collision
[board_modifier.py:532]: Routing at B.Cu layer
[board_modifier.py:549]: Netclass: Default, track width: 200000
[board_modifier.py:611]: Routing pad 'SW47:1' at (91437500, 99050000) with pad 'SW61:1' at (79531250, 118100000) using coordinate system rotated by 0 degree(s)
[board_modifier.py:455]: Adding track segment (B.Cu): [(91437500, 99050000), (91437500, 106193750)]
[board_modifier.py:460]: Track added
[board_modifier.py:455]: Adding track segment (B.Cu): [(91437500, 106193750), (79531250, 118100000)]
[board_modifier.py:465]: Could not add track segment due to detected collision
[board_modifier.py:455]: Adding track segment (B.Cu): [(91437500, 99050000), (79531250, 110956250)]
[board_modifier.py:460]: Track added
[board_modifier.py:455]: Adding track segment (B.Cu): [(79531250, 110956250), (79531250, 118100000)]
[board_modifier.py:460]: Track added
[board_modifier.py:532]: Routing at B.Cu layer
[board_modifier.py:549]: Netclass: Default, track width: 200000
[board_modifier.py:611]: Routing pad 'SW18:1' at (77150000, 60950000) with pad 'SW33:1' at (81912500, 80000000) using coordinate system rotated by 0 degree(s)
[board_modifier.py:455]: Adding track segment (B.Cu): [(77150000, 60950000), (77150000, 75237500)]
[board_modifier.py:465]: Could not add track segment due to detected collision
[board_modifier.py:455]: Adding track segment (B.Cu): [(77150000, 60950000), (81912500, 65712500)]
[board_modifier.py:460]: Track added
[board_modifier.py:455]: Adding track segment (B.Cu): [(81912500, 65712500), (81912500, 80000000)]
[board_modifier.py:460]: Track added
[board_modifier.py:532]: Routing at B.Cu layer
[board_modifier.py:549]: Netclass: Default, track width: 200000
[board_modifier.py:611]: Routing pad 'SW33:1' at (81912500, 80000000) with pad 'SW47:1' at (91437500, 99050000) using coordinate system rotated by 0 degree(s)
[board_modifier.py:455]: Adding track segment (B.Cu): [(81912500, 80000000), (81912500, 89525000)]
[board_modifier.py:460]: Track added
[board_modifier.py:455]: Adding track segment (B.Cu): [(81912500, 89525000), (91437500, 99050000)]
[board_modifier.py:465]: Could not add track segment due to detected collision
[board_modifier.py:455]: Adding track segment (B.Cu): [(81912500, 80000000), (91437500, 89525000)]
[board_modifier.py:460]: Track added
[board_modifier.py:455]: Adding track segment (B.Cu): [(91437500, 89525000), (91437500, 99050000)]
[board_modifier.py:460]: Track added
[key_placer.py:820]: Routing Row 0 pads
[board_modifier.py:532]: Routing at B.Cu layer
[board_modifier.py:549]: Netclass: Default, track width: 200000
[board_modifier.py:611]: Routing pad 'D1:1' at (43100000, 41500000) with pad 'D2:1' at (62150000, 41500000) using coordinate system rotated by 0 degree(s)
[board_modifier.py:455]: Adding track segment (B.Cu): [(43100000, 41500000), (62150000, 41500000)]
[board_modifier.py:465]: Could not add track segment due to detected collision
[board_modifier.py:532]: Routing at B.Cu layer
[board_modifier.py:549]: Netclass: Default, track width: 200000
[board_modifier.py:611]: Routing pad 'D2:1' at (62150000, 41500000) with pad 'A1:26' at (62440000, 47500000) using coordinate system rotated by 0 degree(s)
[board_modifier.py:455]: Adding track segment (B.Cu): [(62150000, 41500000), (62150000, 47210000)]
[board_modifier.py:465]: Could not add track segment due to detected collision
[board_modifier.py:455]: Adding track segment (B.Cu): [(62150000, 41500000), (62440000, 41790000)]
[board_modifier.py:460]: Track added
[board_modifier.py:455]: Adding track segment (B.Cu): [(62440000, 41790000), (62440000, 47500000)]
[board_modifier.py:460]: Track added
[board_modifier.py:532]: Routing at B.Cu layer
[board_modifier.py:549]: Netclass: Default, track width: 200000
[board_modifier.py:611]: Routing pad 'D2:1' at (62150000, 41500000) with pad 'D3:1' at (81200000, 41500000) using coordinate system rotated by 0 degree(s)
[board_modifier.py:455]: Adding track segment (B.Cu): [(62150000, 41500000), (81200000, 41500000)]
[board_modifier.py:465]: Could not add track segment due to detected collision
[board_modifier.py:532]: Routing at B.Cu layer
[board_modifier.py:549]: Netclass: Default, track width: 200000
[board_modifier.py:611]: Routing pad 'D3:1' at (81200000, 41500000) with pad 'D4:1' at (100250000, 41500000) using coordinate system rotated by 0 degree(s)
[board_modifier.py:455]: Adding track segment (B.Cu): [(81200000, 41500000), (100250000, 41500000)]
[board_modifier.py:465]: Could not add track segment due to detected collision
[board_modifier.py:532]: Routing at B.Cu layer
[board_modifier.py:549]: Netclass: Default, track width: 200000
[board_modifier.py:611]: Routing pad 'D4:1' at (100250000, 41500000) with pad 'D5:1' at (119300000, 41500000) using coordinate system rotated by 0 degree(s)
[board_modifier.py:455]: Adding track segment (B.Cu): [(100250000, 41500000), (119300000, 41500000)]
[board_modifier.py:465]: Could not add track segment due to detected collision
[board_modifier.py:532]: Routing at B.Cu layer
[board_modifier.py:549]: Netclass: Default, track width: 200000
[board_modifier.py:611]: Routing pad 'D5:1' at (119300000, 41500000) with pad 'D6:1' at (138350000, 41500000) using coordinate system rotated by 0 degree(s)
[board_modifier.py:455]: Adding track segment (B.Cu): [(119300000, 41500000), (138350000, 41500000)]
[board_modifier.py:465]: Could not add track segment due to detected collision
[board_modifier.py:532]: Routing at B.Cu layer
[board_modifier.py:549]: Netclass: Default, track width: 200000
[board_modifier.py:611]: Routing pad 'D6:1' at (138350000, 41500000) with pad 'D7:1' at (157400000, 41500000) using coordinate system rotated by 0 degree(s)
[board_modifier.py:455]: Adding track segment (B.Cu): [(138350000, 41500000), (157400000, 41500000)]
[board_modifier.py:465]: Could not add track segment due to detected collision
[board_modifier.py:532]: Routing at B.Cu layer
[board_modifier.py:549]: Netclass: Default, track width: 200000
[board_modifier.py:611]: Routing pad 'D7:1' at (157400000, 41500000) with pad 'D8:1' at (176450000, 41500000) using coordinate system rotated by 0 degree(s)
[board_modifier.py:455]: Adding track segment (B.Cu): [(157400000, 41500000), (176450000, 41500000)]
[board_modifier.py:465]: Could not add track segment due to detected collision
[board_modifier.py:532]: Routing at B.Cu layer
[board_modifier.py:549]: Netclass: Default, track width: 200000
[board_modifier.py:611]: Routing pad 'D8:1' at (176450000, 41500000) with pad 'D9:1' at (195500000, 41500000) using coordinate system rotated by 0 degree(s)
[board_modifier.py:455]: Adding track segment (B.Cu): [(176450000, 41500000), (195500000, 41500000)]
[board_modifier.py:465]: Could not add track segment due to detected collision
[board_modifier.py:532]: Routing at B.Cu layer
[board_modifier.py:549]: Netclass: Default, track width: 200000
[board_modifier.py:611]: Routing pad 'D9:1' at (195500000, 41500000) with pad 'D10:1' at (214550000, 41500000) using coordinate system rotated by 0 degree(s)
[board_modifier.py:455]: Adding track segment (B.Cu): [(195500000, 41500000), (214550000, 41500000)]
[board_modifier.py:465]: Could not add track segment due to detected collision
[board_modifier.py:532]: Routing at B.Cu layer
[board_modifier.py:549]: Netclass: Default, track width: 200000
[board_modifier.py:611]: Routing pad 'D10:1' at (214550000, 41500000) with pad 'D11:1' at (233600000, 41500000) using coordinate system rotated by 0 degree(s)
[board_modifier.py:455]: Adding track segment (B.Cu): [(214550000, 41500000), (233600000, 41500000)]
[board_modifier.py:465]: Could not add track segment due to detected collision
[board_modifier.py:532]: Routing at B.Cu layer
[board_modifier.py:549]: Netclass: Default, track width: 200000
[board_modifier.py:611]: Routing pad 'D11:1' at (233600000, 41500000) with pad 'D12:1' at (252650000, 41500000) using coordinate system rotated by 0 degree(s)
[board_modifier.py:455]: Adding track segment (B.Cu): [(233600000, 41500000), (252650000, 41500000)]
[board_modifier.py:465]: Could not add track segment due to detected collision
[board_modifier.py:532]: Routing at B.Cu layer
[board_modifier.py:549]: Netclass: Default, track width: 200000
[board_modifier.py:611]: Routing pad 'D12:1' at (252650000, 41500000) with pad 'D13:1' at (271700000, 41500000) using coordinate system rotated by 0 degree(s)
[board_modifier.py:455]: Adding track segment (B.Cu): [(252650000, 41500000), (271700000, 41500000)]
[board_modifier.py:465]: Could not add track segment due to detected collision
[board_modifier.py:532]: Routing at B.Cu layer
[board_modifier.py:549]: Netclass: Default, track width: 200000
[board_modifier.py:611]: Routing pad 'D13:1' at (271700000, 41500000) with pad 'D14:1' at (300275000, 41500000) using coordinate system rotated by 0 degree(s)
[board_modifier.py:455]: Adding track segment (B.Cu): [(271700000, 41500000), (300275000, 41500000)]
[board_modifier.py:465]: Could not add track segment due to detected collision
[board_modifier.py:532]: Routing at B.Cu layer
[board_modifier.py:549]: Netclass: Default, track width: 200000
[board_modifier.py:611]: Routing pad 'D14:1' at (300275000, 41500000) with pad 'D15:1' at (328850000, 41500000) using coordinate system rotated by 0 degree(s)
[board_modifier.py:455]: Adding track segment (B.Cu): [(300275000, 41500000), (328850000, 41500000)]
[board_modifier.py:465]: Could not add track segment due to detected collision
[key_placer.py:820]: Routing Column 13 pads
[board_modifier.py:532]: Routing at B.Cu layer
[board_modifier.py:549]: Netclass: Default, track width: 200000
[board_modifier.py:611]: Routing pad 'A1:20' at (75140000, 29720000) with pad 'SW14:1' at (286700000, 41900000) using coordinate system rotated by 0 degree(s)
[board_modifier.py:455]: Adding track segment (B.Cu): [(75140000, 29720000), (274520000, 29720000)]
[board_modifier.py:465]: Could not add track segment due to detected collision
[board_modifier.py:455]: Adding track segment (B.Cu): [(75140000, 29720000), (87320000, 41900000)]
[board_modifier.py:465]: Could not add track segment due to detected collision
[board_modifier.py:532]: Routing at B.Cu layer
[board_modifier.py:549]: Netclass: Default, track width: 200000
[board_modifier.py:611]: Routing pad 'SW14:1' at (286700000, 41900000) with pad 'SW29:1' at (291462500, 60950000) using coordinate system rotated by 0 degree(s)
[board_modifier.py:455]: Adding track segment (B.Cu): [(286700000, 41900000), (286700000, 56187500)]
[board_modifier.py:460]: Track added
[board_modifier.py:455]: Adding track segment (B.Cu): [(286700000, 56187500), (291462500, 60950000)]
[board_modifier.py:460]: Track added
[board_modifier.py:532]: Routing at B.Cu layer
[board_modifier.py:549]: Netclass: Default, track width: 200000
[board_modifier.py:611]: Routing pad 'SW29:1' at (291462500, 60950000) with pad 'SW44:1' at (315275000, 80000000) using coordinate system rotated by 0 degree(s)
[board_modifier.py:455]: Adding track segment (B.Cu): [(291462500, 60950000), (296225000, 60950000)]
[board_modifier.py:465]: Could not add track segment due to detected collision
[board_modifier.py:455]: Adding track segment (B.Cu): [(291462500, 60950000), (310512500, 80000000)]
[board_modifier.py:460]: Track added
[board_modifier.py:455]: Adding track segment (B.Cu): [(310512500, 80000000), (315275000, 80000000)]
[board_modifier.py:460]: Track added
[board_modifier.py:532]: Routing at B.Cu layer
[board_modifier.py:549]: Netclass: Default, track width: 200000
[board_modifier.py:611]: Routing pad 'SW44:1' at (315275000, 80000000) with pad 'SW58:1' at (315275000, 99050000) using coordinate system rotated by 0 degree(s)
[board_modifier.py:455]: Adding track segment (B.Cu): [(315275000, 80000000), (315275000, 99050000)]
[board_modifier.py:460]: Track added
[key_placer.py:820]: Routing Row 3 pads
[board_modifier.py:532]: Routing at B.Cu layer
[board_modifier.py:549]: Netclass: Default, track width: 200000
[board_modifier.py:611]: Routing pad 'D46:1' at (85962500, 98650000) with pad 'A1:22' at (72600000, 48300000) using coordinate system rotated by 0 degree(s)
[board_modifier.py:455]: Adding track segment (B.Cu): [(85962500, 98650000), (85962500, 61662500)]
[board_modifier.py:465]: Could not add track segment due to detected collision
[board_modifier.py:455]: Adding track segment (B.Cu): [(85962500, 98650000), (72600000, 85287500)]
[board_modifier.py:465]: Could not add track segment due to detected collision
[board_modifier.py:532]: Routing at B.Cu layer
[board_modifier.py:549]: Netclass: Default, track width: 200000
[board_modifier.py:611]: Routing pad 'D45:1' at (55006250, 98650000) with pad 'D46:1' at (85962500, 98650000) using coordinate system rotated by 0 degree(s)
[board_modifier.py:455]: Adding track segment (B.Cu): [(55006250, 98650000), (85962500, 98650000)]
[board_modifier.py:465]: Could not add track segment due to detected collision
[board_modifier.py:532]: Routing at B.Cu layer
[board_modifier.py:549]: Netclass: Default, track width: 200000
[board_modifier.py:611]: Routing pad 'D46:1' at (85962500, 98650000) with pad 'D47:1' at (105012500, 98650000) using coordinate system rotated by 0 degree(s)
[board_modifier.py:455]: Adding track segment (B.Cu): [(85962500, 98650000), (105012500, 98650000)]
[board_modifier.py:465]: Could not add track segment due to detected collision
[board_modifier.py:532]: Routing at B.Cu layer
[board_modifier.py:549]: Netclass: Default, track width: 200000
[board_modifier.py:611]: Routing pad 'D47:1' at (105012500, 98650000) with pad 'D48:1' at (124062500, 98650000) using coordinate system rotated by 0 degree(s)
[board_modifier.py:455]: Adding track segment (B.Cu): [(105012500, 98650000), (124062500, 98650000)]
[board_modifier.py:465]: Could not add track segment due to detected collision
[board_modifier.py:532]: Routing at B.Cu layer
[board_modifier.py:549]: Netclass: Default, track width: 200000
[board_modifier.py:611]: Routing pad 'D48:1' at (124062500, 98650000) with pad 'D49:1' at (143112500, 98650000) using coordinate system rotated by 0 degree(s)
[board_modifier.py:455]: Adding track segment (B.Cu): [(124062500, 98650000), (143112500, 98650000)]
[board_modifier.py:465]: Could not add track segment due to detected collision
[board_modifier.py:532]: Routing at B.Cu layer
[board_modifier.py:549]: Netclass: Default, track width: 200000
[board_modifier.py:611]: Routing pad 'D49:1' at (143112500, 98650000) with pad 'D50:1' at (162162500, 98650000) using coordinate system rotated by 0 degree(s)
[board_modifier.py:455]: Adding track segment (B.Cu): [(143112500, 98650000), (162162500, 98650000)]
[board_modifier.py:465]: Could not add track segment due to detected collision
[board_modifier.py:532]: Routing at B.Cu layer
[board_modifier.py:549]: Netclass: Default, track width: 200000
[board_modifier.py:611]: Routing pad 'D50:1' at (162162500, 98650000) with pad 'D51:1' at (181212500, 98650000) using coordinate system rotated by 0 degree(s)
[board_modifier.py:455]: Adding track segment (B.Cu): [(162162500, 98650000), (181212500, 98650000)]
[board_modifier.py:465]: Could not add track segment due to detected collision
[board_modifier.py:532]: Routing at B.Cu layer
[board_modifier.py:549]: Netclass: Default, track width: 200000
[board_modifier.py:611]: Routing pad 'D51:1' at (181212500, 98650000) with pad 'D52:1' at (200262500, 98650000) using coordinate system rotated by 0 degree(s)
[board_modifier.py:455]: Adding track segment (B.Cu): [(181212500, 98650000), (200262500, 98650000)]
[board_modifier.py:465]: Could not add track segment due to detected collision
[board_modifier.py:532]: Routing at B.Cu layer
[board_modifier.py:549]: Netclass: Default, track width: 200000
[board_modifier.py:611]: Routing pad 'D52:1' at (200262500, 98650000) with pad 'D53:1' at (219312500, 98650000) using coordinate system rotated by 0 degree(s)
[board_modifier.py:455]: Adding track segment (B.Cu): [(200262500, 98650000), (219312500, 98650000)]
[board_modifier.py:465]: Could not add track segment due to detected collision
[board_modifier.py:532]: Routing at B.Cu layer
[board_modifier.py:549]: Netclass: Default, track width: 200000
[board_modifier.py:611]: Routing pad 'D53:1' at (219312500, 98650000) with pad 'D54:1' at (238362500, 98650000) using coordinate system rotated by 0 degree(s)
[board_modifier.py:455]: Adding track segment (B.Cu): [(219312500, 98650000), (238362500, 98650000)]
[board_modifier.py:465]: Could not add track segment due to detected collision
[board_modifier.py:532]: Routing at B.Cu layer
[board_modifier.py:549]: Netclass: Default, track width: 200000
[board_modifier.py:611]: Routing pad 'D54:1' at (238362500, 98650000) with pad 'D55:1' at (257412500, 98650000) using coordinate system rotated by 0 degree(s)
[board_modifier.py:455]: Adding track segment (B.Cu): [(238362500, 98650000), (257412500, 98650000)]
[board_modifier.py:465]: Could not add track segment due to detected collision
[board_modifier.py:532]: Routing at B.Cu layer
[board_modifier.py:549]: Netclass: Default, track width: 200000
[board_modifier.py:611]: Routing pad 'D55:1' at (257412500, 98650000) with pad 'D56:1' at (283606250, 98650000) using coordinate system rotated by 0 degree(s)
[board_modifier.py:455]: Adding track segment (B.Cu): [(257412500, 98650000), (283606250, 98650000)]
[board_modifier.py:465]: Could not add track segment due to detected collision
[board_modifier.py:532]: Routing at B.Cu layer
[board_modifier.py:549]: Netclass: Default, track width: 200000
[board_modifier.py:611]: Routing pad 'D56:1' at (283606250, 98650000) with pad 'D57:1' at (309800000, 98650000) using coordinate system rotated by 0 degree(s)
[board_modifier.py:455]: Adding track segment (B.Cu): [(283606250, 98650000), (309800000, 98650000)]
[board_modifier.py:465]: Could not add track segment due to detected collision
[board_modifier.py:532]: Routing at B.Cu layer
[board_modifier.py:549]: Netclass: Default, track width: 200000
[board_modifier.py:611]: Routing pad 'D57:1' at (309800000, 98650000) with pad 'D58:1' at (328850000, 98650000) using coordinate system rotated by 0 degree(s)
[board_modifier.py:455]: Adding track segment (B.Cu): [(309800000, 98650000), (328850000, 98650000)]
[board_modifier.py:465]: Could not add track segment due to detected collision
[key_placer.py:820]: Routing Column 6 pads
[board_modifier.py:532]: Routing at B.Cu layer
[board_modifier.py:549]: Netclass: Default, track width: 200000
[board_modifier.py:611]: Routing pad 'A1:11' at (52280000, 29720000) with pad 'SW7:1' at (143825000, 41900000) using coordinate system rotated by 0 degree(s)
[board_modifier.py:455]: Adding track segment (B.Cu): [(52280000, 29720000), (131645000, 29720000)]
[board_modifier.py:465]: Could not add track segment due to detected collision
[board_modifier.py:455]: Adding track segment (B.Cu): [(52280000, 29720000), (64460000, 41900000)]
[board_modifier.py:465]: Could not add track segment due to detected collision
[board_modifier.py:532]: Routing at B.Cu layer
[board_modifier.py:549]: Netclass: Default, track width: 200000
[board_modifier.py:611]: Routing pad 'SW7:1' at (143825000, 41900000) with pad 'SW22:1' at (153350000, 60950000) using coordinate system rotated by 0 degree(s)
[board_modifier.py:455]: Adding track segment (B.Cu): [(143825000, 41900000), (143825000, 51425000)]
[board_modifier.py:460]: Track added
[board_modifier.py:455]: Adding track segment (B.Cu): [(143825000, 51425000), (153350000, 60950000)]
[board_modifier.py:465]: Could not add track segment due to detected collision
[board_modifier.py:455]: Adding track segment (B.Cu): [(143825000, 41900000), (153350000, 51425000)]
[board_modifier.py:460]: Track added
[board_modifier.py:455]: Adding track segment (B.Cu): [(153350000, 51425000), (153350000, 60950000)]
[board_modifier.py:460]: Track added
[board_modifier.py:532]: Routing at B.Cu layer
[board_modifier.py:549]: Netclass: Default, track width: 200000
[board_modifier.py:611]: Routing pad 'SW22:1' at (153350000, 60950000) with pad 'SW37:1' at (158112500, 80000000) using coordinate system rotated by 0 degree(s)
[board_modifier.py:455]: Adding track segment (B.Cu): [(153350000, 60950000), (153350000, 75237500)]
[board_modifier.py:465]: Could not add track segment due to detected collision
[board_modifier.py:455]: Adding track segment (B.Cu): [(153350000, 60950000), (158112500, 65712500)]
[board_modifier.py:460]: Track added
[board_modifier.py:455]: Adding track segment (B.Cu): [(158112500, 65712500), (158112500, 80000000)]
[board_modifier.py:460]: Track added
[board_modifier.py:532]: Routing at B.Cu layer
[board_modifier.py:549]: Netclass: Default, track width: 200000
[board_modifier.py:611]: Routing pad 'SW37:1' at (158112500, 80000000) with pad 'SW51:1' at (167637500, 99050000) using coordinate system rotated by 0 degree(s)
[board_modifier.py:455]: Adding track segment (B.Cu): [(158112500, 80000000), (158112500, 89525000)]
[board_modifier.py:460]: Track added
[board_modifier.py:455]: Adding track segment (B.Cu): [(158112500, 89525000), (167637500, 99050000)]
[board_modifier.py:465]: Could not add track segment due to detected collision
[board_modifier.py:455]: Adding track segment (B.Cu): [(158112500, 80000000), (167637500, 89525000)]
[board_modifier.py:460]: Track added
[board_modifier.py:455]: Adding track segment (B.Cu): [(167637500, 89525000), (167637500, 99050000)]
[board_modifier.py:460]: Track added
[board_modifier.py:532]: Routing at B.Cu layer
[board_modifier.py:549]: Netclass: Default, track width: 200000
[board_modifier.py:611]: Routing pad 'SW51:1' at (167637500, 99050000) with pad 'SW65:1' at (258125000, 118100000) using coordinate system rotated by 0 degree(s)
[board_modifier.py:455]: Adding track segment (B.Cu): [(167637500, 99050000), (239075000, 99050000)]
[board_modifier.py:465]: Could not add track segment due to detected collision
[board_modifier.py:455]: Adding track segment (B.Cu): [(167637500, 99050000), (186687500, 118100000)]
[board_modifier.py:460]: Track added
[board_modifier.py:455]: Adding track segment (B.Cu): [(186687500, 118100000), (258125000, 118100000)]
[board_modifier.py:465]: Could not add track segment due to detected collision
[key_placer.py:820]: Routing Column 3 pads
[board_modifier.py:532]: Routing at B.Cu layer
[board_modifier.py:549]: Netclass: Default, track width: 200000
[board_modifier.py:611]: Routing pad 'A1:7' at (42120000, 29720000) with pad 'SW4:1' at (86675000, 41900000) using coordinate system rotated by 0 degree(s)
[board_modifier.py:455]: Adding track segment (B.Cu): [(42120000, 29720000), (74495000, 29720000)]
[board_modifier.py:465]: Could not add track segment due to detected collision
[board_modifier.py:455]: Adding track segment (B.Cu): [(42120000, 29720000), (54300000, 41900000)]
[board_modifier.py:465]: Could not add track segment due to detected collision
[board_modifier.py:532]: Routing at B.Cu layer
[board_modifier.py:549]: Netclass: Default, track width: 200000
[board_modifier.py:611]: Routing pad 'SW4:1' at (86675000, 41900000) with pad 'SW19:1' at (96200000, 60950000) using coordinate system rotated by 0 degree(s)
[board_modifier.py:455]: Adding track segment (B.Cu): [(86675000, 41900000), (86675000, 51425000)]
[board_modifier.py:460]: Track added
[board_modifier.py:455]: Adding track segment (B.Cu): [(86675000, 51425000), (96200000, 60950000)]
[board_modifier.py:465]: Could not add track segment due to detected collision
[board_modifier.py:455]: Adding track segment (B.Cu): [(86675000, 41900000), (96200000, 51425000)]
[board_modifier.py:460]: Track added
[board_modifier.py:455]: Adding track segment (B.Cu): [(96200000, 51425000), (96200000, 60950000)]
[board_modifier.py:460]: Track added
[board_modifier.py:532]: Routing at B.Cu layer
[board_modifier.py:549]: Netclass: Default, track width: 200000
[board_modifier.py:611]: Routing pad 'SW19:1' at (96200000, 60950000) with pad 'SW34:1' at (100962500, 80000000) using coordinate system rotated by 0 degree(s)
[board_modifier.py:455]: Adding track segment (B.Cu): [(96200000, 60950000), (96200000, 75237500)]
[board_modifier.py:465]: Could not add track segment due to detected collision
[board_modifier.py:455]: Adding track segment (B.Cu): [(96200000, 60950000), (100962500, 65712500)]
[board_modifier.py:460]: Track added
[board_modifier.py:455]: Adding track segment (B.Cu): [(100962500, 65712500), (100962500, 80000000)]
[board_modifier.py:460]: Track added
[board_modifier.py:532]: Routing at B.Cu layer
[board_modifier.py:549]: Netclass: Default, track width: 200000
[board_modifier.py:611]: Routing pad 'SW34:1' at (100962500, 80000000) with pad 'SW48:1' at (110487500, 99050000) using coordinate system rotated by 0 degree(s)
[board_modifier.py:455]: Adding track segment (B.Cu): [(100962500, 80000000), (100962500, 89525000)]
[board_modifier.py:460]: Track added
[board_modifier.py:455]: Adding track segment (B.Cu): [(100962500, 89525000), (110487500, 99050000)]
[board_modifier.py:465]: Could not add track segment due to detected collision
[board_modifier.py:455]: Adding track segment (B.Cu): [(100962500, 80000000), (110487500, 89525000)]
[board_modifier.py:460]: Track added
[board_modifier.py:455]: Adding track segment (B.Cu): [(110487500, 89525000), (110487500, 99050000)]
[board_modifier.py:460]: Track added
[board_modifier.py:532]: Routing at B.Cu layer
[board_modifier.py:549]: Netclass: Default, track width: 200000
[board_modifier.py:611]: Routing pad 'SW48:1' at (110487500, 99050000) with pad 'SW62:1' at (150968750, 118100000) using coordinate system rotated by 0 degree(s)
[board_modifier.py:455]: Adding track segment (B.Cu): [(110487500, 99050000), (131918750, 99050000)]
[board_modifier.py:465]: Could not add track segment due to detected collision
[board_modifier.py:455]: Adding track segment (B.Cu): [(110487500, 99050000), (129537500, 118100000)]
[board_modifier.py:460]: Track added
[board_modifier.py:455]: Adding track segment (B.Cu): [(129537500, 118100000), (150968750, 118100000)]
[board_modifier.py:465]: Could not add track segment due to detected collision
[key_placer.py:820]: Routing Column 1 pads
[board_modifier.py:532]: Routing at B.Cu layer
[board_modifier.py:549]: Netclass: Default, track width: 200000
[board_modifier.py:611]: Routing pad 'A1:5' at (37040000, 29720000) with pad 'SW2:1' at (48575000, 41900000) using coordinate system rotated by 0 degree(s)
[board_modifier.py:455]: Adding track segment (B.Cu): [(37040000, 29720000), (37040000, 30365000)]
[board_modifier.py:460]: Track added
[board_modifier.py:455]: Adding track segment (B.Cu): [(37040000, 30365000), (48575000, 41900000)]
[board_modifier.py:465]: Could not add track segment due to detected collision
[board_modifier.py:455]: Adding track segment (B.Cu): [(37040000, 29720000), (48575000, 41255000)]
[board_modifier.py:465]: Could not add track segment due to detected collision
[board_modifier.py:532]: Routing at B.Cu layer
[board_modifier.py:549]: Netclass: Default, track width: 200000
[board_modifier.py:611]: Routing pad 'SW46:1' at (72387500, 99050000) with pad 'SW60:1' at (55718750, 118100000) using coordinate system rotated by 0 degree(s)
[board_modifier.py:455]: Adding track segment (B.Cu): [(72387500, 99050000), (72387500, 101431250)]
[board_modifier.py:460]: Track added
[board_modifier.py:455]: Adding track segment (B.Cu): [(72387500, 101431250), (55718750, 118100000)]
[board_modifier.py:465]: Could not add track segment due to detected collision
[board_modifier.py:455]: Adding track segment (B.Cu): [(72387500, 99050000), (55718750, 115718750)]
[board_modifier.py:465]: Could not add track segment due to detected collision
[board_modifier.py:532]: Routing at B.Cu layer
[board_modifier.py:549]: Netclass: Default, track width: 200000
[board_modifier.py:611]: Routing pad 'SW2:1' at (48575000, 41900000) with pad 'SW17:1' at (58100000, 60950000) using coordinate system rotated by 0 degree(s)
[board_modifier.py:455]: Adding track segment (B.Cu): [(48575000, 41900000), (48575000, 51425000)]
[board_modifier.py:465]: Could not add track segment due to detected collision
[board_modifier.py:455]: Adding track segment (B.Cu): [(48575000, 41900000), (58100000, 51425000)]
[board_modifier.py:465]: Could not add track segment due to detected collision
[board_modifier.py:532]: Routing at B.Cu layer
[board_modifier.py:549]: Netclass: Default, track width: 200000
[board_modifier.py:611]: Routing pad 'SW17:1' at (58100000, 60950000) with pad 'SW32:1' at (62862500, 80000000) using coordinate system rotated by 0 degree(s)
[board_modifier.py:455]: Adding track segment (B.Cu): [(58100000, 60950000), (58100000, 75237500)]
[board_modifier.py:460]: Track added
[board_modifier.py:455]: Adding track segment (B.Cu): [(58100000, 75237500), (62862500, 80000000)]
[board_modifier.py:460]: Track added
[board_modifier.py:532]: Routing at B.Cu layer
[board_modifier.py:549]: Netclass: Default, track width: 200000
[board_modifier.py:611]: Routing pad 'SW32:1' at (62862500, 80000000) with pad 'SW46:1' at (72387500, 99050000) using coordinate system rotated by 0 degree(s)
[board_modifier.py:455]: Adding track segment (B.Cu): [(62862500, 80000000), (62862500, 89525000)]
[board_modifier.py:460]: Track added
[board_modifier.py:455]: Adding track segment (B.Cu): [(62862500, 89525000), (72387500, 99050000)]
[board_modifier.py:460]: Track added
[key_placer.py:820]: Routing Column 8 pads
[board_modifier.py:532]: Routing at B.Cu layer
[board_modifier.py:549]: Netclass: Default, track width: 200000
[board_modifier.py:611]: Routing pad 'A1:14' at (59900000, 29720000) with pad 'SW9:1' at (181925000, 41900000) using coordinate system rotated by 0 degree(s)
[board_modifier.py:455]: Adding track segment (B.Cu): [(59900000, 29720000), (169745000, 29720000)]
[board_modifier.py:465]: Could not add track segment due to detected collision
[board_modifier.py:455]: Adding track segment (B.Cu): [(59900000, 29720000), (72080000, 41900000)]
[board_modifier.py:465]: Could not add track segment due to detected collision
[board_modifier.py:532]: Routing at B.Cu layer
[board_modifier.py:549]: Netclass: Default, track width: 200000
[board_modifier.py:611]: Routing pad 'SW9:1' at (181925000, 41900000) with pad 'SW24:1' at (191450000, 60950000) using coordinate system rotated by 0 degree(s)
[board_modifier.py:455]: Adding track segment (B.Cu): [(181925000, 41900000), (181925000, 51425000)]
[board_modifier.py:460]: Track added
[board_modifier.py:455]: Adding track segment (B.Cu): [(181925000, 51425000), (191450000, 60950000)]
[board_modifier.py:465]: Could not add track segment due to detected collision
[board_modifier.py:455]: Adding track segment (B.Cu): [(181925000, 41900000), (191450000, 51425000)]
[board_modifier.py:460]: Track added
[board_modifier.py:455]: Adding track segment (B.Cu): [(191450000, 51425000), (191450000, 60950000)]
[board_modifier.py:460]: Track added
[board_modifier.py:532]: Routing at B.Cu layer
[board_modifier.py:549]: Netclass: Default, track width: 200000
[board_modifier.py:611]: Routing pad 'SW24:1' at (191450000, 60950000) with pad 'SW39:1' at (196212500, 80000000) using coordinate system rotated by 0 degree(s)
[board_modifier.py:455]: Adding track segment (B.Cu): [(191450000, 60950000), (191450000, 75237500)]
[board_modifier.py:465]: Could not add track segment due to detected collision
[board_modifier.py:455]: Adding track segment (B.Cu): [(191450000, 60950000), (196212500, 65712500)]
[board_modifier.py:460]: Track added
[board_modifier.py:455]: Adding track segment (B.Cu): [(196212500, 65712500), (196212500, 80000000)]
[board_modifier.py:460]: Track added
[board_modifier.py:532]: Routing at B.Cu layer
[board_modifier.py:549]: Netclass: Default, track width: 200000
[board_modifier.py:611]: Routing pad 'SW39:1' at (196212500, 80000000) with pad 'SW53:1' at (205737500, 99050000) using coordinate system rotated by 0 degree(s)
[board_modifier.py:455]: Adding track segment (B.Cu): [(196212500, 80000000), (196212500, 89525000)]
[board_modifier.py:460]: Track added
[board_modifier.py:455]: Adding track segment (B.Cu): [(196212500, 89525000), (205737500, 99050000)]
[board_modifier.py:465]: Could not add track segment due to detected collision
[board_modifier.py:455]: Adding track segment (B.Cu): [(196212500, 80000000), (205737500, 89525000)]
[board_modifier.py:460]: Track added
[board_modifier.py:455]: Adding track segment (B.Cu): [(205737500, 89525000), (205737500, 99050000)]
[board_modifier.py:460]: Track added
[board_modifier.py:532]: Routing at B.Cu layer
[board_modifier.py:549]: Netclass: Default, track width: 200000
[board_modifier.py:611]: Routing pad 'SW53:1' at (205737500, 99050000) with pad 'SW67:1' at (296225000, 118100000) using coordinate system rotated by 0 degree(s)
[board_modifier.py:455]: Adding track segment (B.Cu): [(205737500, 99050000), (277175000, 99050000)]
[board_modifier.py:465]: Could not add track segment due to detected collision
[board_modifier.py:455]: Adding track segment (B.Cu): [(205737500, 99050000), (224787500, 118100000)]
[board_modifier.py:465]: Could not add track segment due to detected collision
[key_placer.py:820]: Routing Row 4 pads
[board_modifier.py:532]: Routing at B.Cu layer
[board_modifier.py:549]: Netclass: Default, track width: 200000
[board_modifier.py:611]: Routing pad 'D59:1' at (45481250, 117700000) with pad 'D60:1' at (69293750, 117700000) using coordinate system rotated by 0 degree(s)
[board_modifier.py:455]: Adding track segment (B.Cu): [(45481250, 117700000), (69293750, 117700000)]
[board_modifier.py:465]: Could not add track segment due to detected collision
[board_modifier.py:532]: Routing at B.Cu layer
[board_modifier.py:549]: Netclass: Default, track width: 200000
[board_modifier.py:611]: Routing pad 'D60:1' at (69293750, 117700000) with pad 'A1:21' at (75140000, 48300000) using coordinate system rotated by 0 degree(s)
[board_modifier.py:455]: Adding track segment (B.Cu): [(69293750, 117700000), (69293750, 54146250)]
[board_modifier.py:465]: Could not add track segment due to detected collision
[board_modifier.py:455]: Adding track segment (B.Cu): [(69293750, 117700000), (75140000, 111853750)]
[board_modifier.py:460]: Track added
[board_modifier.py:455]: Adding track segment (B.Cu): [(75140000, 111853750), (75140000, 48300000)]
[board_modifier.py:465]: Could not add track segment due to detected collision
[board_modifier.py:532]: Routing at B.Cu layer
[board_modifier.py:549]: Netclass: Default, track width: 200000
[board_modifier.py:611]: Routing pad 'D60:1' at (69293750, 117700000) with pad 'D61:1' at (93106250, 117700000) using coordinate system rotated by 0 degree(s)
[board_modifier.py:455]: Adding track segment (B.Cu): [(69293750, 117700000), (93106250, 117700000)]
[board_modifier.py:465]: Could not add track segment due to detected collision
[board_modifier.py:532]: Routing at B.Cu layer
[board_modifier.py:549]: Netclass: Default, track width: 200000
[board_modifier.py:611]: Routing pad 'D61:1' at (93106250, 117700000) with pad 'D62:1' at (164543750, 117700000) using coordinate system rotated by 0 degree(s)
[board_modifier.py:455]: Adding track segment (B.Cu): [(93106250, 117700000), (164543750, 117700000)]
[board_modifier.py:465]: Could not add track segment due to detected collision
[board_modifier.py:532]: Routing at B.Cu layer
[board_modifier.py:549]: Netclass: Default, track width: 200000
[board_modifier.py:611]: Routing pad 'D62:1' at (164543750, 117700000) with pad 'D63:1' at (233600000, 117700000) using coordinate system rotated by 0 degree(s)
[board_modifier.py:455]: Adding track segment (B.Cu): [(164543750, 117700000), (233600000, 117700000)]
[board_modifier.py:465]: Could not add track segment due to detected collision
[board_modifier.py:532]: Routing at B.Cu layer
[board_modifier.py:549]: Netclass: Default, track width: 200000
[board_modifier.py:611]: Routing pad 'D63:1' at (233600000, 117700000) with pad 'D64:1' at (252650000, 117700000) using coordinate system rotated by 0 degree(s)
[board_modifier.py:455]: Adding track segment (B.Cu): [(233600000, 117700000), (252650000, 117700000)]
[board_modifier.py:465]: Could not add track segment due to detected collision
[board_modifier.py:532]: Routing at B.Cu layer
[board_modifier.py:549]: Netclass: Default, track width: 200000
[board_modifier.py:611]: Routing pad 'D64:1' at (252650000, 117700000) with pad 'D65:1' at (271700000, 117700000) using coordinate system rotated by 0 degree(s)
[board_modifier.py:455]: Adding track segment (B.Cu): [(252650000, 117700000), (271700000, 117700000)]
[board_modifier.py:465]: Could not add track segment due to detected collision
[board_modifier.py:532]: Routing at B.Cu layer
[board_modifier.py:549]: Netclass: Default, track width: 200000
[board_modifier.py:611]: Routing pad 'D65:1' at (271700000, 117700000) with pad 'D66:1' at (290750000, 117700000) using coordinate system rotated by 0 degree(s)
[board_modifier.py:455]: Adding track segment (B.Cu): [(271700000, 117700000), (290750000, 117700000)]
[board_modifier.py:465]: Could not add track segment due to detected collision
[board_modifier.py:532]: Routing at B.Cu layer
[board_modifier.py:549]: Netclass: Default, track width: 200000
[board_modifier.py:611]: Routing pad 'D66:1' at (290750000, 117700000) with pad 'D67:1' at (309800000, 117700000) using coordinate system rotated by 0 degree(s)
[board_modifier.py:455]: Adding track segment (B.Cu): [(290750000, 117700000), (309800000, 117700000)]
[board_modifier.py:465]: Could not add track segment due to detected collision
[board_modifier.py:532]: Routing at B.Cu layer
[board_modifier.py:549]: Netclass: Default, track width: 200000
[board_modifier.py:611]: Routing pad 'D67:1' at (309800000, 117700000) with pad 'D68:1' at (328850000, 117700000) using coordinate system rotated by 0 degree(s)
[board_modifier.py:455]: Adding track segment (B.Cu): [(309800000, 117700000), (328850000, 117700000)]
[board_modifier.py:465]: Could not add track segment due to detected collision
[key_placer.py:458]: Removing dangling tracks
[key_placer.py:470]: Removing bf065fe1-93fe-490e-b435-cfec32ffd069
[key_placer.py:470]: Removing a9fd7348-6564-49ff-97b7-afc142bf1574
[key_placer.py:470]: Removing c1571858-6368-4026-86dd-882b9751878f
[key_placer.py:470]: Removing 6fde9189-3998-4fec-98e8-adbafe5eea21
[key_placer.py:470]: Removing 9845e858-07ec-44f2-8e5a-f354a0eb7f17
[key_placer.py:470]: Removing 90dce3d4-9f39-4be1-8e6c-487f71e76aab
[key_placer.py:470]: Removing 8cb66137-6690-45d9-82fd-c382886b6676
[key_placer.py:470]: Removing 8f9ffd5f-97fa-4ac5-8942-50db59167733
[key_placer.py:470]: Removing 9735f059-b2ad-4dcd-9d85-e03ee600f1e4
[key_placer.py:470]: Removing a434fc70-234f-4810-9403-44a793437a1f
[key_placer.py:470]: Removing 4ed3d3d5-22f2-497e-b79b-656a95130750
[key_placer.py:470]: Removing d6925e38-abdc-4145-8e24-e096b27ed693
[key_placer.py:470]: Removing d4575a8e-fa3c-4be8-a1eb-cb5ceb34e48f
[key_placer.py:470]: Removing a6796098-4a6f-4903-9998-c9a05f7eacfe
[key_placer.py:470]: Removing 4889c89e-0620-4090-8de3-a428bbe83baf
[key_placer.py:470]: Removing 97d7840c-0296-463a-9010-aa834cab5ac9
[key_placer.py:470]: Removing e58080af-5b72-4cf3-89b9-918262b588b0
[key_placer.py:470]: Removing 74ac2dc6-0237-4dc8-8940-75e91e0bdf05
[key_placer.py:470]: Removing 7a946482-974d-4bcf-b43d-0a5f20baaf18
[key_placer.py:470]: Removing bec52faa-d772-4646-9d20-939f2aa1fc9f
[key_placer.py:470]: Removing 93e335be-a39d-459c-8c44-2081e86f2f1a
[key_placer.py:470]: Removing e888f546-7131-4e18-8ca1-d442267906e4
[key_placer.py:470]: Removing d854089a-c7fe-495a-b356-5784751af46c
[key_placer.py:470]: Removing 87dac55e-388c-457a-a39f-538851c70187
[key_placer.py:470]: Removing 1e216514-4de2-4ef8-b150-9f615b9ed92e
[key_placer.py:470]: Removing 42bf0189-00be-4620-b10b-39a18a55e7e1
[key_placer.py:470]: Removing 1c3fb658-23c6-499d-966d-fb9cd9b9aa71
[key_placer.py:470]: Removing 1284a8ab-7e3c-4344-81e3-18ff54d09cf0
[key_placer.py:458]: Removing dangling tracks
