ISO-10303-21;
HEADER;
/* Generated by software containing ST-Developer
 * from STEP Tools, Inc. (www.steptools.com) 
 */
/* OPTION: using custom renumber hook */

FILE_DESCRIPTION(
/* description */ ('STEP AP242 Edition 2',
'CAx-IF Rec.Pracs.---Representation and Presentation of Product Manufa
cturing Information (PMI)---4.0---2014-10-13',
'CAx-IF Rec.Pracs.---3D Tessellated Geometry---0.4---2014-09-14','2;1',
'CAx-IF Rec.Pracs.---User Defined Attributes---1.5---2016-08-15'),
/* implementation_level */ '2;1');

FILE_NAME(
/* name */ 'DSA 2.25u',
/* time_stamp */ '2026-06-08T00:57:54Z',
/* author */ (''),
/* organization */ (''),
/* preprocessor_version */ 'ST-DEVELOPER v20',
/* originating_system */ 'ONSHAPE BY PTC INC, 1.216',
/* authorisation */ '  ');

FILE_SCHEMA (('AP242_MANAGED_MODEL_BASED_3D_ENGINEERING_MIM_LF { 1 0 10303 442 3 1 4 }'));
ENDSEC;

DATA;
#10=SHAPE_REPRESENTATION_RELATIONSHIP('','',#1872,#11);
#11=ADVANCED_BREP_SHAPE_REPRESENTATION('',(#1870),#3928);
#12=SPHERICAL_SURFACE('',#1891,0.03875);
#13=SPHERICAL_SURFACE('',#1897,0.03875);
#14=B_SPLINE_SURFACE_WITH_KNOTS('',3,3,((#2505,#2506,#2507,#2508),(#2509,
#2510,#2511,#2512),(#2513,#2514,#2515,#2516),(#2517,#2518,#2519,#2520),
(#2521,#2522,#2523,#2524),(#2525,#2526,#2527,#2528),(#2529,#2530,#2531,
#2532),(#2533,#2534,#2535,#2536),(#2537,#2538,#2539,#2540),(#2541,#2542,
#2543,#2544),(#2545,#2546,#2547,#2548),(#2549,#2550,#2551,#2552),(#2553,
#2554,#2555,#2556)),.UNSPECIFIED.,.F.,.F.,.F.,(4,1,1,1,2,1,1,1,1,4),(4,
4),(-1.7765509801171E-14,0.00376354020562155,0.00752708041126087,0.00940885051408052,
0.01254513401878,0.0184815056683093,0.0244178773178387,0.0362906206168974,
0.0837815938131323,0.131272567009367),(0.0216817800081223,1.),
 .UNSPECIFIED.);
#15=B_SPLINE_SURFACE_WITH_KNOTS('',3,3,((#2607,#2608,#2609,#2610,#2611,
#2612,#2613,#2614,#2615,#2616,#2617,#2618,#2619,#2620,#2621,#2622,#2623,
#2624,#2625,#2626,#2627,#2628,#2629,#2630,#2631,#2632,#2633,#2634,#2635,
#2636,#2637,#2638,#2639,#2640,#2641,#2642,#2643,#2644,#2645,#2646,#2647,
#2648,#2649,#2650,#2651,#2652,#2653,#2654),(#2655,#2656,#2657,#2658,#2659,
#2660,#2661,#2662,#2663,#2664,#2665,#2666,#2667,#2668,#2669,#2670,#2671,
#2672,#2673,#2674,#2675,#2676,#2677,#2678,#2679,#2680,#2681,#2682,#2683,
#2684,#2685,#2686,#2687,#2688,#2689,#2690,#2691,#2692,#2693,#2694,#2695,
#2696,#2697,#2698,#2699,#2700,#2701,#2702),(#2703,#2704,#2705,#2706,#2707,
#2708,#2709,#2710,#2711,#2712,#2713,#2714,#2715,#2716,#2717,#2718,#2719,
#2720,#2721,#2722,#2723,#2724,#2725,#2726,#2727,#2728,#2729,#2730,#2731,
#2732,#2733,#2734,#2735,#2736,#2737,#2738,#2739,#2740,#2741,#2742,#2743,
#2744,#2745,#2746,#2747,#2748,#2749,#2750),(#2751,#2752,#2753,#2754,#2755,
#2756,#2757,#2758,#2759,#2760,#2761,#2762,#2763,#2764,#2765,#2766,#2767,
#2768,#2769,#2770,#2771,#2772,#2773,#2774,#2775,#2776,#2777,#2778,#2779,
#2780,#2781,#2782,#2783,#2784,#2785,#2786,#2787,#2788,#2789,#2790,#2791,
#2792,#2793,#2794,#2795,#2796,#2797,#2798)),.UNSPECIFIED.,.F.,.F.,.F.,(4,
4),(4,1,1,1,1,1,1,1,1,1,1,1,1,1,1,1,1,1,1,1,1,1,1,1,1,1,1,1,1,1,1,1,1,1,
1,1,1,1,1,1,1,2,1,1,4),(0.,1.),(6.07232020137285,6.11621130333111,6.16010240528938,
6.20399350724764,6.2478846092059,6.29177571116416,6.33566681312242,6.37955791508068,
6.42344901703894,6.46734011899721,6.51123122095547,6.55512232291373,6.59901342487199,
6.64290452683025,6.68679562878851,6.73068673074677,6.77457783270503,6.8184689346633,
6.84041448564243,6.86236003662156,6.86784642436634,6.87333281211112,6.88430558760069,
6.90076475083504,6.90625113857982,6.91722391406938,6.92271030181417,6.92545349568656,
6.92819668955895,6.93368307730373,6.93916946504851,6.9446558527933,6.9453416512614,
6.94602744972949,6.94739904666569,6.94877064360188,6.94911354283593,6.94945644206998,
6.94979934130403,6.94997079092106,6.95005651572957,6.95014224053808,6.98189298843631,
6.99776836238542,7.02951911028365),.UNSPECIFIED.);
#16=B_SPLINE_SURFACE_WITH_KNOTS('',3,3,((#2870,#2871,#2872,#2873),(#2874,
#2875,#2876,#2877),(#2878,#2879,#2880,#2881),(#2882,#2883,#2884,#2885),
(#2886,#2887,#2888,#2889),(#2890,#2891,#2892,#2893),(#2894,#2895,#2896,
#2897),(#2898,#2899,#2900,#2901),(#2902,#2903,#2904,#2905),(#2906,#2907,
#2908,#2909),(#2910,#2911,#2912,#2913),(#2914,#2915,#2916,#2917),(#2918,
#2919,#2920,#2921),(#2922,#2923,#2924,#2925),(#2926,#2927,#2928,#2929)),
 .UNSPECIFIED.,.F.,.F.,.F.,(4,1,2,1,1,2,1,1,1,1,4),(4,4),(0.631272567009381,
0.67876354020563,0.75,0.755018053607516,0.757527080411272,0.762545134018783,
0.774417877317847,0.786290620616911,0.810036107215039,0.857527080411296,
1.00000000000006),(0.0216883756796603,1.),.UNSPECIFIED.);
#17=B_SPLINE_SURFACE_WITH_KNOTS('',3,3,((#2991,#2992,#2993,#2994,#2995,
#2996,#2997,#2998,#2999,#3000,#3001,#3002,#3003,#3004,#3005,#3006,#3007,
#3008,#3009,#3010,#3011,#3012,#3013,#3014,#3015,#3016),(#3017,#3018,#3019,
#3020,#3021,#3022,#3023,#3024,#3025,#3026,#3027,#3028,#3029,#3030,#3031,
#3032,#3033,#3034,#3035,#3036,#3037,#3038,#3039,#3040,#3041,#3042),(#3043,
#3044,#3045,#3046,#3047,#3048,#3049,#3050,#3051,#3052,#3053,#3054,#3055,
#3056,#3057,#3058,#3059,#3060,#3061,#3062,#3063,#3064,#3065,#3066,#3067,
#3068),(#3069,#3070,#3071,#3072,#3073,#3074,#3075,#3076,#3077,#3078,#3079,
#3080,#3081,#3082,#3083,#3084,#3085,#3086,#3087,#3088,#3089,#3090,#3091,
#3092,#3093,#3094)),.UNSPECIFIED.,.F.,.F.,.F.,(4,4),(4,2,1,1,1,1,1,1,1,
1,2,1,1,1,2,1,1,1,1,1,4),(0.,1.),(-0.428011757976551,-0.39681578462303,
-0.383115280198353,-0.369414775773676,-0.342013766924321,-0.287211749225612,
-0.177607713828195,0.0416003569666406,0.480016498556311,0.918432640145981,
1.35684878173565,1.3637694813828,1.38453158032425,1.41221437891286,1.46757997609006,
1.49494808282208,1.52231618955409,1.57705240301812,1.68652482994618,1.90546968380231,
2.34335939151455),.UNSPECIFIED.);
#18=B_SPLINE_SURFACE_WITH_KNOTS('',3,1,((#3138,#3139),(#3140,#3141),(#3142,
#3143),(#3144,#3145),(#3146,#3147),(#3148,#3149)),
 .SURF_OF_LINEAR_EXTRUSION.,.F.,.F.,.F.,(4,1,1,4),(2,2),(0.,0.115596372736177,
0.231192745472354,0.462385490944709),(0.,1.),.UNSPECIFIED.);
#19=B_SPLINE_SURFACE_WITH_KNOTS('',3,1,((#3176,#3177),(#3178,#3179),(#3180,
#3181),(#3182,#3183),(#3184,#3185),(#3186,#3187),(#3188,#3189),(#3190,#3191)),
 .SURF_OF_LINEAR_EXTRUSION.,.F.,.F.,.F.,(4,1,1,1,1,4),(2,2),(0.0448007286515513,
0.23508400138491,0.425367274118269,0.520508910484948,0.615650546851628,
0.805933819584986),(0.,1.),.UNSPECIFIED.);
#20=B_SPLINE_SURFACE_WITH_KNOTS('',3,3,((#3200,#3201,#3202,#3203,#3204,
#3205,#3206,#3207,#3208,#3209,#3210,#3211,#3212,#3213,#3214,#3215,#3216,
#3217,#3218,#3219,#3220,#3221,#3222,#3223,#3224,#3225,#3226,#3227,#3228,
#3229,#3230,#3231,#3232),(#3233,#3234,#3235,#3236,#3237,#3238,#3239,#3240,
#3241,#3242,#3243,#3244,#3245,#3246,#3247,#3248,#3249,#3250,#3251,#3252,
#3253,#3254,#3255,#3256,#3257,#3258,#3259,#3260,#3261,#3262,#3263,#3264,
#3265),(#3266,#3267,#3268,#3269,#3270,#3271,#3272,#3273,#3274,#3275,#3276,
#3277,#3278,#3279,#3280,#3281,#3282,#3283,#3284,#3285,#3286,#3287,#3288,
#3289,#3290,#3291,#3292,#3293,#3294,#3295,#3296,#3297,#3298),(#3299,#3300,
#3301,#3302,#3303,#3304,#3305,#3306,#3307,#3308,#3309,#3310,#3311,#3312,
#3313,#3314,#3315,#3316,#3317,#3318,#3319,#3320,#3321,#3322,#3323,#3324,
#3325,#3326,#3327,#3328,#3329,#3330,#3331)),.UNSPECIFIED.,.F.,.F.,.F.,(4,
4),(4,1,2,1,1,1,2,1,1,1,1,1,1,1,1,1,2,1,1,1,2,1,1,1,1,1,4),(0.,1.),(2.34335939151455,
2.78247915974893,3.22159892798331,3.22850681860472,3.24923049046895,3.2768620529546,
3.3321251779259,3.35952726417522,3.38692935042454,3.44173352292319,3.55134186792047,
3.77055855791505,4.20899193790419,4.64742531789334,4.86664200788791,4.9762503528852,
5.08585869788248,5.09276819407213,5.11349668264109,5.1411346673997,5.19641063691692,
5.22378281080617,5.25115498469541,5.30589933247391,5.4153880280309,5.63436541914489,
6.07232020137286),.UNSPECIFIED.);
#21=B_SPLINE_SURFACE_WITH_KNOTS('',3,3,((#3404,#3405,#3406,#3407,#3408),
(#3409,#3410,#3411,#3412,#3413),(#3414,#3415,#3416,#3417,#3418),(#3419,
#3420,#3421,#3422,#3423),(#3424,#3425,#3426,#3427,#3428),(#3429,#3430,#3431,
#3432,#3433),(#3434,#3435,#3436,#3437,#3438),(#3439,#3440,#3441,#3442,#3443),
(#3444,#3445,#3446,#3447,#3448),(#3449,#3450,#3451,#3452,#3453),(#3454,
#3455,#3456,#3457,#3458),(#3459,#3460,#3461,#3462,#3463),(#3464,#3465,#3466,
#3467,#3468),(#3469,#3470,#3471,#3472,#3473),(#3474,#3475,#3476,#3477,#3478),
(#3479,#3480,#3481,#3482,#3483),(#3484,#3485,#3486,#3487,#3488),(#3489,
#3490,#3491,#3492,#3493),(#3494,#3495,#3496,#3497,#3498),(#3499,#3500,#3501,
#3502,#3503),(#3504,#3505,#3506,#3507,#3508),(#3509,#3510,#3511,#3512,#3513),
(#3514,#3515,#3516,#3517,#3518),(#3519,#3520,#3521,#3522,#3523),(#3524,
#3525,#3526,#3527,#3528),(#3529,#3530,#3531,#3532,#3533)),.UNSPECIFIED.,
 .F.,.F.,.F.,(4,2,1,1,1,2,1,1,1,1,1,1,1,1,2,1,1,1,2,4),(4,1,4),(0.131272567009324,
0.249999999999954,0.253136283504649,0.256272567009344,0.259408850514039,
0.262545134018734,0.269965598580648,0.277386063142562,0.29222699226639,
0.381272567009357,0.440636283504668,0.470318141752323,0.485159070876151,
0.492579535438065,0.499999999999979,0.503136283504674,0.506272567009369,
0.509408850514064,0.512545134018759,0.631272567009381),(0.0216820925278311,
0.161441793595284,1.),.UNSPECIFIED.);
#22=CIRCLE('',#1876,0.0002);
#23=CIRCLE('',#1878,0.0002);
#24=CIRCLE('',#1879,0.0002);
#25=CIRCLE('',#1880,0.0002);
#26=CIRCLE('',#1886,0.0028);
#27=CIRCLE('',#1887,0.0028);
#28=CIRCLE('',#1888,0.0028);
#29=CIRCLE('',#1892,0.03875);
#30=CIRCLE('',#1895,0.03875);
#31=CIRCLE('',#1903,0.0028);
#32=CIRCLE('',#1931,0.0028);
#33=CIRCLE('',#1959,0.0028);
#34=CYLINDRICAL_SURFACE('',#1875,0.0002);
#35=CYLINDRICAL_SURFACE('',#1882,0.0002);
#36=CYLINDRICAL_SURFACE('',#1893,0.000399999999999995);
#37=CYLINDRICAL_SURFACE('',#1894,0.03875);
#38=CYLINDRICAL_SURFACE('',#1896,0.000400000000000005);
#39=CYLINDRICAL_SURFACE('',#1899,0.0002);
#40=CYLINDRICAL_SURFACE('',#1901,0.0002);
#41=CYLINDRICAL_SURFACE('',#1902,0.0028);
#42=CYLINDRICAL_SURFACE('',#1930,0.0028);
#43=CYLINDRICAL_SURFACE('',#1958,0.0028);
#44=LINE('',#2433,#257);
#45=LINE('',#2435,#258);
#46=LINE('',#2437,#259);
#47=LINE('',#2439,#260);
#48=LINE('',#2441,#261);
#49=LINE('',#2448,#262);
#50=LINE('',#2452,#263);
#51=LINE('',#2455,#264);
#52=LINE('',#2457,#265);
#53=LINE('',#2459,#266);
#54=LINE('',#2460,#267);
#55=LINE('',#2465,#268);
#56=LINE('',#2468,#269);
#57=LINE('',#2472,#270);
#58=LINE('',#2484,#271);
#59=LINE('',#2486,#272);
#60=LINE('',#2488,#273);
#61=LINE('',#2490,#274);
#62=LINE('',#2492,#275);
#63=LINE('',#2494,#276);
#64=LINE('',#2502,#277);
#65=LINE('',#2504,#278);
#66=LINE('',#2858,#279);
#67=LINE('',#2865,#280);
#68=LINE('',#2867,#281);
#69=LINE('',#2869,#282);
#70=LINE('',#3150,#283);
#71=LINE('',#3159,#284);
#72=LINE('',#3166,#285);
#73=LINE('',#3170,#286);
#74=LINE('',#3539,#287);
#75=LINE('',#3548,#288);
#76=LINE('',#3550,#289);
#77=LINE('',#3556,#290);
#78=LINE('',#3559,#291);
#79=LINE('',#3561,#292);
#80=LINE('',#3563,#293);
#81=LINE('',#3565,#294);
#82=LINE('',#3567,#295);
#83=LINE('',#3569,#296);
#84=LINE('',#3571,#297);
#85=LINE('',#3574,#298);
#86=LINE('',#3576,#299);
#87=LINE('',#3578,#300);
#88=LINE('',#3580,#301);
#89=LINE('',#3582,#302);
#90=LINE('',#3584,#303);
#91=LINE('',#3586,#304);
#92=LINE('',#3588,#305);
#93=LINE('',#3590,#306);
#94=LINE('',#3592,#307);
#95=LINE('',#3593,#308);
#96=LINE('',#3595,#309);
#97=LINE('',#3598,#310);
#98=LINE('',#3600,#311);
#99=LINE('',#3601,#312);
#100=LINE('',#3603,#313);
#101=LINE('',#3605,#314);
#102=LINE('',#3607,#315);
#103=LINE('',#3610,#316);
#104=LINE('',#3612,#317);
#105=LINE('',#3614,#318);
#106=LINE('',#3616,#319);
#107=LINE('',#3618,#320);
#108=LINE('',#3620,#321);
#109=LINE('',#3622,#322);
#110=LINE('',#3624,#323);
#111=LINE('',#3626,#324);
#112=LINE('',#3628,#325);
#113=LINE('',#3630,#326);
#114=LINE('',#3632,#327);
#115=LINE('',#3634,#328);
#116=LINE('',#3636,#329);
#117=LINE('',#3638,#330);
#118=LINE('',#3640,#331);
#119=LINE('',#3642,#332);
#120=LINE('',#3644,#333);
#121=LINE('',#3646,#334);
#122=LINE('',#3648,#335);
#123=LINE('',#3650,#336);
#124=LINE('',#3652,#337);
#125=LINE('',#3654,#338);
#126=LINE('',#3655,#339);
#127=LINE('',#3657,#340);
#128=LINE('',#3659,#341);
#129=LINE('',#3661,#342);
#130=LINE('',#3662,#343);
#131=LINE('',#3664,#344);
#132=LINE('',#3666,#345);
#133=LINE('',#3668,#346);
#134=LINE('',#3670,#347);
#135=LINE('',#3672,#348);
#136=LINE('',#3674,#349);
#137=LINE('',#3681,#350);
#138=LINE('',#3684,#351);
#139=LINE('',#3686,#352);
#140=LINE('',#3688,#353);
#141=LINE('',#3690,#354);
#142=LINE('',#3692,#355);
#143=LINE('',#3694,#356);
#144=LINE('',#3696,#357);
#145=LINE('',#3699,#358);
#146=LINE('',#3701,#359);
#147=LINE('',#3703,#360);
#148=LINE('',#3705,#361);
#149=LINE('',#3707,#362);
#150=LINE('',#3709,#363);
#151=LINE('',#3711,#364);
#152=LINE('',#3713,#365);
#153=LINE('',#3715,#366);
#154=LINE('',#3717,#367);
#155=LINE('',#3718,#368);
#156=LINE('',#3720,#369);
#157=LINE('',#3723,#370);
#158=LINE('',#3725,#371);
#159=LINE('',#3726,#372);
#160=LINE('',#3728,#373);
#161=LINE('',#3730,#374);
#162=LINE('',#3732,#375);
#163=LINE('',#3735,#376);
#164=LINE('',#3737,#377);
#165=LINE('',#3739,#378);
#166=LINE('',#3741,#379);
#167=LINE('',#3743,#380);
#168=LINE('',#3745,#381);
#169=LINE('',#3747,#382);
#170=LINE('',#3749,#383);
#171=LINE('',#3751,#384);
#172=LINE('',#3753,#385);
#173=LINE('',#3755,#386);
#174=LINE('',#3757,#387);
#175=LINE('',#3759,#388);
#176=LINE('',#3761,#389);
#177=LINE('',#3763,#390);
#178=LINE('',#3765,#391);
#179=LINE('',#3767,#392);
#180=LINE('',#3769,#393);
#181=LINE('',#3771,#394);
#182=LINE('',#3773,#395);
#183=LINE('',#3775,#396);
#184=LINE('',#3777,#397);
#185=LINE('',#3779,#398);
#186=LINE('',#3780,#399);
#187=LINE('',#3782,#400);
#188=LINE('',#3784,#401);
#189=LINE('',#3786,#402);
#190=LINE('',#3787,#403);
#191=LINE('',#3789,#404);
#192=LINE('',#3791,#405);
#193=LINE('',#3793,#406);
#194=LINE('',#3795,#407);
#195=LINE('',#3797,#408);
#196=LINE('',#3799,#409);
#197=LINE('',#3806,#410);
#198=LINE('',#3809,#411);
#199=LINE('',#3811,#412);
#200=LINE('',#3813,#413);
#201=LINE('',#3815,#414);
#202=LINE('',#3817,#415);
#203=LINE('',#3819,#416);
#204=LINE('',#3821,#417);
#205=LINE('',#3824,#418);
#206=LINE('',#3826,#419);
#207=LINE('',#3828,#420);
#208=LINE('',#3830,#421);
#209=LINE('',#3832,#422);
#210=LINE('',#3834,#423);
#211=LINE('',#3836,#424);
#212=LINE('',#3838,#425);
#213=LINE('',#3840,#426);
#214=LINE('',#3842,#427);
#215=LINE('',#3843,#428);
#216=LINE('',#3845,#429);
#217=LINE('',#3848,#430);
#218=LINE('',#3850,#431);
#219=LINE('',#3851,#432);
#220=LINE('',#3853,#433);
#221=LINE('',#3855,#434);
#222=LINE('',#3857,#435);
#223=LINE('',#3860,#436);
#224=LINE('',#3862,#437);
#225=LINE('',#3864,#438);
#226=LINE('',#3866,#439);
#227=LINE('',#3868,#440);
#228=LINE('',#3870,#441);
#229=LINE('',#3872,#442);
#230=LINE('',#3874,#443);
#231=LINE('',#3876,#444);
#232=LINE('',#3878,#445);
#233=LINE('',#3880,#446);
#234=LINE('',#3882,#447);
#235=LINE('',#3884,#448);
#236=LINE('',#3886,#449);
#237=LINE('',#3888,#450);
#238=LINE('',#3890,#451);
#239=LINE('',#3892,#452);
#240=LINE('',#3894,#453);
#241=LINE('',#3896,#454);
#242=LINE('',#3898,#455);
#243=LINE('',#3900,#456);
#244=LINE('',#3902,#457);
#245=LINE('',#3904,#458);
#246=LINE('',#3905,#459);
#247=LINE('',#3907,#460);
#248=LINE('',#3909,#461);
#249=LINE('',#3911,#462);
#250=LINE('',#3912,#463);
#251=LINE('',#3914,#464);
#252=LINE('',#3916,#465);
#253=LINE('',#3918,#466);
#254=LINE('',#3920,#467);
#255=LINE('',#3922,#468);
#256=LINE('',#3924,#469);
#257=VECTOR('',#1990,1.);
#258=VECTOR('',#1991,1.);
#259=VECTOR('',#1992,1.);
#260=VECTOR('',#1993,1.);
#261=VECTOR('',#1994,1.);
#262=VECTOR('',#1997,1.);
#263=VECTOR('',#2002,1.);
#264=VECTOR('',#2003,1.);
#265=VECTOR('',#2004,1.);
#266=VECTOR('',#2005,1.);
#267=VECTOR('',#2006,1.);
#268=VECTOR('',#2009,1.);
#269=VECTOR('',#2012,1.);
#270=VECTOR('',#2017,1.);
#271=VECTOR('',#2020,1.);
#272=VECTOR('',#2023,1.);
#273=VECTOR('',#2024,1.);
#274=VECTOR('',#2025,1.);
#275=VECTOR('',#2028,1.);
#276=VECTOR('',#2029,1.);
#277=VECTOR('',#2038,1.);
#278=VECTOR('',#2039,1.);
#279=VECTOR('',#2042,1.);
#280=VECTOR('',#2045,1.);
#281=VECTOR('',#2046,1.);
#282=VECTOR('',#2047,1.);
#283=VECTOR('',#2052,1.);
#284=VECTOR('',#2055,1.);
#285=VECTOR('',#2058,1.);
#286=VECTOR('',#2063,1.);
#287=VECTOR('',#2064,1.);
#288=VECTOR('',#2071,1.);
#289=VECTOR('',#2074,1.);
#290=VECTOR('',#2083,1.);
#291=VECTOR('',#2084,1.);
#292=VECTOR('',#2085,1.);
#293=VECTOR('',#2086,1.);
#294=VECTOR('',#2089,1.);
#295=VECTOR('',#2090,1.);
#296=VECTOR('',#2091,1.);
#297=VECTOR('',#2094,1.);
#298=VECTOR('',#2095,1.);
#299=VECTOR('',#2096,1.);
#300=VECTOR('',#2097,1.);
#301=VECTOR('',#2100,1.);
#302=VECTOR('',#2101,1.);
#303=VECTOR('',#2102,1.);
#304=VECTOR('',#2105,1.);
#305=VECTOR('',#2106,1.);
#306=VECTOR('',#2107,1.);
#307=VECTOR('',#2110,1.);
#308=VECTOR('',#2111,1.);
#309=VECTOR('',#2114,1.);
#310=VECTOR('',#2115,1.);
#311=VECTOR('',#2116,1.);
#312=VECTOR('',#2117,1.);
#313=VECTOR('',#2118,1.);
#314=VECTOR('',#2119,1.);
#315=VECTOR('',#2122,1.);
#316=VECTOR('',#2123,1.);
#317=VECTOR('',#2124,1.);
#318=VECTOR('',#2125,1.);
#319=VECTOR('',#2126,1.);
#320=VECTOR('',#2127,1.);
#321=VECTOR('',#2128,1.);
#322=VECTOR('',#2129,1.);
#323=VECTOR('',#2130,1.);
#324=VECTOR('',#2131,1.);
#325=VECTOR('',#2132,1.);
#326=VECTOR('',#2133,1.);
#327=VECTOR('',#2136,1.);
#328=VECTOR('',#2137,1.);
#329=VECTOR('',#2140,1.);
#330=VECTOR('',#2141,1.);
#331=VECTOR('',#2144,1.);
#332=VECTOR('',#2145,1.);
#333=VECTOR('',#2148,1.);
#334=VECTOR('',#2149,1.);
#335=VECTOR('',#2152,1.);
#336=VECTOR('',#2153,1.);
#337=VECTOR('',#2156,1.);
#338=VECTOR('',#2159,1.);
#339=VECTOR('',#2160,1.);
#340=VECTOR('',#2163,1.);
#341=VECTOR('',#2166,1.);
#342=VECTOR('',#2169,1.);
#343=VECTOR('',#2170,1.);
#344=VECTOR('',#2173,1.);
#345=VECTOR('',#2176,1.);
#346=VECTOR('',#2179,1.);
#347=VECTOR('',#2182,1.);
#348=VECTOR('',#2185,1.);
#349=VECTOR('',#2188,1.);
#350=VECTOR('',#2199,1.);
#351=VECTOR('',#2200,1.);
#352=VECTOR('',#2201,1.);
#353=VECTOR('',#2202,1.);
#354=VECTOR('',#2205,1.);
#355=VECTOR('',#2206,1.);
#356=VECTOR('',#2207,1.);
#357=VECTOR('',#2210,1.);
#358=VECTOR('',#2211,1.);
#359=VECTOR('',#2212,1.);
#360=VECTOR('',#2213,1.);
#361=VECTOR('',#2216,1.);
#362=VECTOR('',#2217,1.);
#363=VECTOR('',#2218,1.);
#364=VECTOR('',#2221,1.);
#365=VECTOR('',#2222,1.);
#366=VECTOR('',#2223,1.);
#367=VECTOR('',#2226,1.);
#368=VECTOR('',#2227,1.);
#369=VECTOR('',#2230,1.);
#370=VECTOR('',#2231,1.);
#371=VECTOR('',#2232,1.);
#372=VECTOR('',#2233,1.);
#373=VECTOR('',#2234,1.);
#374=VECTOR('',#2235,1.);
#375=VECTOR('',#2238,1.);
#376=VECTOR('',#2239,1.);
#377=VECTOR('',#2240,1.);
#378=VECTOR('',#2241,1.);
#379=VECTOR('',#2242,1.);
#380=VECTOR('',#2243,1.);
#381=VECTOR('',#2244,1.);
#382=VECTOR('',#2245,1.);
#383=VECTOR('',#2246,1.);
#384=VECTOR('',#2247,1.);
#385=VECTOR('',#2248,1.);
#386=VECTOR('',#2249,1.);
#387=VECTOR('',#2252,1.);
#388=VECTOR('',#2253,1.);
#389=VECTOR('',#2256,1.);
#390=VECTOR('',#2257,1.);
#391=VECTOR('',#2260,1.);
#392=VECTOR('',#2261,1.);
#393=VECTOR('',#2264,1.);
#394=VECTOR('',#2265,1.);
#395=VECTOR('',#2268,1.);
#396=VECTOR('',#2269,1.);
#397=VECTOR('',#2272,1.);
#398=VECTOR('',#2275,1.);
#399=VECTOR('',#2276,1.);
#400=VECTOR('',#2279,1.);
#401=VECTOR('',#2282,1.);
#402=VECTOR('',#2285,1.);
#403=VECTOR('',#2286,1.);
#404=VECTOR('',#2289,1.);
#405=VECTOR('',#2292,1.);
#406=VECTOR('',#2295,1.);
#407=VECTOR('',#2298,1.);
#408=VECTOR('',#2301,1.);
#409=VECTOR('',#2304,1.);
#410=VECTOR('',#2315,1.);
#411=VECTOR('',#2316,1.);
#412=VECTOR('',#2317,1.);
#413=VECTOR('',#2318,1.);
#414=VECTOR('',#2321,1.);
#415=VECTOR('',#2322,1.);
#416=VECTOR('',#2323,1.);
#417=VECTOR('',#2326,1.);
#418=VECTOR('',#2327,1.);
#419=VECTOR('',#2328,1.);
#420=VECTOR('',#2329,1.);
#421=VECTOR('',#2332,1.);
#422=VECTOR('',#2333,1.);
#423=VECTOR('',#2334,1.);
#424=VECTOR('',#2337,1.);
#425=VECTOR('',#2338,1.);
#426=VECTOR('',#2339,1.);
#427=VECTOR('',#2342,1.);
#428=VECTOR('',#2343,1.);
#429=VECTOR('',#2346,1.);
#430=VECTOR('',#2347,1.);
#431=VECTOR('',#2348,1.);
#432=VECTOR('',#2349,1.);
#433=VECTOR('',#2350,1.);
#434=VECTOR('',#2351,1.);
#435=VECTOR('',#2354,1.);
#436=VECTOR('',#2355,1.);
#437=VECTOR('',#2356,1.);
#438=VECTOR('',#2357,1.);
#439=VECTOR('',#2358,1.);
#440=VECTOR('',#2359,1.);
#441=VECTOR('',#2360,1.);
#442=VECTOR('',#2361,1.);
#443=VECTOR('',#2362,1.);
#444=VECTOR('',#2363,1.);
#445=VECTOR('',#2364,1.);
#446=VECTOR('',#2365,1.);
#447=VECTOR('',#2368,1.);
#448=VECTOR('',#2369,1.);
#449=VECTOR('',#2372,1.);
#450=VECTOR('',#2373,1.);
#451=VECTOR('',#2376,1.);
#452=VECTOR('',#2377,1.);
#453=VECTOR('',#2380,1.);
#454=VECTOR('',#2381,1.);
#455=VECTOR('',#2384,1.);
#456=VECTOR('',#2385,1.);
#457=VECTOR('',#2388,1.);
#458=VECTOR('',#2391,1.);
#459=VECTOR('',#2392,1.);
#460=VECTOR('',#2395,1.);
#461=VECTOR('',#2398,1.);
#462=VECTOR('',#2401,1.);
#463=VECTOR('',#2402,1.);
#464=VECTOR('',#2405,1.);
#465=VECTOR('',#2408,1.);
#466=VECTOR('',#2411,1.);
#467=VECTOR('',#2414,1.);
#468=VECTOR('',#2417,1.);
#469=VECTOR('',#2420,1.);
#470=ORIENTED_EDGE('',*,*,#982,.F.);
#471=ORIENTED_EDGE('',*,*,#983,.F.);
#472=ORIENTED_EDGE('',*,*,#984,.T.);
#473=ORIENTED_EDGE('',*,*,#985,.F.);
#474=ORIENTED_EDGE('',*,*,#986,.F.);
#475=ORIENTED_EDGE('',*,*,#987,.F.);
#476=ORIENTED_EDGE('',*,*,#988,.T.);
#477=ORIENTED_EDGE('',*,*,#989,.T.);
#478=ORIENTED_EDGE('',*,*,#990,.T.);
#479=ORIENTED_EDGE('',*,*,#983,.T.);
#480=ORIENTED_EDGE('',*,*,#991,.F.);
#481=ORIENTED_EDGE('',*,*,#992,.T.);
#482=ORIENTED_EDGE('',*,*,#993,.T.);
#483=ORIENTED_EDGE('',*,*,#994,.T.);
#484=ORIENTED_EDGE('',*,*,#995,.F.);
#485=ORIENTED_EDGE('',*,*,#996,.F.);
#486=ORIENTED_EDGE('',*,*,#997,.F.);
#487=ORIENTED_EDGE('',*,*,#998,.F.);
#488=ORIENTED_EDGE('',*,*,#984,.F.);
#489=ORIENTED_EDGE('',*,*,#990,.F.);
#490=ORIENTED_EDGE('',*,*,#999,.F.);
#491=ORIENTED_EDGE('',*,*,#1000,.F.);
#492=ORIENTED_EDGE('',*,*,#1001,.F.);
#493=ORIENTED_EDGE('',*,*,#999,.T.);
#494=ORIENTED_EDGE('',*,*,#989,.F.);
#495=ORIENTED_EDGE('',*,*,#1002,.F.);
#496=ORIENTED_EDGE('',*,*,#1003,.T.);
#497=ORIENTED_EDGE('',*,*,#1004,.T.);
#498=ORIENTED_EDGE('',*,*,#1000,.T.);
#499=ORIENTED_EDGE('',*,*,#1001,.T.);
#500=ORIENTED_EDGE('',*,*,#993,.F.);
#501=ORIENTED_EDGE('',*,*,#1005,.T.);
#502=ORIENTED_EDGE('',*,*,#1006,.T.);
#503=ORIENTED_EDGE('',*,*,#1007,.F.);
#504=ORIENTED_EDGE('',*,*,#992,.F.);
#505=ORIENTED_EDGE('',*,*,#1008,.T.);
#506=ORIENTED_EDGE('',*,*,#1009,.T.);
#507=ORIENTED_EDGE('',*,*,#1005,.F.);
#508=ORIENTED_EDGE('',*,*,#1010,.T.);
#509=ORIENTED_EDGE('',*,*,#1011,.T.);
#510=ORIENTED_EDGE('',*,*,#1012,.T.);
#511=ORIENTED_EDGE('',*,*,#1006,.F.);
#512=ORIENTED_EDGE('',*,*,#1009,.F.);
#513=ORIENTED_EDGE('',*,*,#1013,.F.);
#514=ORIENTED_EDGE('',*,*,#1014,.F.);
#515=ORIENTED_EDGE('',*,*,#1015,.T.);
#516=ORIENTED_EDGE('',*,*,#1016,.F.);
#517=ORIENTED_EDGE('',*,*,#1017,.F.);
#518=ORIENTED_EDGE('',*,*,#1018,.F.);
#519=ORIENTED_EDGE('',*,*,#1019,.T.);
#520=ORIENTED_EDGE('',*,*,#988,.F.);
#521=ORIENTED_EDGE('',*,*,#982,.T.);
#522=ORIENTED_EDGE('',*,*,#1020,.T.);
#523=ORIENTED_EDGE('',*,*,#1021,.T.);
#524=ORIENTED_EDGE('',*,*,#1022,.F.);
#525=ORIENTED_EDGE('',*,*,#1017,.T.);
#526=ORIENTED_EDGE('',*,*,#1016,.T.);
#527=ORIENTED_EDGE('',*,*,#1013,.T.);
#528=ORIENTED_EDGE('',*,*,#1008,.F.);
#529=ORIENTED_EDGE('',*,*,#991,.T.);
#530=ORIENTED_EDGE('',*,*,#1023,.T.);
#531=ORIENTED_EDGE('',*,*,#995,.T.);
#532=ORIENTED_EDGE('',*,*,#1004,.F.);
#533=ORIENTED_EDGE('',*,*,#1024,.F.);
#534=ORIENTED_EDGE('',*,*,#1025,.T.);
#535=ORIENTED_EDGE('',*,*,#1026,.F.);
#536=ORIENTED_EDGE('',*,*,#1027,.F.);
#537=ORIENTED_EDGE('',*,*,#1028,.T.);
#538=ORIENTED_EDGE('',*,*,#1024,.T.);
#539=ORIENTED_EDGE('',*,*,#1003,.F.);
#540=ORIENTED_EDGE('',*,*,#1002,.T.);
#541=ORIENTED_EDGE('',*,*,#1019,.F.);
#542=ORIENTED_EDGE('',*,*,#1029,.F.);
#543=ORIENTED_EDGE('',*,*,#1030,.F.);
#544=ORIENTED_EDGE('',*,*,#1031,.F.);
#545=ORIENTED_EDGE('',*,*,#1032,.T.);
#546=ORIENTED_EDGE('',*,*,#1031,.T.);
#547=ORIENTED_EDGE('',*,*,#1030,.T.);
#548=ORIENTED_EDGE('',*,*,#1029,.T.);
#549=ORIENTED_EDGE('',*,*,#1018,.T.);
#550=ORIENTED_EDGE('',*,*,#1022,.T.);
#551=ORIENTED_EDGE('',*,*,#1033,.T.);
#552=ORIENTED_EDGE('',*,*,#1034,.T.);
#553=ORIENTED_EDGE('',*,*,#1033,.F.);
#554=ORIENTED_EDGE('',*,*,#1021,.F.);
#555=ORIENTED_EDGE('',*,*,#1028,.F.);
#556=ORIENTED_EDGE('',*,*,#1035,.T.);
#557=ORIENTED_EDGE('',*,*,#1036,.F.);
#558=ORIENTED_EDGE('',*,*,#1025,.F.);
#559=ORIENTED_EDGE('',*,*,#1032,.F.);
#560=ORIENTED_EDGE('',*,*,#1037,.T.);
#561=ORIENTED_EDGE('',*,*,#1038,.F.);
#562=ORIENTED_EDGE('',*,*,#1035,.F.);
#563=ORIENTED_EDGE('',*,*,#1034,.F.);
#564=ORIENTED_EDGE('',*,*,#1039,.T.);
#565=ORIENTED_EDGE('',*,*,#1040,.F.);
#566=ORIENTED_EDGE('',*,*,#1037,.F.);
#567=ORIENTED_EDGE('',*,*,#1020,.F.);
#568=ORIENTED_EDGE('',*,*,#1041,.T.);
#569=ORIENTED_EDGE('',*,*,#1042,.F.);
#570=ORIENTED_EDGE('',*,*,#1039,.F.);
#571=ORIENTED_EDGE('',*,*,#1015,.F.);
#572=ORIENTED_EDGE('',*,*,#987,.T.);
#573=ORIENTED_EDGE('',*,*,#1043,.F.);
#574=ORIENTED_EDGE('',*,*,#1041,.F.);
#575=ORIENTED_EDGE('',*,*,#1042,.T.);
#576=ORIENTED_EDGE('',*,*,#1044,.T.);
#577=ORIENTED_EDGE('',*,*,#1045,.T.);
#578=ORIENTED_EDGE('',*,*,#1046,.T.);
#579=ORIENTED_EDGE('',*,*,#1047,.T.);
#580=ORIENTED_EDGE('',*,*,#1048,.T.);
#581=ORIENTED_EDGE('',*,*,#1038,.T.);
#582=ORIENTED_EDGE('',*,*,#1049,.T.);
#583=ORIENTED_EDGE('',*,*,#1043,.T.);
#584=ORIENTED_EDGE('',*,*,#986,.T.);
#585=ORIENTED_EDGE('',*,*,#1050,.F.);
#586=ORIENTED_EDGE('',*,*,#1051,.T.);
#587=ORIENTED_EDGE('',*,*,#1052,.F.);
#588=ORIENTED_EDGE('',*,*,#1026,.T.);
#589=ORIENTED_EDGE('',*,*,#1036,.T.);
#590=ORIENTED_EDGE('',*,*,#1048,.F.);
#591=ORIENTED_EDGE('',*,*,#1047,.F.);
#592=ORIENTED_EDGE('',*,*,#1046,.F.);
#593=ORIENTED_EDGE('',*,*,#1045,.F.);
#594=ORIENTED_EDGE('',*,*,#1044,.F.);
#595=ORIENTED_EDGE('',*,*,#1040,.T.);
#596=ORIENTED_EDGE('',*,*,#1049,.F.);
#597=ORIENTED_EDGE('',*,*,#994,.F.);
#598=ORIENTED_EDGE('',*,*,#1007,.T.);
#599=ORIENTED_EDGE('',*,*,#1014,.T.);
#600=ORIENTED_EDGE('',*,*,#1023,.F.);
#601=ORIENTED_EDGE('',*,*,#1052,.T.);
#602=ORIENTED_EDGE('',*,*,#1053,.T.);
#603=ORIENTED_EDGE('',*,*,#996,.T.);
#604=ORIENTED_EDGE('',*,*,#1027,.T.);
#605=ORIENTED_EDGE('',*,*,#1053,.F.);
#606=ORIENTED_EDGE('',*,*,#1051,.F.);
#607=ORIENTED_EDGE('',*,*,#1054,.F.);
#608=ORIENTED_EDGE('',*,*,#997,.T.);
#609=ORIENTED_EDGE('',*,*,#1050,.T.);
#610=ORIENTED_EDGE('',*,*,#985,.T.);
#611=ORIENTED_EDGE('',*,*,#998,.T.);
#612=ORIENTED_EDGE('',*,*,#1054,.T.);
#613=ORIENTED_EDGE('',*,*,#1055,.T.);
#614=ORIENTED_EDGE('',*,*,#1010,.F.);
#615=ORIENTED_EDGE('',*,*,#1056,.F.);
#616=ORIENTED_EDGE('',*,*,#1057,.T.);
#617=ORIENTED_EDGE('',*,*,#1058,.T.);
#618=ORIENTED_EDGE('',*,*,#1059,.F.);
#619=ORIENTED_EDGE('',*,*,#1060,.F.);
#620=ORIENTED_EDGE('',*,*,#1061,.T.);
#621=ORIENTED_EDGE('',*,*,#1062,.T.);
#622=ORIENTED_EDGE('',*,*,#1057,.F.);
#623=ORIENTED_EDGE('',*,*,#1063,.F.);
#624=ORIENTED_EDGE('',*,*,#1064,.T.);
#625=ORIENTED_EDGE('',*,*,#1065,.T.);
#626=ORIENTED_EDGE('',*,*,#1066,.F.);
#627=ORIENTED_EDGE('',*,*,#1067,.F.);
#628=ORIENTED_EDGE('',*,*,#1068,.T.);
#629=ORIENTED_EDGE('',*,*,#1069,.T.);
#630=ORIENTED_EDGE('',*,*,#1064,.F.);
#631=ORIENTED_EDGE('',*,*,#1070,.F.);
#632=ORIENTED_EDGE('',*,*,#1071,.T.);
#633=ORIENTED_EDGE('',*,*,#1072,.T.);
#634=ORIENTED_EDGE('',*,*,#1068,.F.);
#635=ORIENTED_EDGE('',*,*,#1073,.F.);
#636=ORIENTED_EDGE('',*,*,#1059,.T.);
#637=ORIENTED_EDGE('',*,*,#1074,.T.);
#638=ORIENTED_EDGE('',*,*,#1071,.F.);
#639=ORIENTED_EDGE('',*,*,#1075,.F.);
#640=ORIENTED_EDGE('',*,*,#1076,.F.);
#641=ORIENTED_EDGE('',*,*,#1077,.F.);
#642=ORIENTED_EDGE('',*,*,#1065,.F.);
#643=ORIENTED_EDGE('',*,*,#1069,.F.);
#644=ORIENTED_EDGE('',*,*,#1072,.F.);
#645=ORIENTED_EDGE('',*,*,#1074,.F.);
#646=ORIENTED_EDGE('',*,*,#1058,.F.);
#647=ORIENTED_EDGE('',*,*,#1062,.F.);
#648=ORIENTED_EDGE('',*,*,#1078,.F.);
#649=ORIENTED_EDGE('',*,*,#1079,.F.);
#650=ORIENTED_EDGE('',*,*,#1080,.F.);
#651=ORIENTED_EDGE('',*,*,#1081,.F.);
#652=ORIENTED_EDGE('',*,*,#1082,.F.);
#653=ORIENTED_EDGE('',*,*,#1083,.F.);
#654=ORIENTED_EDGE('',*,*,#1084,.F.);
#655=ORIENTED_EDGE('',*,*,#1085,.F.);
#656=ORIENTED_EDGE('',*,*,#1086,.F.);
#657=ORIENTED_EDGE('',*,*,#1087,.F.);
#658=ORIENTED_EDGE('',*,*,#1088,.F.);
#659=ORIENTED_EDGE('',*,*,#1089,.F.);
#660=ORIENTED_EDGE('',*,*,#1090,.F.);
#661=ORIENTED_EDGE('',*,*,#1091,.F.);
#662=ORIENTED_EDGE('',*,*,#1092,.F.);
#663=ORIENTED_EDGE('',*,*,#1055,.F.);
#664=ORIENTED_EDGE('',*,*,#1093,.F.);
#665=ORIENTED_EDGE('',*,*,#1066,.T.);
#666=ORIENTED_EDGE('',*,*,#1077,.T.);
#667=ORIENTED_EDGE('',*,*,#1094,.F.);
#668=ORIENTED_EDGE('',*,*,#1095,.F.);
#669=ORIENTED_EDGE('',*,*,#1094,.T.);
#670=ORIENTED_EDGE('',*,*,#1076,.T.);
#671=ORIENTED_EDGE('',*,*,#1096,.F.);
#672=ORIENTED_EDGE('',*,*,#1097,.F.);
#673=ORIENTED_EDGE('',*,*,#1096,.T.);
#674=ORIENTED_EDGE('',*,*,#1075,.T.);
#675=ORIENTED_EDGE('',*,*,#1098,.F.);
#676=ORIENTED_EDGE('',*,*,#1099,.F.);
#677=ORIENTED_EDGE('',*,*,#1098,.T.);
#678=ORIENTED_EDGE('',*,*,#1080,.T.);
#679=ORIENTED_EDGE('',*,*,#1100,.F.);
#680=ORIENTED_EDGE('',*,*,#1101,.F.);
#681=ORIENTED_EDGE('',*,*,#1100,.T.);
#682=ORIENTED_EDGE('',*,*,#1079,.T.);
#683=ORIENTED_EDGE('',*,*,#1102,.F.);
#684=ORIENTED_EDGE('',*,*,#1103,.F.);
#685=ORIENTED_EDGE('',*,*,#1102,.T.);
#686=ORIENTED_EDGE('',*,*,#1078,.T.);
#687=ORIENTED_EDGE('',*,*,#1061,.F.);
#688=ORIENTED_EDGE('',*,*,#1099,.T.);
#689=ORIENTED_EDGE('',*,*,#1104,.F.);
#690=ORIENTED_EDGE('',*,*,#1084,.T.);
#691=ORIENTED_EDGE('',*,*,#1105,.T.);
#692=ORIENTED_EDGE('',*,*,#1101,.T.);
#693=ORIENTED_EDGE('',*,*,#1106,.F.);
#694=ORIENTED_EDGE('',*,*,#1085,.T.);
#695=ORIENTED_EDGE('',*,*,#1104,.T.);
#696=ORIENTED_EDGE('',*,*,#1103,.T.);
#697=ORIENTED_EDGE('',*,*,#1107,.F.);
#698=ORIENTED_EDGE('',*,*,#1086,.T.);
#699=ORIENTED_EDGE('',*,*,#1106,.T.);
#700=ORIENTED_EDGE('',*,*,#1082,.T.);
#701=ORIENTED_EDGE('',*,*,#1108,.F.);
#702=ORIENTED_EDGE('',*,*,#1095,.T.);
#703=ORIENTED_EDGE('',*,*,#1109,.F.);
#704=ORIENTED_EDGE('',*,*,#1060,.T.);
#705=ORIENTED_EDGE('',*,*,#1110,.F.);
#706=ORIENTED_EDGE('',*,*,#1087,.T.);
#707=ORIENTED_EDGE('',*,*,#1107,.T.);
#708=ORIENTED_EDGE('',*,*,#1056,.T.);
#709=ORIENTED_EDGE('',*,*,#1111,.F.);
#710=ORIENTED_EDGE('',*,*,#1088,.T.);
#711=ORIENTED_EDGE('',*,*,#1110,.T.);
#712=ORIENTED_EDGE('',*,*,#1073,.T.);
#713=ORIENTED_EDGE('',*,*,#1112,.F.);
#714=ORIENTED_EDGE('',*,*,#1089,.T.);
#715=ORIENTED_EDGE('',*,*,#1111,.T.);
#716=ORIENTED_EDGE('',*,*,#1070,.T.);
#717=ORIENTED_EDGE('',*,*,#1113,.F.);
#718=ORIENTED_EDGE('',*,*,#1090,.T.);
#719=ORIENTED_EDGE('',*,*,#1112,.T.);
#720=ORIENTED_EDGE('',*,*,#1091,.T.);
#721=ORIENTED_EDGE('',*,*,#1113,.T.);
#722=ORIENTED_EDGE('',*,*,#1067,.T.);
#723=ORIENTED_EDGE('',*,*,#1114,.F.);
#724=ORIENTED_EDGE('',*,*,#1092,.T.);
#725=ORIENTED_EDGE('',*,*,#1114,.T.);
#726=ORIENTED_EDGE('',*,*,#1063,.T.);
#727=ORIENTED_EDGE('',*,*,#1115,.F.);
#728=ORIENTED_EDGE('',*,*,#1081,.T.);
#729=ORIENTED_EDGE('',*,*,#1115,.T.);
#730=ORIENTED_EDGE('',*,*,#1093,.T.);
#731=ORIENTED_EDGE('',*,*,#1108,.T.);
#732=ORIENTED_EDGE('',*,*,#1083,.T.);
#733=ORIENTED_EDGE('',*,*,#1109,.T.);
#734=ORIENTED_EDGE('',*,*,#1097,.T.);
#735=ORIENTED_EDGE('',*,*,#1105,.F.);
#736=ORIENTED_EDGE('',*,*,#1116,.T.);
#737=ORIENTED_EDGE('',*,*,#1011,.F.);
#738=ORIENTED_EDGE('',*,*,#1117,.F.);
#739=ORIENTED_EDGE('',*,*,#1118,.T.);
#740=ORIENTED_EDGE('',*,*,#1119,.T.);
#741=ORIENTED_EDGE('',*,*,#1120,.F.);
#742=ORIENTED_EDGE('',*,*,#1121,.F.);
#743=ORIENTED_EDGE('',*,*,#1122,.T.);
#744=ORIENTED_EDGE('',*,*,#1123,.T.);
#745=ORIENTED_EDGE('',*,*,#1118,.F.);
#746=ORIENTED_EDGE('',*,*,#1124,.F.);
#747=ORIENTED_EDGE('',*,*,#1125,.T.);
#748=ORIENTED_EDGE('',*,*,#1126,.T.);
#749=ORIENTED_EDGE('',*,*,#1127,.F.);
#750=ORIENTED_EDGE('',*,*,#1128,.F.);
#751=ORIENTED_EDGE('',*,*,#1129,.T.);
#752=ORIENTED_EDGE('',*,*,#1130,.T.);
#753=ORIENTED_EDGE('',*,*,#1125,.F.);
#754=ORIENTED_EDGE('',*,*,#1131,.F.);
#755=ORIENTED_EDGE('',*,*,#1132,.T.);
#756=ORIENTED_EDGE('',*,*,#1133,.T.);
#757=ORIENTED_EDGE('',*,*,#1129,.F.);
#758=ORIENTED_EDGE('',*,*,#1134,.F.);
#759=ORIENTED_EDGE('',*,*,#1120,.T.);
#760=ORIENTED_EDGE('',*,*,#1135,.T.);
#761=ORIENTED_EDGE('',*,*,#1132,.F.);
#762=ORIENTED_EDGE('',*,*,#1136,.F.);
#763=ORIENTED_EDGE('',*,*,#1137,.F.);
#764=ORIENTED_EDGE('',*,*,#1138,.F.);
#765=ORIENTED_EDGE('',*,*,#1126,.F.);
#766=ORIENTED_EDGE('',*,*,#1130,.F.);
#767=ORIENTED_EDGE('',*,*,#1133,.F.);
#768=ORIENTED_EDGE('',*,*,#1135,.F.);
#769=ORIENTED_EDGE('',*,*,#1119,.F.);
#770=ORIENTED_EDGE('',*,*,#1123,.F.);
#771=ORIENTED_EDGE('',*,*,#1139,.F.);
#772=ORIENTED_EDGE('',*,*,#1140,.F.);
#773=ORIENTED_EDGE('',*,*,#1141,.F.);
#774=ORIENTED_EDGE('',*,*,#1142,.F.);
#775=ORIENTED_EDGE('',*,*,#1143,.F.);
#776=ORIENTED_EDGE('',*,*,#1144,.F.);
#777=ORIENTED_EDGE('',*,*,#1145,.F.);
#778=ORIENTED_EDGE('',*,*,#1146,.F.);
#779=ORIENTED_EDGE('',*,*,#1147,.F.);
#780=ORIENTED_EDGE('',*,*,#1148,.F.);
#781=ORIENTED_EDGE('',*,*,#1149,.F.);
#782=ORIENTED_EDGE('',*,*,#1150,.F.);
#783=ORIENTED_EDGE('',*,*,#1151,.F.);
#784=ORIENTED_EDGE('',*,*,#1152,.F.);
#785=ORIENTED_EDGE('',*,*,#1153,.F.);
#786=ORIENTED_EDGE('',*,*,#1116,.F.);
#787=ORIENTED_EDGE('',*,*,#1154,.F.);
#788=ORIENTED_EDGE('',*,*,#1127,.T.);
#789=ORIENTED_EDGE('',*,*,#1138,.T.);
#790=ORIENTED_EDGE('',*,*,#1155,.F.);
#791=ORIENTED_EDGE('',*,*,#1156,.F.);
#792=ORIENTED_EDGE('',*,*,#1155,.T.);
#793=ORIENTED_EDGE('',*,*,#1137,.T.);
#794=ORIENTED_EDGE('',*,*,#1157,.F.);
#795=ORIENTED_EDGE('',*,*,#1158,.F.);
#796=ORIENTED_EDGE('',*,*,#1157,.T.);
#797=ORIENTED_EDGE('',*,*,#1136,.T.);
#798=ORIENTED_EDGE('',*,*,#1159,.F.);
#799=ORIENTED_EDGE('',*,*,#1160,.F.);
#800=ORIENTED_EDGE('',*,*,#1159,.T.);
#801=ORIENTED_EDGE('',*,*,#1141,.T.);
#802=ORIENTED_EDGE('',*,*,#1161,.F.);
#803=ORIENTED_EDGE('',*,*,#1162,.F.);
#804=ORIENTED_EDGE('',*,*,#1161,.T.);
#805=ORIENTED_EDGE('',*,*,#1140,.T.);
#806=ORIENTED_EDGE('',*,*,#1163,.F.);
#807=ORIENTED_EDGE('',*,*,#1164,.F.);
#808=ORIENTED_EDGE('',*,*,#1163,.T.);
#809=ORIENTED_EDGE('',*,*,#1139,.T.);
#810=ORIENTED_EDGE('',*,*,#1122,.F.);
#811=ORIENTED_EDGE('',*,*,#1160,.T.);
#812=ORIENTED_EDGE('',*,*,#1165,.F.);
#813=ORIENTED_EDGE('',*,*,#1145,.T.);
#814=ORIENTED_EDGE('',*,*,#1166,.T.);
#815=ORIENTED_EDGE('',*,*,#1162,.T.);
#816=ORIENTED_EDGE('',*,*,#1167,.F.);
#817=ORIENTED_EDGE('',*,*,#1146,.T.);
#818=ORIENTED_EDGE('',*,*,#1165,.T.);
#819=ORIENTED_EDGE('',*,*,#1164,.T.);
#820=ORIENTED_EDGE('',*,*,#1168,.F.);
#821=ORIENTED_EDGE('',*,*,#1147,.T.);
#822=ORIENTED_EDGE('',*,*,#1167,.T.);
#823=ORIENTED_EDGE('',*,*,#1143,.T.);
#824=ORIENTED_EDGE('',*,*,#1169,.F.);
#825=ORIENTED_EDGE('',*,*,#1156,.T.);
#826=ORIENTED_EDGE('',*,*,#1170,.F.);
#827=ORIENTED_EDGE('',*,*,#1121,.T.);
#828=ORIENTED_EDGE('',*,*,#1171,.F.);
#829=ORIENTED_EDGE('',*,*,#1148,.T.);
#830=ORIENTED_EDGE('',*,*,#1168,.T.);
#831=ORIENTED_EDGE('',*,*,#1117,.T.);
#832=ORIENTED_EDGE('',*,*,#1172,.F.);
#833=ORIENTED_EDGE('',*,*,#1149,.T.);
#834=ORIENTED_EDGE('',*,*,#1171,.T.);
#835=ORIENTED_EDGE('',*,*,#1134,.T.);
#836=ORIENTED_EDGE('',*,*,#1173,.F.);
#837=ORIENTED_EDGE('',*,*,#1150,.T.);
#838=ORIENTED_EDGE('',*,*,#1172,.T.);
#839=ORIENTED_EDGE('',*,*,#1131,.T.);
#840=ORIENTED_EDGE('',*,*,#1174,.F.);
#841=ORIENTED_EDGE('',*,*,#1151,.T.);
#842=ORIENTED_EDGE('',*,*,#1173,.T.);
#843=ORIENTED_EDGE('',*,*,#1152,.T.);
#844=ORIENTED_EDGE('',*,*,#1174,.T.);
#845=ORIENTED_EDGE('',*,*,#1128,.T.);
#846=ORIENTED_EDGE('',*,*,#1175,.F.);
#847=ORIENTED_EDGE('',*,*,#1153,.T.);
#848=ORIENTED_EDGE('',*,*,#1175,.T.);
#849=ORIENTED_EDGE('',*,*,#1124,.T.);
#850=ORIENTED_EDGE('',*,*,#1176,.F.);
#851=ORIENTED_EDGE('',*,*,#1142,.T.);
#852=ORIENTED_EDGE('',*,*,#1176,.T.);
#853=ORIENTED_EDGE('',*,*,#1154,.T.);
#854=ORIENTED_EDGE('',*,*,#1169,.T.);
#855=ORIENTED_EDGE('',*,*,#1144,.T.);
#856=ORIENTED_EDGE('',*,*,#1170,.T.);
#857=ORIENTED_EDGE('',*,*,#1158,.T.);
#858=ORIENTED_EDGE('',*,*,#1166,.F.);
#859=ORIENTED_EDGE('',*,*,#1177,.T.);
#860=ORIENTED_EDGE('',*,*,#1012,.F.);
#861=ORIENTED_EDGE('',*,*,#1178,.F.);
#862=ORIENTED_EDGE('',*,*,#1179,.T.);
#863=ORIENTED_EDGE('',*,*,#1180,.T.);
#864=ORIENTED_EDGE('',*,*,#1181,.F.);
#865=ORIENTED_EDGE('',*,*,#1182,.F.);
#866=ORIENTED_EDGE('',*,*,#1183,.T.);
#867=ORIENTED_EDGE('',*,*,#1184,.T.);
#868=ORIENTED_EDGE('',*,*,#1179,.F.);
#869=ORIENTED_EDGE('',*,*,#1185,.F.);
#870=ORIENTED_EDGE('',*,*,#1186,.T.);
#871=ORIENTED_EDGE('',*,*,#1187,.T.);
#872=ORIENTED_EDGE('',*,*,#1188,.F.);
#873=ORIENTED_EDGE('',*,*,#1189,.F.);
#874=ORIENTED_EDGE('',*,*,#1190,.T.);
#875=ORIENTED_EDGE('',*,*,#1191,.T.);
#876=ORIENTED_EDGE('',*,*,#1186,.F.);
#877=ORIENTED_EDGE('',*,*,#1192,.F.);
#878=ORIENTED_EDGE('',*,*,#1193,.T.);
#879=ORIENTED_EDGE('',*,*,#1194,.T.);
#880=ORIENTED_EDGE('',*,*,#1190,.F.);
#881=ORIENTED_EDGE('',*,*,#1195,.F.);
#882=ORIENTED_EDGE('',*,*,#1181,.T.);
#883=ORIENTED_EDGE('',*,*,#1196,.T.);
#884=ORIENTED_EDGE('',*,*,#1193,.F.);
#885=ORIENTED_EDGE('',*,*,#1197,.F.);
#886=ORIENTED_EDGE('',*,*,#1198,.F.);
#887=ORIENTED_EDGE('',*,*,#1199,.F.);
#888=ORIENTED_EDGE('',*,*,#1187,.F.);
#889=ORIENTED_EDGE('',*,*,#1191,.F.);
#890=ORIENTED_EDGE('',*,*,#1194,.F.);
#891=ORIENTED_EDGE('',*,*,#1196,.F.);
#892=ORIENTED_EDGE('',*,*,#1180,.F.);
#893=ORIENTED_EDGE('',*,*,#1184,.F.);
#894=ORIENTED_EDGE('',*,*,#1200,.F.);
#895=ORIENTED_EDGE('',*,*,#1201,.F.);
#896=ORIENTED_EDGE('',*,*,#1202,.F.);
#897=ORIENTED_EDGE('',*,*,#1203,.F.);
#898=ORIENTED_EDGE('',*,*,#1204,.F.);
#899=ORIENTED_EDGE('',*,*,#1205,.F.);
#900=ORIENTED_EDGE('',*,*,#1206,.F.);
#901=ORIENTED_EDGE('',*,*,#1207,.F.);
#902=ORIENTED_EDGE('',*,*,#1208,.F.);
#903=ORIENTED_EDGE('',*,*,#1209,.F.);
#904=ORIENTED_EDGE('',*,*,#1210,.F.);
#905=ORIENTED_EDGE('',*,*,#1211,.F.);
#906=ORIENTED_EDGE('',*,*,#1212,.F.);
#907=ORIENTED_EDGE('',*,*,#1213,.F.);
#908=ORIENTED_EDGE('',*,*,#1214,.F.);
#909=ORIENTED_EDGE('',*,*,#1177,.F.);
#910=ORIENTED_EDGE('',*,*,#1215,.F.);
#911=ORIENTED_EDGE('',*,*,#1188,.T.);
#912=ORIENTED_EDGE('',*,*,#1199,.T.);
#913=ORIENTED_EDGE('',*,*,#1216,.F.);
#914=ORIENTED_EDGE('',*,*,#1217,.F.);
#915=ORIENTED_EDGE('',*,*,#1216,.T.);
#916=ORIENTED_EDGE('',*,*,#1198,.T.);
#917=ORIENTED_EDGE('',*,*,#1218,.F.);
#918=ORIENTED_EDGE('',*,*,#1219,.F.);
#919=ORIENTED_EDGE('',*,*,#1218,.T.);
#920=ORIENTED_EDGE('',*,*,#1197,.T.);
#921=ORIENTED_EDGE('',*,*,#1220,.F.);
#922=ORIENTED_EDGE('',*,*,#1221,.F.);
#923=ORIENTED_EDGE('',*,*,#1220,.T.);
#924=ORIENTED_EDGE('',*,*,#1202,.T.);
#925=ORIENTED_EDGE('',*,*,#1222,.F.);
#926=ORIENTED_EDGE('',*,*,#1223,.F.);
#927=ORIENTED_EDGE('',*,*,#1222,.T.);
#928=ORIENTED_EDGE('',*,*,#1201,.T.);
#929=ORIENTED_EDGE('',*,*,#1224,.F.);
#930=ORIENTED_EDGE('',*,*,#1225,.F.);
#931=ORIENTED_EDGE('',*,*,#1224,.T.);
#932=ORIENTED_EDGE('',*,*,#1200,.T.);
#933=ORIENTED_EDGE('',*,*,#1183,.F.);
#934=ORIENTED_EDGE('',*,*,#1221,.T.);
#935=ORIENTED_EDGE('',*,*,#1226,.F.);
#936=ORIENTED_EDGE('',*,*,#1206,.T.);
#937=ORIENTED_EDGE('',*,*,#1227,.T.);
#938=ORIENTED_EDGE('',*,*,#1223,.T.);
#939=ORIENTED_EDGE('',*,*,#1228,.F.);
#940=ORIENTED_EDGE('',*,*,#1207,.T.);
#941=ORIENTED_EDGE('',*,*,#1226,.T.);
#942=ORIENTED_EDGE('',*,*,#1225,.T.);
#943=ORIENTED_EDGE('',*,*,#1229,.F.);
#944=ORIENTED_EDGE('',*,*,#1208,.T.);
#945=ORIENTED_EDGE('',*,*,#1228,.T.);
#946=ORIENTED_EDGE('',*,*,#1204,.T.);
#947=ORIENTED_EDGE('',*,*,#1230,.F.);
#948=ORIENTED_EDGE('',*,*,#1217,.T.);
#949=ORIENTED_EDGE('',*,*,#1231,.F.);
#950=ORIENTED_EDGE('',*,*,#1182,.T.);
#951=ORIENTED_EDGE('',*,*,#1232,.F.);
#952=ORIENTED_EDGE('',*,*,#1209,.T.);
#953=ORIENTED_EDGE('',*,*,#1229,.T.);
#954=ORIENTED_EDGE('',*,*,#1178,.T.);
#955=ORIENTED_EDGE('',*,*,#1233,.F.);
#956=ORIENTED_EDGE('',*,*,#1210,.T.);
#957=ORIENTED_EDGE('',*,*,#1232,.T.);
#958=ORIENTED_EDGE('',*,*,#1195,.T.);
#959=ORIENTED_EDGE('',*,*,#1234,.F.);
#960=ORIENTED_EDGE('',*,*,#1211,.T.);
#961=ORIENTED_EDGE('',*,*,#1233,.T.);
#962=ORIENTED_EDGE('',*,*,#1192,.T.);
#963=ORIENTED_EDGE('',*,*,#1235,.F.);
#964=ORIENTED_EDGE('',*,*,#1212,.T.);
#965=ORIENTED_EDGE('',*,*,#1234,.T.);
#966=ORIENTED_EDGE('',*,*,#1213,.T.);
#967=ORIENTED_EDGE('',*,*,#1235,.T.);
#968=ORIENTED_EDGE('',*,*,#1189,.T.);
#969=ORIENTED_EDGE('',*,*,#1236,.F.);
#970=ORIENTED_EDGE('',*,*,#1214,.T.);
#971=ORIENTED_EDGE('',*,*,#1236,.T.);
#972=ORIENTED_EDGE('',*,*,#1185,.T.);
#973=ORIENTED_EDGE('',*,*,#1237,.F.);
#974=ORIENTED_EDGE('',*,*,#1203,.T.);
#975=ORIENTED_EDGE('',*,*,#1237,.T.);
#976=ORIENTED_EDGE('',*,*,#1215,.T.);
#977=ORIENTED_EDGE('',*,*,#1230,.T.);
#978=ORIENTED_EDGE('',*,*,#1205,.T.);
#979=ORIENTED_EDGE('',*,*,#1231,.T.);
#980=ORIENTED_EDGE('',*,*,#1219,.T.);
#981=ORIENTED_EDGE('',*,*,#1227,.F.);
#982=EDGE_CURVE('',#1238,#1239,#1398,.F.);
#983=EDGE_CURVE('',#1240,#1238,#44,.T.);
#984=EDGE_CURVE('',#1240,#1241,#45,.T.);
#985=EDGE_CURVE('',#1242,#1241,#46,.T.);
#986=EDGE_CURVE('',#1243,#1242,#47,.T.);
#987=EDGE_CURVE('',#1239,#1243,#48,.T.);
#988=EDGE_CURVE('',#1238,#1244,#1399,.T.);
#989=EDGE_CURVE('',#1244,#1245,#49,.T.);
#990=EDGE_CURVE('',#1245,#1240,#22,.T.);
#991=EDGE_CURVE('',#1246,#1247,#50,.T.);
#992=EDGE_CURVE('',#1246,#1248,#51,.T.);
#993=EDGE_CURVE('',#1248,#1249,#52,.T.);
#994=EDGE_CURVE('',#1249,#1247,#53,.T.);
#995=EDGE_CURVE('',#1250,#1251,#54,.T.);
#996=EDGE_CURVE('',#1252,#1250,#23,.T.);
#997=EDGE_CURVE('',#1253,#1252,#55,.T.);
#998=EDGE_CURVE('',#1241,#1253,#24,.T.);
#999=EDGE_CURVE('',#1254,#1245,#56,.T.);
#1000=EDGE_CURVE('',#1251,#1254,#25,.T.);
#1001=EDGE_CURVE('',#1254,#1255,#57,.T.);
#1002=EDGE_CURVE('',#1255,#1244,#1400,.F.);
#1003=EDGE_CURVE('',#1255,#1256,#1401,.T.);
#1004=EDGE_CURVE('',#1256,#1251,#58,.T.);
#1005=EDGE_CURVE('',#1248,#1257,#59,.T.);
#1006=EDGE_CURVE('',#1257,#1258,#60,.T.);
#1007=EDGE_CURVE('',#1249,#1258,#61,.T.);
#1008=EDGE_CURVE('',#1246,#1259,#62,.T.);
#1009=EDGE_CURVE('',#1259,#1257,#63,.T.);
#1010=EDGE_CURVE('',#1260,#1260,#26,.T.);
#1011=EDGE_CURVE('',#1261,#1261,#27,.T.);
#1012=EDGE_CURVE('',#1262,#1262,#28,.T.);
#1013=EDGE_CURVE('',#1263,#1259,#64,.T.);
#1014=EDGE_CURVE('',#1258,#1263,#65,.T.);
#1015=EDGE_CURVE('',#1239,#1264,#1402,.F.);
#1016=EDGE_CURVE('',#1265,#1264,#1403,.F.);
#1017=EDGE_CURVE('',#1266,#1265,#1404,.F.);
#1018=EDGE_CURVE('',#1267,#1266,#1405,.F.);
#1019=EDGE_CURVE('',#1267,#1244,#1406,.T.);
#1020=EDGE_CURVE('',#1264,#1268,#1407,.F.);
#1021=EDGE_CURVE('',#1268,#1269,#1408,.T.);
#1022=EDGE_CURVE('',#1266,#1269,#1409,.F.);
#1023=EDGE_CURVE('',#1247,#1263,#66,.T.);
#1024=EDGE_CURVE('',#1270,#1256,#1410,.F.);
#1025=EDGE_CURVE('',#1270,#1271,#67,.T.);
#1026=EDGE_CURVE('',#1272,#1271,#68,.T.);
#1027=EDGE_CURVE('',#1250,#1272,#69,.T.);
#1028=EDGE_CURVE('',#1273,#1270,#1411,.F.);
#1029=EDGE_CURVE('',#1274,#1267,#1412,.F.);
#1030=EDGE_CURVE('',#1275,#1274,#1413,.F.);
#1031=EDGE_CURVE('',#1273,#1275,#1414,.F.);
#1032=EDGE_CURVE('',#1276,#1273,#1415,.F.);
#1033=EDGE_CURVE('',#1269,#1276,#1416,.F.);
#1034=EDGE_CURVE('',#1268,#1276,#29,.T.);
#1035=EDGE_CURVE('',#1273,#1277,#70,.T.);
#1036=EDGE_CURVE('',#1271,#1277,#1417,.F.);
#1037=EDGE_CURVE('',#1276,#1278,#71,.T.);
#1038=EDGE_CURVE('',#1277,#1278,#1418,.F.);
#1039=EDGE_CURVE('',#1268,#1279,#72,.T.);
#1040=EDGE_CURVE('',#1278,#1279,#30,.T.);
#1041=EDGE_CURVE('',#1264,#1280,#73,.T.);
#1042=EDGE_CURVE('',#1279,#1280,#1419,.F.);
#1043=EDGE_CURVE('',#1280,#1243,#1420,.F.);
#1044=EDGE_CURVE('',#1280,#1281,#1421,.T.);
#1045=EDGE_CURVE('',#1281,#1282,#1422,.T.);
#1046=EDGE_CURVE('',#1282,#1283,#1423,.T.);
#1047=EDGE_CURVE('',#1283,#1284,#1424,.T.);
#1048=EDGE_CURVE('',#1284,#1277,#1425,.T.);
#1049=EDGE_CURVE('',#1278,#1279,#1426,.F.);
#1050=EDGE_CURVE('',#1285,#1242,#1427,.T.);
#1051=EDGE_CURVE('',#1285,#1286,#74,.T.);
#1052=EDGE_CURVE('',#1272,#1286,#1428,.T.);
#1053=EDGE_CURVE('',#1286,#1252,#75,.T.);
#1054=EDGE_CURVE('',#1253,#1285,#76,.T.);
#1055=EDGE_CURVE('',#1287,#1287,#31,.T.);
#1056=EDGE_CURVE('',#1288,#1289,#77,.T.);
#1057=EDGE_CURVE('',#1288,#1290,#78,.T.);
#1058=EDGE_CURVE('',#1290,#1291,#79,.T.);
#1059=EDGE_CURVE('',#1289,#1291,#80,.T.);
#1060=EDGE_CURVE('',#1292,#1288,#81,.T.);
#1061=EDGE_CURVE('',#1292,#1293,#82,.T.);
#1062=EDGE_CURVE('',#1293,#1290,#83,.T.);
#1063=EDGE_CURVE('',#1294,#1295,#84,.T.);
#1064=EDGE_CURVE('',#1294,#1296,#85,.T.);
#1065=EDGE_CURVE('',#1296,#1297,#86,.T.);
#1066=EDGE_CURVE('',#1295,#1297,#87,.T.);
#1067=EDGE_CURVE('',#1298,#1294,#88,.T.);
#1068=EDGE_CURVE('',#1298,#1299,#89,.T.);
#1069=EDGE_CURVE('',#1299,#1296,#90,.T.);
#1070=EDGE_CURVE('',#1300,#1298,#91,.T.);
#1071=EDGE_CURVE('',#1300,#1301,#92,.T.);
#1072=EDGE_CURVE('',#1301,#1299,#93,.T.);
#1073=EDGE_CURVE('',#1289,#1300,#94,.T.);
#1074=EDGE_CURVE('',#1291,#1301,#95,.T.);
#1075=EDGE_CURVE('',#1302,#1303,#96,.T.);
#1076=EDGE_CURVE('',#1304,#1302,#97,.T.);
#1077=EDGE_CURVE('',#1297,#1304,#98,.T.);
#1078=EDGE_CURVE('',#1305,#1293,#99,.T.);
#1079=EDGE_CURVE('',#1306,#1305,#100,.T.);
#1080=EDGE_CURVE('',#1303,#1306,#101,.T.);
#1081=EDGE_CURVE('',#1307,#1308,#102,.T.);
#1082=EDGE_CURVE('',#1309,#1307,#103,.T.);
#1083=EDGE_CURVE('',#1310,#1309,#104,.T.);
#1084=EDGE_CURVE('',#1311,#1310,#105,.T.);
#1085=EDGE_CURVE('',#1312,#1311,#106,.T.);
#1086=EDGE_CURVE('',#1313,#1312,#107,.T.);
#1087=EDGE_CURVE('',#1314,#1313,#108,.T.);
#1088=EDGE_CURVE('',#1315,#1314,#109,.T.);
#1089=EDGE_CURVE('',#1316,#1315,#110,.T.);
#1090=EDGE_CURVE('',#1317,#1316,#111,.T.);
#1091=EDGE_CURVE('',#1318,#1317,#112,.T.);
#1092=EDGE_CURVE('',#1308,#1318,#113,.T.);
#1093=EDGE_CURVE('',#1295,#1319,#114,.T.);
#1094=EDGE_CURVE('',#1319,#1304,#115,.T.);
#1095=EDGE_CURVE('',#1319,#1320,#116,.T.);
#1096=EDGE_CURVE('',#1320,#1302,#117,.T.);
#1097=EDGE_CURVE('',#1320,#1321,#118,.T.);
#1098=EDGE_CURVE('',#1321,#1303,#119,.T.);
#1099=EDGE_CURVE('',#1321,#1322,#120,.T.);
#1100=EDGE_CURVE('',#1322,#1306,#121,.T.);
#1101=EDGE_CURVE('',#1322,#1323,#122,.T.);
#1102=EDGE_CURVE('',#1323,#1305,#123,.T.);
#1103=EDGE_CURVE('',#1323,#1292,#124,.T.);
#1104=EDGE_CURVE('',#1311,#1322,#125,.T.);
#1105=EDGE_CURVE('',#1310,#1321,#126,.T.);
#1106=EDGE_CURVE('',#1312,#1323,#127,.T.);
#1107=EDGE_CURVE('',#1313,#1292,#128,.T.);
#1108=EDGE_CURVE('',#1319,#1307,#129,.T.);
#1109=EDGE_CURVE('',#1309,#1320,#130,.T.);
#1110=EDGE_CURVE('',#1314,#1288,#131,.T.);
#1111=EDGE_CURVE('',#1315,#1289,#132,.T.);
#1112=EDGE_CURVE('',#1316,#1300,#133,.T.);
#1113=EDGE_CURVE('',#1317,#1298,#134,.T.);
#1114=EDGE_CURVE('',#1318,#1294,#135,.T.);
#1115=EDGE_CURVE('',#1308,#1295,#136,.T.);
#1116=EDGE_CURVE('',#1324,#1324,#32,.T.);
#1117=EDGE_CURVE('',#1325,#1326,#137,.T.);
#1118=EDGE_CURVE('',#1325,#1327,#138,.T.);
#1119=EDGE_CURVE('',#1327,#1328,#139,.T.);
#1120=EDGE_CURVE('',#1326,#1328,#140,.T.);
#1121=EDGE_CURVE('',#1329,#1325,#141,.T.);
#1122=EDGE_CURVE('',#1329,#1330,#142,.T.);
#1123=EDGE_CURVE('',#1330,#1327,#143,.T.);
#1124=EDGE_CURVE('',#1331,#1332,#144,.T.);
#1125=EDGE_CURVE('',#1331,#1333,#145,.T.);
#1126=EDGE_CURVE('',#1333,#1334,#146,.T.);
#1127=EDGE_CURVE('',#1332,#1334,#147,.T.);
#1128=EDGE_CURVE('',#1335,#1331,#148,.T.);
#1129=EDGE_CURVE('',#1335,#1336,#149,.T.);
#1130=EDGE_CURVE('',#1336,#1333,#150,.T.);
#1131=EDGE_CURVE('',#1337,#1335,#151,.T.);
#1132=EDGE_CURVE('',#1337,#1338,#152,.T.);
#1133=EDGE_CURVE('',#1338,#1336,#153,.T.);
#1134=EDGE_CURVE('',#1326,#1337,#154,.T.);
#1135=EDGE_CURVE('',#1328,#1338,#155,.T.);
#1136=EDGE_CURVE('',#1339,#1340,#156,.T.);
#1137=EDGE_CURVE('',#1341,#1339,#157,.T.);
#1138=EDGE_CURVE('',#1334,#1341,#158,.T.);
#1139=EDGE_CURVE('',#1342,#1330,#159,.T.);
#1140=EDGE_CURVE('',#1343,#1342,#160,.T.);
#1141=EDGE_CURVE('',#1340,#1343,#161,.T.);
#1142=EDGE_CURVE('',#1344,#1345,#162,.T.);
#1143=EDGE_CURVE('',#1346,#1344,#163,.T.);
#1144=EDGE_CURVE('',#1347,#1346,#164,.T.);
#1145=EDGE_CURVE('',#1348,#1347,#165,.T.);
#1146=EDGE_CURVE('',#1349,#1348,#166,.T.);
#1147=EDGE_CURVE('',#1350,#1349,#167,.T.);
#1148=EDGE_CURVE('',#1351,#1350,#168,.T.);
#1149=EDGE_CURVE('',#1352,#1351,#169,.T.);
#1150=EDGE_CURVE('',#1353,#1352,#170,.T.);
#1151=EDGE_CURVE('',#1354,#1353,#171,.T.);
#1152=EDGE_CURVE('',#1355,#1354,#172,.T.);
#1153=EDGE_CURVE('',#1345,#1355,#173,.T.);
#1154=EDGE_CURVE('',#1332,#1356,#174,.T.);
#1155=EDGE_CURVE('',#1356,#1341,#175,.T.);
#1156=EDGE_CURVE('',#1356,#1357,#176,.T.);
#1157=EDGE_CURVE('',#1357,#1339,#177,.T.);
#1158=EDGE_CURVE('',#1357,#1358,#178,.T.);
#1159=EDGE_CURVE('',#1358,#1340,#179,.T.);
#1160=EDGE_CURVE('',#1358,#1359,#180,.T.);
#1161=EDGE_CURVE('',#1359,#1343,#181,.T.);
#1162=EDGE_CURVE('',#1359,#1360,#182,.T.);
#1163=EDGE_CURVE('',#1360,#1342,#183,.T.);
#1164=EDGE_CURVE('',#1360,#1329,#184,.T.);
#1165=EDGE_CURVE('',#1348,#1359,#185,.T.);
#1166=EDGE_CURVE('',#1347,#1358,#186,.T.);
#1167=EDGE_CURVE('',#1349,#1360,#187,.T.);
#1168=EDGE_CURVE('',#1350,#1329,#188,.T.);
#1169=EDGE_CURVE('',#1356,#1344,#189,.T.);
#1170=EDGE_CURVE('',#1346,#1357,#190,.T.);
#1171=EDGE_CURVE('',#1351,#1325,#191,.T.);
#1172=EDGE_CURVE('',#1352,#1326,#192,.T.);
#1173=EDGE_CURVE('',#1353,#1337,#193,.T.);
#1174=EDGE_CURVE('',#1354,#1335,#194,.T.);
#1175=EDGE_CURVE('',#1355,#1331,#195,.T.);
#1176=EDGE_CURVE('',#1345,#1332,#196,.T.);
#1177=EDGE_CURVE('',#1361,#1361,#33,.T.);
#1178=EDGE_CURVE('',#1362,#1363,#197,.T.);
#1179=EDGE_CURVE('',#1362,#1364,#198,.T.);
#1180=EDGE_CURVE('',#1364,#1365,#199,.T.);
#1181=EDGE_CURVE('',#1363,#1365,#200,.T.);
#1182=EDGE_CURVE('',#1366,#1362,#201,.T.);
#1183=EDGE_CURVE('',#1366,#1367,#202,.T.);
#1184=EDGE_CURVE('',#1367,#1364,#203,.T.);
#1185=EDGE_CURVE('',#1368,#1369,#204,.T.);
#1186=EDGE_CURVE('',#1368,#1370,#205,.T.);
#1187=EDGE_CURVE('',#1370,#1371,#206,.T.);
#1188=EDGE_CURVE('',#1369,#1371,#207,.T.);
#1189=EDGE_CURVE('',#1372,#1368,#208,.T.);
#1190=EDGE_CURVE('',#1372,#1373,#209,.T.);
#1191=EDGE_CURVE('',#1373,#1370,#210,.T.);
#1192=EDGE_CURVE('',#1374,#1372,#211,.T.);
#1193=EDGE_CURVE('',#1374,#1375,#212,.T.);
#1194=EDGE_CURVE('',#1375,#1373,#213,.T.);
#1195=EDGE_CURVE('',#1363,#1374,#214,.T.);
#1196=EDGE_CURVE('',#1365,#1375,#215,.T.);
#1197=EDGE_CURVE('',#1376,#1377,#216,.T.);
#1198=EDGE_CURVE('',#1378,#1376,#217,.T.);
#1199=EDGE_CURVE('',#1371,#1378,#218,.T.);
#1200=EDGE_CURVE('',#1379,#1367,#219,.T.);
#1201=EDGE_CURVE('',#1380,#1379,#220,.T.);
#1202=EDGE_CURVE('',#1377,#1380,#221,.T.);
#1203=EDGE_CURVE('',#1381,#1382,#222,.T.);
#1204=EDGE_CURVE('',#1383,#1381,#223,.T.);
#1205=EDGE_CURVE('',#1384,#1383,#224,.T.);
#1206=EDGE_CURVE('',#1385,#1384,#225,.T.);
#1207=EDGE_CURVE('',#1386,#1385,#226,.T.);
#1208=EDGE_CURVE('',#1387,#1386,#227,.T.);
#1209=EDGE_CURVE('',#1388,#1387,#228,.T.);
#1210=EDGE_CURVE('',#1389,#1388,#229,.T.);
#1211=EDGE_CURVE('',#1390,#1389,#230,.T.);
#1212=EDGE_CURVE('',#1391,#1390,#231,.T.);
#1213=EDGE_CURVE('',#1392,#1391,#232,.T.);
#1214=EDGE_CURVE('',#1382,#1392,#233,.T.);
#1215=EDGE_CURVE('',#1369,#1393,#234,.T.);
#1216=EDGE_CURVE('',#1393,#1378,#235,.T.);
#1217=EDGE_CURVE('',#1393,#1394,#236,.T.);
#1218=EDGE_CURVE('',#1394,#1376,#237,.T.);
#1219=EDGE_CURVE('',#1394,#1395,#238,.T.);
#1220=EDGE_CURVE('',#1395,#1377,#239,.T.);
#1221=EDGE_CURVE('',#1395,#1396,#240,.T.);
#1222=EDGE_CURVE('',#1396,#1380,#241,.T.);
#1223=EDGE_CURVE('',#1396,#1397,#242,.T.);
#1224=EDGE_CURVE('',#1397,#1379,#243,.T.);
#1225=EDGE_CURVE('',#1397,#1366,#244,.T.);
#1226=EDGE_CURVE('',#1385,#1396,#245,.T.);
#1227=EDGE_CURVE('',#1384,#1395,#246,.T.);
#1228=EDGE_CURVE('',#1386,#1397,#247,.T.);
#1229=EDGE_CURVE('',#1387,#1366,#248,.T.);
#1230=EDGE_CURVE('',#1393,#1381,#249,.T.);
#1231=EDGE_CURVE('',#1383,#1394,#250,.T.);
#1232=EDGE_CURVE('',#1388,#1362,#251,.T.);
#1233=EDGE_CURVE('',#1389,#1363,#252,.T.);
#1234=EDGE_CURVE('',#1390,#1374,#253,.T.);
#1235=EDGE_CURVE('',#1391,#1372,#254,.T.);
#1236=EDGE_CURVE('',#1392,#1368,#255,.T.);
#1237=EDGE_CURVE('',#1382,#1369,#256,.T.);
#1238=VERTEX_POINT('',#2431);
#1239=VERTEX_POINT('',#2432);
#1240=VERTEX_POINT('',#2434);
#1241=VERTEX_POINT('',#2436);
#1242=VERTEX_POINT('',#2438);
#1243=VERTEX_POINT('',#2440);
#1244=VERTEX_POINT('',#2447);
#1245=VERTEX_POINT('',#2449);
#1246=VERTEX_POINT('',#2453);
#1247=VERTEX_POINT('',#2454);
#1248=VERTEX_POINT('',#2456);
#1249=VERTEX_POINT('',#2458);
#1250=VERTEX_POINT('',#2461);
#1251=VERTEX_POINT('',#2462);
#1252=VERTEX_POINT('',#2464);
#1253=VERTEX_POINT('',#2466);
#1254=VERTEX_POINT('',#2469);
#1255=VERTEX_POINT('',#2473);
#1256=VERTEX_POINT('',#2483);
#1257=VERTEX_POINT('',#2487);
#1258=VERTEX_POINT('',#2489);
#1259=VERTEX_POINT('',#2493);
#1260=VERTEX_POINT('',#2497);
#1261=VERTEX_POINT('',#2499);
#1262=VERTEX_POINT('',#2501);
#1263=VERTEX_POINT('',#2503);
#1264=VERTEX_POINT('',#2565);
#1265=VERTEX_POINT('',#2586);
#1266=VERTEX_POINT('',#2595);
#1267=VERTEX_POINT('',#2602);
#1268=VERTEX_POINT('',#2803);
#1269=VERTEX_POINT('',#2852);
#1270=VERTEX_POINT('',#2864);
#1271=VERTEX_POINT('',#2866);
#1272=VERTEX_POINT('',#2868);
#1273=VERTEX_POINT('',#2936);
#1274=VERTEX_POINT('',#2962);
#1275=VERTEX_POINT('',#2972);
#1276=VERTEX_POINT('',#3099);
#1277=VERTEX_POINT('',#3151);
#1278=VERTEX_POINT('',#3160);
#1279=VERTEX_POINT('',#3167);
#1280=VERTEX_POINT('',#3171);
#1281=VERTEX_POINT('',#3342);
#1282=VERTEX_POINT('',#3349);
#1283=VERTEX_POINT('',#3362);
#1284=VERTEX_POINT('',#3369);
#1285=VERTEX_POINT('',#3538);
#1286=VERTEX_POINT('',#3540);
#1287=VERTEX_POINT('',#3554);
#1288=VERTEX_POINT('',#3557);
#1289=VERTEX_POINT('',#3558);
#1290=VERTEX_POINT('',#3560);
#1291=VERTEX_POINT('',#3562);
#1292=VERTEX_POINT('',#3566);
#1293=VERTEX_POINT('',#3568);
#1294=VERTEX_POINT('',#3572);
#1295=VERTEX_POINT('',#3573);
#1296=VERTEX_POINT('',#3575);
#1297=VERTEX_POINT('',#3577);
#1298=VERTEX_POINT('',#3581);
#1299=VERTEX_POINT('',#3583);
#1300=VERTEX_POINT('',#3587);
#1301=VERTEX_POINT('',#3589);
#1302=VERTEX_POINT('',#3596);
#1303=VERTEX_POINT('',#3597);
#1304=VERTEX_POINT('',#3599);
#1305=VERTEX_POINT('',#3602);
#1306=VERTEX_POINT('',#3604);
#1307=VERTEX_POINT('',#3608);
#1308=VERTEX_POINT('',#3609);
#1309=VERTEX_POINT('',#3611);
#1310=VERTEX_POINT('',#3613);
#1311=VERTEX_POINT('',#3615);
#1312=VERTEX_POINT('',#3617);
#1313=VERTEX_POINT('',#3619);
#1314=VERTEX_POINT('',#3621);
#1315=VERTEX_POINT('',#3623);
#1316=VERTEX_POINT('',#3625);
#1317=VERTEX_POINT('',#3627);
#1318=VERTEX_POINT('',#3629);
#1319=VERTEX_POINT('',#3633);
#1320=VERTEX_POINT('',#3637);
#1321=VERTEX_POINT('',#3641);
#1322=VERTEX_POINT('',#3645);
#1323=VERTEX_POINT('',#3649);
#1324=VERTEX_POINT('',#3679);
#1325=VERTEX_POINT('',#3682);
#1326=VERTEX_POINT('',#3683);
#1327=VERTEX_POINT('',#3685);
#1328=VERTEX_POINT('',#3687);
#1329=VERTEX_POINT('',#3691);
#1330=VERTEX_POINT('',#3693);
#1331=VERTEX_POINT('',#3697);
#1332=VERTEX_POINT('',#3698);
#1333=VERTEX_POINT('',#3700);
#1334=VERTEX_POINT('',#3702);
#1335=VERTEX_POINT('',#3706);
#1336=VERTEX_POINT('',#3708);
#1337=VERTEX_POINT('',#3712);
#1338=VERTEX_POINT('',#3714);
#1339=VERTEX_POINT('',#3721);
#1340=VERTEX_POINT('',#3722);
#1341=VERTEX_POINT('',#3724);
#1342=VERTEX_POINT('',#3727);
#1343=VERTEX_POINT('',#3729);
#1344=VERTEX_POINT('',#3733);
#1345=VERTEX_POINT('',#3734);
#1346=VERTEX_POINT('',#3736);
#1347=VERTEX_POINT('',#3738);
#1348=VERTEX_POINT('',#3740);
#1349=VERTEX_POINT('',#3742);
#1350=VERTEX_POINT('',#3744);
#1351=VERTEX_POINT('',#3746);
#1352=VERTEX_POINT('',#3748);
#1353=VERTEX_POINT('',#3750);
#1354=VERTEX_POINT('',#3752);
#1355=VERTEX_POINT('',#3754);
#1356=VERTEX_POINT('',#3758);
#1357=VERTEX_POINT('',#3762);
#1358=VERTEX_POINT('',#3766);
#1359=VERTEX_POINT('',#3770);
#1360=VERTEX_POINT('',#3774);
#1361=VERTEX_POINT('',#3804);
#1362=VERTEX_POINT('',#3807);
#1363=VERTEX_POINT('',#3808);
#1364=VERTEX_POINT('',#3810);
#1365=VERTEX_POINT('',#3812);
#1366=VERTEX_POINT('',#3816);
#1367=VERTEX_POINT('',#3818);
#1368=VERTEX_POINT('',#3822);
#1369=VERTEX_POINT('',#3823);
#1370=VERTEX_POINT('',#3825);
#1371=VERTEX_POINT('',#3827);
#1372=VERTEX_POINT('',#3831);
#1373=VERTEX_POINT('',#3833);
#1374=VERTEX_POINT('',#3837);
#1375=VERTEX_POINT('',#3839);
#1376=VERTEX_POINT('',#3846);
#1377=VERTEX_POINT('',#3847);
#1378=VERTEX_POINT('',#3849);
#1379=VERTEX_POINT('',#3852);
#1380=VERTEX_POINT('',#3854);
#1381=VERTEX_POINT('',#3858);
#1382=VERTEX_POINT('',#3859);
#1383=VERTEX_POINT('',#3861);
#1384=VERTEX_POINT('',#3863);
#1385=VERTEX_POINT('',#3865);
#1386=VERTEX_POINT('',#3867);
#1387=VERTEX_POINT('',#3869);
#1388=VERTEX_POINT('',#3871);
#1389=VERTEX_POINT('',#3873);
#1390=VERTEX_POINT('',#3875);
#1391=VERTEX_POINT('',#3877);
#1392=VERTEX_POINT('',#3879);
#1393=VERTEX_POINT('',#3883);
#1394=VERTEX_POINT('',#3887);
#1395=VERTEX_POINT('',#3891);
#1396=VERTEX_POINT('',#3895);
#1397=VERTEX_POINT('',#3899);
#1398=B_SPLINE_CURVE_WITH_KNOTS('',3,(#2427,#2428,#2429,#2430),
 .UNSPECIFIED.,.F.,.F.,(4,4),(0.,1.),.UNSPECIFIED.);
#1399=B_SPLINE_CURVE_WITH_KNOTS('',3,(#2443,#2444,#2445,#2446),
 .UNSPECIFIED.,.F.,.F.,(4,4),(0.,1.),.UNSPECIFIED.);
#1400=B_SPLINE_CURVE_WITH_KNOTS('',3,(#2474,#2475,#2476,#2477),
 .UNSPECIFIED.,.F.,.F.,(4,4),(0.,1.),.UNSPECIFIED.);
#1401=B_SPLINE_CURVE_WITH_KNOTS('',3,(#2479,#2480,#2481,#2482),
 .UNSPECIFIED.,.F.,.F.,(4,4),(0.,1.),.UNSPECIFIED.);
#1402=B_SPLINE_CURVE_WITH_KNOTS('',3,(#2557,#2558,#2559,#2560,#2561,#2562,
#2563,#2564),.UNSPECIFIED.,.F.,.F.,(4,1,1,1,1,4),(0.,0.25,0.5,0.625,0.75,
1.),.UNSPECIFIED.);
#1403=B_SPLINE_CURVE_WITH_KNOTS('',3,(#2566,#2567,#2568,#2569,#2570,#2571,
#2572,#2573,#2574,#2575,#2576,#2577,#2578,#2579,#2580,#2581,#2582,#2583,
#2584,#2585),.UNSPECIFIED.,.F.,.F.,(4,1,1,1,1,1,1,1,1,1,1,1,1,1,1,1,1,4),
(0.,0.25,0.375,0.4375,0.5,0.5625,0.625,0.6875,0.75,0.78125,0.8125,0.84375,
0.859375,0.875,0.890625,0.90625,0.9375,1.),.UNSPECIFIED.);
#1404=B_SPLINE_CURVE_WITH_KNOTS('',3,(#2587,#2588,#2589,#2590,#2591,#2592,
#2593,#2594),.UNSPECIFIED.,.F.,.F.,(4,1,1,1,1,4),(0.,0.125,0.25,0.5,0.75,
1.),.UNSPECIFIED.);
#1405=B_SPLINE_CURVE_WITH_KNOTS('',3,(#2596,#2597,#2598,#2599,#2600,#2601),
 .UNSPECIFIED.,.F.,.F.,(4,1,1,4),(0.,0.5,0.75,1.),.UNSPECIFIED.);
#1406=B_SPLINE_CURVE_WITH_KNOTS('',3,(#2603,#2604,#2605,#2606),
 .UNSPECIFIED.,.F.,.F.,(4,4),(0.0250017642314024,1.),.UNSPECIFIED.);
#1407=B_SPLINE_CURVE_WITH_KNOTS('',3,(#2799,#2800,#2801,#2802),
 .UNSPECIFIED.,.F.,.F.,(4,4),(0.,1.),.UNSPECIFIED.);
#1408=B_SPLINE_CURVE_WITH_KNOTS('',3,(#2804,#2805,#2806,#2807,#2808,#2809,
#2810,#2811,#2812,#2813,#2814,#2815,#2816,#2817,#2818,#2819,#2820,#2821,
#2822,#2823,#2824,#2825,#2826,#2827,#2828,#2829,#2830,#2831,#2832,#2833,
#2834,#2835,#2836,#2837,#2838,#2839,#2840,#2841,#2842,#2843,#2844,#2845,
#2846,#2847,#2848,#2849,#2850,#2851),.UNSPECIFIED.,.F.,.F.,(4,1,1,1,1,1,
1,1,1,1,1,1,1,1,1,1,1,1,1,1,1,1,1,1,1,1,1,1,1,1,1,1,1,1,1,1,1,1,1,1,1,2,
1,1,4),(6.07232020137285,6.11621130333111,6.16010240528938,6.20399350724764,
6.2478846092059,6.29177571116416,6.33566681312242,6.37955791508068,6.42344901703894,
6.46734011899721,6.51123122095547,6.55512232291373,6.59901342487199,6.64290452683025,
6.68679562878851,6.73068673074677,6.77457783270503,6.8184689346633,6.84041448564243,
6.86236003662156,6.86784642436634,6.87333281211112,6.88430558760069,6.90076475083504,
6.90625113857982,6.91722391406938,6.92271030181417,6.92545349568656,6.92819668955895,
6.93368307730373,6.93916946504851,6.9446558527933,6.9453416512614,6.94602744972949,
6.94739904666569,6.94877064360188,6.94911354283593,6.94945644206998,6.94979934130403,
6.94997079092106,6.95005651572957,6.95014224053808,6.98189298843631,6.99776836238542,
7.02951911028365),.UNSPECIFIED.);
#1409=B_SPLINE_CURVE_WITH_KNOTS('',3,(#2853,#2854,#2855,#2856),
 .UNSPECIFIED.,.F.,.F.,(4,4),(0.,1.),.UNSPECIFIED.);
#1410=B_SPLINE_CURVE_WITH_KNOTS('',3,(#2860,#2861,#2862,#2863),
 .UNSPECIFIED.,.F.,.F.,(4,4),(0.,1.),.UNSPECIFIED.);
#1411=B_SPLINE_CURVE_WITH_KNOTS('',3,(#2930,#2931,#2932,#2933,#2934,#2935),
 .UNSPECIFIED.,.F.,.F.,(4,1,1,4),(0.,0.25,0.5,1.),.UNSPECIFIED.);
#1412=B_SPLINE_CURVE_WITH_KNOTS('',3,(#2937,#2938,#2939,#2940,#2941,#2942,
#2943,#2944,#2945,#2946,#2947,#2948,#2949,#2950,#2951,#2952,#2953,#2954,
#2955,#2956,#2957,#2958,#2959,#2960,#2961),.UNSPECIFIED.,.F.,.F.,(4,1,1,
1,1,1,1,1,1,1,1,1,1,1,1,1,1,1,1,1,1,1,4),(0.,0.03125,0.0625,0.09375,0.109375,
0.1171875,0.125,0.1328125,0.140625,0.15625,0.1875,0.21875,0.25,0.28125,
0.3125,0.375,0.5,0.625,0.6875,0.75,0.8125,0.875,1.),.UNSPECIFIED.);
#1413=B_SPLINE_CURVE_WITH_KNOTS('',3,(#2963,#2964,#2965,#2966,#2967,#2968,
#2969,#2970,#2971),.UNSPECIFIED.,.F.,.F.,(4,1,1,1,1,1,4),(0.,0.0625,0.125,
0.25,0.5,0.75,1.),.UNSPECIFIED.);
#1414=B_SPLINE_CURVE_WITH_KNOTS('',3,(#2973,#2974,#2975,#2976,#2977,#2978,
#2979,#2980,#2981,#2982,#2983,#2984,#2985,#2986,#2987,#2988,#2989,#2990),
 .UNSPECIFIED.,.F.,.F.,(4,1,1,1,1,1,1,1,1,1,1,1,1,1,1,4),(0.,0.0625,0.125,
0.1875,0.21875,0.234375,0.25,0.265625,0.28125,0.3125,0.375,0.4375,0.5,0.625,
0.75,1.),.UNSPECIFIED.);
#1415=B_SPLINE_CURVE_WITH_KNOTS('',3,(#3095,#3096,#3097,#3098),
 .UNSPECIFIED.,.F.,.F.,(4,4),(0.,1.),.UNSPECIFIED.);
#1416=B_SPLINE_CURVE_WITH_KNOTS('',3,(#3100,#3101,#3102,#3103,#3104,#3105,
#3106,#3107,#3108,#3109,#3110,#3111,#3112,#3113,#3114,#3115,#3116,#3117,
#3118,#3119,#3120,#3121,#3122,#3123,#3124,#3125,#3126,#3127,#3128,#3129,
#3130,#3131,#3132,#3133,#3134,#3135),.UNSPECIFIED.,.F.,.F.,(4,1,1,1,1,1,
1,1,1,1,1,1,1,1,1,1,1,1,1,1,1,1,1,1,1,1,1,1,1,1,1,1,1,4),(0.,0.0625,0.125,
0.1875,0.25,0.28125,0.296875,0.3046875,0.3125,0.31640625,0.3203125,0.328125,
0.34375,0.3515625,0.35546875,0.359375,0.3671875,0.375,0.40625,0.4375,0.5,
0.5625,0.625,0.75,0.8125,0.875,0.90625,0.9375,0.96875,0.9765625,0.984375,
0.98828125,0.9921875,1.),.UNSPECIFIED.);
#1417=B_SPLINE_CURVE_WITH_KNOTS('',3,(#3152,#3153,#3154,#3155,#3156,#3157),
 .UNSPECIFIED.,.F.,.F.,(4,1,1,4),(0.,0.5,0.75,1.),.UNSPECIFIED.);
#1418=B_SPLINE_CURVE_WITH_KNOTS('',3,(#3161,#3162,#3163,#3164),
 .UNSPECIFIED.,.F.,.F.,(4,4),(0.,1.),.UNSPECIFIED.);
#1419=B_SPLINE_CURVE_WITH_KNOTS('',3,(#3172,#3173,#3174,#3175),
 .UNSPECIFIED.,.F.,.F.,(4,4),(0.,1.),.UNSPECIFIED.);
#1420=B_SPLINE_CURVE_WITH_KNOTS('',3,(#3192,#3193,#3194,#3195,#3196,#3197,
#3198,#3199),.UNSPECIFIED.,.F.,.F.,(4,1,1,1,1,4),(0.,0.25,0.375,0.5,0.75,
1.),.UNSPECIFIED.);
#1421=B_SPLINE_CURVE_WITH_KNOTS('',3,(#3332,#3333,#3334,#3335,#3336,#3337,
#3338,#3339,#3340,#3341),.UNSPECIFIED.,.F.,.F.,(4,1,1,1,1,1,1,4),(0.,0.25,
0.5,0.625,0.75,0.875,0.9375,1.),.UNSPECIFIED.);
#1422=B_SPLINE_CURVE_WITH_KNOTS('',3,(#3343,#3344,#3345,#3346,#3347,#3348),
 .UNSPECIFIED.,.F.,.F.,(4,1,1,4),(0.,0.5,0.75,1.),.UNSPECIFIED.);
#1423=B_SPLINE_CURVE_WITH_KNOTS('',3,(#3350,#3351,#3352,#3353,#3354,#3355,
#3356,#3357,#3358,#3359,#3360,#3361),.UNSPECIFIED.,.F.,.F.,(4,1,1,1,1,1,
1,1,1,4),(0.,0.25,0.5,0.625,0.75,0.8125,0.875,0.9375,0.96875,1.),
 .UNSPECIFIED.);
#1424=B_SPLINE_CURVE_WITH_KNOTS('',3,(#3363,#3364,#3365,#3366,#3367,#3368),
 .UNSPECIFIED.,.F.,.F.,(4,1,1,4),(0.,0.5,0.75,1.),.UNSPECIFIED.);
#1425=B_SPLINE_CURVE_WITH_KNOTS('',3,(#3370,#3371,#3372,#3373),
 .UNSPECIFIED.,.F.,.F.,(4,4),(0.,1.),.UNSPECIFIED.);
#1426=B_SPLINE_CURVE_WITH_KNOTS('',3,(#3374,#3375,#3376,#3377,#3378,#3379,
#3380,#3381,#3382,#3383,#3384,#3385,#3386,#3387,#3388,#3389,#3390,#3391,
#3392,#3393,#3394,#3395,#3396,#3397,#3398,#3399,#3400,#3401,#3402,#3403),
 .UNSPECIFIED.,.F.,.F.,(4,1,1,1,1,1,1,1,1,1,1,1,1,1,1,1,1,1,1,1,1,1,1,1,
1,1,1,4),(0.,0.0625,0.09375,0.125,0.15625,0.1875,0.21875,0.25,0.28125,0.3125,
0.34375,0.375,0.40625,0.4375,0.5,0.5625,0.59375,0.625,0.65625,0.6875,0.71875,
0.75,0.78125,0.8125,0.84375,0.875,0.9375,1.),.UNSPECIFIED.);
#1427=B_SPLINE_CURVE_WITH_KNOTS('',3,(#3534,#3535,#3536,#3537),
 .UNSPECIFIED.,.F.,.F.,(4,4),(0.,1.),.UNSPECIFIED.);
#1428=B_SPLINE_CURVE_WITH_KNOTS('',3,(#3541,#3542,#3543,#3544),
 .UNSPECIFIED.,.F.,.F.,(4,4),(0.,1.),.UNSPECIFIED.);
#1429=EDGE_LOOP('',(#470,#471,#472,#473,#474,#475));
#1430=EDGE_LOOP('',(#476,#477,#478,#479));
#1431=EDGE_LOOP('',(#480,#481,#482,#483));
#1432=EDGE_LOOP('',(#484,#485,#486,#487,#488,#489,#490,#491));
#1433=EDGE_LOOP('',(#492,#493,#494,#495));
#1434=EDGE_LOOP('',(#496,#497,#498,#499));
#1435=EDGE_LOOP('',(#500,#501,#502,#503));
#1436=EDGE_LOOP('',(#504,#505,#506,#507));
#1437=EDGE_LOOP('',(#508));
#1438=EDGE_LOOP('',(#509));
#1439=EDGE_LOOP('',(#510));
#1440=EDGE_LOOP('',(#511,#512,#513,#514));
#1441=EDGE_LOOP('',(#515,#516,#517,#518,#519,#520,#521));
#1442=EDGE_LOOP('',(#522,#523,#524,#525,#526));
#1443=EDGE_LOOP('',(#527,#528,#529,#530));
#1444=EDGE_LOOP('',(#531,#532,#533,#534,#535,#536));
#1445=EDGE_LOOP('',(#537,#538,#539,#540,#541,#542,#543,#544));
#1446=EDGE_LOOP('',(#545,#546,#547,#548,#549,#550,#551));
#1447=EDGE_LOOP('',(#552,#553,#554));
#1448=EDGE_LOOP('',(#555,#556,#557,#558));
#1449=EDGE_LOOP('',(#559,#560,#561,#562));
#1450=EDGE_LOOP('',(#563,#564,#565,#566));
#1451=EDGE_LOOP('',(#567,#568,#569,#570));
#1452=EDGE_LOOP('',(#571,#572,#573,#574));
#1453=EDGE_LOOP('',(#575,#576,#577,#578,#579,#580,#581,#582));
#1454=EDGE_LOOP('',(#583,#584,#585,#586,#587,#588,#589,#590,#591,#592,#593,
#594));
#1455=EDGE_LOOP('',(#595,#596));
#1456=EDGE_LOOP('',(#597,#598,#599,#600));
#1457=EDGE_LOOP('',(#601,#602,#603,#604));
#1458=EDGE_LOOP('',(#605,#606,#607,#608));
#1459=EDGE_LOOP('',(#609,#610,#611,#612));
#1460=EDGE_LOOP('',(#613));
#1461=EDGE_LOOP('',(#614));
#1462=EDGE_LOOP('',(#615,#616,#617,#618));
#1463=EDGE_LOOP('',(#619,#620,#621,#622));
#1464=EDGE_LOOP('',(#623,#624,#625,#626));
#1465=EDGE_LOOP('',(#627,#628,#629,#630));
#1466=EDGE_LOOP('',(#631,#632,#633,#634));
#1467=EDGE_LOOP('',(#635,#636,#637,#638));
#1468=EDGE_LOOP('',(#639,#640,#641,#642,#643,#644,#645,#646,#647,#648,#649,
#650));
#1469=EDGE_LOOP('',(#651,#652,#653,#654,#655,#656,#657,#658,#659,#660,#661,
#662));
#1470=EDGE_LOOP('',(#663));
#1471=EDGE_LOOP('',(#664,#665,#666,#667));
#1472=EDGE_LOOP('',(#668,#669,#670,#671));
#1473=EDGE_LOOP('',(#672,#673,#674,#675));
#1474=EDGE_LOOP('',(#676,#677,#678,#679));
#1475=EDGE_LOOP('',(#680,#681,#682,#683));
#1476=EDGE_LOOP('',(#684,#685,#686,#687));
#1477=EDGE_LOOP('',(#688,#689,#690,#691));
#1478=EDGE_LOOP('',(#692,#693,#694,#695));
#1479=EDGE_LOOP('',(#696,#697,#698,#699));
#1480=EDGE_LOOP('',(#700,#701,#702,#703));
#1481=EDGE_LOOP('',(#704,#705,#706,#707));
#1482=EDGE_LOOP('',(#708,#709,#710,#711));
#1483=EDGE_LOOP('',(#712,#713,#714,#715));
#1484=EDGE_LOOP('',(#716,#717,#718,#719));
#1485=EDGE_LOOP('',(#720,#721,#722,#723));
#1486=EDGE_LOOP('',(#724,#725,#726,#727));
#1487=EDGE_LOOP('',(#728,#729,#730,#731));
#1488=EDGE_LOOP('',(#732,#733,#734,#735));
#1489=EDGE_LOOP('',(#736));
#1490=EDGE_LOOP('',(#737));
#1491=EDGE_LOOP('',(#738,#739,#740,#741));
#1492=EDGE_LOOP('',(#742,#743,#744,#745));
#1493=EDGE_LOOP('',(#746,#747,#748,#749));
#1494=EDGE_LOOP('',(#750,#751,#752,#753));
#1495=EDGE_LOOP('',(#754,#755,#756,#757));
#1496=EDGE_LOOP('',(#758,#759,#760,#761));
#1497=EDGE_LOOP('',(#762,#763,#764,#765,#766,#767,#768,#769,#770,#771,#772,
#773));
#1498=EDGE_LOOP('',(#774,#775,#776,#777,#778,#779,#780,#781,#782,#783,#784,
#785));
#1499=EDGE_LOOP('',(#786));
#1500=EDGE_LOOP('',(#787,#788,#789,#790));
#1501=EDGE_LOOP('',(#791,#792,#793,#794));
#1502=EDGE_LOOP('',(#795,#796,#797,#798));
#1503=EDGE_LOOP('',(#799,#800,#801,#802));
#1504=EDGE_LOOP('',(#803,#804,#805,#806));
#1505=EDGE_LOOP('',(#807,#808,#809,#810));
#1506=EDGE_LOOP('',(#811,#812,#813,#814));
#1507=EDGE_LOOP('',(#815,#816,#817,#818));
#1508=EDGE_LOOP('',(#819,#820,#821,#822));
#1509=EDGE_LOOP('',(#823,#824,#825,#826));
#1510=EDGE_LOOP('',(#827,#828,#829,#830));
#1511=EDGE_LOOP('',(#831,#832,#833,#834));
#1512=EDGE_LOOP('',(#835,#836,#837,#838));
#1513=EDGE_LOOP('',(#839,#840,#841,#842));
#1514=EDGE_LOOP('',(#843,#844,#845,#846));
#1515=EDGE_LOOP('',(#847,#848,#849,#850));
#1516=EDGE_LOOP('',(#851,#852,#853,#854));
#1517=EDGE_LOOP('',(#855,#856,#857,#858));
#1518=EDGE_LOOP('',(#859));
#1519=EDGE_LOOP('',(#860));
#1520=EDGE_LOOP('',(#861,#862,#863,#864));
#1521=EDGE_LOOP('',(#865,#866,#867,#868));
#1522=EDGE_LOOP('',(#869,#870,#871,#872));
#1523=EDGE_LOOP('',(#873,#874,#875,#876));
#1524=EDGE_LOOP('',(#877,#878,#879,#880));
#1525=EDGE_LOOP('',(#881,#882,#883,#884));
#1526=EDGE_LOOP('',(#885,#886,#887,#888,#889,#890,#891,#892,#893,#894,#895,
#896));
#1527=EDGE_LOOP('',(#897,#898,#899,#900,#901,#902,#903,#904,#905,#906,#907,
#908));
#1528=EDGE_LOOP('',(#909));
#1529=EDGE_LOOP('',(#910,#911,#912,#913));
#1530=EDGE_LOOP('',(#914,#915,#916,#917));
#1531=EDGE_LOOP('',(#918,#919,#920,#921));
#1532=EDGE_LOOP('',(#922,#923,#924,#925));
#1533=EDGE_LOOP('',(#926,#927,#928,#929));
#1534=EDGE_LOOP('',(#930,#931,#932,#933));
#1535=EDGE_LOOP('',(#934,#935,#936,#937));
#1536=EDGE_LOOP('',(#938,#939,#940,#941));
#1537=EDGE_LOOP('',(#942,#943,#944,#945));
#1538=EDGE_LOOP('',(#946,#947,#948,#949));
#1539=EDGE_LOOP('',(#950,#951,#952,#953));
#1540=EDGE_LOOP('',(#954,#955,#956,#957));
#1541=EDGE_LOOP('',(#958,#959,#960,#961));
#1542=EDGE_LOOP('',(#962,#963,#964,#965));
#1543=EDGE_LOOP('',(#966,#967,#968,#969));
#1544=EDGE_LOOP('',(#970,#971,#972,#973));
#1545=EDGE_LOOP('',(#974,#975,#976,#977));
#1546=EDGE_LOOP('',(#978,#979,#980,#981));
#1547=FACE_BOUND('',#1429,.T.);
#1548=FACE_BOUND('',#1430,.T.);
#1549=FACE_BOUND('',#1431,.T.);
#1550=FACE_BOUND('',#1432,.T.);
#1551=FACE_BOUND('',#1433,.T.);
#1552=FACE_BOUND('',#1434,.T.);
#1553=FACE_BOUND('',#1435,.T.);
#1554=FACE_BOUND('',#1436,.T.);
#1555=FACE_BOUND('',#1437,.T.);
#1556=FACE_BOUND('',#1438,.T.);
#1557=FACE_BOUND('',#1439,.T.);
#1558=FACE_BOUND('',#1440,.T.);
#1559=FACE_BOUND('',#1441,.T.);
#1560=FACE_BOUND('',#1442,.T.);
#1561=FACE_BOUND('',#1443,.T.);
#1562=FACE_BOUND('',#1444,.T.);
#1563=FACE_BOUND('',#1445,.T.);
#1564=FACE_BOUND('',#1446,.T.);
#1565=FACE_BOUND('',#1447,.T.);
#1566=FACE_BOUND('',#1448,.T.);
#1567=FACE_BOUND('',#1449,.T.);
#1568=FACE_BOUND('',#1450,.T.);
#1569=FACE_BOUND('',#1451,.T.);
#1570=FACE_BOUND('',#1452,.T.);
#1571=FACE_BOUND('',#1453,.T.);
#1572=FACE_BOUND('',#1454,.T.);
#1573=FACE_BOUND('',#1455,.T.);
#1574=FACE_BOUND('',#1456,.T.);
#1575=FACE_BOUND('',#1457,.T.);
#1576=FACE_BOUND('',#1458,.T.);
#1577=FACE_BOUND('',#1459,.T.);
#1578=FACE_BOUND('',#1460,.T.);
#1579=FACE_BOUND('',#1461,.T.);
#1580=FACE_BOUND('',#1462,.T.);
#1581=FACE_BOUND('',#1463,.T.);
#1582=FACE_BOUND('',#1464,.T.);
#1583=FACE_BOUND('',#1465,.T.);
#1584=FACE_BOUND('',#1466,.T.);
#1585=FACE_BOUND('',#1467,.T.);
#1586=FACE_BOUND('',#1468,.T.);
#1587=FACE_BOUND('',#1469,.T.);
#1588=FACE_BOUND('',#1470,.T.);
#1589=FACE_BOUND('',#1471,.T.);
#1590=FACE_BOUND('',#1472,.T.);
#1591=FACE_BOUND('',#1473,.T.);
#1592=FACE_BOUND('',#1474,.T.);
#1593=FACE_BOUND('',#1475,.T.);
#1594=FACE_BOUND('',#1476,.T.);
#1595=FACE_BOUND('',#1477,.T.);
#1596=FACE_BOUND('',#1478,.T.);
#1597=FACE_BOUND('',#1479,.T.);
#1598=FACE_BOUND('',#1480,.T.);
#1599=FACE_BOUND('',#1481,.T.);
#1600=FACE_BOUND('',#1482,.T.);
#1601=FACE_BOUND('',#1483,.T.);
#1602=FACE_BOUND('',#1484,.T.);
#1603=FACE_BOUND('',#1485,.T.);
#1604=FACE_BOUND('',#1486,.T.);
#1605=FACE_BOUND('',#1487,.T.);
#1606=FACE_BOUND('',#1488,.T.);
#1607=FACE_BOUND('',#1489,.T.);
#1608=FACE_BOUND('',#1490,.T.);
#1609=FACE_BOUND('',#1491,.T.);
#1610=FACE_BOUND('',#1492,.T.);
#1611=FACE_BOUND('',#1493,.T.);
#1612=FACE_BOUND('',#1494,.T.);
#1613=FACE_BOUND('',#1495,.T.);
#1614=FACE_BOUND('',#1496,.T.);
#1615=FACE_BOUND('',#1497,.T.);
#1616=FACE_BOUND('',#1498,.T.);
#1617=FACE_BOUND('',#1499,.T.);
#1618=FACE_BOUND('',#1500,.T.);
#1619=FACE_BOUND('',#1501,.T.);
#1620=FACE_BOUND('',#1502,.T.);
#1621=FACE_BOUND('',#1503,.T.);
#1622=FACE_BOUND('',#1504,.T.);
#1623=FACE_BOUND('',#1505,.T.);
#1624=FACE_BOUND('',#1506,.T.);
#1625=FACE_BOUND('',#1507,.T.);
#1626=FACE_BOUND('',#1508,.T.);
#1627=FACE_BOUND('',#1509,.T.);
#1628=FACE_BOUND('',#1510,.T.);
#1629=FACE_BOUND('',#1511,.T.);
#1630=FACE_BOUND('',#1512,.T.);
#1631=FACE_BOUND('',#1513,.T.);
#1632=FACE_BOUND('',#1514,.T.);
#1633=FACE_BOUND('',#1515,.T.);
#1634=FACE_BOUND('',#1516,.T.);
#1635=FACE_BOUND('',#1517,.T.);
#1636=FACE_BOUND('',#1518,.T.);
#1637=FACE_BOUND('',#1519,.T.);
#1638=FACE_BOUND('',#1520,.T.);
#1639=FACE_BOUND('',#1521,.T.);
#1640=FACE_BOUND('',#1522,.T.);
#1641=FACE_BOUND('',#1523,.T.);
#1642=FACE_BOUND('',#1524,.T.);
#1643=FACE_BOUND('',#1525,.T.);
#1644=FACE_BOUND('',#1526,.T.);
#1645=FACE_BOUND('',#1527,.T.);
#1646=FACE_BOUND('',#1528,.T.);
#1647=FACE_BOUND('',#1529,.T.);
#1648=FACE_BOUND('',#1530,.T.);
#1649=FACE_BOUND('',#1531,.T.);
#1650=FACE_BOUND('',#1532,.T.);
#1651=FACE_BOUND('',#1533,.T.);
#1652=FACE_BOUND('',#1534,.T.);
#1653=FACE_BOUND('',#1535,.T.);
#1654=FACE_BOUND('',#1536,.T.);
#1655=FACE_BOUND('',#1537,.T.);
#1656=FACE_BOUND('',#1538,.T.);
#1657=FACE_BOUND('',#1539,.T.);
#1658=FACE_BOUND('',#1540,.T.);
#1659=FACE_BOUND('',#1541,.T.);
#1660=FACE_BOUND('',#1542,.T.);
#1661=FACE_BOUND('',#1543,.T.);
#1662=FACE_BOUND('',#1544,.T.);
#1663=FACE_BOUND('',#1545,.T.);
#1664=FACE_BOUND('',#1546,.T.);
#1665=PLANE('',#1874);
#1666=PLANE('',#1877);
#1667=PLANE('',#1881);
#1668=PLANE('',#1883);
#1669=PLANE('',#1884);
#1670=PLANE('',#1885);
#1671=PLANE('',#1889);
#1672=PLANE('',#1890);
#1673=PLANE('',#1898);
#1674=PLANE('',#1900);
#1675=PLANE('',#1904);
#1676=PLANE('',#1905);
#1677=PLANE('',#1906);
#1678=PLANE('',#1907);
#1679=PLANE('',#1908);
#1680=PLANE('',#1909);
#1681=PLANE('',#1910);
#1682=PLANE('',#1911);
#1683=PLANE('',#1912);
#1684=PLANE('',#1913);
#1685=PLANE('',#1914);
#1686=PLANE('',#1915);
#1687=PLANE('',#1916);
#1688=PLANE('',#1917);
#1689=PLANE('',#1918);
#1690=PLANE('',#1919);
#1691=PLANE('',#1920);
#1692=PLANE('',#1921);
#1693=PLANE('',#1922);
#1694=PLANE('',#1923);
#1695=PLANE('',#1924);
#1696=PLANE('',#1925);
#1697=PLANE('',#1926);
#1698=PLANE('',#1927);
#1699=PLANE('',#1928);
#1700=PLANE('',#1929);
#1701=PLANE('',#1932);
#1702=PLANE('',#1933);
#1703=PLANE('',#1934);
#1704=PLANE('',#1935);
#1705=PLANE('',#1936);
#1706=PLANE('',#1937);
#1707=PLANE('',#1938);
#1708=PLANE('',#1939);
#1709=PLANE('',#1940);
#1710=PLANE('',#1941);
#1711=PLANE('',#1942);
#1712=PLANE('',#1943);
#1713=PLANE('',#1944);
#1714=PLANE('',#1945);
#1715=PLANE('',#1946);
#1716=PLANE('',#1947);
#1717=PLANE('',#1948);
#1718=PLANE('',#1949);
#1719=PLANE('',#1950);
#1720=PLANE('',#1951);
#1721=PLANE('',#1952);
#1722=PLANE('',#1953);
#1723=PLANE('',#1954);
#1724=PLANE('',#1955);
#1725=PLANE('',#1956);
#1726=PLANE('',#1957);
#1727=PLANE('',#1960);
#1728=PLANE('',#1961);
#1729=PLANE('',#1962);
#1730=PLANE('',#1963);
#1731=PLANE('',#1964);
#1732=PLANE('',#1965);
#1733=PLANE('',#1966);
#1734=PLANE('',#1967);
#1735=PLANE('',#1968);
#1736=PLANE('',#1969);
#1737=PLANE('',#1970);
#1738=PLANE('',#1971);
#1739=PLANE('',#1972);
#1740=PLANE('',#1973);
#1741=PLANE('',#1974);
#1742=PLANE('',#1975);
#1743=PLANE('',#1976);
#1744=PLANE('',#1977);
#1745=PLANE('',#1978);
#1746=PLANE('',#1979);
#1747=PLANE('',#1980);
#1748=PLANE('',#1981);
#1749=PLANE('',#1982);
#1750=PLANE('',#1983);
#1751=PLANE('',#1984);
#1752=PLANE('',#1985);
#1753=ADVANCED_FACE('',(#1547),#1665,.T.);
#1754=ADVANCED_FACE('',(#1548),#34,.T.);
#1755=ADVANCED_FACE('',(#1549,#1550),#1666,.F.);
#1756=ADVANCED_FACE('',(#1551),#1667,.T.);
#1757=ADVANCED_FACE('',(#1552),#35,.T.);
#1758=ADVANCED_FACE('',(#1553),#1668,.F.);
#1759=ADVANCED_FACE('',(#1554),#1669,.F.);
#1760=ADVANCED_FACE('',(#1555,#1556,#1557,#1558),#1670,.F.);
#1761=ADVANCED_FACE('',(#1559),#14,.F.);
#1762=ADVANCED_FACE('',(#1560),#15,.F.);
#1763=ADVANCED_FACE('',(#1561),#1671,.F.);
#1764=ADVANCED_FACE('',(#1562),#1672,.T.);
#1765=ADVANCED_FACE('',(#1563),#16,.F.);
#1766=ADVANCED_FACE('',(#1564),#17,.F.);
#1767=ADVANCED_FACE('',(#1565),#12,.F.);
#1768=ADVANCED_FACE('',(#1566),#18,.T.);
#1769=ADVANCED_FACE('',(#1567),#36,.T.);
#1770=ADVANCED_FACE('',(#1568),#37,.F.);
#1771=ADVANCED_FACE('',(#1569),#38,.T.);
#1772=ADVANCED_FACE('',(#1570),#19,.T.);
#1773=ADVANCED_FACE('',(#1571),#20,.F.);
#1774=ADVANCED_FACE('',(#1572),#21,.F.);
#1775=ADVANCED_FACE('',(#1573),#13,.F.);
#1776=ADVANCED_FACE('',(#1574),#1673,.F.);
#1777=ADVANCED_FACE('',(#1575),#39,.T.);
#1778=ADVANCED_FACE('',(#1576),#1674,.T.);
#1779=ADVANCED_FACE('',(#1577),#40,.T.);
#1780=ADVANCED_FACE('',(#1578,#1579),#41,.T.);
#1781=ADVANCED_FACE('',(#1580),#1675,.T.);
#1782=ADVANCED_FACE('',(#1581),#1676,.T.);
#1783=ADVANCED_FACE('',(#1582),#1677,.T.);
#1784=ADVANCED_FACE('',(#1583),#1678,.T.);
#1785=ADVANCED_FACE('',(#1584),#1679,.T.);
#1786=ADVANCED_FACE('',(#1585),#1680,.T.);
#1787=ADVANCED_FACE('',(#1586),#1681,.T.);
#1788=ADVANCED_FACE('',(#1587,#1588),#1682,.F.);
#1789=ADVANCED_FACE('',(#1589),#1683,.T.);
#1790=ADVANCED_FACE('',(#1590),#1684,.T.);
#1791=ADVANCED_FACE('',(#1591),#1685,.T.);
#1792=ADVANCED_FACE('',(#1592),#1686,.T.);
#1793=ADVANCED_FACE('',(#1593),#1687,.T.);
#1794=ADVANCED_FACE('',(#1594),#1688,.T.);
#1795=ADVANCED_FACE('',(#1595),#1689,.T.);
#1796=ADVANCED_FACE('',(#1596),#1690,.T.);
#1797=ADVANCED_FACE('',(#1597),#1691,.T.);
#1798=ADVANCED_FACE('',(#1598),#1692,.T.);
#1799=ADVANCED_FACE('',(#1599),#1693,.T.);
#1800=ADVANCED_FACE('',(#1600),#1694,.T.);
#1801=ADVANCED_FACE('',(#1601),#1695,.T.);
#1802=ADVANCED_FACE('',(#1602),#1696,.T.);
#1803=ADVANCED_FACE('',(#1603),#1697,.T.);
#1804=ADVANCED_FACE('',(#1604),#1698,.T.);
#1805=ADVANCED_FACE('',(#1605),#1699,.T.);
#1806=ADVANCED_FACE('',(#1606),#1700,.T.);
#1807=ADVANCED_FACE('',(#1607,#1608),#42,.T.);
#1808=ADVANCED_FACE('',(#1609),#1701,.T.);
#1809=ADVANCED_FACE('',(#1610),#1702,.T.);
#1810=ADVANCED_FACE('',(#1611),#1703,.T.);
#1811=ADVANCED_FACE('',(#1612),#1704,.T.);
#1812=ADVANCED_FACE('',(#1613),#1705,.T.);
#1813=ADVANCED_FACE('',(#1614),#1706,.T.);
#1814=ADVANCED_FACE('',(#1615),#1707,.T.);
#1815=ADVANCED_FACE('',(#1616,#1617),#1708,.F.);
#1816=ADVANCED_FACE('',(#1618),#1709,.T.);
#1817=ADVANCED_FACE('',(#1619),#1710,.T.);
#1818=ADVANCED_FACE('',(#1620),#1711,.T.);
#1819=ADVANCED_FACE('',(#1621),#1712,.T.);
#1820=ADVANCED_FACE('',(#1622),#1713,.T.);
#1821=ADVANCED_FACE('',(#1623),#1714,.T.);
#1822=ADVANCED_FACE('',(#1624),#1715,.T.);
#1823=ADVANCED_FACE('',(#1625),#1716,.T.);
#1824=ADVANCED_FACE('',(#1626),#1717,.T.);
#1825=ADVANCED_FACE('',(#1627),#1718,.T.);
#1826=ADVANCED_FACE('',(#1628),#1719,.T.);
#1827=ADVANCED_FACE('',(#1629),#1720,.T.);
#1828=ADVANCED_FACE('',(#1630),#1721,.T.);
#1829=ADVANCED_FACE('',(#1631),#1722,.T.);
#1830=ADVANCED_FACE('',(#1632),#1723,.T.);
#1831=ADVANCED_FACE('',(#1633),#1724,.T.);
#1832=ADVANCED_FACE('',(#1634),#1725,.T.);
#1833=ADVANCED_FACE('',(#1635),#1726,.T.);
#1834=ADVANCED_FACE('',(#1636,#1637),#43,.T.);
#1835=ADVANCED_FACE('',(#1638),#1727,.T.);
#1836=ADVANCED_FACE('',(#1639),#1728,.T.);
#1837=ADVANCED_FACE('',(#1640),#1729,.T.);
#1838=ADVANCED_FACE('',(#1641),#1730,.T.);
#1839=ADVANCED_FACE('',(#1642),#1731,.T.);
#1840=ADVANCED_FACE('',(#1643),#1732,.T.);
#1841=ADVANCED_FACE('',(#1644),#1733,.T.);
#1842=ADVANCED_FACE('',(#1645,#1646),#1734,.F.);
#1843=ADVANCED_FACE('',(#1647),#1735,.T.);
#1844=ADVANCED_FACE('',(#1648),#1736,.T.);
#1845=ADVANCED_FACE('',(#1649),#1737,.T.);
#1846=ADVANCED_FACE('',(#1650),#1738,.T.);
#1847=ADVANCED_FACE('',(#1651),#1739,.T.);
#1848=ADVANCED_FACE('',(#1652),#1740,.T.);
#1849=ADVANCED_FACE('',(#1653),#1741,.T.);
#1850=ADVANCED_FACE('',(#1654),#1742,.T.);
#1851=ADVANCED_FACE('',(#1655),#1743,.T.);
#1852=ADVANCED_FACE('',(#1656),#1744,.T.);
#1853=ADVANCED_FACE('',(#1657),#1745,.T.);
#1854=ADVANCED_FACE('',(#1658),#1746,.T.);
#1855=ADVANCED_FACE('',(#1659),#1747,.T.);
#1856=ADVANCED_FACE('',(#1660),#1748,.T.);
#1857=ADVANCED_FACE('',(#1661),#1749,.T.);
#1858=ADVANCED_FACE('',(#1662),#1750,.T.);
#1859=ADVANCED_FACE('',(#1663),#1751,.T.);
#1860=ADVANCED_FACE('',(#1664),#1752,.T.);
#1861=CLOSED_SHELL('',(#1753,#1754,#1755,#1756,#1757,#1758,#1759,#1760,
#1761,#1762,#1763,#1764,#1765,#1766,#1767,#1768,#1769,#1770,#1771,#1772,
#1773,#1774,#1775,#1776,#1777,#1778,#1779,#1780,#1781,#1782,#1783,#1784,
#1785,#1786,#1787,#1788,#1789,#1790,#1791,#1792,#1793,#1794,#1795,#1796,
#1797,#1798,#1799,#1800,#1801,#1802,#1803,#1804,#1805,#1806,#1807,#1808,
#1809,#1810,#1811,#1812,#1813,#1814,#1815,#1816,#1817,#1818,#1819,#1820,
#1821,#1822,#1823,#1824,#1825,#1826,#1827,#1828,#1829,#1830,#1831,#1832,
#1833,#1834,#1835,#1836,#1837,#1838,#1839,#1840,#1841,#1842,#1843,#1844,
#1845,#1846,#1847,#1848,#1849,#1850,#1851,#1852,#1853,#1854,#1855,#1856,
#1857,#1858,#1859,#1860));
#1862=STYLED_ITEM('',(#1863),#1870);
#1863=PRESENTATION_STYLE_ASSIGNMENT((#1864));
#1864=SURFACE_STYLE_USAGE(.BOTH.,#1865);
#1865=SURFACE_SIDE_STYLE('',(#1866));
#1866=SURFACE_STYLE_FILL_AREA(#1867);
#1867=FILL_AREA_STYLE('',(#1868));
#1868=FILL_AREA_STYLE_COLOUR('',#1869);
#1869=COLOUR_RGB('',0.627450980392157,0.627450980392157,0.627450980392157);
#1870=MANIFOLD_SOLID_BREP('DSA V4 1x2.25 v3',#1861);
#1871=SHAPE_DEFINITION_REPRESENTATION(#3933,#1872);
#1872=SHAPE_REPRESENTATION('DSA V4 1x2.25 v3',(#1873),#3928);
#1873=AXIS2_PLACEMENT_3D('',#2425,#1986,#1987);
#1874=AXIS2_PLACEMENT_3D('',#2426,#1988,#1989);
#1875=AXIS2_PLACEMENT_3D('',#2442,#1995,#1996);
#1876=AXIS2_PLACEMENT_3D('',#2450,#1998,#1999);
#1877=AXIS2_PLACEMENT_3D('',#2451,#2000,#2001);
#1878=AXIS2_PLACEMENT_3D('',#2463,#2007,#2008);
#1879=AXIS2_PLACEMENT_3D('',#2467,#2010,#2011);
#1880=AXIS2_PLACEMENT_3D('',#2470,#2013,#2014);
#1881=AXIS2_PLACEMENT_3D('',#2471,#2015,#2016);
#1882=AXIS2_PLACEMENT_3D('',#2478,#2018,#2019);
#1883=AXIS2_PLACEMENT_3D('',#2485,#2021,#2022);
#1884=AXIS2_PLACEMENT_3D('',#2491,#2026,#2027);
#1885=AXIS2_PLACEMENT_3D('',#2495,#2030,#2031);
#1886=AXIS2_PLACEMENT_3D('',#2496,#2032,#2033);
#1887=AXIS2_PLACEMENT_3D('',#2498,#2034,#2035);
#1888=AXIS2_PLACEMENT_3D('',#2500,#2036,#2037);
#1889=AXIS2_PLACEMENT_3D('',#2857,#2040,#2041);
#1890=AXIS2_PLACEMENT_3D('',#2859,#2043,#2044);
#1891=AXIS2_PLACEMENT_3D('',#3136,#2048,#2049);
#1892=AXIS2_PLACEMENT_3D('',#3137,#2050,#2051);
#1893=AXIS2_PLACEMENT_3D('',#3158,#2053,#2054);
#1894=AXIS2_PLACEMENT_3D('',#3165,#2056,#2057);
#1895=AXIS2_PLACEMENT_3D('',#3168,#2059,#2060);
#1896=AXIS2_PLACEMENT_3D('',#3169,#2061,#2062);
#1897=AXIS2_PLACEMENT_3D('',#3545,#2065,#2066);
#1898=AXIS2_PLACEMENT_3D('',#3546,#2067,#2068);
#1899=AXIS2_PLACEMENT_3D('',#3547,#2069,#2070);
#1900=AXIS2_PLACEMENT_3D('',#3549,#2072,#2073);
#1901=AXIS2_PLACEMENT_3D('',#3551,#2075,#2076);
#1902=AXIS2_PLACEMENT_3D('',#3552,#2077,#2078);
#1903=AXIS2_PLACEMENT_3D('',#3553,#2079,#2080);
#1904=AXIS2_PLACEMENT_3D('',#3555,#2081,#2082);
#1905=AXIS2_PLACEMENT_3D('',#3564,#2087,#2088);
#1906=AXIS2_PLACEMENT_3D('',#3570,#2092,#2093);
#1907=AXIS2_PLACEMENT_3D('',#3579,#2098,#2099);
#1908=AXIS2_PLACEMENT_3D('',#3585,#2103,#2104);
#1909=AXIS2_PLACEMENT_3D('',#3591,#2108,#2109);
#1910=AXIS2_PLACEMENT_3D('',#3594,#2112,#2113);
#1911=AXIS2_PLACEMENT_3D('',#3606,#2120,#2121);
#1912=AXIS2_PLACEMENT_3D('',#3631,#2134,#2135);
#1913=AXIS2_PLACEMENT_3D('',#3635,#2138,#2139);
#1914=AXIS2_PLACEMENT_3D('',#3639,#2142,#2143);
#1915=AXIS2_PLACEMENT_3D('',#3643,#2146,#2147);
#1916=AXIS2_PLACEMENT_3D('',#3647,#2150,#2151);
#1917=AXIS2_PLACEMENT_3D('',#3651,#2154,#2155);
#1918=AXIS2_PLACEMENT_3D('',#3653,#2157,#2158);
#1919=AXIS2_PLACEMENT_3D('',#3656,#2161,#2162);
#1920=AXIS2_PLACEMENT_3D('',#3658,#2164,#2165);
#1921=AXIS2_PLACEMENT_3D('',#3660,#2167,#2168);
#1922=AXIS2_PLACEMENT_3D('',#3663,#2171,#2172);
#1923=AXIS2_PLACEMENT_3D('',#3665,#2174,#2175);
#1924=AXIS2_PLACEMENT_3D('',#3667,#2177,#2178);
#1925=AXIS2_PLACEMENT_3D('',#3669,#2180,#2181);
#1926=AXIS2_PLACEMENT_3D('',#3671,#2183,#2184);
#1927=AXIS2_PLACEMENT_3D('',#3673,#2186,#2187);
#1928=AXIS2_PLACEMENT_3D('',#3675,#2189,#2190);
#1929=AXIS2_PLACEMENT_3D('',#3676,#2191,#2192);
#1930=AXIS2_PLACEMENT_3D('',#3677,#2193,#2194);
#1931=AXIS2_PLACEMENT_3D('',#3678,#2195,#2196);
#1932=AXIS2_PLACEMENT_3D('',#3680,#2197,#2198);
#1933=AXIS2_PLACEMENT_3D('',#3689,#2203,#2204);
#1934=AXIS2_PLACEMENT_3D('',#3695,#2208,#2209);
#1935=AXIS2_PLACEMENT_3D('',#3704,#2214,#2215);
#1936=AXIS2_PLACEMENT_3D('',#3710,#2219,#2220);
#1937=AXIS2_PLACEMENT_3D('',#3716,#2224,#2225);
#1938=AXIS2_PLACEMENT_3D('',#3719,#2228,#2229);
#1939=AXIS2_PLACEMENT_3D('',#3731,#2236,#2237);
#1940=AXIS2_PLACEMENT_3D('',#3756,#2250,#2251);
#1941=AXIS2_PLACEMENT_3D('',#3760,#2254,#2255);
#1942=AXIS2_PLACEMENT_3D('',#3764,#2258,#2259);
#1943=AXIS2_PLACEMENT_3D('',#3768,#2262,#2263);
#1944=AXIS2_PLACEMENT_3D('',#3772,#2266,#2267);
#1945=AXIS2_PLACEMENT_3D('',#3776,#2270,#2271);
#1946=AXIS2_PLACEMENT_3D('',#3778,#2273,#2274);
#1947=AXIS2_PLACEMENT_3D('',#3781,#2277,#2278);
#1948=AXIS2_PLACEMENT_3D('',#3783,#2280,#2281);
#1949=AXIS2_PLACEMENT_3D('',#3785,#2283,#2284);
#1950=AXIS2_PLACEMENT_3D('',#3788,#2287,#2288);
#1951=AXIS2_PLACEMENT_3D('',#3790,#2290,#2291);
#1952=AXIS2_PLACEMENT_3D('',#3792,#2293,#2294);
#1953=AXIS2_PLACEMENT_3D('',#3794,#2296,#2297);
#1954=AXIS2_PLACEMENT_3D('',#3796,#2299,#2300);
#1955=AXIS2_PLACEMENT_3D('',#3798,#2302,#2303);
#1956=AXIS2_PLACEMENT_3D('',#3800,#2305,#2306);
#1957=AXIS2_PLACEMENT_3D('',#3801,#2307,#2308);
#1958=AXIS2_PLACEMENT_3D('',#3802,#2309,#2310);
#1959=AXIS2_PLACEMENT_3D('',#3803,#2311,#2312);
#1960=AXIS2_PLACEMENT_3D('',#3805,#2313,#2314);
#1961=AXIS2_PLACEMENT_3D('',#3814,#2319,#2320);
#1962=AXIS2_PLACEMENT_3D('',#3820,#2324,#2325);
#1963=AXIS2_PLACEMENT_3D('',#3829,#2330,#2331);
#1964=AXIS2_PLACEMENT_3D('',#3835,#2335,#2336);
#1965=AXIS2_PLACEMENT_3D('',#3841,#2340,#2341);
#1966=AXIS2_PLACEMENT_3D('',#3844,#2344,#2345);
#1967=AXIS2_PLACEMENT_3D('',#3856,#2352,#2353);
#1968=AXIS2_PLACEMENT_3D('',#3881,#2366,#2367);
#1969=AXIS2_PLACEMENT_3D('',#3885,#2370,#2371);
#1970=AXIS2_PLACEMENT_3D('',#3889,#2374,#2375);
#1971=AXIS2_PLACEMENT_3D('',#3893,#2378,#2379);
#1972=AXIS2_PLACEMENT_3D('',#3897,#2382,#2383);
#1973=AXIS2_PLACEMENT_3D('',#3901,#2386,#2387);
#1974=AXIS2_PLACEMENT_3D('',#3903,#2389,#2390);
#1975=AXIS2_PLACEMENT_3D('',#3906,#2393,#2394);
#1976=AXIS2_PLACEMENT_3D('',#3908,#2396,#2397);
#1977=AXIS2_PLACEMENT_3D('',#3910,#2399,#2400);
#1978=AXIS2_PLACEMENT_3D('',#3913,#2403,#2404);
#1979=AXIS2_PLACEMENT_3D('',#3915,#2406,#2407);
#1980=AXIS2_PLACEMENT_3D('',#3917,#2409,#2410);
#1981=AXIS2_PLACEMENT_3D('',#3919,#2412,#2413);
#1982=AXIS2_PLACEMENT_3D('',#3921,#2415,#2416);
#1983=AXIS2_PLACEMENT_3D('',#3923,#2418,#2419);
#1984=AXIS2_PLACEMENT_3D('',#3925,#2421,#2422);
#1985=AXIS2_PLACEMENT_3D('',#3926,#2423,#2424);
#1986=DIRECTION('',(0.,0.,1.));
#1987=DIRECTION('',(1.,0.,0.));
#1988=DIRECTION('',(0.,0.,-1.));
#1989=DIRECTION('',(-1.,0.,0.));
#1990=DIRECTION('',(0.,1.,0.));
#1991=DIRECTION('',(-1.,0.,0.));
#1992=DIRECTION('',(0.,-1.,0.));
#1993=DIRECTION('',(-1.,0.,0.));
#1994=DIRECTION('',(-1.,0.,0.));
#1995=DIRECTION('',(0.,1.,0.));
#1996=DIRECTION('',(0.707106781186548,0.,-0.707106781186548));
#1997=DIRECTION('',(0.,-1.,0.));
#1998=DIRECTION('',(0.,1.,0.));
#1999=DIRECTION('',(0.707106781186548,0.,-0.707106781186548));
#2000=DIRECTION('',(0.,1.,0.));
#2001=DIRECTION('',(1.,0.,0.));
#2002=DIRECTION('',(-1.,0.,0.));
#2003=DIRECTION('',(0.,0.,-1.));
#2004=DIRECTION('',(-1.,0.,0.));
#2005=DIRECTION('',(0.,0.,1.));
#2006=DIRECTION('',(1.,0.,0.));
#2007=DIRECTION('',(0.,1.,0.));
#2008=DIRECTION('',(-0.707106781186548,0.,0.707106781186548));
#2009=DIRECTION('',(0.,0.,1.));
#2010=DIRECTION('',(0.,1.,0.));
#2011=DIRECTION('',(-0.707106781186548,0.,-0.707106781186548));
#2012=DIRECTION('',(0.,0.,-1.));
#2013=DIRECTION('',(0.,1.,0.));
#2014=DIRECTION('',(0.707106781186548,0.,0.707106781186548));
#2015=DIRECTION('',(1.,0.,0.));
#2016=DIRECTION('',(0.,0.,-1.));
#2017=DIRECTION('',(0.,1.,0.));
#2018=DIRECTION('',(0.,1.,0.));
#2019=DIRECTION('',(0.707106781186548,0.,0.707106781186548));
#2020=DIRECTION('',(0.,-1.,0.));
#2021=DIRECTION('',(0.,0.345705358827356,-0.93834311681711));
#2022=DIRECTION('',(-1.,0.,0.));
#2023=DIRECTION('',(-0.326732019606536,0.88684405321774,0.326732019606536));
#2024=DIRECTION('',(-1.,0.,0.));
#2025=DIRECTION('',(0.326732019606536,0.88684405321774,0.326732019606536));
#2026=DIRECTION('',(0.93834311681711,0.345705358827356,0.));
#2027=DIRECTION('',(0.,0.,-1.));
#2028=DIRECTION('',(-0.326732019606536,0.88684405321774,-0.326732019606536));
#2029=DIRECTION('',(0.,0.,-1.));
#2030=DIRECTION('',(0.,1.,3.40180154444447E-33));
#2031=DIRECTION('',(0.,-3.40180154444447E-33,1.));
#2032=DIRECTION('',(0.,1.,3.40180154444447E-33));
#2033=DIRECTION('',(1.,0.,0.));
#2034=DIRECTION('',(0.,1.,3.40180154444447E-33));
#2035=DIRECTION('',(1.,0.,0.));
#2036=DIRECTION('',(0.,1.,3.40180154444447E-33));
#2037=DIRECTION('',(1.,0.,0.));
#2038=DIRECTION('',(1.,0.,0.));
#2039=DIRECTION('',(0.,0.,1.));
#2040=DIRECTION('',(0.,0.345705358827356,0.93834311681711));
#2041=DIRECTION('',(1.,0.,0.));
#2042=DIRECTION('',(0.326732019606536,0.886844053217739,-0.326732019606536));
#2043=DIRECTION('',(0.,0.,1.));
#2044=DIRECTION('',(1.,0.,0.));
#2045=DIRECTION('',(-1.,0.,0.));
#2046=DIRECTION('',(1.,0.,0.));
#2047=DIRECTION('',(0.,1.,0.));
#2048=DIRECTION('',(4.58414668232323E-17,0.,1.));
#2049=DIRECTION('',(1.,0.,0.));
#2050=DIRECTION('',(-1.,0.,0.));
#2051=DIRECTION('',(0.,0.,1.));
#2052=DIRECTION('',(-1.,0.,0.));
#2053=DIRECTION('',(1.,0.,0.));
#2054=DIRECTION('',(0.,0.939041550850656,0.343803673302067));
#2055=DIRECTION('',(-1.,0.,0.));
#2056=DIRECTION('',(-1.,0.,0.));
#2057=DIRECTION('',(0.,0.,1.));
#2058=DIRECTION('',(-1.,0.,0.));
#2059=DIRECTION('',(1.,0.,0.));
#2060=DIRECTION('',(0.,0.,1.));
#2061=DIRECTION('',(1.,0.,0.));
#2062=DIRECTION('',(0.,0.939163122359588,-0.34347143927813));
#2063=DIRECTION('',(-1.,0.,0.));
#2064=DIRECTION('',(0.,0.,1.));
#2065=DIRECTION('',(4.58414668232323E-17,0.,1.));
#2066=DIRECTION('',(1.,0.,0.));
#2067=DIRECTION('',(-0.93834311681711,0.345705358827356,0.));
#2068=DIRECTION('',(0.,0.,1.));
#2069=DIRECTION('',(0.,1.,0.));
#2070=DIRECTION('',(-0.707106781186548,0.,0.707106781186548));
#2071=DIRECTION('',(0.,-1.,0.));
#2072=DIRECTION('',(-1.,0.,0.));
#2073=DIRECTION('',(0.,0.,1.));
#2074=DIRECTION('',(0.,1.,0.));
#2075=DIRECTION('',(0.,1.,0.));
#2076=DIRECTION('',(-0.707106781186548,0.,-0.707106781186548));
#2077=DIRECTION('',(0.,1.,0.));
#2078=DIRECTION('',(1.,0.,0.));
#2079=DIRECTION('',(0.,1.,0.));
#2080=DIRECTION('',(0.,0.,1.));
#2081=DIRECTION('',(1.,0.,0.));
#2082=DIRECTION('',(0.,0.,-1.));
#2083=DIRECTION('',(0.,0.,1.));
#2084=DIRECTION('',(0.,1.,0.));
#2085=DIRECTION('',(0.,0.,1.));
#2086=DIRECTION('',(0.,1.,0.));
#2087=DIRECTION('',(0.,0.,1.));
#2088=DIRECTION('',(1.,0.,0.));
#2089=DIRECTION('',(-1.,0.,0.));
#2090=DIRECTION('',(0.,1.,0.));
#2091=DIRECTION('',(-1.,0.,0.));
#2092=DIRECTION('',(-1.,0.,0.));
#2093=DIRECTION('',(0.,0.,1.));
#2094=DIRECTION('',(0.,0.,-1.));
#2095=DIRECTION('',(0.,1.,0.));
#2096=DIRECTION('',(0.,0.,-1.));
#2097=DIRECTION('',(0.,1.,0.));
#2098=DIRECTION('',(0.,0.,-1.));
#2099=DIRECTION('',(-1.,0.,0.));
#2100=DIRECTION('',(1.,0.,0.));
#2101=DIRECTION('',(0.,1.,0.));
#2102=DIRECTION('',(1.,0.,0.));
#2103=DIRECTION('',(1.,0.,0.));
#2104=DIRECTION('',(0.,0.,-1.));
#2105=DIRECTION('',(0.,0.,1.));
#2106=DIRECTION('',(0.,1.,0.));
#2107=DIRECTION('',(0.,0.,1.));
#2108=DIRECTION('',(0.,0.,-1.));
#2109=DIRECTION('',(-1.,0.,0.));
#2110=DIRECTION('',(1.,0.,0.));
#2111=DIRECTION('',(1.,0.,0.));
#2112=DIRECTION('',(0.,-1.,0.));
#2113=DIRECTION('',(0.,0.,-1.));
#2114=DIRECTION('',(-1.,0.,0.));
#2115=DIRECTION('',(0.,0.,-1.));
#2116=DIRECTION('',(1.,0.,0.));
#2117=DIRECTION('',(0.,0.,1.));
#2118=DIRECTION('',(-1.,0.,0.));
#2119=DIRECTION('',(0.,0.,-1.));
#2120=DIRECTION('',(0.,1.,0.));
#2121=DIRECTION('',(1.,0.,0.));
#2122=DIRECTION('',(-1.,0.,0.));
#2123=DIRECTION('',(0.,0.,1.));
#2124=DIRECTION('',(1.,0.,0.));
#2125=DIRECTION('',(0.,0.,1.));
#2126=DIRECTION('',(1.,0.,0.));
#2127=DIRECTION('',(0.,0.,-1.));
#2128=DIRECTION('',(1.,0.,0.));
#2129=DIRECTION('',(0.,0.,-1.));
#2130=DIRECTION('',(-1.,0.,0.));
#2131=DIRECTION('',(0.,0.,-1.));
#2132=DIRECTION('',(-1.,0.,0.));
#2133=DIRECTION('',(0.,0.,1.));
#2134=DIRECTION('',(0.,0.,-1.));
#2135=DIRECTION('',(-1.,0.,0.));
#2136=DIRECTION('',(1.,0.,0.));
#2137=DIRECTION('',(0.,1.,0.));
#2138=DIRECTION('',(-1.,0.,0.));
#2139=DIRECTION('',(0.,0.,1.));
#2140=DIRECTION('',(0.,0.,-1.));
#2141=DIRECTION('',(0.,1.,0.));
#2142=DIRECTION('',(0.,0.,1.));
#2143=DIRECTION('',(1.,0.,0.));
#2144=DIRECTION('',(-1.,0.,0.));
#2145=DIRECTION('',(0.,1.,0.));
#2146=DIRECTION('',(-1.,0.,0.));
#2147=DIRECTION('',(0.,0.,1.));
#2148=DIRECTION('',(0.,0.,-1.));
#2149=DIRECTION('',(0.,1.,0.));
#2150=DIRECTION('',(0.,0.,1.));
#2151=DIRECTION('',(1.,0.,0.));
#2152=DIRECTION('',(-1.,0.,0.));
#2153=DIRECTION('',(0.,1.,0.));
#2154=DIRECTION('',(1.,0.,0.));
#2155=DIRECTION('',(0.,0.,-1.));
#2156=DIRECTION('',(0.,0.,1.));
#2157=DIRECTION('',(-0.707106781186548,-0.707106781186548,0.));
#2158=DIRECTION('',(0.,0.,1.));
#2159=DIRECTION('',(-0.577350269189626,0.577350269189626,0.577350269189626));
#2160=DIRECTION('',(-0.577350269189626,0.577350269189626,0.577350269189626));
#2161=DIRECTION('',(0.,-0.707106781186548,0.707106781186548));
#2162=DIRECTION('',(1.,0.,0.));
#2163=DIRECTION('',(0.577350269189626,0.577350269189626,0.577350269189626));
#2164=DIRECTION('',(0.707106781186548,-0.707106781186548,0.));
#2165=DIRECTION('',(0.,0.,-1.));
#2166=DIRECTION('',(0.577350269189626,0.577350269189626,0.577350269189626));
#2167=DIRECTION('',(-0.707106781186548,-0.707106781186548,0.));
#2168=DIRECTION('',(0.,0.,1.));
#2169=DIRECTION('',(0.577350269189626,-0.577350269189626,0.577350269189626));
#2170=DIRECTION('',(-0.577350269189626,0.577350269189626,0.577350269189626));
#2171=DIRECTION('',(0.,-0.707106781186548,0.707106781186548));
#2172=DIRECTION('',(1.,0.,0.));
#2173=DIRECTION('',(0.577350269189626,0.577350269189626,0.577350269189626));
#2174=DIRECTION('',(0.707106781186548,-0.707106781186548,0.));
#2175=DIRECTION('',(0.,0.,-1.));
#2176=DIRECTION('',(0.577350269189626,0.577350269189626,-0.577350269189626));
#2177=DIRECTION('',(0.,-0.707106781186548,-0.707106781186548));
#2178=DIRECTION('',(-1.,0.,0.));
#2179=DIRECTION('',(0.577350269189626,0.577350269189626,-0.577350269189626));
#2180=DIRECTION('',(0.707106781186548,-0.707106781186548,0.));
#2181=DIRECTION('',(0.,0.,-1.));
#2182=DIRECTION('',(0.577350269189626,0.577350269189626,-0.577350269189626));
#2183=DIRECTION('',(0.,-0.707106781186548,-0.707106781186548));
#2184=DIRECTION('',(-1.,0.,0.));
#2185=DIRECTION('',(-0.577350269189626,0.577350269189626,-0.577350269189626));
#2186=DIRECTION('',(-0.707106781186548,-0.707106781186548,0.));
#2187=DIRECTION('',(0.,0.,1.));
#2188=DIRECTION('',(-0.577350269189626,0.577350269189626,-0.577350269189626));
#2189=DIRECTION('',(0.,-0.707106781186548,-0.707106781186548));
#2190=DIRECTION('',(-1.,0.,0.));
#2191=DIRECTION('',(0.,-0.707106781186548,0.707106781186548));
#2192=DIRECTION('',(1.,0.,0.));
#2193=DIRECTION('',(0.,1.,0.));
#2194=DIRECTION('',(1.,0.,0.));
#2195=DIRECTION('',(0.,1.,0.));
#2196=DIRECTION('',(0.,0.,1.));
#2197=DIRECTION('',(1.,0.,0.));
#2198=DIRECTION('',(0.,0.,-1.));
#2199=DIRECTION('',(0.,0.,1.));
#2200=DIRECTION('',(0.,1.,0.));
#2201=DIRECTION('',(0.,0.,1.));
#2202=DIRECTION('',(0.,1.,0.));
#2203=DIRECTION('',(0.,0.,1.));
#2204=DIRECTION('',(1.,0.,0.));
#2205=DIRECTION('',(-1.,0.,0.));
#2206=DIRECTION('',(0.,1.,0.));
#2207=DIRECTION('',(-1.,0.,0.));
#2208=DIRECTION('',(-1.,0.,0.));
#2209=DIRECTION('',(0.,0.,1.));
#2210=DIRECTION('',(0.,0.,-1.));
#2211=DIRECTION('',(0.,1.,0.));
#2212=DIRECTION('',(0.,0.,-1.));
#2213=DIRECTION('',(0.,1.,0.));
#2214=DIRECTION('',(0.,0.,-1.));
#2215=DIRECTION('',(-1.,0.,0.));
#2216=DIRECTION('',(1.,0.,0.));
#2217=DIRECTION('',(0.,1.,0.));
#2218=DIRECTION('',(1.,0.,0.));
#2219=DIRECTION('',(1.,0.,0.));
#2220=DIRECTION('',(0.,0.,-1.));
#2221=DIRECTION('',(0.,0.,1.));
#2222=DIRECTION('',(0.,1.,0.));
#2223=DIRECTION('',(0.,0.,1.));
#2224=DIRECTION('',(0.,0.,-1.));
#2225=DIRECTION('',(-1.,0.,0.));
#2226=DIRECTION('',(1.,0.,0.));
#2227=DIRECTION('',(1.,0.,0.));
#2228=DIRECTION('',(0.,-1.,0.));
#2229=DIRECTION('',(0.,0.,-1.));
#2230=DIRECTION('',(-1.,0.,0.));
#2231=DIRECTION('',(0.,0.,-1.));
#2232=DIRECTION('',(1.,0.,0.));
#2233=DIRECTION('',(0.,0.,1.));
#2234=DIRECTION('',(-1.,0.,0.));
#2235=DIRECTION('',(0.,0.,-1.));
#2236=DIRECTION('',(0.,1.,0.));
#2237=DIRECTION('',(1.,0.,0.));
#2238=DIRECTION('',(-1.,0.,0.));
#2239=DIRECTION('',(0.,0.,1.));
#2240=DIRECTION('',(1.,0.,0.));
#2241=DIRECTION('',(0.,0.,1.));
#2242=DIRECTION('',(1.,0.,0.));
#2243=DIRECTION('',(0.,0.,-1.));
#2244=DIRECTION('',(1.,0.,0.));
#2245=DIRECTION('',(0.,0.,-1.));
#2246=DIRECTION('',(-1.,0.,0.));
#2247=DIRECTION('',(0.,0.,-1.));
#2248=DIRECTION('',(-1.,0.,0.));
#2249=DIRECTION('',(0.,0.,1.));
#2250=DIRECTION('',(0.,0.,-1.));
#2251=DIRECTION('',(-1.,0.,0.));
#2252=DIRECTION('',(1.,0.,0.));
#2253=DIRECTION('',(0.,1.,0.));
#2254=DIRECTION('',(-1.,0.,0.));
#2255=DIRECTION('',(0.,0.,1.));
#2256=DIRECTION('',(0.,0.,-1.));
#2257=DIRECTION('',(0.,1.,0.));
#2258=DIRECTION('',(0.,0.,1.));
#2259=DIRECTION('',(1.,0.,0.));
#2260=DIRECTION('',(-1.,0.,0.));
#2261=DIRECTION('',(0.,1.,0.));
#2262=DIRECTION('',(-1.,0.,0.));
#2263=DIRECTION('',(0.,0.,1.));
#2264=DIRECTION('',(0.,0.,-1.));
#2265=DIRECTION('',(0.,1.,0.));
#2266=DIRECTION('',(0.,0.,1.));
#2267=DIRECTION('',(1.,0.,0.));
#2268=DIRECTION('',(-1.,0.,0.));
#2269=DIRECTION('',(0.,1.,0.));
#2270=DIRECTION('',(1.,0.,0.));
#2271=DIRECTION('',(0.,0.,-1.));
#2272=DIRECTION('',(0.,0.,1.));
#2273=DIRECTION('',(-0.707106781186548,-0.707106781186548,0.));
#2274=DIRECTION('',(0.,0.,1.));
#2275=DIRECTION('',(-0.577350269189626,0.577350269189626,0.577350269189626));
#2276=DIRECTION('',(-0.577350269189626,0.577350269189626,0.577350269189626));
#2277=DIRECTION('',(0.,-0.707106781186548,0.707106781186548));
#2278=DIRECTION('',(1.,0.,0.));
#2279=DIRECTION('',(0.577350269189626,0.577350269189626,0.577350269189626));
#2280=DIRECTION('',(0.707106781186548,-0.707106781186548,0.));
#2281=DIRECTION('',(0.,0.,-1.));
#2282=DIRECTION('',(0.577350269189626,0.577350269189626,0.577350269189626));
#2283=DIRECTION('',(-0.707106781186548,-0.707106781186548,0.));
#2284=DIRECTION('',(0.,0.,1.));
#2285=DIRECTION('',(0.577350269189626,-0.577350269189626,0.577350269189626));
#2286=DIRECTION('',(-0.577350269189626,0.577350269189626,0.577350269189626));
#2287=DIRECTION('',(0.,-0.707106781186548,0.707106781186548));
#2288=DIRECTION('',(1.,0.,0.));
#2289=DIRECTION('',(0.577350269189626,0.577350269189626,0.577350269189626));
#2290=DIRECTION('',(0.707106781186548,-0.707106781186548,0.));
#2291=DIRECTION('',(0.,0.,-1.));
#2292=DIRECTION('',(0.577350269189626,0.577350269189626,-0.577350269189626));
#2293=DIRECTION('',(0.,-0.707106781186548,-0.707106781186548));
#2294=DIRECTION('',(-1.,0.,0.));
#2295=DIRECTION('',(0.577350269189626,0.577350269189626,-0.577350269189626));
#2296=DIRECTION('',(0.707106781186548,-0.707106781186548,0.));
#2297=DIRECTION('',(0.,0.,-1.));
#2298=DIRECTION('',(0.577350269189626,0.577350269189626,-0.577350269189626));
#2299=DIRECTION('',(0.,-0.707106781186548,-0.707106781186548));
#2300=DIRECTION('',(-1.,0.,0.));
#2301=DIRECTION('',(-0.577350269189626,0.577350269189626,-0.577350269189626));
#2302=DIRECTION('',(-0.707106781186548,-0.707106781186548,0.));
#2303=DIRECTION('',(0.,0.,1.));
#2304=DIRECTION('',(-0.577350269189626,0.577350269189626,-0.577350269189626));
#2305=DIRECTION('',(0.,-0.707106781186548,-0.707106781186548));
#2306=DIRECTION('',(-1.,0.,0.));
#2307=DIRECTION('',(0.,-0.707106781186548,0.707106781186548));
#2308=DIRECTION('',(1.,0.,0.));
#2309=DIRECTION('',(0.,1.,0.));
#2310=DIRECTION('',(1.,0.,0.));
#2311=DIRECTION('',(0.,1.,0.));
#2312=DIRECTION('',(0.,0.,1.));
#2313=DIRECTION('',(1.,0.,0.));
#2314=DIRECTION('',(0.,0.,-1.));
#2315=DIRECTION('',(0.,0.,1.));
#2316=DIRECTION('',(0.,1.,0.));
#2317=DIRECTION('',(0.,0.,1.));
#2318=DIRECTION('',(0.,1.,0.));
#2319=DIRECTION('',(0.,0.,1.));
#2320=DIRECTION('',(1.,0.,0.));
#2321=DIRECTION('',(-1.,0.,0.));
#2322=DIRECTION('',(0.,1.,0.));
#2323=DIRECTION('',(-1.,0.,0.));
#2324=DIRECTION('',(-1.,0.,0.));
#2325=DIRECTION('',(0.,0.,1.));
#2326=DIRECTION('',(0.,0.,-1.));
#2327=DIRECTION('',(0.,1.,0.));
#2328=DIRECTION('',(0.,0.,-1.));
#2329=DIRECTION('',(0.,1.,0.));
#2330=DIRECTION('',(0.,0.,-1.));
#2331=DIRECTION('',(-1.,0.,0.));
#2332=DIRECTION('',(1.,0.,0.));
#2333=DIRECTION('',(0.,1.,0.));
#2334=DIRECTION('',(1.,0.,0.));
#2335=DIRECTION('',(1.,0.,0.));
#2336=DIRECTION('',(0.,0.,-1.));
#2337=DIRECTION('',(0.,0.,1.));
#2338=DIRECTION('',(0.,1.,0.));
#2339=DIRECTION('',(0.,0.,1.));
#2340=DIRECTION('',(0.,0.,-1.));
#2341=DIRECTION('',(-1.,0.,0.));
#2342=DIRECTION('',(1.,0.,0.));
#2343=DIRECTION('',(1.,0.,0.));
#2344=DIRECTION('',(0.,-1.,0.));
#2345=DIRECTION('',(0.,0.,-1.));
#2346=DIRECTION('',(-1.,0.,0.));
#2347=DIRECTION('',(0.,0.,-1.));
#2348=DIRECTION('',(1.,0.,0.));
#2349=DIRECTION('',(0.,0.,1.));
#2350=DIRECTION('',(-1.,0.,0.));
#2351=DIRECTION('',(0.,0.,-1.));
#2352=DIRECTION('',(0.,1.,0.));
#2353=DIRECTION('',(1.,0.,0.));
#2354=DIRECTION('',(-1.,0.,0.));
#2355=DIRECTION('',(0.,0.,1.));
#2356=DIRECTION('',(1.,0.,0.));
#2357=DIRECTION('',(0.,0.,1.));
#2358=DIRECTION('',(1.,0.,0.));
#2359=DIRECTION('',(0.,0.,-1.));
#2360=DIRECTION('',(1.,0.,0.));
#2361=DIRECTION('',(0.,0.,-1.));
#2362=DIRECTION('',(-1.,0.,0.));
#2363=DIRECTION('',(0.,0.,-1.));
#2364=DIRECTION('',(-1.,0.,0.));
#2365=DIRECTION('',(0.,0.,1.));
#2366=DIRECTION('',(0.,0.,-1.));
#2367=DIRECTION('',(-1.,0.,0.));
#2368=DIRECTION('',(1.,0.,0.));
#2369=DIRECTION('',(0.,1.,0.));
#2370=DIRECTION('',(-1.,0.,0.));
#2371=DIRECTION('',(0.,0.,1.));
#2372=DIRECTION('',(0.,0.,-1.));
#2373=DIRECTION('',(0.,1.,0.));
#2374=DIRECTION('',(0.,0.,1.));
#2375=DIRECTION('',(1.,0.,0.));
#2376=DIRECTION('',(-1.,0.,0.));
#2377=DIRECTION('',(0.,1.,0.));
#2378=DIRECTION('',(-1.,0.,0.));
#2379=DIRECTION('',(0.,0.,1.));
#2380=DIRECTION('',(0.,0.,-1.));
#2381=DIRECTION('',(0.,1.,0.));
#2382=DIRECTION('',(0.,0.,1.));
#2383=DIRECTION('',(1.,0.,0.));
#2384=DIRECTION('',(-1.,0.,0.));
#2385=DIRECTION('',(0.,1.,0.));
#2386=DIRECTION('',(1.,0.,0.));
#2387=DIRECTION('',(0.,0.,-1.));
#2388=DIRECTION('',(0.,0.,1.));
#2389=DIRECTION('',(-0.707106781186548,-0.707106781186548,0.));
#2390=DIRECTION('',(0.,0.,1.));
#2391=DIRECTION('',(-0.577350269189626,0.577350269189626,0.577350269189626));
#2392=DIRECTION('',(-0.577350269189626,0.577350269189626,0.577350269189626));
#2393=DIRECTION('',(0.,-0.707106781186548,0.707106781186548));
#2394=DIRECTION('',(1.,0.,0.));
#2395=DIRECTION('',(0.577350269189626,0.577350269189626,0.577350269189626));
#2396=DIRECTION('',(0.707106781186548,-0.707106781186548,0.));
#2397=DIRECTION('',(0.,0.,-1.));
#2398=DIRECTION('',(0.577350269189626,0.577350269189626,0.577350269189626));
#2399=DIRECTION('',(-0.707106781186548,-0.707106781186548,0.));
#2400=DIRECTION('',(0.,0.,1.));
#2401=DIRECTION('',(0.577350269189626,-0.577350269189626,0.577350269189626));
#2402=DIRECTION('',(-0.577350269189626,0.577350269189626,0.577350269189626));
#2403=DIRECTION('',(0.,-0.707106781186548,0.707106781186548));
#2404=DIRECTION('',(1.,0.,0.));
#2405=DIRECTION('',(0.577350269189626,0.577350269189626,0.577350269189626));
#2406=DIRECTION('',(0.707106781186548,-0.707106781186548,0.));
#2407=DIRECTION('',(0.,0.,-1.));
#2408=DIRECTION('',(0.577350269189626,0.577350269189626,-0.577350269189626));
#2409=DIRECTION('',(0.,-0.707106781186548,-0.707106781186548));
#2410=DIRECTION('',(-1.,0.,0.));
#2411=DIRECTION('',(0.577350269189626,0.577350269189626,-0.577350269189626));
#2412=DIRECTION('',(0.707106781186548,-0.707106781186548,0.));
#2413=DIRECTION('',(0.,0.,-1.));
#2414=DIRECTION('',(0.577350269189626,0.577350269189626,-0.577350269189626));
#2415=DIRECTION('',(0.,-0.707106781186548,-0.707106781186548));
#2416=DIRECTION('',(-1.,0.,0.));
#2417=DIRECTION('',(-0.577350269189626,0.577350269189626,-0.577350269189626));
#2418=DIRECTION('',(-0.707106781186548,-0.707106781186548,0.));
#2419=DIRECTION('',(0.,0.,1.));
#2420=DIRECTION('',(-0.577350269189626,0.577350269189626,-0.577350269189626));
#2421=DIRECTION('',(0.,-0.707106781186548,-0.707106781186548));
#2422=DIRECTION('',(-1.,0.,0.));
#2423=DIRECTION('',(0.,-0.707106781186548,0.707106781186548));
#2424=DIRECTION('',(1.,0.,0.));
#2425=CARTESIAN_POINT('',(0.,0.,0.));
#2426=CARTESIAN_POINT('',(0.020975,0.,-0.0091));
#2427=CARTESIAN_POINT('',(0.011875,0.001,-0.0091));
#2428=CARTESIAN_POINT('',(0.0148416666666667,0.001,-0.0091));
#2429=CARTESIAN_POINT('',(0.0178083333333333,0.001,-0.0091));
#2430=CARTESIAN_POINT('',(0.020775,0.001,-0.0091));
#2431=CARTESIAN_POINT('',(0.020775,0.001,-0.0091));
#2432=CARTESIAN_POINT('',(0.011875,0.001,-0.0091));
#2433=CARTESIAN_POINT('',(0.020775,0.,-0.0091));
#2434=CARTESIAN_POINT('',(0.020775,0.,-0.0091));
#2435=CARTESIAN_POINT('',(0.020975,0.,-0.0091));
#2436=CARTESIAN_POINT('',(-0.020775,0.,-0.0091));
#2437=CARTESIAN_POINT('',(-0.020775,0.,-0.0091));
#2438=CARTESIAN_POINT('',(-0.020775,0.001,-0.0091));
#2439=CARTESIAN_POINT('',(-0.002775,0.001,-0.0091));
#2440=CARTESIAN_POINT('',(-0.011875,0.001,-0.0091));
#2441=CARTESIAN_POINT('',(0.011875,0.001,-0.0091));
#2442=CARTESIAN_POINT('',(0.020775,0.,-0.0089));
#2443=CARTESIAN_POINT('',(0.020775,0.001,-0.0091));
#2444=CARTESIAN_POINT('',(0.0208797197551197,0.001,-0.0091));
#2445=CARTESIAN_POINT('',(0.020975,0.001,-0.00900471975511966));
#2446=CARTESIAN_POINT('',(0.020975,0.001,-0.0089));
#2447=CARTESIAN_POINT('',(0.020975,0.001,-0.0089));
#2448=CARTESIAN_POINT('',(0.020975,0.,-0.0089));
#2449=CARTESIAN_POINT('',(0.020975,0.,-0.0089));
#2450=CARTESIAN_POINT('',(0.020775,0.,-0.0089));
#2451=CARTESIAN_POINT('',(0.011875,0.,0.));
#2452=CARTESIAN_POINT('',(0.011875,0.,0.0073));
#2453=CARTESIAN_POINT('',(0.019175,0.,0.0073));
#2454=CARTESIAN_POINT('',(-0.019175,0.,0.0073));
#2455=CARTESIAN_POINT('',(0.019175,0.,0.00365));
#2456=CARTESIAN_POINT('',(0.019175,0.,-0.0073));
#2457=CARTESIAN_POINT('',(0.015525,0.,-0.0073));
#2458=CARTESIAN_POINT('',(-0.019175,0.,-0.0073));
#2459=CARTESIAN_POINT('',(-0.019175,0.,-0.00365));
#2460=CARTESIAN_POINT('',(0.002775,0.,0.0091));
#2461=CARTESIAN_POINT('',(-0.020775,0.,0.0091));
#2462=CARTESIAN_POINT('',(0.020775,0.,0.0091));
#2463=CARTESIAN_POINT('',(-0.020775,0.,0.0089));
#2464=CARTESIAN_POINT('',(-0.020975,0.,0.0089));
#2465=CARTESIAN_POINT('',(-0.020975,0.,-0.0091));
#2466=CARTESIAN_POINT('',(-0.020975,0.,-0.0089));
#2467=CARTESIAN_POINT('',(-0.020775,0.,-0.0089));
#2468=CARTESIAN_POINT('',(0.020975,0.,0.0091));
#2469=CARTESIAN_POINT('',(0.020975,0.,0.0089));
#2470=CARTESIAN_POINT('',(0.020775,0.,0.0089));
#2471=CARTESIAN_POINT('',(0.020975,0.,0.0091));
#2472=CARTESIAN_POINT('',(0.020975,0.,0.0089));
#2473=CARTESIAN_POINT('',(0.020975,0.001,0.0089));
#2474=CARTESIAN_POINT('',(0.020975,0.001,-0.0089));
#2475=CARTESIAN_POINT('',(0.020975,0.001,-0.00296666666666666));
#2476=CARTESIAN_POINT('',(0.020975,0.001,0.00296666666666667));
#2477=CARTESIAN_POINT('',(0.020975,0.001,0.0089));
#2478=CARTESIAN_POINT('',(0.020775,0.,0.0089));
#2479=CARTESIAN_POINT('',(0.020975,0.001,0.0089));
#2480=CARTESIAN_POINT('',(0.020975,0.001,0.00900471975511966));
#2481=CARTESIAN_POINT('',(0.0208797197551197,0.001,0.0091));
#2482=CARTESIAN_POINT('',(0.020775,0.001,0.0091));
#2483=CARTESIAN_POINT('',(0.020775,0.001,0.0091));
#2484=CARTESIAN_POINT('',(0.020775,0.,0.0091));
#2485=CARTESIAN_POINT('',(0.019175,0.,-0.0073));
#2486=CARTESIAN_POINT('',(0.019175,0.,-0.0073));
#2487=CARTESIAN_POINT('',(0.017075,0.0057,-0.0052));
#2488=CARTESIAN_POINT('',(0.017075,0.0057,-0.0052));
#2489=CARTESIAN_POINT('',(-0.017075,0.0057,-0.0052));
#2490=CARTESIAN_POINT('',(-0.019175,0.,-0.0073));
#2491=CARTESIAN_POINT('',(0.019175,0.,0.0073));
#2492=CARTESIAN_POINT('',(0.019175,0.,0.0073));
#2493=CARTESIAN_POINT('',(0.017075,0.0057,0.0052));
#2494=CARTESIAN_POINT('',(0.017075,0.0057,0.0052));
#2495=CARTESIAN_POINT('',(0.011875,0.0057,7.56970244062607E-20));
#2496=CARTESIAN_POINT('',(-0.012,0.0057,0.));
#2497=CARTESIAN_POINT('',(-0.0092,0.0057,0.));
#2498=CARTESIAN_POINT('',(0.,0.0057,0.));
#2499=CARTESIAN_POINT('',(0.0028,0.0057,0.));
#2500=CARTESIAN_POINT('',(0.012,0.0057,0.));
#2501=CARTESIAN_POINT('',(0.0148,0.0057,0.));
#2502=CARTESIAN_POINT('',(0.006675,0.0057,0.0052));
#2503=CARTESIAN_POINT('',(-0.017075,0.0057,0.0052));
#2504=CARTESIAN_POINT('',(-0.017075,0.0057,-0.0052));
#2505=CARTESIAN_POINT('',(0.0173050681602087,0.00784708499703257,-0.00485472625936489));
#2506=CARTESIAN_POINT('',(0.0197516893867334,0.00553035436515016,-0.00755157541978665));
#2507=CARTESIAN_POINT('',(0.020975,0.00247260004656471,-0.00889999999999929));
#2508=CARTESIAN_POINT('',(0.020975,0.001,-0.00889999999999955));
#2509=CARTESIAN_POINT('',(0.0172880460653716,0.00784708499703257,-0.00490254814813953));
#2510=CARTESIAN_POINT('',(0.0197412059617621,0.00553035436515016,-0.00760693900307148));
#2511=CARTESIAN_POINT('',(0.0209753579906785,0.00247260004656471,-0.00895172142416292));
#2512=CARTESIAN_POINT('',(0.020975,0.001,-0.0089314159265355));
#2513=CARTESIAN_POINT('',(0.0172264664362194,0.00784708499703256,-0.00505475449091886));
#2514=CARTESIAN_POINT('',(0.019732084627184,0.00553035436515015,-0.00772270801895846));
#2515=CARTESIAN_POINT('',(0.020942320095451,0.00247260004656474,-0.009018499648784));
#2516=CARTESIAN_POINT('',(0.0209599097785111,0.001,-0.00899425131306428));
#2517=CARTESIAN_POINT('',(0.0170509135946465,0.00784708499703256,-0.00525347785583852));
#2518=CARTESIAN_POINT('',(0.019660419010723,0.00553035436515016,-0.00781976875894698));
#2519=CARTESIAN_POINT('',(0.0209115481604263,0.00247260004656478,-0.00904683471873404));
#2520=CARTESIAN_POINT('',(0.0209074594496698,0.001,-0.00905561584632483));
#2521=CARTESIAN_POINT('',(0.0168638399001731,0.00784708499703257,-0.00537791082950673));
#2522=CARTESIAN_POINT('',(0.0195485000055484,0.00553035436515016,-0.00786060746785909));
#2523=CARTESIAN_POINT('',(0.0208682212047563,0.00247260004656482,-0.00908246864615893));
#2524=CARTESIAN_POINT('',(0.0208430161170367,0.001,-0.00909165227723364));
#2525=CARTESIAN_POINT('',(0.016769788817167,0.00784708499703257,-0.0054165371060323));
#2526=CARTESIAN_POINT('',(0.0194728379986515,0.00553035436515016,-0.00786857407788213));
#2527=CARTESIAN_POINT('',(0.0208166448413282,0.00247260004656483,-0.00909986955461853));
#2528=CARTESIAN_POINT('',(0.0208011752420312,0.001,-0.00910004563834102));
#2529=CARTESIAN_POINT('',(0.0166544127535613,0.00784708499703256,-0.00545737056680996));
#2530=CARTESIAN_POINT('',(0.0193395314592077,0.00553035436515016,-0.00789372239092867));
#2531=CARTESIAN_POINT('',(0.0206963787233357,0.00247260004656483,-0.0091001291371206));
#2532=CARTESIAN_POINT('',(0.0207254328964618,0.001,-0.0091000238236617));
#2533=CARTESIAN_POINT('',(0.0165027596546601,0.00784708499703256,-0.00550983457191885));
#2534=CARTESIAN_POINT('',(0.0191594367653786,0.00553035436515016,-0.00792613020669991));
#2535=CARTESIAN_POINT('',(0.0205289392246437,0.00247260004656483,-0.00909999423276311));
#2536=CARTESIAN_POINT('',(0.0206115127351688,0.001,-0.00910003032477086));
#2537=CARTESIAN_POINT('',(0.0161962653377204,0.00784708499703256,-0.00560944313263569));
#2538=CARTESIAN_POINT('',(0.0187771229473437,0.00553035436515016,-0.00798770174794403));
#2539=CARTESIAN_POINT('',(0.0201540401421301,0.00247260004656483,-0.00910003814673507));
#2540=CARTESIAN_POINT('',(0.0203273584217931,0.001,-0.00910002568415032));
#2541=CARTESIAN_POINT('',(0.0153412715781989,0.00784708499703257,-0.0058619513742603));
#2542=CARTESIAN_POINT('',(0.0176396318490696,0.00553035436515016,-0.00814404317212301));
#2543=CARTESIAN_POINT('',(0.0189677054905788,0.00247260004656483,-0.00910001166985803));
#2544=CARTESIAN_POINT('',(0.0193259116851475,0.001,-0.00910002156433828));
#2545=CARTESIAN_POINT('',(0.0138829860839739,0.00784708499703257,-0.00615661847718575));
#2546=CARTESIAN_POINT('',(0.0153603279258345,0.00553035436515017,-0.00832751306723199));
#2547=CARTESIAN_POINT('',(0.0162725641055674,0.00247260004656484,-0.00910002678419777));
#2548=CARTESIAN_POINT('',(0.0166203501525112,0.001,-0.00910001663321604));
#2549=CARTESIAN_POINT('',(0.0125443023554141,0.00784708499703257,-0.00624424383581746));
#2550=CARTESIAN_POINT('',(0.0130367497238104,0.00553035436515016,-0.00838216292481405));
#2551=CARTESIAN_POINT('',(0.0133408635538073,0.00247260004656485,-0.00909999389272324));
#2552=CARTESIAN_POINT('',(0.0134567859723117,0.001,-0.0091));
#2553=CARTESIAN_POINT('',(0.0118749999999989,0.00784708499703257,-0.00624424383581741));
#2554=CARTESIAN_POINT('',(0.011875,0.00553035436515016,-0.0083821643215852));
#2555=CARTESIAN_POINT('',(0.011875,0.00247260004656484,-0.0091));
#2556=CARTESIAN_POINT('',(0.011875,0.001,-0.0091));
#2557=CARTESIAN_POINT('',(0.011874999999999,0.00759910779692225,-0.00646534393149939));
#2558=CARTESIAN_POINT('',(0.0118749999999991,0.00711882035390249,-0.00687913566631112));
#2559=CARTESIAN_POINT('',(0.0118750000000012,0.00607841817561328,-0.00761313731408644));
#2560=CARTESIAN_POINT('',(0.0118750000000018,0.00464481834749897,-0.0082962740096373));
#2561=CARTESIAN_POINT('',(0.0118750000000021,0.00344251162330406,-0.0087057666309686));
#2562=CARTESIAN_POINT('',(0.0118750000000028,0.0021998459806393,-0.00901715193247827));
#2563=CARTESIAN_POINT('',(0.0118749999999999,0.00140760819782821,-0.00909999999999983));
#2564=CARTESIAN_POINT('',(0.011875,0.00100000000000187,-0.0091));
#2565=CARTESIAN_POINT('',(0.011875,0.00759910779692225,-0.00646534393149939));
#2566=CARTESIAN_POINT('',(0.011874999999999,0.00759910779692225,-0.00646534393149939));
#2567=CARTESIAN_POINT('',(0.0122612639654082,0.00759910775460949,-0.00646534388238704));
#2568=CARTESIAN_POINT('',(0.0128706801755119,0.00760729213745765,-0.00644061004016154));
#2569=CARTESIAN_POINT('',(0.0136180717457267,0.00763157663922257,-0.00635506558614402));
#2570=CARTESIAN_POINT('',(0.0140416391442961,0.00764910015606009,-0.00629013810231696));
#2571=CARTESIAN_POINT('',(0.0143836314610815,0.00766554749865196,-0.00622700391527052));
#2572=CARTESIAN_POINT('',(0.0146382625845697,0.00767920398404831,-0.00617300508179575));
#2573=CARTESIAN_POINT('',(0.014943889930046,0.00769680761991415,-0.00610041114864731));
#2574=CARTESIAN_POINT('',(0.0152452190602848,0.00771541741376683,-0.00602008237977389));
#2575=CARTESIAN_POINT('',(0.0155539063693773,0.00773590107952931,-0.0059256588575643));
#2576=CARTESIAN_POINT('',(0.0157113404804562,0.00774677942811798,-0.0058734790940346));
#2577=CARTESIAN_POINT('',(0.0158580645774386,0.00775708829408589,-0.00582295638150692));
#2578=CARTESIAN_POINT('',(0.0159834637644538,0.00776608291913423,-0.00577755907999167));
#2579=CARTESIAN_POINT('',(0.0160974980162724,0.00777439116894851,-0.00573442369706756));
#2580=CARTESIAN_POINT('',(0.0161658474484386,0.0077794042920497,-0.00570816764020521));
#2581=CARTESIAN_POINT('',(0.016312828281029,0.00779030467557254,-0.00564947001645202));
#2582=CARTESIAN_POINT('',(0.0164538379461297,0.00780088328663265,-0.00559058940218496));
#2583=CARTESIAN_POINT('',(0.0166606001730014,0.00781659909088663,-0.00550021064682682));
#2584=CARTESIAN_POINT('',(0.0167410520410399,0.00782293930460956,-0.00546203399090124));
#2585=CARTESIAN_POINT('',(0.0167568722690151,0.00782427035625197,-0.00545451238407715));
#2586=CARTESIAN_POINT('',(0.0167567992407191,0.00782400974010459,-0.00545431266338927));
#2587=CARTESIAN_POINT('',(0.0167568611184673,0.0078242927281589,-0.00545448368004706));
#2588=CARTESIAN_POINT('',(0.0167642713499323,0.00782487216789885,-0.00545102458675404));
#2589=CARTESIAN_POINT('',(0.0167831524242294,0.00782705002720807,-0.00544237978851153));
#2590=CARTESIAN_POINT('',(0.0169172932116399,0.0078407844592191,-0.00535798319821287));
#2591=CARTESIAN_POINT('',(0.0169936615417015,0.00784564923482804,-0.0052938298114469));
#2592=CARTESIAN_POINT('',(0.0171055285951643,0.00784757002646776,-0.00519099523452312));
#2593=CARTESIAN_POINT('',(0.0171721637906995,0.00784496510953803,-0.00511350433987784));
#2594=CARTESIAN_POINT('',(0.0172014888862956,0.00784279424672996,-0.00507629361718016));
#2595=CARTESIAN_POINT('',(0.0172014057086277,0.00784263927321596,-0.00507623710747887));
#2596=CARTESIAN_POINT('',(0.0172014888862956,0.00784279424672996,-0.00507629361718016));
#2597=CARTESIAN_POINT('',(0.017221619108112,0.00784130405721921,-0.00505075030396578));
#2598=CARTESIAN_POINT('',(0.017252313098115,0.00783855411720024,-0.00501225937555768));
#2599=CARTESIAN_POINT('',(0.0173176136384711,0.00782675757591741,-0.00490524474576506));
#2600=CARTESIAN_POINT('',(0.017326234648635,0.00782444411687233,-0.00488858133217844));
#2601=CARTESIAN_POINT('',(0.0173297114948632,0.00782365998268993,-0.00488199568246397));
#2602=CARTESIAN_POINT('',(0.0173299341839213,0.00782347357446428,-0.0048821354530914));
#2603=CARTESIAN_POINT('',(0.0173299341839205,0.00782347357446308,-0.00488213545309111));
#2604=CARTESIAN_POINT('',(0.0197599780613039,0.00550961925818875,-0.00756071181769595));
#2605=CARTESIAN_POINT('',(0.020975,0.00246760268596987,-0.0089));
#2606=CARTESIAN_POINT('',(0.020975,0.001,-0.0089));
#2607=CARTESIAN_POINT('',(0.011875,0.00773303596998501,-0.00609934126980435));
#2608=CARTESIAN_POINT('',(0.0119564124512264,0.00773303596998501,-0.00609934126980436));
#2609=CARTESIAN_POINT('',(0.0121192821539959,0.00773333829958287,-0.00609797780778615));
#2610=CARTESIAN_POINT('',(0.0123635995172697,0.00773469819767244,-0.0060918276412302));
#2611=CARTESIAN_POINT('',(0.0126078099452691,0.00773695979442547,-0.00608154274333382));
#2612=CARTESIAN_POINT('',(0.0128517939817917,0.00774011429847488,-0.00606707798308525));
#2613=CARTESIAN_POINT('',(0.0130954340956855,0.00774414903190745,-0.00604837263083014));
#2614=CARTESIAN_POINT('',(0.013338607207063,0.00774904731504659,-0.0060253517306169));
#2615=CARTESIAN_POINT('',(0.0135811963666026,0.00775478914960272,-0.00599792518038076));
#2616=CARTESIAN_POINT('',(0.0138230591794093,0.00776135022560522,-0.00596599318751443));
#2617=CARTESIAN_POINT('',(0.0140641016748076,0.00776870479335166,-0.00592943589981279));
#2618=CARTESIAN_POINT('',(0.0143041006871584,0.00777682009481349,-0.00588814508412149));
#2619=CARTESIAN_POINT('',(0.0145431187599857,0.00778567035237889,-0.00584195617671232));
#2620=CARTESIAN_POINT('',(0.0147814388214784,0.00779524094609831,-0.00579062690709741));
#2621=CARTESIAN_POINT('',(0.0150186822931146,0.00780549135731478,-0.00573403306381492));
#2622=CARTESIAN_POINT('',(0.0152546546690882,0.00781638573404176,-0.00567202927431695));
#2623=CARTESIAN_POINT('',(0.0154890759172263,0.00782788376974796,-0.00560449535170556));
#2624=CARTESIAN_POINT('',(0.0157217072068952,0.00783994732761471,-0.00553132705142579));
#2625=CARTESIAN_POINT('',(0.0159138663169414,0.00785043949153418,-0.00546558789954461));
#2626=CARTESIAN_POINT('',(0.0160664571061414,0.00785907881927904,-0.00541010755722423));
#2627=CARTESIAN_POINT('',(0.016151842944955,0.00786402766172485,-0.00537781406671027));
#2628=CARTESIAN_POINT('',(0.0162085718673402,0.00786736268191936,-0.00535583104145086));
#2629=CARTESIAN_POINT('',(0.0162463386360408,0.00786959552136499,-0.0053410547441879));
#2630=CARTESIAN_POINT('',(0.0163028703386244,0.0078729660817638,-0.00531861810491271));
#2631=CARTESIAN_POINT('',(0.0163591990145004,0.0078763715333525,-0.00529572867142543));
#2632=CARTESIAN_POINT('',(0.0164153627846271,0.0078798041864561,-0.00527247476545164));
#2633=CARTESIAN_POINT('',(0.0164527295965813,0.00788210670865316,-0.00525678765481616));
#2634=CARTESIAN_POINT('',(0.0164853566276331,0.00788413340292711,-0.00524289984094669));
#2635=CARTESIAN_POINT('',(0.016503979614931,0.00788529485748218,-0.0052349183789799));
#2636=CARTESIAN_POINT('',(0.0165225919679508,0.00788645875147416,-0.00522690505172823));
#2637=CARTESIAN_POINT('',(0.0165458226138746,0.00788791728162113,-0.00521683522957778));
#2638=CARTESIAN_POINT('',(0.0165736854819305,0.00788967592657289,-0.00520464780576683));
#2639=CARTESIAN_POINT('',(0.0165934857701346,0.00789093233697506,-0.00519590875773923));
#2640=CARTESIAN_POINT('',(0.0166051344760684,0.00789167368728821,-0.00519074112456839));
#2641=CARTESIAN_POINT('',(0.0166097950474774,0.00789197049095864,-0.00518867125381422));
#2642=CARTESIAN_POINT('',(0.0166156214687141,0.00789234191209656,-0.00518607925091771));
#2643=CARTESIAN_POINT('',(0.0166208663609736,0.00789267670404783,-0.00518374069969624));
#2644=CARTESIAN_POINT('',(0.0166243632593223,0.00789290010251705,-0.00518217933714197));
#2645=CARTESIAN_POINT('',(0.0166261117702026,0.00789301184108039,-0.00518139817846052));
#2646=CARTESIAN_POINT('',(0.0166275689335192,0.00789310499486514,-0.00518074683806589));
#2647=CARTESIAN_POINT('',(0.0166285889437918,0.00789317021392052,-0.00518029067590875));
#2648=CARTESIAN_POINT('',(0.0166291718603521,0.00789320749656018,-0.0051800299822709));
#2649=CARTESIAN_POINT('',(0.016629463249216,0.00789322612476492,-0.00517989957153754));
#2650=CARTESIAN_POINT('',(0.0166836285736301,0.00789669711617853,-0.0051557171413114));
#2651=CARTESIAN_POINT('',(0.016760620251579,0.00790035897345447,-0.00511044174445291));
#2652=CARTESIAN_POINT('',(0.0168740137596862,0.00790267198585131,-0.00501716645261785));
#2653=CARTESIAN_POINT('',(0.0169334571475008,0.0079019400257631,-0.00495134185280394));
#2654=CARTESIAN_POINT('',(0.0169680957481078,0.00790046955838413,-0.00490394288598383));
#2655=CARTESIAN_POINT('',(0.011875,0.00775439430589743,-0.00623334240795148));
#2656=CARTESIAN_POINT('',(0.0119571347292633,0.00775439430589743,-0.00623334240795148));
#2657=CARTESIAN_POINT('',(0.0121214501742045,0.00775470687377063,-0.00623190715410248));
#2658=CARTESIAN_POINT('',(0.0123679376038687,0.00775604008646154,-0.00622541185773801));
#2659=CARTESIAN_POINT('',(0.0126143208691862,0.00775825402115376,-0.00621455133255013));
#2660=CARTESIAN_POINT('',(0.0128604808329576,0.0077613332515658,-0.00619927943030804));
#2661=CARTESIAN_POINT('',(0.0131062996799359,0.0077652708364058,-0.00617953961039449));
#2662=CARTESIAN_POINT('',(0.0133516528171851,0.00777003231411594,-0.00615525465520035));
#2663=CARTESIAN_POINT('',(0.0135964259592581,0.00777564188162627,-0.0061263511495816));
#2664=CARTESIAN_POINT('',(0.0138404731818279,0.00778204390072767,-0.00609272596307965));
#2665=CARTESIAN_POINT('',(0.0140836938127081,0.00778921979007883,-0.0060542739136791));
#2666=CARTESIAN_POINT('',(0.0143258764609847,0.00779716147373389,-0.006010892770805));
#2667=CARTESIAN_POINT('',(0.0145670469555319,0.00780578413832211,-0.00596244042112429));
#2668=CARTESIAN_POINT('',(0.0148075450096275,0.00781516049706653,-0.00590866558432026));
#2669=CARTESIAN_POINT('',(0.015046932686297,0.00782519893861008,-0.00584949451009293));
#2670=CARTESIAN_POINT('',(0.0152850539945789,0.00783587819513085,-0.00578477081106431));
#2671=CARTESIAN_POINT('',(0.0155215469321181,0.00784713225546041,-0.00571446038768251));
#2672=CARTESIAN_POINT('',(0.0157563093803473,0.00785899644047707,-0.0056383869833527));
#2673=CARTESIAN_POINT('',(0.0159502297710414,0.00786933148316831,-0.00557019022308752));
#2674=CARTESIAN_POINT('',(0.0161041705241184,0.00787783607442474,-0.0055127760170607));
#2675=CARTESIAN_POINT('',(0.0161903340595221,0.00788271649344883,-0.00547937743772161));
#2676=CARTESIAN_POINT('',(0.0162475503499282,0.00788600044875494,-0.00545668307806758));
#2677=CARTESIAN_POINT('',(0.0162856397329533,0.00788819896446445,-0.0054414345039263));
#2678=CARTESIAN_POINT('',(0.0163426677667576,0.00789152178315001,-0.00541827991231695));
#2679=CARTESIAN_POINT('',(0.0163995249895456,0.00789488656006965,-0.00539464735244111));
#2680=CARTESIAN_POINT('',(0.0164561764742029,0.00789827363421304,-0.00537068617576456));
#2681=CARTESIAN_POINT('',(0.0164938839020194,0.00790054882405313,-0.00535451571875454));
#2682=CARTESIAN_POINT('',(0.0165267919012491,0.00790254992718563,-0.00534022040265252));
#2683=CARTESIAN_POINT('',(0.016545574203079,0.00790369687181318,-0.00533200750946799));
#2684=CARTESIAN_POINT('',(0.0165643453202499,0.00790484628779488,-0.00532376344096547));
#2685=CARTESIAN_POINT('',(0.0165877813260881,0.00790628771644394,-0.00531339988679303));
#2686=CARTESIAN_POINT('',(0.0166158856175516,0.00790802572378884,-0.00530086494268919));
#2687=CARTESIAN_POINT('',(0.0166358639747502,0.00790926828714678,-0.00529187388997449));
#2688=CARTESIAN_POINT('',(0.0166476108778196,0.00791000103124741,-0.00528656377848683));
#2689=CARTESIAN_POINT('',(0.0166523102158854,0.00791029435621012,-0.00528443736423501));
#2690=CARTESIAN_POINT('',(0.0166581858860601,0.00791066150223384,-0.00528177403227151));
#2691=CARTESIAN_POINT('',(0.0166634750076381,0.00791099246053242,-0.00527937140064137));
#2692=CARTESIAN_POINT('',(0.0166670011732846,0.00791121328574605,-0.00527776751552463));
#2693=CARTESIAN_POINT('',(0.0166687640190182,0.00791132373370964,-0.00527696536125719));
#2694=CARTESIAN_POINT('',(0.016670233670001,0.00791141581793924,-0.00527629604813));
#2695=CARTESIAN_POINT('',(0.0166712616035073,0.00791148028233455,-0.0052758280294092));
#2696=CARTESIAN_POINT('',(0.0166718502116165,0.00791151713972259,-0.00527555953060814));
#2697=CARTESIAN_POINT('',(0.0166721426325435,0.00791153554620776,-0.00527542682283889));
#2698=CARTESIAN_POINT('',(0.016727939091146,0.00791497257009055,-0.00524954366079966));
#2699=CARTESIAN_POINT('',(0.016816702676583,0.00791855782057358,-0.00519300773008861));
#2700=CARTESIAN_POINT('',(0.0169407021123887,0.00792082470595918,-0.00508898601187008));
#2701=CARTESIAN_POINT('',(0.0170088682748715,0.00792015375674792,-0.00501464937523614));
#2702=CARTESIAN_POINT('',(0.0170485487926491,0.00791871917116114,-0.00496217085174709));
#2703=CARTESIAN_POINT('',(0.011875,0.00770190909915422,-0.0063767754506663));
#2704=CARTESIAN_POINT('',(0.0119580018237683,0.00770190909915422,-0.0063767754506663));
#2705=CARTESIAN_POINT('',(0.012124050531274,0.00770229024285048,-0.00637525599430277));
#2706=CARTESIAN_POINT('',(0.0123731370949359,0.00770393539164232,-0.00636837338963845));
#2707=CARTESIAN_POINT('',(0.0126221139698289,0.00770666598860166,-0.00635686772643508));
#2708=CARTESIAN_POINT('',(0.0128708594618094,0.00771046159544956,-0.00634069345514449));
#2709=CARTESIAN_POINT('',(0.0131192513368229,0.00771530688563408,-0.00631979770639779));
#2710=CARTESIAN_POINT('',(0.013367161532803,0.00772115799900162,-0.00629410514044877));
#2711=CARTESIAN_POINT('',(0.0136144729582633,0.00772802415617867,-0.00626355199667939));
#2712=CARTESIAN_POINT('',(0.013861035487493,0.00773583589979843,-0.00622803907970847));
#2713=CARTESIAN_POINT('',(0.0141067392636211,0.00774455452378322,-0.0061874763657562));
#2714=CARTESIAN_POINT('',(0.0143513825318165,0.00775415465192023,-0.0061417656347504));
#2715=CARTESIAN_POINT('',(0.0145949558920342,0.0077645219035237,-0.00609080039350166));
#2716=CARTESIAN_POINT('',(0.0148378530950457,0.00777572224826568,-0.00603430713365782));
#2717=CARTESIAN_POINT('',(0.0150795794414599,0.00778762145016137,-0.00597227604869761));
#2718=CARTESIAN_POINT('',(0.0153200174202131,0.0078001863854499,-0.00590454030200523));
#2719=CARTESIAN_POINT('',(0.0155587276300078,0.00781329771173095,-0.00583116236392395));
#2720=CARTESIAN_POINT('',(0.0157957422970232,0.00782701096995526,-0.00575188279882648));
#2721=CARTESIAN_POINT('',(0.0159915093447808,0.00783883956402214,-0.00568097894549395));
#2722=CARTESIAN_POINT('',(0.0161468627479489,0.00784848303202447,-0.00562143806647323));
#2723=CARTESIAN_POINT('',(0.0162338360488546,0.00785399528232297,-0.00558682581389991));
#2724=CARTESIAN_POINT('',(0.0162915613064385,0.00785768264300631,-0.00556335044494075));
#2725=CARTESIAN_POINT('',(0.0163299875579679,0.00786014739618637,-0.00554758348980471));
#2726=CARTESIAN_POINT('',(0.0163875323714813,0.00786386947528592,-0.00552364132490736));
#2727=CARTESIAN_POINT('',(0.0164449367037371,0.00786763715486859,-0.0054991947597936));
#2728=CARTESIAN_POINT('',(0.0165020954467614,0.00787140629149563,-0.00547445845730509));
#2729=CARTESIAN_POINT('',(0.0165401557451651,0.00787393836561046,-0.00545775882382335));
#2730=CARTESIAN_POINT('',(0.0165733558845373,0.00787615525310374,-0.00544301715991341));
#2731=CARTESIAN_POINT('',(0.0165923038863029,0.00787742419555114,-0.00543455078244126));
#2732=CARTESIAN_POINT('',(0.016611240147601,0.00787869484707867,-0.00542605400849552));
#2733=CARTESIAN_POINT('',(0.0166348891861776,0.00788028914350353,-0.00541536901918405));
#2734=CARTESIAN_POINT('',(0.0166632442379561,0.00788220712857641,-0.00540245372642128));
#2735=CARTESIAN_POINT('',(0.0166834070418807,0.00788357871919293,-0.00539318712122842));
#2736=CARTESIAN_POINT('',(0.0166952561245388,0.00788438463127315,-0.00538772104169647));
#2737=CARTESIAN_POINT('',(0.0166999958410688,0.00788470700888172,-0.00538553271586918));
#2738=CARTESIAN_POINT('',(0.0167059227454161,0.00788511068759191,-0.00538279131226694));
#2739=CARTESIAN_POINT('',(0.016711257887614,0.00788547441418701,-0.00538031854159442));
#2740=CARTESIAN_POINT('',(0.0167148145205934,0.00788571697379939,-0.00537866811071539));
#2741=CARTESIAN_POINT('',(0.0167165923143181,0.00788583817541098,-0.00537784296066507));
#2742=CARTESIAN_POINT('',(0.0167180749393362,0.00788593940965852,-0.00537715398992666));
#2743=CARTESIAN_POINT('',(0.0167191111736026,0.00788600998304109,-0.00537667296338314));
#2744=CARTESIAN_POINT('',(0.0167197056356003,0.00788605074753928,-0.0053763959628119));
#2745=CARTESIAN_POINT('',(0.0167199992529085,0.00788607045739567,-0.00537626067025252));
#2746=CARTESIAN_POINT('',(0.0167773913538399,0.00789026529262434,-0.00534857532440076));
#2747=CARTESIAN_POINT('',(0.0168775383881874,0.00789732939713,-0.00528041362627557));
#2748=CARTESIAN_POINT('',(0.0170121117691819,0.00790034314830383,-0.00516551800563995));
#2749=CARTESIAN_POINT('',(0.0170889981135511,0.00789988432962755,-0.00508262138744566));
#2750=CARTESIAN_POINT('',(0.0171338248367272,0.0078975818912265,-0.00502514531539138));
#2751=CARTESIAN_POINT('',(0.011875,0.00759910779692225,-0.00646534393149939));
#2752=CARTESIAN_POINT('',(0.0119586221141842,0.00759910779692225,-0.00646534393149939));
#2753=CARTESIAN_POINT('',(0.0121259173214144,0.00759956939572186,-0.00646381070359038));
#2754=CARTESIAN_POINT('',(0.0123768738965802,0.00760163872210554,-0.00645691023425289));
#2755=CARTESIAN_POINT('',(0.0126277294817548,0.00760507661366864,-0.00644537294997861));
#2756=CARTESIAN_POINT('',(0.012878363021738,0.00760986428560478,-0.00642915169271867));
#2757=CARTESIAN_POINT('',(0.0131286558231456,0.00761597495621428,-0.00640818243744674));
#2758=CARTESIAN_POINT('',(0.0133784780009592,0.00762337131333155,-0.00638239124303686));
#2759=CARTESIAN_POINT('',(0.0136277221593745,0.00763201353184028,-0.00635167562424882));
#2760=CARTESIAN_POINT('',(0.0138762332916065,0.00764184447361527,-0.0063159433457616));
#2761=CARTESIAN_POINT('',(0.0141238997868099,0.00765279880885134,-0.00627508914408398));
#2762=CARTESIAN_POINT('',(0.0143705297411404,0.00766481433836403,-0.00622898201216763));
#2763=CARTESIAN_POINT('',(0.0146160855918275,0.00767778781478395,-0.00617755170824017));
#2764=CARTESIAN_POINT('',(0.0148610061361024,0.00769171217836757,-0.00612043988341737));
#2765=CARTESIAN_POINT('',(0.0151047503852885,0.00770643653219922,-0.00605768160384081));
#2766=CARTESIAN_POINT('',(0.0153472274915495,0.00772190250688118,-0.00598907884708332));
#2767=CARTESIAN_POINT('',(0.0155879344612704,0.0077379334590411,-0.00591474432793983));
#2768=CARTESIAN_POINT('',(0.0158270025521447,0.00775455645746324,-0.00583432011754337));
#2769=CARTESIAN_POINT('',(0.0160244768469582,0.00776876154007863,-0.00576235816620837));
#2770=CARTESIAN_POINT('',(0.0161811538183537,0.00778024497231321,-0.00570194718770466));
#2771=CARTESIAN_POINT('',(0.0162688858345536,0.00778677881652268,-0.00566681342142205));
#2772=CARTESIAN_POINT('',(0.0163270935438874,0.0077911266207719,-0.00564300077731598));
#2773=CARTESIAN_POINT('',(0.0163658396979368,0.00779402836161778,-0.00562700831659129));
#2774=CARTESIAN_POINT('',(0.016423873650729,0.007798404076126,-0.00560271585661477));
#2775=CARTESIAN_POINT('',(0.0164817912084012,0.00780282742062008,-0.00557789334942252));
#2776=CARTESIAN_POINT('',(0.0165394322409539,0.00780722564917307,-0.00555279870048567));
#2777=CARTESIAN_POINT('',(0.0165778256060136,0.00781017876751301,-0.00553584888191075));
#2778=CARTESIAN_POINT('',(0.0166113042050905,0.00781275218588528,-0.00552089562812089));
#2779=CARTESIAN_POINT('',(0.0166304103513632,0.00781422292188158,-0.00551230840195383));
#2780=CARTESIAN_POINT('',(0.0166495043218086,0.00781569428002907,-0.00550369070336942));
#2781=CARTESIAN_POINT('',(0.0166733556277396,0.00781754091243711,-0.00549285014426132));
#2782=CARTESIAN_POINT('',(0.0167019495869254,0.0078197567684882,-0.005479749708304));
#2783=CARTESIAN_POINT('',(0.0167222870610796,0.00782134135277755,-0.00547034727831435));
#2784=CARTESIAN_POINT('',(0.0167342339488367,0.0078222687743533,-0.00546480450687655));
#2785=CARTESIAN_POINT('',(0.0167390124033214,0.00782263945944005,-0.00546258574991723));
#2786=CARTESIAN_POINT('',(0.0167449883251752,0.00782310381178799,-0.00545980584891918));
#2787=CARTESIAN_POINT('',(0.0167503675165075,0.0078235219754413,-0.00545729842316266));
#2788=CARTESIAN_POINT('',(0.0167539533453328,0.00782380067518097,-0.00545562498893822));
#2789=CARTESIAN_POINT('',(0.0167557455178145,0.00782393977413356,-0.00545478847855642));
#2790=CARTESIAN_POINT('',(0.0167572405208272,0.00782405621387031,-0.00545408977646));
#2791=CARTESIAN_POINT('',(0.0167582848223578,0.00782413697391048,-0.00545360232958947));
#2792=CARTESIAN_POINT('',(0.016758884742381,0.00782418420542299,-0.00545332110246649));
#2793=CARTESIAN_POINT('',(0.016759179767005,0.00782420613976899,-0.00545318456487662));
#2794=CARTESIAN_POINT('',(0.0168178821567361,0.00782961455154183,-0.00542457881699802));
#2795=CARTESIAN_POINT('',(0.0169270184963244,0.00784228247524558,-0.00534956584254042));
#2796=CARTESIAN_POINT('',(0.0170698154929,0.00784657786805864,-0.00522677095536874));
#2797=CARTESIAN_POINT('',(0.0171531444884739,0.0078463713160617,-0.00513763624868961));
#2798=CARTESIAN_POINT('',(0.0172014057086277,0.00784263927321596,-0.00507623710747887));
#2799=CARTESIAN_POINT('',(0.011875,0.00773303596998501,-0.00609934126980435));
#2800=CARTESIAN_POINT('',(0.011875,0.00775439430589743,-0.00623334240795147));
#2801=CARTESIAN_POINT('',(0.011875,0.00770190909915422,-0.00637677545066629));
#2802=CARTESIAN_POINT('',(0.011875,0.00759910779692225,-0.00646534393149939));
#2803=CARTESIAN_POINT('',(0.011875,0.00773303596998501,-0.00609934126980435));
#2804=CARTESIAN_POINT('',(0.011875,0.00773303596998501,-0.00609934126980435));
#2805=CARTESIAN_POINT('',(0.0119564124512264,0.00773303596998501,-0.00609934126980436));
#2806=CARTESIAN_POINT('',(0.0121192821539959,0.00773333829958287,-0.00609797780778615));
#2807=CARTESIAN_POINT('',(0.0123635995172697,0.00773469819767244,-0.0060918276412302));
#2808=CARTESIAN_POINT('',(0.0126078099452691,0.00773695979442547,-0.00608154274333382));
#2809=CARTESIAN_POINT('',(0.0128517939817917,0.00774011429847488,-0.00606707798308525));
#2810=CARTESIAN_POINT('',(0.0130954340956855,0.00774414903190745,-0.00604837263083014));
#2811=CARTESIAN_POINT('',(0.013338607207063,0.00774904731504659,-0.0060253517306169));
#2812=CARTESIAN_POINT('',(0.0135811963666026,0.00775478914960272,-0.00599792518038076));
#2813=CARTESIAN_POINT('',(0.0138230591794093,0.00776135022560522,-0.00596599318751443));
#2814=CARTESIAN_POINT('',(0.0140641016748076,0.00776870479335166,-0.00592943589981279));
#2815=CARTESIAN_POINT('',(0.0143041006871584,0.00777682009481349,-0.00588814508412149));
#2816=CARTESIAN_POINT('',(0.0145431187599857,0.00778567035237889,-0.00584195617671232));
#2817=CARTESIAN_POINT('',(0.0147814388214784,0.00779524094609831,-0.00579062690709741));
#2818=CARTESIAN_POINT('',(0.0150186822931146,0.00780549135731478,-0.00573403306381492));
#2819=CARTESIAN_POINT('',(0.0152546546690882,0.00781638573404176,-0.00567202927431695));
#2820=CARTESIAN_POINT('',(0.0154890759172263,0.00782788376974796,-0.00560449535170556));
#2821=CARTESIAN_POINT('',(0.0157217072068952,0.00783994732761471,-0.00553132705142579));
#2822=CARTESIAN_POINT('',(0.0159138663169414,0.00785043949153418,-0.00546558789954461));
#2823=CARTESIAN_POINT('',(0.0160664571061414,0.00785907881927904,-0.00541010755722423));
#2824=CARTESIAN_POINT('',(0.016151842944955,0.00786402766172485,-0.00537781406671027));
#2825=CARTESIAN_POINT('',(0.0162085718673402,0.00786736268191936,-0.00535583104145086));
#2826=CARTESIAN_POINT('',(0.0162463386360408,0.00786959552136499,-0.0053410547441879));
#2827=CARTESIAN_POINT('',(0.0163028703386244,0.0078729660817638,-0.00531861810491271));
#2828=CARTESIAN_POINT('',(0.0163591990145004,0.0078763715333525,-0.00529572867142543));
#2829=CARTESIAN_POINT('',(0.0164153627846271,0.0078798041864561,-0.00527247476545164));
#2830=CARTESIAN_POINT('',(0.0164527295965813,0.00788210670865316,-0.00525678765481616));
#2831=CARTESIAN_POINT('',(0.0164853566276331,0.00788413340292711,-0.00524289984094669));
#2832=CARTESIAN_POINT('',(0.016503979614931,0.00788529485748218,-0.0052349183789799));
#2833=CARTESIAN_POINT('',(0.0165225919679508,0.00788645875147416,-0.00522690505172823));
#2834=CARTESIAN_POINT('',(0.0165458226138746,0.00788791728162113,-0.00521683522957778));
#2835=CARTESIAN_POINT('',(0.0165736854819305,0.00788967592657289,-0.00520464780576683));
#2836=CARTESIAN_POINT('',(0.0165934857701346,0.00789093233697506,-0.00519590875773923));
#2837=CARTESIAN_POINT('',(0.0166051344760684,0.00789167368728821,-0.00519074112456839));
#2838=CARTESIAN_POINT('',(0.0166097950474774,0.00789197049095864,-0.00518867125381422));
#2839=CARTESIAN_POINT('',(0.0166156214687141,0.00789234191209656,-0.00518607925091771));
#2840=CARTESIAN_POINT('',(0.0166208663609736,0.00789267670404783,-0.00518374069969624));
#2841=CARTESIAN_POINT('',(0.0166243632593223,0.00789290010251705,-0.00518217933714197));
#2842=CARTESIAN_POINT('',(0.0166261117702026,0.00789301184108039,-0.00518139817846052));
#2843=CARTESIAN_POINT('',(0.0166275689335192,0.00789310499486514,-0.00518074683806589));
#2844=CARTESIAN_POINT('',(0.0166285889437918,0.00789317021392052,-0.00518029067590875));
#2845=CARTESIAN_POINT('',(0.0166291718603521,0.00789320749656018,-0.0051800299822709));
#2846=CARTESIAN_POINT('',(0.016629463249216,0.00789322612476492,-0.00517989957153754));
#2847=CARTESIAN_POINT('',(0.0166836285736301,0.00789669711617853,-0.0051557171413114));
#2848=CARTESIAN_POINT('',(0.016760620251579,0.00790035897345447,-0.00511044174445291));
#2849=CARTESIAN_POINT('',(0.0168740137596862,0.00790267198585131,-0.00501716645261785));
#2850=CARTESIAN_POINT('',(0.0169334571475008,0.0079019400257631,-0.00495134185280394));
#2851=CARTESIAN_POINT('',(0.0169680957481078,0.00790046955838413,-0.00490394288598383));
#2852=CARTESIAN_POINT('',(0.0169680957481078,0.00790046955838413,-0.00490394288598383));
#2853=CARTESIAN_POINT('',(0.0169680957465125,0.00790046955845185,-0.00490394288816681));
#2854=CARTESIAN_POINT('',(0.0170485487908216,0.00791871917122721,-0.00496217085416401));
#2855=CARTESIAN_POINT('',(0.0171338248346627,0.00789758189133254,-0.00502514531803846));
#2856=CARTESIAN_POINT('',(0.017201405706405,0.00784263927338784,-0.00507623711030663));
#2857=CARTESIAN_POINT('',(0.004575,0.,0.0073));
#2858=CARTESIAN_POINT('',(-0.019175,0.,0.0073));
#2859=CARTESIAN_POINT('',(0.002775,0.,0.0091));
#2860=CARTESIAN_POINT('',(0.020775,0.001,0.0091));
#2861=CARTESIAN_POINT('',(0.0178083333333333,0.001,0.0091));
#2862=CARTESIAN_POINT('',(0.0148416666666667,0.001,0.0091));
#2863=CARTESIAN_POINT('',(0.011875,0.001,0.0091));
#2864=CARTESIAN_POINT('',(0.011875,0.001,0.0091));
#2865=CARTESIAN_POINT('',(0.011875,0.001,0.0091));
#2866=CARTESIAN_POINT('',(-0.011875,0.001,0.0091));
#2867=CARTESIAN_POINT('',(-0.020975,0.001,0.0091));
#2868=CARTESIAN_POINT('',(-0.020775,0.001,0.0091));
#2869=CARTESIAN_POINT('',(-0.020775,0.,0.0091));
#2870=CARTESIAN_POINT('',(0.011875,0.00784703813980269,0.0062442870762256));
#2871=CARTESIAN_POINT('',(0.011875,0.00553031313539999,0.00838217400063042));
#2872=CARTESIAN_POINT('',(0.011875,0.00247259011852038,0.0091));
#2873=CARTESIAN_POINT('',(0.011875,0.001,0.0091));
#2874=CARTESIAN_POINT('',(0.0125443123154018,0.00784703813980269,0.0062442870762256));
#2875=CARTESIAN_POINT('',(0.0130367481421502,0.00553031313539999,0.00838218080551212));
#2876=CARTESIAN_POINT('',(0.013340693483439,0.00247259011852038,0.00910006535326156));
#2877=CARTESIAN_POINT('',(0.0134567859723116,0.001,0.0091));
#2878=CARTESIAN_POINT('',(0.0142177454482086,0.00784703813980271,0.00613490364006254));
#2879=CARTESIAN_POINT('',(0.015941303485305,0.00553031313540001,0.00831398949134516));
#2880=CARTESIAN_POINT('',(0.0170059268546175,0.00247259011852038,0.00909990066141765));
#2881=CARTESIAN_POINT('',(0.0174112815515269,0.001,0.00910005188037368));
#2882=CARTESIAN_POINT('',(0.0158243906039398,0.00784703813980278,0.00575175484923601));
#2883=CARTESIAN_POINT('',(0.0183804314546306,0.00553031313540008,0.00807502035252621));
#2884=CARTESIAN_POINT('',(0.0198320596830067,0.00247259011852039,0.00910013122994422));
#2885=CARTESIAN_POINT('',(0.0201803196441069,0.001,0.00909994082338059));
#2886=CARTESIAN_POINT('',(0.0167938357031533,0.00784703813980281,0.00540849898443987));
#2887=CARTESIAN_POINT('',(0.0195005871680648,0.00553031313540011,0.00786374942997968));
#2888=CARTESIAN_POINT('',(0.0208421172715109,0.00247259011852039,0.00909986128544388));
#2889=CARTESIAN_POINT('',(0.0208169600154158,0.001,0.00910012539691271));
#2890=CARTESIAN_POINT('',(0.0169625832978061,0.00784703813980281,0.00533231955702634));
#2891=CARTESIAN_POINT('',(0.0196159566629221,0.0055303131354001,0.00785353735709185));
#2892=CARTESIAN_POINT('',(0.0208987823020164,0.00247259011852039,0.00906010549158239));
#2893=CARTESIAN_POINT('',(0.0208795053648206,0.001,0.00907952827775358));
#2894=CARTESIAN_POINT('',(0.0172077294832168,0.0078470381398028,0.00508755458802986));
#2895=CARTESIAN_POINT('',(0.0197289605862046,0.00553031313540011,0.00774091268843695));
#2896=CARTESIAN_POINT('',(0.0209352131187741,0.00247259011852039,0.00902331537067619));
#2897=CARTESIAN_POINT('',(0.0209545894909352,0.001,0.00900452014401549));
#2898=CARTESIAN_POINT('',(0.01728323338598,0.00784703813980281,0.00491864629306601));
#2899=CARTESIAN_POINT('',(0.0197384643362083,0.00553031313540011,0.00762542141282092));
#2900=CARTESIAN_POINT('',(0.0209746266076048,0.00247259011852039,0.00896768030249871));
#2901=CARTESIAN_POINT('',(0.0209750990995408,0.001,0.0089419251894021));
#2902=CARTESIAN_POINT('',(0.0173581691203681,0.0078470381398028,0.00470386137530999));
#2903=CARTESIAN_POINT('',(0.0197842259166696,0.0055303131354001,0.00737718948346363));
#2904=CARTESIAN_POINT('',(0.0209751954288139,0.0024725901185204,0.00874218750286156));
#2905=CARTESIAN_POINT('',(0.020974936966323,0.001,0.00880086329394742));
#2906=CARTESIAN_POINT('',(0.0174609726294564,0.00784703813980279,0.00439893574383737));
#2907=CARTESIAN_POINT('',(0.0198479326782928,0.00553031313540009,0.00700544954927463));
#2908=CARTESIAN_POINT('',(0.0209749128815221,0.00247259011852041,0.00838716070273215));
#2909=CARTESIAN_POINT('',(0.0209750035050358,0.001,0.00854340924451085));
#2910=CARTESIAN_POINT('',(0.0176444415248738,0.00784703813980279,0.0037770781512281));
#2911=CARTESIAN_POINT('',(0.0199614694854495,0.00553031313540009,0.00617813130217324));
#2912=CARTESIAN_POINT('',(0.0209750041762445,0.00247259011852045,0.00752398806183501));
#2913=CARTESIAN_POINT('',(0.0209749665659452,0.001,0.00781506583675109));
#2914=CARTESIAN_POINT('',(0.0179103784380434,0.00784703813980277,0.00266140217834882));
#2915=CARTESIAN_POINT('',(0.0201265647459092,0.00553031313540007,0.00453550735103669));
#2916=CARTESIAN_POINT('',(0.0209749788802103,0.00247259011852048,0.0056624673912863));
#2917=CARTESIAN_POINT('',(0.0209749966624394,0.001,0.00604265423220487));
#2918=CARTESIAN_POINT('',(0.0183072076020164,0.00784703813980273,-0.000314984079717289));
#2919=CARTESIAN_POINT('',(0.0203749995499594,0.00553031313540003,-0.000441625707086839));
#2920=CARTESIAN_POINT('',(0.0209749953047489,0.00247259011852061,-0.000481716589788525));
#2921=CARTESIAN_POINT('',(0.0209749772408973,0.001,-0.000435296190887495));
#2922=CARTESIAN_POINT('',(0.0179495026222107,0.00784703813980269,-0.00304442534910308));
#2923=CARTESIAN_POINT('',(0.0201493153145651,0.00553031313540001,-0.00545971524916747));
#2924=CARTESIAN_POINT('',(0.0209749887557299,0.00247259011852072,-0.00701513062284215));
#2925=CARTESIAN_POINT('',(0.020975,0.001,-0.00771071583387501));
#2926=CARTESIAN_POINT('',(0.0173051176442818,0.00784703813980269,-0.00485478080441733));
#2927=CARTESIAN_POINT('',(0.019751705881427,0.00553031313540001,-0.00755159360147443));
#2928=CARTESIAN_POINT('',(0.020975,0.00247259011852083,-0.00890000000000252));
#2929=CARTESIAN_POINT('',(0.020975,0.001,-0.00890000000000158));
#2930=CARTESIAN_POINT('',(0.011875,0.001,0.0091));
#2931=CARTESIAN_POINT('',(0.011875,0.00138532124245383,0.0091));
#2932=CARTESIAN_POINT('',(0.011875,0.00236849121365182,0.00900545108905038));
#2933=CARTESIAN_POINT('',(0.011875,0.0049043958634934,0.00829286923299571));
#2934=CARTESIAN_POINT('',(0.011875,0.00661605167856962,0.00731229611095755));
#2935=CARTESIAN_POINT('',(0.011875,0.00759910779692266,0.00646534393150351));
#2936=CARTESIAN_POINT('',(0.011875,0.00759910779692266,0.00646534393150351));
#2937=CARTESIAN_POINT('',(0.017329738409802,0.00782365998380805,-0.00488191965619473));
#2938=CARTESIAN_POINT('',(0.0173343349759598,0.00782241551824975,-0.00487406822376894));
#2939=CARTESIAN_POINT('',(0.0173630559423346,0.00781697190197444,-0.00481586300235661));
#2940=CARTESIAN_POINT('',(0.0174618161139752,0.00779980243753947,-0.00459673750241798));
#2941=CARTESIAN_POINT('',(0.0175822595090194,0.00777825755137616,-0.00430343060683402));
#2942=CARTESIAN_POINT('',(0.0176835756722123,0.00775877149139511,-0.00402660901807115));
#2943=CARTESIAN_POINT('',(0.0177413548725653,0.0077472143188692,-0.00385948639217764));
#2944=CARTESIAN_POINT('',(0.0177953328744281,0.00773597603466689,-0.00369453082160852));
#2945=CARTESIAN_POINT('',(0.0178146821217893,0.0077318232039918,-0.00363257433647203));
#2946=CARTESIAN_POINT('',(0.0178508138680371,0.00772404826472964,-0.00351545308142578));
#2947=CARTESIAN_POINT('',(0.0179051198929209,0.00771204722892029,-0.00332991220922504));
#2948=CARTESIAN_POINT('',(0.0179758118739321,0.007695778070614,-0.0030668681642157));
#2949=CARTESIAN_POINT('',(0.0180472978282641,0.00767840366774009,-0.00276382974529216));
#2950=CARTESIAN_POINT('',(0.0181023935743012,0.00766444820554536,-0.00250388714440447));
#2951=CARTESIAN_POINT('',(0.0181648063507788,0.00764814136631407,-0.0021648313450824));
#2952=CARTESIAN_POINT('',(0.0182296826132478,0.00763067670210477,-0.00174193846765926));
#2953=CARTESIAN_POINT('',(0.0183151816443132,0.00760662070951213,-0.000992613719538814));
#2954=CARTESIAN_POINT('',(0.0183571553807951,0.00759338697663767,5.59034983097522E-6));
#2955=CARTESIAN_POINT('',(0.0183140842417381,0.00760777013080342,0.00100456370208238));
#2956=CARTESIAN_POINT('',(0.0182187701065276,0.0076346598120448,0.00184752107135261));
#2957=CARTESIAN_POINT('',(0.0181044976555128,0.0076648898218649,0.00251627248284213));
#2958=CARTESIAN_POINT('',(0.0179794363788459,0.00769540882386864,0.00306832877247068));
#2959=CARTESIAN_POINT('',(0.017754901260918,0.00774524998491945,0.00387201735596604));
#2960=CARTESIAN_POINT('',(0.0175203831254015,0.00779036329318747,0.00447392208841796));
#2961=CARTESIAN_POINT('',(0.017329558773113,0.00782405890444446,0.00488191265982515));
#2962=CARTESIAN_POINT('',(0.0173295786843616,0.00782408783482663,0.00488191958332983));
#2963=CARTESIAN_POINT('',(0.0173295587731121,0.00782405890444462,0.00488191265982695));
#2964=CARTESIAN_POINT('',(0.0173277274564471,0.00782438227687423,0.00488582809265098));
#2965=CARTESIAN_POINT('',(0.0173224915708087,0.0078259449779245,0.00489696815590259));
#2966=CARTESIAN_POINT('',(0.0172589570766068,0.00783729813587728,0.00500099812594244));
#2967=CARTESIAN_POINT('',(0.0172058631246593,0.0078427653439458,0.00507249645648779));
#2968=CARTESIAN_POINT('',(0.0170826290158816,0.00784937393282424,0.0052168250269505));
#2969=CARTESIAN_POINT('',(0.0169403345687301,0.00784296524282961,0.00534349277035338));
#2970=CARTESIAN_POINT('',(0.0167944972055298,0.00783053448219202,0.00543247723834127));
#2971=CARTESIAN_POINT('',(0.0167566205300634,0.00782479086497964,0.00545425507858783));
#2972=CARTESIAN_POINT('',(0.0167564933780163,0.00782426581051253,0.0054538954576497));
#2973=CARTESIAN_POINT('',(0.0167566205292367,0.00782479086488114,0.00545425507902393));
#2974=CARTESIAN_POINT('',(0.0167422877842814,0.00782308515112868,0.00546181307935858));
#2975=CARTESIAN_POINT('',(0.0166745109248226,0.00781690909709078,0.00549475290589025));
#2976=CARTESIAN_POINT('',(0.0164497952321309,0.00779920951588008,0.00559528498925119));
#2977=CARTESIAN_POINT('',(0.0161596430219221,0.00777769893324049,0.00571376377499955));
#2978=CARTESIAN_POINT('',(0.015889560246561,0.00775848656986442,0.00581247454627637));
#2979=CARTESIAN_POINT('',(0.0157275671710784,0.00774716052029747,0.00586853431117652));
#2980=CARTESIAN_POINT('',(0.0155674280714853,0.00773612464449353,0.00592109470846762));
#2981=CARTESIAN_POINT('',(0.0155100302391008,0.00773223781304958,0.00593909735509304));
#2982=CARTESIAN_POINT('',(0.0153981561908095,0.00772474615026327,0.00597380227147731));
#2983=CARTESIAN_POINT('',(0.0152200098458739,0.00771315990641587,0.0060263211970316));
#2984=CARTESIAN_POINT('',(0.0149608840234718,0.00769713919512558,0.00609656015032835));
#2985=CARTESIAN_POINT('',(0.0146567173514827,0.00767980347310535,0.00616904925185665));
#2986=CARTESIAN_POINT('',(0.0142756477247914,0.00765962310468309,0.00624988782259065));
#2987=CARTESIAN_POINT('',(0.0137090886388305,0.00763430642010276,0.00634571539073198));
#2988=CARTESIAN_POINT('',(0.0128696081367855,0.00760754663629614,0.00643981346967073));
#2989=CARTESIAN_POINT('',(0.0122578015313974,0.00759910803487458,0.00646534420769395));
#2990=CARTESIAN_POINT('',(0.011875,0.00759910779692266,0.00646534393150351));
#2991=CARTESIAN_POINT('',(0.0169680957481078,0.00790046955838413,-0.00490394288598383));
#2992=CARTESIAN_POINT('',(0.0170021291152903,0.00789902478419114,-0.00485737211194587));
#2993=CARTESIAN_POINT('',(0.017031344900568,0.00789659846696344,-0.00480715506179255));
#2994=CARTESIAN_POINT('',(0.0170651460998038,0.00789175578960444,-0.00473151696783974));
#2995=CARTESIAN_POINT('',(0.0170855982855186,0.00788882101854211,-0.00468531185628736));
#2996=CARTESIAN_POINT('',(0.0171258140483456,0.00788298968888737,-0.00459232811998379));
#2997=CARTESIAN_POINT('',(0.0171941371245636,0.00787294537812208,-0.00442889115960864));
#2998=CARTESIAN_POINT('',(0.0173227596116626,0.00785345834316598,-0.00409848266464719));
#2999=CARTESIAN_POINT('',(0.017548633591743,0.00781707942865703,-0.00342475787136528));
#3000=CARTESIAN_POINT('',(0.01787733792577,0.00775621354261095,-0.00202986093554202));
#3001=CARTESIAN_POINT('',(0.0180383929497508,0.00771727227392238,7.57447396417226E-6));
#3002=CARTESIAN_POINT('',(0.0178440478748599,0.0077645267459934,0.00244510440386583));
#3003=CARTESIAN_POINT('',(0.0173860466934978,0.0078460152803001,0.00401548253014232));
#3004=CARTESIAN_POINT('',(0.0170495933410304,0.00789397179652758,0.00476622595779016));
#3005=CARTESIAN_POINT('',(0.0170277365212346,0.00789679292959244,0.0048124447578711));
#3006=CARTESIAN_POINT('',(0.0169749455927462,0.00790086939255793,0.00490055126268421));
#3007=CARTESIAN_POINT('',(0.0168509439414949,0.00790359191677897,0.00504825032230385));
#3008=CARTESIAN_POINT('',(0.0167230584525977,0.00789922781386208,0.00513815125560971));
#3009=CARTESIAN_POINT('',(0.0165835045046155,0.00789029183827879,0.00520050545341405));
#3010=CARTESIAN_POINT('',(0.0164909010344631,0.00788444875024189,0.00524103255719085));
#3011=CARTESIAN_POINT('',(0.0163042015860499,0.00787297131107727,0.00531907218854213));
#3012=CARTESIAN_POINT('',(0.0159736499723922,0.00785347405005888,0.0054477051212261));
#3013=CARTESIAN_POINT('',(0.0153000152289034,0.00781710130050721,0.00567377253003463));
#3014=CARTESIAN_POINT('',(0.0139048069151863,0.00775621325648193,0.00600206476091068));
#3015=CARTESIAN_POINT('',(0.0126872564132023,0.00773303596998563,0.00609934126980824));
#3016=CARTESIAN_POINT('',(0.011875,0.00773303596998563,0.00609934126980824));
#3017=CARTESIAN_POINT('',(0.0170485487926491,0.00791871917116114,-0.00496217085174709));
#3018=CARTESIAN_POINT('',(0.0170875359805796,0.00791730965180488,-0.00491060927513025));
#3019=CARTESIAN_POINT('',(0.0171230795938593,0.00791494000869756,-0.00485391053790196));
#3020=CARTESIAN_POINT('',(0.0171629349636217,0.00791015157494552,-0.00477175390830011));
#3021=CARTESIAN_POINT('',(0.0171827146630777,0.00790724931498853,-0.00472657791120428));
#3022=CARTESIAN_POINT('',(0.0172247488026216,0.00790148892692828,-0.00463203641030491));
#3023=CARTESIAN_POINT('',(0.0172945869138933,0.00789157289365013,-0.00446780367247642));
#3024=CARTESIAN_POINT('',(0.0174275799935714,0.00787236187615857,-0.00413428698117909));
#3025=CARTESIAN_POINT('',(0.0176614241954528,0.00783664430673402,-0.00345526102411652));
#3026=CARTESIAN_POINT('',(0.0180053855794615,0.00777701867896332,-0.00204762716910418));
#3027=CARTESIAN_POINT('',(0.0181768688549921,0.0077392708681649,7.12873292929521E-6));
#3028=CARTESIAN_POINT('',(0.0179692048894837,0.00778505824116625,0.00246795331837703));
#3029=CARTESIAN_POINT('',(0.0174924020710523,0.00786482562194169,0.00404994220435104));
#3030=CARTESIAN_POINT('',(0.0171451990668822,0.00791227456554885,0.0048088322295932));
#3031=CARTESIAN_POINT('',(0.0171178974746369,0.00791504702735354,0.00486090701064376));
#3032=CARTESIAN_POINT('',(0.0170558903666498,0.00791902985041376,0.0049583219036772));
#3033=CARTESIAN_POINT('',(0.0169168467520303,0.00792166933013562,0.00512108841922257));
#3034=CARTESIAN_POINT('',(0.0167747830191386,0.00791744489375521,0.00522521204154916));
#3035=CARTESIAN_POINT('',(0.0166228207616104,0.00790861813057661,0.00529914891174166));
#3036=CARTESIAN_POINT('',(0.016532547360111,0.00790284255644273,0.00533807842686305));
#3037=CARTESIAN_POINT('',(0.0163421064842648,0.00789151562539818,0.00542033634485285));
#3038=CARTESIAN_POINT('',(0.0160103351955925,0.00787229545690878,0.00555170028097807));
#3039=CARTESIAN_POINT('',(0.0153300206299779,0.0078365293246339,0.00578688368970325));
#3040=CARTESIAN_POINT('',(0.0139233430088463,0.0077771085525902,0.00612976473604238));
#3041=CARTESIAN_POINT('',(0.0126944626200997,0.00775439430589808,0.00623334240795547));
#3042=CARTESIAN_POINT('',(0.011875,0.00775439430589808,0.00623334240795547));
#3043=CARTESIAN_POINT('',(0.0171338248367272,0.0078975818912265,-0.00502514531539138));
#3044=CARTESIAN_POINT('',(0.0171778683114261,0.00789531968287672,-0.00496867351138798));
#3045=CARTESIAN_POINT('',(0.0172199443109585,0.00789105766985454,-0.00490569828006889));
#3046=CARTESIAN_POINT('',(0.0172661167277801,0.00788375839720965,-0.00481726776822994));
#3047=CARTESIAN_POINT('',(0.0172852354242928,0.0078810571990437,-0.00477303971134987));
#3048=CARTESIAN_POINT('',(0.0173292202605431,0.00787442886869397,-0.00467694387806282));
#3049=CARTESIAN_POINT('',(0.0174007517442468,0.00786362571104166,-0.00451183033402439));
#3050=CARTESIAN_POINT('',(0.0175385322065644,0.00784197785608609,-0.00417509347521814));
#3051=CARTESIAN_POINT('',(0.017781187308954,0.00780123862104519,-0.00349042242945162));
#3052=CARTESIAN_POINT('',(0.0181421360064906,0.00773025506833076,-0.00206895857662903));
#3053=CARTESIAN_POINT('',(0.018325242180152,0.0076826460324863,6.7048321139086E-6));
#3054=CARTESIAN_POINT('',(0.0181027910168854,0.00774072885774887,0.00249505940330241));
#3055=CARTESIAN_POINT('',(0.0176049520847391,0.00783424056351893,0.00408942271471192));
#3056=CARTESIAN_POINT('',(0.017246076148041,0.00788690637930106,0.00485663979438368));
#3057=CARTESIAN_POINT('',(0.017213112347851,0.00789183769069078,0.00491433613976969));
#3058=CARTESIAN_POINT('',(0.0171416319191499,0.00789809745348675,0.00502083256506908));
#3059=CARTESIAN_POINT('',(0.0169872936885482,0.0079025720061379,0.00519851521052152));
#3060=CARTESIAN_POINT('',(0.016831350347103,0.00789538041343418,0.00531722078881175));
#3061=CARTESIAN_POINT('',(0.0166674433886259,0.00788183610459506,0.00540323460804007));
#3062=CARTESIAN_POINT('',(0.016579326372956,0.00787653612091455,0.00544058269996625));
#3063=CARTESIAN_POINT('',(0.0163851760078333,0.007863224435269,0.00552734702466896));
#3064=CARTESIAN_POINT('',(0.0160519852328063,0.00784220922125672,0.00566180494774559));
#3065=CARTESIAN_POINT('',(0.0153647090881607,0.0078009940125995,0.00590699574582317));
#3066=CARTESIAN_POINT('',(0.0139453987124424,0.00773046914161576,0.00626613816809063));
#3067=CARTESIAN_POINT('',(0.012703113668704,0.00770190909915478,0.00637677545067042));
#3068=CARTESIAN_POINT('',(0.011875,0.00770190909915478,0.00637677545067042));
#3069=CARTESIAN_POINT('',(0.0172014057086277,0.00784263927321596,-0.00507623710747887));
#3070=CARTESIAN_POINT('',(0.0172488236700172,0.00783897243961749,-0.00501591078133127));
#3071=CARTESIAN_POINT('',(0.0172947981084539,0.00783163520214092,-0.00494794306132556));
#3072=CARTESIAN_POINT('',(0.0173442174081442,0.00782037025086813,-0.00485463113248062));
#3073=CARTESIAN_POINT('',(0.0173629784246879,0.00781795538239811,-0.0048110392898848));
#3074=CARTESIAN_POINT('',(0.0174079263585688,0.00780991559120743,-0.00471360375460377));
#3075=CARTESIAN_POINT('',(0.0174802209641094,0.00779763309214386,-0.00454753710802188));
#3076=CARTESIAN_POINT('',(0.0176201086846005,0.0077720179062316,-0.00420779305624572));
#3077=CARTESIAN_POINT('',(0.0178660000019766,0.00772319984819482,-0.00351777260914931));
#3078=CARTESIAN_POINT('',(0.0182309443870212,0.00763509338326613,-0.00208431294277052));
#3079=CARTESIAN_POINT('',(0.0184135140383785,0.00757414360640182,6.41132497759275E-6));
#3080=CARTESIAN_POINT('',(0.0181915215542095,0.00764885719930314,0.00251455368229358));
#3081=CARTESIAN_POINT('',(0.0176878474198416,0.00776390082786394,0.00412102995354103));
#3082=CARTESIAN_POINT('',(0.0173230025039215,0.00782519262674249,0.00489588662800266));
#3083=CARTESIAN_POINT('',(0.0172870551406047,0.00783355172423204,0.00495796384544234));
#3084=CARTESIAN_POINT('',(0.0172096623702735,0.00784354742194093,0.005071654959464));
#3085=CARTESIAN_POINT('',(0.0170445633875078,0.00785108264493514,0.00526109194688448));
#3086=CARTESIAN_POINT('',(0.0168773288224494,0.00783891982588428,0.0053895355797858));
#3087=CARTESIAN_POINT('',(0.0167041215476623,0.00781790410322329,0.00548180710384409));
#3088=CARTESIAN_POINT('',(0.01661747672793,0.00781329463923538,0.00551828498133031));
#3089=CARTESIAN_POINT('',(0.0164201865915583,0.00779676990238941,0.00560726403324477));
#3090=CARTESIAN_POINT('',(0.016085348084462,0.00777279189618024,0.00574294789024582));
#3091=CARTESIAN_POINT('',(0.01539170646297,0.00772285773374836,0.0059920754617794));
#3092=CARTESIAN_POINT('',(0.013961322682644,0.00763544933759017,0.0063546517436272));
#3093=CARTESIAN_POINT('',(0.0127093023396112,0.00759910779692266,0.00646534393150351));
#3094=CARTESIAN_POINT('',(0.011875,0.00759910779692266,0.00646534393150351));
#3095=CARTESIAN_POINT('',(0.011875,0.00759910779692266,0.00646534393150351));
#3096=CARTESIAN_POINT('',(0.011875,0.00770190909915478,0.00637677545067042));
#3097=CARTESIAN_POINT('',(0.011875,0.00775439430589809,0.00623334240795547));
#3098=CARTESIAN_POINT('',(0.011875,0.00773303596998563,0.00609934126980824));
#3099=CARTESIAN_POINT('',(0.011875,0.00773303596998563,0.00609934126980824));
#3100=CARTESIAN_POINT('',(0.011875,0.00773303596998563,0.00609934126980824));
#3101=CARTESIAN_POINT('',(0.0122069464650892,0.00773303596998563,0.00609934126980824));
#3102=CARTESIAN_POINT('',(0.0128655593477155,0.00773845508737319,0.00607642448952022));
#3103=CARTESIAN_POINT('',(0.0137808071299364,0.00775809400890857,0.00598432984699256));
#3104=CARTESIAN_POINT('',(0.0147945963666729,0.00779395769852343,0.00580126581955003));
#3105=CARTESIAN_POINT('',(0.0155235112749408,0.00782883887805911,0.00560267774713612));
#3106=CARTESIAN_POINT('',(0.0160661280747992,0.00785885346373797,0.0054124521621087));
#3107=CARTESIAN_POINT('',(0.0163222850187533,0.00787409210101409,0.0053114728182656));
#3108=CARTESIAN_POINT('',(0.0164745725274315,0.00788343933741877,0.00524763411092146));
#3109=CARTESIAN_POINT('',(0.0165521501881956,0.00788833742688564,0.00521466691929004));
#3110=CARTESIAN_POINT('',(0.0166524076995071,0.00789463428694204,0.00516926598198435));
#3111=CARTESIAN_POINT('',(0.0166973986494897,0.0078973141631187,0.00514720562215833));
#3112=CARTESIAN_POINT('',(0.0168325451140887,0.00790290213689792,0.00506065379100268));
#3113=CARTESIAN_POINT('',(0.0169347260855843,0.00790293308061616,0.00495873245300507));
#3114=CARTESIAN_POINT('',(0.0170215349722149,0.00789737655326455,0.0048236065154004));
#3115=CARTESIAN_POINT('',(0.0170435441551404,0.00789470663084229,0.00477876568434921));
#3116=CARTESIAN_POINT('',(0.0170890625761315,0.00788841477672109,0.00467845392301513));
#3117=CARTESIAN_POINT('',(0.0171222149467735,0.0078834987715692,0.00460056091058902));
#3118=CARTESIAN_POINT('',(0.0172189666990945,0.00786931568587109,0.00436955445985311));
#3119=CARTESIAN_POINT('',(0.0173367491890908,0.00785113453593739,0.00405728913080695));
#3120=CARTESIAN_POINT('',(0.0175349748999621,0.00781884696737487,0.00345265833314422));
#3121=CARTESIAN_POINT('',(0.017736547386714,0.0077824522961236,0.00263195882347841));
#3122=CARTESIAN_POINT('',(0.0178821918055418,0.00775350536826497,0.00172896232418279));
#3123=CARTESIAN_POINT('',(0.0179947821532301,0.00772844899860193,0.000395701581519698));
#3124=CARTESIAN_POINT('',(0.0179772302746229,0.00773287515715716,-0.000848524334522722));
#3125=CARTESIAN_POINT('',(0.0178169827544942,0.00776672343379352,-0.00218762659875446));
#3126=CARTESIAN_POINT('',(0.0176663575439045,0.0077954919907815,-0.00293561631068476));
#3127=CARTESIAN_POINT('',(0.0174947581312523,0.0078255227215543,-0.0035737688756845));
#3128=CARTESIAN_POINT('',(0.0173489263443047,0.00784932155532064,-0.00402432566215258));
#3129=CARTESIAN_POINT('',(0.017224148920758,0.00786853187021279,-0.00435648952584409));
#3130=CARTESIAN_POINT('',(0.0171277447444736,0.00788268907846865,-0.00458747896976276));
#3131=CARTESIAN_POINT('',(0.0170956884376899,0.00788742240018621,-0.00466300664025696));
#3132=CARTESIAN_POINT('',(0.0170481214795832,0.00789411165466769,-0.00476906730819782));
#3133=CARTESIAN_POINT('',(0.0170298083869886,0.00789654360877707,-0.00480812138814284));
#3134=CARTESIAN_POINT('',(0.0169918122722979,0.00789946275168428,-0.00487148953268792));
#3135=CARTESIAN_POINT('',(0.0169680957481078,0.00790046955838412,-0.00490394288598383));
#3136=CARTESIAN_POINT('',(0.011875,0.046,0.));
#3137=CARTESIAN_POINT('',(0.011875,0.046,0.));
#3138=CARTESIAN_POINT('',(0.011875,0.001,0.0091));
#3139=CARTESIAN_POINT('',(-0.011875,0.001,0.0091));
#3140=CARTESIAN_POINT('',(0.011875,0.00138532124245393,0.0091));
#3141=CARTESIAN_POINT('',(-0.011875,0.00138532124245393,0.0091));
#3142=CARTESIAN_POINT('',(0.011875,0.00236849121365222,0.00900545108905033));
#3143=CARTESIAN_POINT('',(-0.011875,0.00236849121365222,0.00900545108905033));
#3144=CARTESIAN_POINT('',(0.011875,0.0049043958634945,0.0082928692329953));
#3145=CARTESIAN_POINT('',(-0.011875,0.0049043958634945,0.0082928692329953));
#3146=CARTESIAN_POINT('',(0.011875,0.00661605167857099,0.0073122961109567));
#3147=CARTESIAN_POINT('',(-0.011875,0.00661605167857099,0.0073122961109567));
#3148=CARTESIAN_POINT('',(0.011875,0.00759910779692411,0.00646534393150226));
#3149=CARTESIAN_POINT('',(-0.011875,0.00759910779692411,0.00646534393150226));
#3150=CARTESIAN_POINT('',(0.011875,0.00759910779692266,0.00646534393150351));
#3151=CARTESIAN_POINT('',(-0.011875,0.00759910779692266,0.00646534393150351));
#3152=CARTESIAN_POINT('',(-0.011875,0.00759910779692265,0.00646534393150351));
#3153=CARTESIAN_POINT('',(-0.011875,0.00661605167856962,0.00731229611095755));
#3154=CARTESIAN_POINT('',(-0.011875,0.0049043958634934,0.00829286923299572));
#3155=CARTESIAN_POINT('',(-0.011875,0.00236849121365182,0.00900545108905037));
#3156=CARTESIAN_POINT('',(-0.011875,0.00138532124245383,0.0091));
#3157=CARTESIAN_POINT('',(-0.011875,0.001,0.0091));
#3158=CARTESIAN_POINT('',(0.011875,0.00733802214774033,0.0061623022119482));
#3159=CARTESIAN_POINT('',(0.011875,0.00773303596998563,0.00609934126980824));
#3160=CARTESIAN_POINT('',(-0.011875,0.00773303596998563,0.00609934126980824));
#3161=CARTESIAN_POINT('',(-0.011875,0.00773303596998563,0.00609934126980824));
#3162=CARTESIAN_POINT('',(-0.011875,0.00775439430589809,0.00623334240795547));
#3163=CARTESIAN_POINT('',(-0.011875,0.00770190909915478,0.00637677545067042));
#3164=CARTESIAN_POINT('',(-0.011875,0.00759910779692266,0.00646534393150351));
#3165=CARTESIAN_POINT('',(0.011875,0.046,0.));
#3166=CARTESIAN_POINT('',(0.011875,0.00773303596998501,-0.00609934126980435));
#3167=CARTESIAN_POINT('',(-0.011875,0.00773303596998501,-0.00609934126980435));
#3168=CARTESIAN_POINT('',(-0.011875,0.046,0.));
#3169=CARTESIAN_POINT('',(0.011875,0.00733802214773969,-0.00616230221194427));
#3170=CARTESIAN_POINT('',(0.011875,0.00759910779692225,-0.00646534393149939));
#3171=CARTESIAN_POINT('',(-0.011875,0.00759910779692225,-0.00646534393149939));
#3172=CARTESIAN_POINT('',(-0.011875,0.00759910779692225,-0.00646534393149939));
#3173=CARTESIAN_POINT('',(-0.011875,0.00770190909915422,-0.00637677545066629));
#3174=CARTESIAN_POINT('',(-0.011875,0.00775439430589743,-0.00623334240795147));
#3175=CARTESIAN_POINT('',(-0.011875,0.00773303596998501,-0.00609934126980435));
#3176=CARTESIAN_POINT('',(0.011874999999999,0.00759910779692404,-0.00646534393149785));
#3177=CARTESIAN_POINT('',(-0.0118749999999957,0.00759910779692404,-0.00646534393149785));
#3178=CARTESIAN_POINT('',(0.011874999999999,0.00711882035386964,-0.00687913566633963));
#3179=CARTESIAN_POINT('',(-0.0118749999999957,0.00711882035386964,-0.00687913566633963));
#3180=CARTESIAN_POINT('',(0.011875000000001,0.00607841817549997,-0.00761313731416123));
#3181=CARTESIAN_POINT('',(-0.0118749999999937,0.00607841817549997,-0.00761313731416123));
#3182=CARTESIAN_POINT('',(0.0118750000000013,0.00464481834726846,-0.00829627400973734));
#3183=CARTESIAN_POINT('',(-0.0118749999999933,0.00464481834726846,-0.00829627400973734));
#3184=CARTESIAN_POINT('',(0.0118750000000015,0.00344251162297559,-0.00870576663106801));
#3185=CARTESIAN_POINT('',(-0.0118749999999932,0.00344251162297559,-0.00870576663106801));
#3186=CARTESIAN_POINT('',(0.011875000000002,0.00219984598022276,-0.00901715193255519));
#3187=CARTESIAN_POINT('',(-0.0118749999999927,0.00219984598022276,-0.00901715193255519));
#3188=CARTESIAN_POINT('',(0.011874999999999,0.00140760819743798,-0.00910000000003141));
#3189=CARTESIAN_POINT('',(-0.0118749999999957,0.00140760819743798,-0.00910000000003141));
#3190=CARTESIAN_POINT('',(0.011874999999999,0.000999999999649621,-0.0091));
#3191=CARTESIAN_POINT('',(-0.0118749999999957,0.000999999999649621,-0.0091));
#3192=CARTESIAN_POINT('',(-0.0118749999999957,0.00100000000000187,-0.0091));
#3193=CARTESIAN_POINT('',(-0.011874999999996,0.00140760819782821,-0.00909999999999983));
#3194=CARTESIAN_POINT('',(-0.0118749999999933,0.0021998459806393,-0.00901715193247827));
#3195=CARTESIAN_POINT('',(-0.0118749999999944,0.00344251162330406,-0.0087057666309686));
#3196=CARTESIAN_POINT('',(-0.0118749999999951,0.00464481834749897,-0.0082962740096373));
#3197=CARTESIAN_POINT('',(-0.0118749999999962,0.00607841817561328,-0.00761313731408644));
#3198=CARTESIAN_POINT('',(-0.0118749999999987,0.00711882035390249,-0.00687913566631112));
#3199=CARTESIAN_POINT('',(-0.011874999999999,0.00759910779692225,-0.00646534393149939));
#3200=CARTESIAN_POINT('',(-0.011875,0.00773303596998563,0.00609934126980824));
#3201=CARTESIAN_POINT('',(-0.0126895380940231,0.00773303596998563,0.00609934126980824));
#3202=CARTESIAN_POINT('',(-0.0143203945020248,0.00776450574510963,0.0059683733715686));
#3203=CARTESIAN_POINT('',(-0.0158861468292082,0.00784577244184518,0.00551322854492115));
#3204=CARTESIAN_POINT('',(-0.0166414227960473,0.00789398718637058,0.00517452927269185));
#3205=CARTESIAN_POINT('',(-0.0166880021502893,0.00789683077608214,0.005152505412281));
#3206=CARTESIAN_POINT('',(-0.0167765683469895,0.00790090914685203,0.00509927380993686));
#3207=CARTESIAN_POINT('',(-0.0169235731944152,0.00790358552692517,0.00497556559762964));
#3208=CARTESIAN_POINT('',(-0.0170133958067145,0.00789922579796881,0.004847798554876));
#3209=CARTESIAN_POINT('',(-0.0170756419264824,0.00789029658817078,0.00470841283342932));
#3210=CARTESIAN_POINT('',(-0.0171162195035973,0.00788444762831573,0.00461570401038253));
#3211=CARTESIAN_POINT('',(-0.0171942686334751,0.00787296433385627,0.00442893570187));
#3212=CARTESIAN_POINT('',(-0.0173229282635548,0.00785346338970286,0.00409829815544442));
#3213=CARTESIAN_POINT('',(-0.0175489310263299,0.0078170731022561,0.00342457306854488));
#3214=CARTESIAN_POINT('',(-0.0178772327707517,0.00775617370494569,0.00202833510429286));
#3215=CARTESIAN_POINT('',(-0.0180390629519364,0.00771728986295084,-6.8170346261922E-6));
#3216=CARTESIAN_POINT('',(-0.0178750580863438,0.00775661735224792,-0.00203990338590159));
#3217=CARTESIAN_POINT('',(-0.0175489174711347,0.00781703424984991,-0.00342363280198254));
#3218=CARTESIAN_POINT('',(-0.0172904497259665,0.00785865772725907,-0.00419486543072351));
#3219=CARTESIAN_POINT('',(-0.0171380031189333,0.00788134003021812,-0.00456864979604497));
#3220=CARTESIAN_POINT('',(-0.0170495321746131,0.00789398173240249,-0.0047663634634935));
#3221=CARTESIAN_POINT('',(-0.0170274790988155,0.00789682624728333,-0.00481297929354595));
#3222=CARTESIAN_POINT('',(-0.0169743210664876,0.00790089932848359,-0.0049014275251156));
#3223=CARTESIAN_POINT('',(-0.0168506185938949,0.00790357672641921,-0.00504843639149983));
#3224=CARTESIAN_POINT('',(-0.0167228481399038,0.00789922121537556,-0.00513829816069386));
#3225=CARTESIAN_POINT('',(-0.0165834740998262,0.0078902931839378,-0.00520054206617327));
#3226=CARTESIAN_POINT('',(-0.0164908701833125,0.00788445077079391,-0.005241075590122));
#3227=CARTESIAN_POINT('',(-0.0163043012091457,0.00787298041996956,-0.00531905254644798));
#3228=CARTESIAN_POINT('',(-0.0159740108624813,0.00785349565132175,-0.00544759058321727));
#3229=CARTESIAN_POINT('',(-0.015300996104345,0.00781715654679949,-0.00567346234075737));
#3230=CARTESIAN_POINT('',(-0.0139069637623672,0.00775626399907791,-0.0060017433364216));
#3231=CARTESIAN_POINT('',(-0.0126873508127322,0.00773303596998501,-0.00609934126980434));
#3232=CARTESIAN_POINT('',(-0.011875,0.00773303596998501,-0.00609934126980435));
#3233=CARTESIAN_POINT('',(-0.011875,0.00775439430589808,0.00623334240795547));
#3234=CARTESIAN_POINT('',(-0.0126967645436219,0.00775439430589808,0.00623334240795547));
#3235=CARTESIAN_POINT('',(-0.0143431088113647,0.00778508759383713,0.0060936526246966));
#3236=CARTESIAN_POINT('',(-0.0159207386729357,0.00786452974890235,0.00561947529491875));
#3237=CARTESIAN_POINT('',(-0.0166840523661516,0.00791229556286265,0.00527011159455042));
#3238=CARTESIAN_POINT('',(-0.0167365337320682,0.00791508951092753,0.00524259922777851));
#3239=CARTESIAN_POINT('',(-0.0168344489526252,0.00791907498275537,0.0051801082894512));
#3240=CARTESIAN_POINT('',(-0.0169964570933169,0.00792166985289679,0.00504142329221388));
#3241=CARTESIAN_POINT('',(-0.017100496381003,0.0079174495785181,0.00489948352613973));
#3242=CARTESIAN_POINT('',(-0.0171743061108232,0.00790862936664708,0.00474771058983348));
#3243=CARTESIAN_POINT('',(-0.0172132839829876,0.00790284796599661,0.00465733487859938));
#3244=CARTESIAN_POINT('',(-0.0172955498094628,0.00789151557891854,0.00446682880031677));
#3245=CARTESIAN_POINT('',(-0.0174269328141257,0.00787229341761057,0.00413497781285186));
#3246=CARTESIAN_POINT('',(-0.0176620889914047,0.00783653169956438,0.00345456120584614));
#3247=CARTESIAN_POINT('',(-0.0180049599211628,0.00777695090969444,0.00204671931596937));
#3248=CARTESIAN_POINT('',(-0.0181775130235897,0.00773929027918487,-7.09151175192591E-6));
#3249=CARTESIAN_POINT('',(-0.0180028269442708,0.00777737329336393,-0.00205806805842608));
#3250=CARTESIAN_POINT('',(-0.0176616033564148,0.00783651749314221,-0.00345424078157598));
#3251=CARTESIAN_POINT('',(-0.0173933074698434,0.00787738005158783,-0.00423239296022562));
#3252=CARTESIAN_POINT('',(-0.0172365628283975,0.00789976713931334,-0.00460894224815204));
#3253=CARTESIAN_POINT('',(-0.0171452166723977,0.00791227695003427,-0.00480886262236628));
#3254=CARTESIAN_POINT('',(-0.0171176843946874,0.00791507246714826,-0.00486137020839012));
#3255=CARTESIAN_POINT('',(-0.0170552286285552,0.00791905350572439,-0.00495921074577953));
#3256=CARTESIAN_POINT('',(-0.0169164696051701,0.00792165076940932,-0.00512130977580432));
#3257=CARTESIAN_POINT('',(-0.0167745738011521,0.0079174344638331,-0.00522533932351656));
#3258=CARTESIAN_POINT('',(-0.0166228017997585,0.00790861568731887,-0.00529915986187389));
#3259=CARTESIAN_POINT('',(-0.0165325312327926,0.00790284072230607,-0.00533809286759282));
#3260=CARTESIAN_POINT('',(-0.0163422258108816,0.00789152054062488,-0.00542028531326404));
#3261=CARTESIAN_POINT('',(-0.01601072339819,0.00787231116232402,-0.00555154999118409));
#3262=CARTESIAN_POINT('',(-0.0153310497804853,0.00783657541165046,-0.00578652195217651));
#3263=CARTESIAN_POINT('',(-0.0139255160382924,0.0077771386612061,-0.00612942641582497));
#3264=CARTESIAN_POINT('',(-0.0126945578571269,0.00775439430589743,-0.00623334240795147));
#3265=CARTESIAN_POINT('',(-0.011875,0.00775439430589743,-0.00623334240795148));
#3266=CARTESIAN_POINT('',(-0.011875,0.00770190909915478,0.00637677545067042));
#3267=CARTESIAN_POINT('',(-0.0127054398935815,0.00770190909915478,0.00637677545067042));
#3268=CARTESIAN_POINT('',(-0.0143700502422812,0.0077406640916859,0.00622735940697557));
#3269=CARTESIAN_POINT('',(-0.0159603489362595,0.00783397919758412,0.00573193059904641));
#3270=CARTESIAN_POINT('',(-0.0167318817072641,0.00788692878063042,0.00537096629326486));
#3271=CARTESIAN_POINT('',(-0.016790028922321,0.00789189829859085,0.00533774638500499));
#3272=CARTESIAN_POINT('',(-0.0168970668016758,0.00789815807700346,0.00526573862934781));
#3273=CARTESIAN_POINT('',(-0.0170739296503896,0.00790256345259501,0.00511182679540086));
#3274=CARTESIAN_POINT('',(-0.017192544630691,0.0078953788581264,0.00495601233789445));
#3275=CARTESIAN_POINT('',(-0.0172784119421623,0.00788184607463088,0.00479231499622942));
#3276=CARTESIAN_POINT('',(-0.0173158062568221,0.00787654156389034,0.00470409844193419));
#3277=CARTESIAN_POINT('',(-0.0174025770455268,0.00786322383777406,0.0045098860469148));
#3278=CARTESIAN_POINT('',(-0.0175370459936087,0.00784221029930905,0.00417662224946673));
#3279=CARTESIAN_POINT('',(-0.017782244596363,0.0078009772330351,0.00348922828364875));
#3280=CARTESIAN_POINT('',(-0.0181413845296766,0.00773028611882472,0.00206864416447884));
#3281=CARTESIAN_POINT('',(-0.0183258588320981,0.00768272625815305,-7.37202728850886E-6));
#3282=CARTESIAN_POINT('',(-0.0181392880925186,0.00773073931439556,-0.00207979872292609));
#3283=CARTESIAN_POINT('',(-0.0177812591756111,0.00780120269632983,-0.00348949733776975));
#3284=CARTESIAN_POINT('',(-0.0175021469718919,0.0078480957951217,-0.0042749268863807));
#3285=CARTESIAN_POINT('',(-0.0173406490311234,0.00787295207234642,-0.00465438882473563));
#3286=CARTESIAN_POINT('',(-0.0172461819158814,0.00788686694020136,-0.00485656249160259));
#3287=CARTESIAN_POINT('',(-0.0172129508624139,0.00789183930078745,-0.00491472555715743));
#3288=CARTESIAN_POINT('',(-0.0171409405704722,0.00789809267030438,-0.0050217322282483));
#3289=CARTESIAN_POINT('',(-0.016986875385943,0.00790250088375792,-0.0051987724312983));
#3290=CARTESIAN_POINT('',(-0.0168311503973539,0.00789532871226192,-0.00531732883736364));
#3291=CARTESIAN_POINT('',(-0.0166674427085188,0.00788180060357304,-0.00540321995191927));
#3292=CARTESIAN_POINT('',(-0.0165793315050264,0.00787650271891312,-0.00544056858809806));
#3293=CARTESIAN_POINT('',(-0.0163853205560507,0.00786320342762496,-0.00552726456479997));
#3294=CARTESIAN_POINT('',(-0.0160524044512464,0.00784220887491293,-0.00566161896702536));
#3295=CARTESIAN_POINT('',(-0.0153657862307581,0.00780105154859915,-0.00590658154948318));
#3296=CARTESIAN_POINT('',(-0.0139475913321988,0.00773050206237478,-0.00626578502469266));
#3297=CARTESIAN_POINT('',(-0.0127032099111464,0.00770190909915422,-0.00637677545066629));
#3298=CARTESIAN_POINT('',(-0.011875,0.00770190909915422,-0.00637677545066629));
#3299=CARTESIAN_POINT('',(-0.011875,0.00759910779692266,0.00646534393150351));
#3300=CARTESIAN_POINT('',(-0.0127116459488658,0.00759910779692266,0.00646534393150351));
#3301=CARTESIAN_POINT('',(-0.0143894690423158,0.00764864224534211,0.0063160565921794));
#3302=CARTESIAN_POINT('',(-0.0159920116295053,0.0077637122251955,0.00581485879346738));
#3303=CARTESIAN_POINT('',(-0.0167711357162883,0.00782521124592108,0.00544788424530744));
#3304=CARTESIAN_POINT('',(-0.016833698434656,0.00783363556686488,0.00541165695523219));
#3305=CARTESIAN_POINT('',(-0.0169479646034057,0.00784362765287748,0.00533369947281105));
#3306=CARTESIAN_POINT('',(-0.0171365302303988,0.00785105220187463,0.00516906566433821));
#3307=CARTESIAN_POINT('',(-0.0172648778731159,0.00783890175767522,0.00500196629701133));
#3308=CARTESIAN_POINT('',(-0.0173569924054397,0.00781790553459756,0.00482898294836));
#3309=CARTESIAN_POINT('',(-0.0173935158552433,0.00781329349682306,0.0047422403787346));
#3310=CARTESIAN_POINT('',(-0.0174825001279391,0.00779676171692472,0.0045448899351702));
#3311=CARTESIAN_POINT('',(-0.0176181923428608,0.00777278861369156,0.00420998122042576));
#3312=CARTESIAN_POINT('',(-0.0178673211285147,0.00772278881057287,0.00351621780504367));
#3313=CARTESIAN_POINT('',(-0.0182299961471351,0.00763532716557929,0.00208443860245538));
#3314=CARTESIAN_POINT('',(-0.0184142160509657,0.00757425661468348,-7.58191505714102E-6));
#3315=CARTESIAN_POINT('',(-0.0182279787303394,0.00763582384859501,-0.00209544754117061));
#3316=CARTESIAN_POINT('',(-0.0178660626948344,0.00772337251917754,-0.0035169536784526));
#3317=CARTESIAN_POINT('',(-0.0175828581303348,0.00777995999139544,-0.00430912483656196));
#3318=CARTESIAN_POINT('',(-0.0174192117472964,0.00780887616476091,-0.00469148274082039));
#3319=CARTESIAN_POINT('',(-0.0173231708757161,0.00782509705323231,-0.00489571040364835));
#3320=CARTESIAN_POINT('',(-0.0172869368728014,0.00783352655582838,-0.00495828344084007));
#3321=CARTESIAN_POINT('',(-0.0172089520295649,0.00784350677404582,-0.0050725458216571));
#3322=CARTESIAN_POINT('',(-0.0170441103176944,0.00785093282967462,-0.00526134717175922));
#3323=CARTESIAN_POINT('',(-0.0168771328847107,0.00783880851819519,-0.00538960768273634));
#3324=CARTESIAN_POINT('',(-0.0167041316573899,0.00781782148127007,-0.00548175665392093));
#3325=CARTESIAN_POINT('',(-0.0166174947921128,0.00781321652570056,-0.00551823395359041));
#3326=CARTESIAN_POINT('',(-0.0164203470079339,0.00779671307347629,-0.0056071463218914));
#3327=CARTESIAN_POINT('',(-0.0160857876215587,0.00777277255110951,-0.00574273051065297));
#3328=CARTESIAN_POINT('',(-0.0153928183411555,0.00772294023795878,-0.00599163687513904));
#3329=CARTESIAN_POINT('',(-0.013963529383529,0.00763550459589286,-0.00635430143648204));
#3330=CARTESIAN_POINT('',(-0.012709399301294,0.00759910779692225,-0.00646534393149938));
#3331=CARTESIAN_POINT('',(-0.011875,0.00759910779692225,-0.00646534393149939));
#3332=CARTESIAN_POINT('',(-0.011875,0.00759910779692225,-0.00646534393149939));
#3333=CARTESIAN_POINT('',(-0.0122918220652193,0.00759910779692225,-0.00646534393149939));
#3334=CARTESIAN_POINT('',(-0.013126215290855,0.00761118759955604,-0.00642847571027209));
#3335=CARTESIAN_POINT('',(-0.0141626852457552,0.00765227025460236,-0.00628041676117241));
#3336=CARTESIAN_POINT('',(-0.0149812360831613,0.00769764692140666,-0.00609632507584789));
#3337=CARTESIAN_POINT('',(-0.015589240472275,0.00773751175134757,-0.0059201337604583));
#3338=CARTESIAN_POINT('',(-0.0160771384453671,0.00777086351920493,-0.0057483302359581));
#3339=CARTESIAN_POINT('',(-0.0164729918725309,0.00780271191112476,-0.0055820701900194));
#3340=CARTESIAN_POINT('',(-0.0166435852072778,0.00781081970699426,-0.00551344382295868));
#3341=CARTESIAN_POINT('',(-0.0167564844095239,0.00782417981615665,-0.00545385896185161));
#3342=CARTESIAN_POINT('',(-0.0167564844095239,0.00782417981615665,-0.00545385896185163));
#3343=CARTESIAN_POINT('',(-0.0167564844110885,0.0078241798163418,-0.00545385896102587));
#3344=CARTESIAN_POINT('',(-0.0168717242883197,0.00783781691316206,-0.00539303876068436));
#3345=CARTESIAN_POINT('',(-0.0170453748689649,0.00785000395944289,-0.0052598355196091));
#3346=CARTESIAN_POINT('',(-0.0172158945922139,0.0078448868881292,-0.0050650692814991));
#3347=CARTESIAN_POINT('',(-0.0173066431639348,0.00782788942527702,-0.00493088058140907));
#3348=CARTESIAN_POINT('',(-0.0173296394567751,0.00782400452221802,-0.00488195476504502));
#3349=CARTESIAN_POINT('',(-0.0173296394567751,0.00782400452221801,-0.00488195476504498));
#3350=CARTESIAN_POINT('',(-0.0173296394567723,0.00782400452222026,-0.00488195476504361));
#3351=CARTESIAN_POINT('',(-0.0176906052115088,0.00776302439057469,-0.00411398123328506));
#3352=CARTESIAN_POINT('',(-0.0181900623509716,0.00764909814543003,-0.00251618437314137));
#3353=CARTESIAN_POINT('',(-0.0183769196816168,0.00758649482192022,-0.000425726330114859));
#3354=CARTESIAN_POINT('',(-0.0183039038618005,0.0076108427285678,0.00124539528649487));
#3355=CARTESIAN_POINT('',(-0.0181561732726422,0.00765203761741083,0.00228344774958371));
#3356=CARTESIAN_POINT('',(-0.0179721130825587,0.00769746450936899,0.00310353549938786));
#3357=CARTESIAN_POINT('',(-0.0177958226734438,0.00773739496786276,0.00371266437981074));
#3358=CARTESIAN_POINT('',(-0.017623820693232,0.00777086954943527,0.00420126744919557));
#3359=CARTESIAN_POINT('',(-0.0174573780753598,0.00780277854496191,0.00459764955922072));
#3360=CARTESIAN_POINT('',(-0.0173886736560437,0.00781089262800416,0.0047684669232596));
#3361=CARTESIAN_POINT('',(-0.0173289932598943,0.00782429186119814,0.00488154187477645));
#3362=CARTESIAN_POINT('',(-0.0173289932599045,0.00782429186119423,0.00488154187476375));
#3363=CARTESIAN_POINT('',(-0.0173289932598971,0.00782429186119591,0.00488154187477787));
#3364=CARTESIAN_POINT('',(-0.0172681347550811,0.00783795559921524,0.00499684895927224));
#3365=CARTESIAN_POINT('',(-0.0171347540917435,0.00785013290934347,0.00517060258116272));
#3366=CARTESIAN_POINT('',(-0.0169400442745974,0.00784497771815026,0.00534103781183494));
#3367=CARTESIAN_POINT('',(-0.01680570504076,0.00782793926083517,0.00543161650618257));
#3368=CARTESIAN_POINT('',(-0.0167569199916345,0.00782408916343205,0.00545457964951196));
#3369=CARTESIAN_POINT('',(-0.0167569199916085,0.00782408916343,0.00545457964952422));
#3370=CARTESIAN_POINT('',(-0.0167569199916085,0.00782408916342999,0.00545457964952421));
#3371=CARTESIAN_POINT('',(-0.0152233938995368,0.00770306387124454,0.00617641103193738));
#3372=CARTESIAN_POINT('',(-0.0135475106190605,0.00759910779692266,0.00646534393150351));
#3373=CARTESIAN_POINT('',(-0.011875,0.00759910779692266,0.00646534393150351));
#3374=CARTESIAN_POINT('',(-0.011875,0.00773303596998501,-0.00609934126980435));
#3375=CARTESIAN_POINT('',(-0.0123266967924821,0.00773303596998501,-0.00609934126980435));
#3376=CARTESIAN_POINT('',(-0.0129861749774935,0.00774011224393044,-0.00606970990224141));
#3377=CARTESIAN_POINT('',(-0.0138414590209381,0.00776118450376698,-0.00596793474206591));
#3378=CARTESIAN_POINT('',(-0.0144472040960279,0.00778123497859293,-0.00586635167093267));
#3379=CARTESIAN_POINT('',(-0.015112384819866,0.00780891930317853,-0.00571583360273961));
#3380=CARTESIAN_POINT('',(-0.0157152119920219,0.00783933616007598,-0.00554137699971414));
#3381=CARTESIAN_POINT('',(-0.016318051676291,0.00787209258970581,-0.00531376392940569));
#3382=CARTESIAN_POINT('',(-0.0169490632723873,0.00791739007002678,-0.00506696078489117));
#3383=CARTESIAN_POINT('',(-0.0171928980543147,0.0078711790362908,-0.00443040954839304));
#3384=CARTESIAN_POINT('',(-0.0174201949041139,0.00783874417360849,-0.00382859716092619));
#3385=CARTESIAN_POINT('',(-0.0175928313970066,0.00780852351188217,-0.00322900027081244));
#3386=CARTESIAN_POINT('',(-0.0177425761712539,0.00778101243498029,-0.00256583823059415));
#3387=CARTESIAN_POINT('',(-0.0178428228073831,0.00776113991804672,-0.00196518136881207));
#3388=CARTESIAN_POINT('',(-0.01794412919945,0.00774008069422044,-0.00111429671032182));
#3389=CARTESIAN_POINT('',(-0.0179937191484634,0.00772820975553813,-6.64056027922493E-7));
#3390=CARTESIAN_POINT('',(-0.0179441773718815,0.00774011249899079,0.00111634181598089));
#3391=CARTESIAN_POINT('',(-0.0178421690021507,0.00776127017522417,0.00196976361160797));
#3392=CARTESIAN_POINT('',(-0.0177413741915904,0.00778120269044198,0.00257179247296204));
#3393=CARTESIAN_POINT('',(-0.0175900331910893,0.00780906159243424,0.00324053720131029));
#3394=CARTESIAN_POINT('',(-0.0174162284824458,0.00783937424186211,0.00384070402673675));
#3395=CARTESIAN_POINT('',(-0.01718842549683,0.00787218410870372,0.00444426382411821));
#3396=CARTESIAN_POINT('',(-0.0169414591399327,0.00791740284363362,0.00507468843926851));
#3397=CARTESIAN_POINT('',(-0.0163036302172906,0.00787109502166606,0.00531874840083294));
#3398=CARTESIAN_POINT('',(-0.0157025193821358,0.00783865043276763,0.0055454340761535));
#3399=CARTESIAN_POINT('',(-0.0150986297560905,0.00780824178011379,0.00571884329301184));
#3400=CARTESIAN_POINT('',(-0.0142289761692413,0.00777225659907815,0.00591547034741207));
#3401=CARTESIAN_POINT('',(-0.0132161891934402,0.00774296180762791,0.00605716778895635));
#3402=CARTESIAN_POINT('',(-0.0123265537160889,0.00773303596998563,0.00609934126980824));
#3403=CARTESIAN_POINT('',(-0.011875,0.00773303596998563,0.00609934126980824));
#3404=CARTESIAN_POINT('',(-0.0118749999999993,0.00784708277682229,-0.00624424588466655));
#3405=CARTESIAN_POINT('',(-0.0118749999999989,0.00751612129607287,-0.00654966286974338));
#3406=CARTESIAN_POINT('',(-0.0118749999999968,0.00509353057794388,-0.00848471266874663));
#3407=CARTESIAN_POINT('',(-0.0118749999999961,0.00226222820812758,-0.0091));
#3408=CARTESIAN_POINT('',(-0.0118749999999957,0.001,-0.0091));
#3409=CARTESIAN_POINT('',(-0.0135482570683645,0.00784708277682229,-0.00624424588466661));
#3410=CARTESIAN_POINT('',(-0.0137241309857503,0.00751612129607287,-0.00654965948712284));
#3411=CARTESIAN_POINT('',(-0.0148879789601671,0.00509353057794388,-0.00848467600340857));
#3412=CARTESIAN_POINT('',(-0.0155811163192928,0.00226222820812758,-0.00910003538573612));
#3413=CARTESIAN_POINT('',(-0.0158294649307764,0.001,-0.0091));
#3414=CARTESIAN_POINT('',(-0.0152212980829768,0.00784708277682228,-0.00596774898658303));
#3415=CARTESIAN_POINT('',(-0.0155730464552262,0.00751612129607286,-0.00628789602913168));
#3416=CARTESIAN_POINT('',(-0.0179007084963184,0.00509353057794387,-0.00833589988981782));
#3417=CARTESIAN_POINT('',(-0.0192869693914011,0.00226222820812755,-0.00909992242688856));
#3418=CARTESIAN_POINT('',(-0.0197839334780874,0.001,-0.00909999596318913));
#3419=CARTESIAN_POINT('',(-0.0167695881913473,0.00784708277682228,-0.00541573469051938));
#3420=CARTESIAN_POINT('',(-0.0171557384662797,0.00751612129607287,-0.00576602823797822));
#3421=CARTESIAN_POINT('',(-0.0196646037987965,0.00509353057794385,-0.00804387622571297));
#3422=CARTESIAN_POINT('',(-0.0208144240729956,0.00226222820812748,-0.00910006682358051));
#3423=CARTESIAN_POINT('',(-0.0208011745874068,0.001,-0.00910000033922902));
#3424=CARTESIAN_POINT('',(-0.0168877620995378,0.00784708277682228,-0.00536858957097841));
#3425=CARTESIAN_POINT('',(-0.0172706223695658,0.00751612129607287,-0.00572434278133979));
#3426=CARTESIAN_POINT('',(-0.0197553184617617,0.00509353057794384,-0.00803289770689369));
#3427=CARTESIAN_POINT('',(-0.0208768597327277,0.00226222820812743,-0.00907870030220238));
#3428=CARTESIAN_POINT('',(-0.0208535205185618,0.001,-0.0090895829166865));
#3429=CARTESIAN_POINT('',(-0.017092674356883,0.00784708277682228,-0.00521766175143721));
#3430=CARTESIAN_POINT('',(-0.0174624081146183,0.00751612129607287,-0.00558739579905604));
#3431=CARTESIAN_POINT('',(-0.0198572625395024,0.00509353057794381,-0.00798225587460547));
#3432=CARTESIAN_POINT('',(-0.020916765034134,0.00226222820812728,-0.00904179270066026));
#3433=CARTESIAN_POINT('',(-0.0209201174513261,0.001,-0.00904512013178634));
#3434=CARTESIAN_POINT('',(-0.0172435302180654,0.00784708277682229,-0.00501278575874465));
#3435=CARTESIAN_POINT('',(-0.0175992837840567,0.00751612129607287,-0.00539564575212959));
#3436=CARTESIAN_POINT('',(-0.0199078703044455,0.00509353057794379,-0.00788030476213064));
#3437=CARTESIAN_POINT('',(-0.0209537143215267,0.00226222820812713,-0.00900183164272813));
#3438=CARTESIAN_POINT('',(-0.0209645735667062,0.001,-0.00897852393315084));
#3439=CARTESIAN_POINT('',(-0.0172908464852679,0.00784708277682229,-0.0048945684678806));
#3440=CARTESIAN_POINT('',(-0.0176411406779615,0.00751612129607287,-0.00528071979934126));
#3441=CARTESIAN_POINT('',(-0.0199189494947107,0.00509353057794377,-0.00778963536060399));
#3442=CARTESIAN_POINT('',(-0.0209751618993172,0.00226222820812709,-0.0089395566227151));
#3443=CARTESIAN_POINT('',(-0.0209750089448378,0.001,-0.00892618122687752));
#3444=CARTESIAN_POINT('',(-0.0173386240580524,0.00784708277682229,-0.00476044927582065));
#3445=CARTESIAN_POINT('',(-0.0176863050967428,0.00751612129607287,-0.00514361737419889));
#3446=CARTESIAN_POINT('',(-0.0199442183900465,0.00509353057794377,-0.0076368281020306));
#3447=CARTESIAN_POINT('',(-0.0209749095037069,0.00226222820812708,-0.00880686084297733));
#3448=CARTESIAN_POINT('',(-0.0209750057610701,0.001,-0.00883805977748604));
#3449=CARTESIAN_POINT('',(-0.0174037358712465,0.00784708277682228,-0.00457058541213776));
#3450=CARTESIAN_POINT('',(-0.0177478610677061,0.00751612129607287,-0.00494845373964872));
#3451=CARTESIAN_POINT('',(-0.0199786904859321,0.00509353057794377,-0.00741189821235972));
#3452=CARTESIAN_POINT('',(-0.0209750459003895,0.00226222820812707,-0.00860375177865295));
#3453=CARTESIAN_POINT('',(-0.0209750067720342,0.001,-0.00869102427116183));
#3454=CARTESIAN_POINT('',(-0.0175258562219284,0.00784708277682228,-0.0041860721418474));
#3455=CARTESIAN_POINT('',(-0.0178633258899151,0.00751612129607286,-0.0045491662051927));
#3456=CARTESIAN_POINT('',(-0.0200434333185727,0.00509353057794377,-0.00692413578116739));
#3457=CARTESIAN_POINT('',(-0.0209749936624747,0.00226222820812706,-0.00813205256160738));
#3458=CARTESIAN_POINT('',(-0.0209750059541869,0.001,-0.00831013550715334));
#3459=CARTESIAN_POINT('',(-0.0179382352283481,0.00784708277682228,-0.00271894679895391));
#3460=CARTESIAN_POINT('',(-0.0182533154108317,0.00751612129607286,-0.00300474254205426));
#3461=CARTESIAN_POINT('',(-0.020262555353142,0.00509353057794376,-0.00489604104773713));
#3462=CARTESIAN_POINT('',(-0.0209750156960601,0.00226222820812702,-0.00602235756886286));
#3463=CARTESIAN_POINT('',(-0.0209750050985005,0.001,-0.00642600651968137));
#3464=CARTESIAN_POINT('',(-0.0182227231700666,0.0078470827768223,-0.000418352426412418));
#3465=CARTESIAN_POINT('',(-0.0185226181570803,0.00751612129607288,-0.000462320548431523));
#3466=CARTESIAN_POINT('',(-0.0204152884044429,0.00509353057794378,-0.000753275729467289));
#3467=CARTESIAN_POINT('',(-0.0209749988600644,0.00226222820812703,-0.000926491361583644));
#3468=CARTESIAN_POINT('',(-0.0209750027160045,0.001,-0.000988616282387859));
#3469=CARTESIAN_POINT('',(-0.0180160203033306,0.00784708277682232,0.00209156833940187));
#3470=CARTESIAN_POINT('',(-0.018326958256773,0.0075161212960729,0.00231141061883885));
#3471=CARTESIAN_POINT('',(-0.0203043733148861,0.0050935305779438,0.00376624070136632));
#3472=CARTESIAN_POINT('',(-0.0209750013688861,0.00226222820812707,0.00463255031440162));
#3473=CARTESIAN_POINT('',(-0.0209750038683653,0.001,0.00494308198211463));
#3474=CARTESIAN_POINT('',(-0.017718212032135,0.00784708277682234,0.00350139051995012));
#3475=CARTESIAN_POINT('',(-0.0180452341196387,0.00751612129607292,0.00382841236567783));
#3476=CARTESIAN_POINT('',(-0.0201456191201809,0.00509353057794382,0.00597767120160499));
#3477=CARTESIAN_POINT('',(-0.0209750136101422,0.00226222820812708,0.00714754551867061));
#3478=CARTESIAN_POINT('',(-0.0209750051114239,0.001,0.00743087514300954));
#3479=CARTESIAN_POINT('',(-0.0175258740924384,0.00784708277682235,0.00418607568739981));
#3480=CARTESIAN_POINT('',(-0.0178633431422882,0.00751612129607293,0.00454916951863066));
#3481=CARTESIAN_POINT('',(-0.0200434420083951,0.00509353057794383,0.00692413595997703));
#3482=CARTESIAN_POINT('',(-0.0209749847435376,0.00226222820812709,0.00813203956143994));
#3483=CARTESIAN_POINT('',(-0.0209750055116368,0.001,0.00831013540820949));
#3484=CARTESIAN_POINT('',(-0.0174037317148306,0.00784708277682235,0.00457058358142641));
#3485=CARTESIAN_POINT('',(-0.0177478573282159,0.00751612129607293,0.00494845206490219));
#3486=CARTESIAN_POINT('',(-0.0199786890128236,0.00509353057794383,0.00741189580221068));
#3487=CARTESIAN_POINT('',(-0.0209750513179081,0.00226222820812709,0.00860376039808534));
#3488=CARTESIAN_POINT('',(-0.0209750064036363,0.001,0.00869102417630933));
#3489=CARTESIAN_POINT('',(-0.0173386265522061,0.00784708277682235,0.00476044913861545));
#3490=CARTESIAN_POINT('',(-0.0176863073565614,0.00751612129607294,0.00514361714942728));
#3491=CARTESIAN_POINT('',(-0.0199442172205008,0.00509353057794383,0.00763682609585773));
#3492=CARTESIAN_POINT('',(-0.0209749058831292,0.00226222820812709,0.00880685585523777));
#3493=CARTESIAN_POINT('',(-0.0209750054034799,0.001,0.00883805968969303));
#3494=CARTESIAN_POINT('',(-0.0172908484686604,0.00784708277682235,0.00489456821923965));
#3495=CARTESIAN_POINT('',(-0.017641142728097,0.00751612129607294,0.00528071957563809));
#3496=CARTESIAN_POINT('',(-0.0199189504788053,0.00509353057794383,0.00778963380510476));
#3497=CARTESIAN_POINT('',(-0.0209751624792883,0.00226222820812709,0.00893955793221408));
#3498=CARTESIAN_POINT('',(-0.0209750085951289,0.001,0.00892618114072114));
#3499=CARTESIAN_POINT('',(-0.0172435322586734,0.00784708277682236,0.00501278552706236));
#3500=CARTESIAN_POINT('',(-0.0175992857784299,0.00751612129607294,0.0053956455031723));
#3501=CARTESIAN_POINT('',(-0.0199078703784398,0.00509353057794383,0.00788030303324165));
#3502=CARTESIAN_POINT('',(-0.0209537133289973,0.00226222820812709,0.00900183059009968));
#3503=CARTESIAN_POINT('',(-0.0209645732182106,0.001,0.0089785238473353));
#3504=CARTESIAN_POINT('',(-0.0170926763481236,0.00784708277682236,0.00521766151132414));
#3505=CARTESIAN_POINT('',(-0.0174624101330803,0.00751612129607294,0.00558739556911366));
#3506=CARTESIAN_POINT('',(-0.0198572632045832,0.00509353057794384,0.00798225427170549));
#3507=CARTESIAN_POINT('',(-0.0209167650666852,0.00226222820812709,0.0090417931845055));
#3508=CARTESIAN_POINT('',(-0.0209201171046881,0.001,0.00904512004640307));
#3509=CARTESIAN_POINT('',(-0.0168877640921483,0.00784708277682236,0.00536858933615704));
#3510=CARTESIAN_POINT('',(-0.017270624346064,0.00751612129607294,0.00572434254049797));
#3511=CARTESIAN_POINT('',(-0.0197553187667476,0.00509353057794383,0.00803289604412699));
#3512=CARTESIAN_POINT('',(-0.0208768591639666,0.00226222820812709,0.0090786998804762));
#3513=CARTESIAN_POINT('',(-0.0208535201742411,0.001,0.00908958283188359));
#3514=CARTESIAN_POINT('',(-0.0167695901800438,0.00784708277682236,0.00541573445338217));
#3515=CARTESIAN_POINT('',(-0.0171557404574859,0.00751612129607294,0.00576602800177834));
#3516=CARTESIAN_POINT('',(-0.0196646042570202,0.00509353057794384,0.00804387459017962));
#3517=CARTESIAN_POINT('',(-0.0208144237630111,0.00226222820812709,0.0091000667911005));
#3518=CARTESIAN_POINT('',(-0.0208011742424618,0.001,0.00910000025426744));
#3519=CARTESIAN_POINT('',(-0.0152212995336811,0.00784708277682234,0.00596774881813325));
#3520=CARTESIAN_POINT('',(-0.0155730479031502,0.00751612129607292,0.00628789585964261));
#3521=CARTESIAN_POINT('',(-0.0179007087992406,0.00509353057794382,0.00833589870162548));
#3522=CARTESIAN_POINT('',(-0.0192869691031679,0.00226222820812709,0.00909992230730441));
#3523=CARTESIAN_POINT('',(-0.0197839332285824,0.001,0.00909999590174287));
#3524=CARTESIAN_POINT('',(-0.0135482570683656,0.00784708277682228,0.00624424588467136));
#3525=CARTESIAN_POINT('',(-0.0137241309870906,0.00751612129607287,0.00654965948762747));
#3526=CARTESIAN_POINT('',(-0.0148879789716052,0.00509353057794377,0.00848467600569987));
#3527=CARTESIAN_POINT('',(-0.0155811163379489,0.00226222820812708,0.00910003541373844));
#3528=CARTESIAN_POINT('',(-0.0158294649307791,0.001,0.0091));
#3529=CARTESIAN_POINT('',(-0.011875,0.00784708277682228,0.00624424588467136));
#3530=CARTESIAN_POINT('',(-0.011875,0.00751612129607287,0.00654966286974773));
#3531=CARTESIAN_POINT('',(-0.011875,0.00509353057794377,0.00848471266874794));
#3532=CARTESIAN_POINT('',(-0.011875,0.00226222820812708,0.0091));
#3533=CARTESIAN_POINT('',(-0.011875,0.001,0.0091));
#3534=CARTESIAN_POINT('',(-0.020975,0.001,-0.0089));
#3535=CARTESIAN_POINT('',(-0.020975,0.001,-0.00900471975511966));
#3536=CARTESIAN_POINT('',(-0.0208797197551197,0.001,-0.0091));
#3537=CARTESIAN_POINT('',(-0.020775,0.001,-0.0091));
#3538=CARTESIAN_POINT('',(-0.020975,0.001,-0.0089));
#3539=CARTESIAN_POINT('',(-0.020975,0.001,-0.0091));
#3540=CARTESIAN_POINT('',(-0.020975,0.001,0.0089));
#3541=CARTESIAN_POINT('',(-0.020775,0.001,0.0091));
#3542=CARTESIAN_POINT('',(-0.0208797197551197,0.001,0.0091));
#3543=CARTESIAN_POINT('',(-0.020975,0.001,0.00900471975511966));
#3544=CARTESIAN_POINT('',(-0.020975,0.001,0.0089));
#3545=CARTESIAN_POINT('',(-0.011875,0.046,0.));
#3546=CARTESIAN_POINT('',(-0.019175,0.,-0.0073));
#3547=CARTESIAN_POINT('',(-0.020775,0.,0.0089));
#3548=CARTESIAN_POINT('',(-0.020975,0.,0.0089));
#3549=CARTESIAN_POINT('',(-0.020975,0.,-0.0091));
#3550=CARTESIAN_POINT('',(-0.020975,0.,-0.0089));
#3551=CARTESIAN_POINT('',(-0.020775,0.,-0.0089));
#3552=CARTESIAN_POINT('',(-0.012,0.,0.));
#3553=CARTESIAN_POINT('',(-0.012,0.,0.));
#3554=CARTESIAN_POINT('',(-0.012,0.,0.0028));
#3555=CARTESIAN_POINT('',(-0.01405,0.,0.000585));
#3556=CARTESIAN_POINT('',(-0.01405,0.0003,0.0002925));
#3557=CARTESIAN_POINT('',(-0.01405,0.0003,-0.000585));
#3558=CARTESIAN_POINT('',(-0.01405,0.0003,0.000585));
#3559=CARTESIAN_POINT('',(-0.01405,0.,-0.000585));
#3560=CARTESIAN_POINT('',(-0.01405,0.0047,-0.000585));
#3561=CARTESIAN_POINT('',(-0.01405,0.0047,0.0002925));
#3562=CARTESIAN_POINT('',(-0.01405,0.0047,0.000585));
#3563=CARTESIAN_POINT('',(-0.01405,0.,0.000585));
#3564=CARTESIAN_POINT('',(-0.01405,0.,-0.000585));
#3565=CARTESIAN_POINT('',(-0.013025,0.0003,-0.000585));
#3566=CARTESIAN_POINT('',(-0.012585,0.0003,-0.000585));
#3567=CARTESIAN_POINT('',(-0.012585,0.,-0.000585));
#3568=CARTESIAN_POINT('',(-0.012585,0.0047,-0.000585));
#3569=CARTESIAN_POINT('',(-0.013025,0.0047,-0.000585));
#3570=CARTESIAN_POINT('',(-0.011415,0.,0.000585));
#3571=CARTESIAN_POINT('',(-0.011415,0.0003,0.0002925));
#3572=CARTESIAN_POINT('',(-0.011415,0.0003,0.00205));
#3573=CARTESIAN_POINT('',(-0.011415,0.0003,0.000585));
#3574=CARTESIAN_POINT('',(-0.011415,0.,0.00205));
#3575=CARTESIAN_POINT('',(-0.011415,0.0047,0.00205));
#3576=CARTESIAN_POINT('',(-0.011415,0.0047,0.0002925));
#3577=CARTESIAN_POINT('',(-0.011415,0.0047,0.000585));
#3578=CARTESIAN_POINT('',(-0.011415,0.,0.000585));
#3579=CARTESIAN_POINT('',(-0.011415,0.,0.00205));
#3580=CARTESIAN_POINT('',(-0.0117075,0.0003,0.00205));
#3581=CARTESIAN_POINT('',(-0.012585,0.0003,0.00205));
#3582=CARTESIAN_POINT('',(-0.012585,0.,0.00205));
#3583=CARTESIAN_POINT('',(-0.012585,0.0047,0.00205));
#3584=CARTESIAN_POINT('',(-0.0117075,0.0047,0.00205));
#3585=CARTESIAN_POINT('',(-0.012585,0.,0.00205));
#3586=CARTESIAN_POINT('',(-0.012585,0.0003,0.001025));
#3587=CARTESIAN_POINT('',(-0.012585,0.0003,0.000585));
#3588=CARTESIAN_POINT('',(-0.012585,0.,0.000585));
#3589=CARTESIAN_POINT('',(-0.012585,0.0047,0.000585));
#3590=CARTESIAN_POINT('',(-0.012585,0.0047,0.001025));
#3591=CARTESIAN_POINT('',(-0.012585,0.,0.000585));
#3592=CARTESIAN_POINT('',(-0.0122925,0.0003,0.000585));
#3593=CARTESIAN_POINT('',(-0.0122925,0.0047,0.000585));
#3594=CARTESIAN_POINT('',(-0.012,0.0047,0.));
#3595=CARTESIAN_POINT('',(-0.01405,0.0047,-0.000585));
#3596=CARTESIAN_POINT('',(-0.00995,0.0047,-0.000585));
#3597=CARTESIAN_POINT('',(-0.011415,0.0047,-0.000585));
#3598=CARTESIAN_POINT('',(-0.00995,0.0047,-0.0002925));
#3599=CARTESIAN_POINT('',(-0.00995,0.0047,0.000585));
#3600=CARTESIAN_POINT('',(-0.012585,0.0047,0.000585));
#3601=CARTESIAN_POINT('',(-0.012585,0.0047,0.00205));
#3602=CARTESIAN_POINT('',(-0.012585,0.0047,-0.00205));
#3603=CARTESIAN_POINT('',(-0.0122925,0.0047,-0.00205));
#3604=CARTESIAN_POINT('',(-0.011415,0.0047,-0.00205));
#3605=CARTESIAN_POINT('',(-0.011415,0.0047,0.000585));
#3606=CARTESIAN_POINT('',(0.011875,0.,0.));
#3607=CARTESIAN_POINT('',(-0.0122925,0.,0.000885));
#3608=CARTESIAN_POINT('',(-0.00965,1.35525271560688E-20,0.000885));
#3609=CARTESIAN_POINT('',(-0.011115,0.,0.000885));
#3610=CARTESIAN_POINT('',(-0.00965,0.,-0.0002925));
#3611=CARTESIAN_POINT('',(-0.00965,1.92747052886312E-19,-0.000885));
#3612=CARTESIAN_POINT('',(-0.013025,0.,-0.000885));
#3613=CARTESIAN_POINT('',(-0.011115,-1.20466908053945E-20,-0.000885));
#3614=CARTESIAN_POINT('',(-0.011115,0.,0.0002925));
#3615=CARTESIAN_POINT('',(-0.011115,0.,-0.00235));
#3616=CARTESIAN_POINT('',(-0.0122925,0.,-0.00235));
#3617=CARTESIAN_POINT('',(-0.012885,3.61400724161835E-20,-0.00235));
#3618=CARTESIAN_POINT('',(-0.012885,0.,0.001025));
#3619=CARTESIAN_POINT('',(-0.012885,0.,-0.000885));
#3620=CARTESIAN_POINT('',(-0.013025,0.,-0.000885));
#3621=CARTESIAN_POINT('',(-0.01435,2.71050543121376E-20,-0.000885));
#3622=CARTESIAN_POINT('',(-0.01435,0.,0.0002925));
#3623=CARTESIAN_POINT('',(-0.01435,1.92747052886312E-19,0.000885));
#3624=CARTESIAN_POINT('',(-0.0122925,0.,0.000885));
#3625=CARTESIAN_POINT('',(-0.012885,-1.20466908053945E-20,0.000885));
#3626=CARTESIAN_POINT('',(-0.012885,0.,0.001025));
#3627=CARTESIAN_POINT('',(-0.012885,0.,0.00235));
#3628=CARTESIAN_POINT('',(-0.0117075,0.,0.00235));
#3629=CARTESIAN_POINT('',(-0.011115,3.61400724161835E-20,0.00235));
#3630=CARTESIAN_POINT('',(-0.011115,0.,0.0002925));
#3631=CARTESIAN_POINT('',(-0.012585,0.,0.000585));
#3632=CARTESIAN_POINT('',(-0.0122925,0.0003,0.000585));
#3633=CARTESIAN_POINT('',(-0.00995,0.0003,0.000585));
#3634=CARTESIAN_POINT('',(-0.00995,0.,0.000585));
#3635=CARTESIAN_POINT('',(-0.00995,0.,-0.000585));
#3636=CARTESIAN_POINT('',(-0.00995,0.0003,-0.0002925));
#3637=CARTESIAN_POINT('',(-0.00995,0.0003,-0.000585));
#3638=CARTESIAN_POINT('',(-0.00995,0.,-0.000585));
#3639=CARTESIAN_POINT('',(-0.01405,0.,-0.000585));
#3640=CARTESIAN_POINT('',(-0.013025,0.0003,-0.000585));
#3641=CARTESIAN_POINT('',(-0.011415,0.0003,-0.000585));
#3642=CARTESIAN_POINT('',(-0.011415,0.,-0.000585));
#3643=CARTESIAN_POINT('',(-0.011415,0.,0.000585));
#3644=CARTESIAN_POINT('',(-0.011415,0.0003,0.0002925));
#3645=CARTESIAN_POINT('',(-0.011415,0.0003,-0.00205));
#3646=CARTESIAN_POINT('',(-0.011415,0.,-0.00205));
#3647=CARTESIAN_POINT('',(-0.012585,0.,-0.00205));
#3648=CARTESIAN_POINT('',(-0.0122925,0.0003,-0.00205));
#3649=CARTESIAN_POINT('',(-0.012585,0.0003,-0.00205));
#3650=CARTESIAN_POINT('',(-0.012585,0.,-0.00205));
#3651=CARTESIAN_POINT('',(-0.012585,0.,0.00205));
#3652=CARTESIAN_POINT('',(-0.012585,0.0003,0.001025));
#3653=CARTESIAN_POINT('',(-0.011265,0.00015,0.0002925));
#3654=CARTESIAN_POINT('',(-0.0116075,0.0004925,-0.0018575));
#3655=CARTESIAN_POINT('',(-0.0116075,0.0004925,-0.0003925));
#3656=CARTESIAN_POINT('',(-0.0122925,0.00015,-0.0022));
#3657=CARTESIAN_POINT('',(-0.01166,0.001225,-0.001125));
#3658=CARTESIAN_POINT('',(-0.012735,0.00015,0.001025));
#3659=CARTESIAN_POINT('',(-0.0128316666666667,5.33333333333332E-5,-0.000831666666666667));
#3660=CARTESIAN_POINT('',(-0.0098,0.00015,-0.0002925));
#3661=CARTESIAN_POINT('',(-0.0106308333333333,0.000980833333333333,-9.58333333333328E-5));
#3662=CARTESIAN_POINT('',(-0.010875,0.001225,0.00034));
#3663=CARTESIAN_POINT('',(-0.013025,0.00015,-0.000735));
#3664=CARTESIAN_POINT('',(-0.01435,0.,-0.000885));
#3665=CARTESIAN_POINT('',(-0.0142,0.00015,0.0002925));
#3666=CARTESIAN_POINT('',(-0.01435,0.,0.000885));
#3667=CARTESIAN_POINT('',(-0.0122925,0.00015,0.000735));
#3668=CARTESIAN_POINT('',(-0.012885,0.,0.000885));
#3669=CARTESIAN_POINT('',(-0.012735,0.00015,0.001025));
#3670=CARTESIAN_POINT('',(-0.012885,0.,0.00235));
#3671=CARTESIAN_POINT('',(-0.0117075,0.00015,0.0022));
#3672=CARTESIAN_POINT('',(-0.011115,0.,0.00235));
#3673=CARTESIAN_POINT('',(-0.011265,0.00015,0.0002925));
#3674=CARTESIAN_POINT('',(-0.0116075,0.0004925,0.0003925));
#3675=CARTESIAN_POINT('',(-0.0122925,0.00015,0.000735));
#3676=CARTESIAN_POINT('',(-0.013025,0.00015,-0.000735));
#3677=CARTESIAN_POINT('',(0.,0.,0.));
#3678=CARTESIAN_POINT('',(0.,0.,0.));
#3679=CARTESIAN_POINT('',(0.,0.,0.0028));
#3680=CARTESIAN_POINT('',(-0.00205,0.,0.000585));
#3681=CARTESIAN_POINT('',(-0.00205,0.0003,0.0002925));
#3682=CARTESIAN_POINT('',(-0.00205,0.0003,-0.000585));
#3683=CARTESIAN_POINT('',(-0.00205,0.0003,0.000585));
#3684=CARTESIAN_POINT('',(-0.00205,0.,-0.000585));
#3685=CARTESIAN_POINT('',(-0.00205,0.0047,-0.000585));
#3686=CARTESIAN_POINT('',(-0.00205,0.0047,0.000585));
#3687=CARTESIAN_POINT('',(-0.00205,0.0047,0.000585));
#3688=CARTESIAN_POINT('',(-0.00205,0.,0.000585));
#3689=CARTESIAN_POINT('',(-0.01405,0.,-0.000585));
#3690=CARTESIAN_POINT('',(-0.013025,0.0003,-0.000585));
#3691=CARTESIAN_POINT('',(-0.000585,0.0003,-0.000585));
#3692=CARTESIAN_POINT('',(-0.000585,0.,-0.000585));
#3693=CARTESIAN_POINT('',(-0.000585,0.0047,-0.000585));
#3694=CARTESIAN_POINT('',(-0.01405,0.0047,-0.000585));
#3695=CARTESIAN_POINT('',(0.000585,0.,0.000585));
#3696=CARTESIAN_POINT('',(0.000585,0.0003,0.0002925));
#3697=CARTESIAN_POINT('',(0.000585,0.0003,0.00205));
#3698=CARTESIAN_POINT('',(0.000585,0.0003,0.000585));
#3699=CARTESIAN_POINT('',(0.000585,0.,0.00205));
#3700=CARTESIAN_POINT('',(0.000585,0.0047,0.00205));
#3701=CARTESIAN_POINT('',(0.000585,0.0047,0.000585));
#3702=CARTESIAN_POINT('',(0.000585,0.0047,0.000585));
#3703=CARTESIAN_POINT('',(0.000585,0.,0.000585));
#3704=CARTESIAN_POINT('',(-0.011415,0.,0.00205));
#3705=CARTESIAN_POINT('',(-0.0117075,0.0003,0.00205));
#3706=CARTESIAN_POINT('',(-0.000585,0.0003,0.00205));
#3707=CARTESIAN_POINT('',(-0.000585,0.,0.00205));
#3708=CARTESIAN_POINT('',(-0.000585,0.0047,0.00205));
#3709=CARTESIAN_POINT('',(-0.011415,0.0047,0.00205));
#3710=CARTESIAN_POINT('',(-0.000585,0.,0.00205));
#3711=CARTESIAN_POINT('',(-0.000585,0.0003,0.001025));
#3712=CARTESIAN_POINT('',(-0.000585,0.0003,0.000585));
#3713=CARTESIAN_POINT('',(-0.000585,0.,0.000585));
#3714=CARTESIAN_POINT('',(-0.000585,0.0047,0.000585));
#3715=CARTESIAN_POINT('',(-0.000585,0.0047,0.00205));
#3716=CARTESIAN_POINT('',(-0.012585,0.,0.000585));
#3717=CARTESIAN_POINT('',(-0.0122925,0.0003,0.000585));
#3718=CARTESIAN_POINT('',(-0.012585,0.0047,0.000585));
#3719=CARTESIAN_POINT('',(-0.012,0.0047,0.));
#3720=CARTESIAN_POINT('',(-0.01405,0.0047,-0.000585));
#3721=CARTESIAN_POINT('',(0.00205,0.0047,-0.000585));
#3722=CARTESIAN_POINT('',(0.000585,0.0047,-0.000585));
#3723=CARTESIAN_POINT('',(0.00205,0.0047,-0.000585));
#3724=CARTESIAN_POINT('',(0.00205,0.0047,0.000585));
#3725=CARTESIAN_POINT('',(-0.012585,0.0047,0.000585));
#3726=CARTESIAN_POINT('',(-0.000585,0.0047,0.00205));
#3727=CARTESIAN_POINT('',(-0.000585,0.0047,-0.00205));
#3728=CARTESIAN_POINT('',(-0.012585,0.0047,-0.00205));
#3729=CARTESIAN_POINT('',(0.000585,0.0047,-0.00205));
#3730=CARTESIAN_POINT('',(0.000585,0.0047,0.000585));
#3731=CARTESIAN_POINT('',(0.011875,0.,0.));
#3732=CARTESIAN_POINT('',(-0.0122925,0.,0.000885));
#3733=CARTESIAN_POINT('',(0.00235,1.35525271560688E-20,0.000885));
#3734=CARTESIAN_POINT('',(0.000885,-1.20466908053945E-20,0.000885));
#3735=CARTESIAN_POINT('',(0.00235,0.,-0.0002925));
#3736=CARTESIAN_POINT('',(0.00235,3.61400724161835E-20,-0.000885));
#3737=CARTESIAN_POINT('',(-0.013025,0.,-0.000885));
#3738=CARTESIAN_POINT('',(0.000885,-1.20466908053945E-20,-0.000885));
#3739=CARTESIAN_POINT('',(0.000885,0.,0.0002925));
#3740=CARTESIAN_POINT('',(0.000885,2.71050543121376E-20,-0.00235));
#3741=CARTESIAN_POINT('',(-0.0122925,0.,-0.00235));
#3742=CARTESIAN_POINT('',(-0.000885,3.61400724161835E-20,-0.00235));
#3743=CARTESIAN_POINT('',(-0.000885,0.,0.001025));
#3744=CARTESIAN_POINT('',(-0.000885,-1.20466908053945E-20,-0.000885));
#3745=CARTESIAN_POINT('',(-0.013025,0.,-0.000885));
#3746=CARTESIAN_POINT('',(-0.00235,2.71050543121376E-20,-0.000885));
#3747=CARTESIAN_POINT('',(-0.00235,0.,0.0002925));
#3748=CARTESIAN_POINT('',(-0.00235,3.61400724161835E-20,0.000885));
#3749=CARTESIAN_POINT('',(-0.0122925,0.,0.000885));
#3750=CARTESIAN_POINT('',(-0.000885,-1.20466908053945E-20,0.000885));
#3751=CARTESIAN_POINT('',(-0.000885,0.,0.001025));
#3752=CARTESIAN_POINT('',(-0.000885,2.71050543121376E-20,0.00235));
#3753=CARTESIAN_POINT('',(-0.0117075,0.,0.00235));
#3754=CARTESIAN_POINT('',(0.000885,3.61400724161835E-20,0.00235));
#3755=CARTESIAN_POINT('',(0.000885,0.,0.0002925));
#3756=CARTESIAN_POINT('',(-0.012585,0.,0.000585));
#3757=CARTESIAN_POINT('',(-0.0122925,0.0003,0.000585));
#3758=CARTESIAN_POINT('',(0.00205,0.0003,0.000585));
#3759=CARTESIAN_POINT('',(0.00205,0.,0.000585));
#3760=CARTESIAN_POINT('',(0.00205,0.,-0.000585));
#3761=CARTESIAN_POINT('',(0.00205,0.0003,-0.0002925));
#3762=CARTESIAN_POINT('',(0.00205,0.0003,-0.000585));
#3763=CARTESIAN_POINT('',(0.00205,0.,-0.000585));
#3764=CARTESIAN_POINT('',(-0.01405,0.,-0.000585));
#3765=CARTESIAN_POINT('',(-0.013025,0.0003,-0.000585));
#3766=CARTESIAN_POINT('',(0.000585,0.0003,-0.000585));
#3767=CARTESIAN_POINT('',(0.000585,0.,-0.000585));
#3768=CARTESIAN_POINT('',(0.000585,0.,0.000585));
#3769=CARTESIAN_POINT('',(0.000585,0.0003,0.0002925));
#3770=CARTESIAN_POINT('',(0.000585,0.0003,-0.00205));
#3771=CARTESIAN_POINT('',(0.000585,0.,-0.00205));
#3772=CARTESIAN_POINT('',(-0.012585,0.,-0.00205));
#3773=CARTESIAN_POINT('',(-0.0122925,0.0003,-0.00205));
#3774=CARTESIAN_POINT('',(-0.000585,0.0003,-0.00205));
#3775=CARTESIAN_POINT('',(-0.000585,0.,-0.00205));
#3776=CARTESIAN_POINT('',(-0.000585,0.,0.00205));
#3777=CARTESIAN_POINT('',(-0.000585,0.0003,0.001025));
#3778=CARTESIAN_POINT('',(0.000735,0.00015,0.0002925));
#3779=CARTESIAN_POINT('',(-0.0036075,0.0044925,0.0021425));
#3780=CARTESIAN_POINT('',(0.0003925,0.0004925,-0.0003925));
#3781=CARTESIAN_POINT('',(-0.0122925,0.00015,-0.0022));
#3782=CARTESIAN_POINT('',(0.00034,0.001225,-0.001125));
#3783=CARTESIAN_POINT('',(-0.000735,0.00015,0.001025));
#3784=CARTESIAN_POINT('',(-0.00483166666666667,-0.00394666666666666,-0.00483166666666667));
#3785=CARTESIAN_POINT('',(0.0022,0.00015,-0.0002925));
#3786=CARTESIAN_POINT('',(-0.00263083333333333,0.00498083333333333,-0.00409583333333334));
#3787=CARTESIAN_POINT('',(-0.002875,0.005225,0.00434));
#3788=CARTESIAN_POINT('',(-0.013025,0.00015,-0.000735));
#3789=CARTESIAN_POINT('',(-0.0018575,0.0004925,-0.0003925));
#3790=CARTESIAN_POINT('',(-0.0022,0.00015,0.0002925));
#3791=CARTESIAN_POINT('',(-0.00556416666666667,-0.00321416666666667,0.00409916666666667));
#3792=CARTESIAN_POINT('',(-0.0122925,0.00015,0.000735));
#3793=CARTESIAN_POINT('',(-0.000831666666666667,5.33333333333334E-5,0.000831666666666667));
#3794=CARTESIAN_POINT('',(-0.000735,0.00015,0.001025));
#3795=CARTESIAN_POINT('',(-0.0043925,-0.0035075,0.0058575));
#3796=CARTESIAN_POINT('',(-0.0117075,0.00015,0.0022));
#3797=CARTESIAN_POINT('',(9.91666666666667E-5,0.000785833333333333,0.00156416666666667));
#3798=CARTESIAN_POINT('',(0.000735,0.00015,0.0002925));
#3799=CARTESIAN_POINT('',(-0.0036075,0.0044925,-0.0036075));
#3800=CARTESIAN_POINT('',(-0.0122925,0.00015,0.000735));
#3801=CARTESIAN_POINT('',(-0.013025,0.00015,-0.000735));
#3802=CARTESIAN_POINT('',(0.012,0.,0.));
#3803=CARTESIAN_POINT('',(0.012,0.,0.));
#3804=CARTESIAN_POINT('',(0.012,0.,0.0028));
#3805=CARTESIAN_POINT('',(0.00995,0.,0.000585));
#3806=CARTESIAN_POINT('',(0.00995,0.0003,0.0002925));
#3807=CARTESIAN_POINT('',(0.00995,0.0003,-0.000585));
#3808=CARTESIAN_POINT('',(0.00995,0.0003,0.000585));
#3809=CARTESIAN_POINT('',(0.00995,0.,-0.000585));
#3810=CARTESIAN_POINT('',(0.00995,0.0047,-0.000585));
#3811=CARTESIAN_POINT('',(0.00995,0.0047,0.000585));
#3812=CARTESIAN_POINT('',(0.00995,0.0047,0.000585));
#3813=CARTESIAN_POINT('',(0.00995,0.,0.000585));
#3814=CARTESIAN_POINT('',(-0.01405,0.,-0.000585));
#3815=CARTESIAN_POINT('',(-0.013025,0.0003,-0.000585));
#3816=CARTESIAN_POINT('',(0.011415,0.0003,-0.000585));
#3817=CARTESIAN_POINT('',(0.011415,0.,-0.000585));
#3818=CARTESIAN_POINT('',(0.011415,0.0047,-0.000585));
#3819=CARTESIAN_POINT('',(-0.01405,0.0047,-0.000585));
#3820=CARTESIAN_POINT('',(0.012585,0.,0.000585));
#3821=CARTESIAN_POINT('',(0.012585,0.0003,0.0002925));
#3822=CARTESIAN_POINT('',(0.012585,0.0003,0.00205));
#3823=CARTESIAN_POINT('',(0.012585,0.0003,0.000585));
#3824=CARTESIAN_POINT('',(0.012585,0.,0.00205));
#3825=CARTESIAN_POINT('',(0.012585,0.0047,0.00205));
#3826=CARTESIAN_POINT('',(0.012585,0.0047,0.000585));
#3827=CARTESIAN_POINT('',(0.012585,0.0047,0.000585));
#3828=CARTESIAN_POINT('',(0.012585,0.,0.000585));
#3829=CARTESIAN_POINT('',(-0.011415,0.,0.00205));
#3830=CARTESIAN_POINT('',(-0.0117075,0.0003,0.00205));
#3831=CARTESIAN_POINT('',(0.011415,0.0003,0.00205));
#3832=CARTESIAN_POINT('',(0.011415,0.,0.00205));
#3833=CARTESIAN_POINT('',(0.011415,0.0047,0.00205));
#3834=CARTESIAN_POINT('',(-0.011415,0.0047,0.00205));
#3835=CARTESIAN_POINT('',(0.011415,0.,0.00205));
#3836=CARTESIAN_POINT('',(0.011415,0.0003,0.001025));
#3837=CARTESIAN_POINT('',(0.011415,0.0003,0.000585));
#3838=CARTESIAN_POINT('',(0.011415,0.,0.000585));
#3839=CARTESIAN_POINT('',(0.011415,0.0047,0.000585));
#3840=CARTESIAN_POINT('',(0.011415,0.0047,0.00205));
#3841=CARTESIAN_POINT('',(-0.012585,0.,0.000585));
#3842=CARTESIAN_POINT('',(-0.0122925,0.0003,0.000585));
#3843=CARTESIAN_POINT('',(-0.012585,0.0047,0.000585));
#3844=CARTESIAN_POINT('',(-0.012,0.0047,0.));
#3845=CARTESIAN_POINT('',(-0.01405,0.0047,-0.000585));
#3846=CARTESIAN_POINT('',(0.01405,0.0047,-0.000585));
#3847=CARTESIAN_POINT('',(0.012585,0.0047,-0.000585));
#3848=CARTESIAN_POINT('',(0.01405,0.0047,-0.000585));
#3849=CARTESIAN_POINT('',(0.01405,0.0047,0.000585));
#3850=CARTESIAN_POINT('',(-0.012585,0.0047,0.000585));
#3851=CARTESIAN_POINT('',(0.011415,0.0047,0.00205));
#3852=CARTESIAN_POINT('',(0.011415,0.0047,-0.00205));
#3853=CARTESIAN_POINT('',(-0.012585,0.0047,-0.00205));
#3854=CARTESIAN_POINT('',(0.012585,0.0047,-0.00205));
#3855=CARTESIAN_POINT('',(0.012585,0.0047,0.000585));
#3856=CARTESIAN_POINT('',(0.011875,0.,0.));
#3857=CARTESIAN_POINT('',(-0.0122925,0.,0.000885));
#3858=CARTESIAN_POINT('',(0.01435,1.35525271560688E-20,0.000885));
#3859=CARTESIAN_POINT('',(0.012885,0.,0.000885));
#3860=CARTESIAN_POINT('',(0.01435,0.,-0.0002925));
#3861=CARTESIAN_POINT('',(0.01435,1.92747052886312E-19,-0.000885));
#3862=CARTESIAN_POINT('',(-0.013025,0.,-0.000885));
#3863=CARTESIAN_POINT('',(0.012885,-1.20466908053945E-20,-0.000885));
#3864=CARTESIAN_POINT('',(0.012885,0.,0.0002925));
#3865=CARTESIAN_POINT('',(0.012885,0.,-0.00235));
#3866=CARTESIAN_POINT('',(-0.0122925,0.,-0.00235));
#3867=CARTESIAN_POINT('',(0.011115,3.61400724161835E-20,-0.00235));
#3868=CARTESIAN_POINT('',(0.011115,0.,0.001025));
#3869=CARTESIAN_POINT('',(0.011115,0.,-0.000885));
#3870=CARTESIAN_POINT('',(-0.013025,0.,-0.000885));
#3871=CARTESIAN_POINT('',(0.00965,2.71050543121376E-20,-0.000885));
#3872=CARTESIAN_POINT('',(0.00965,0.,0.0002925));
#3873=CARTESIAN_POINT('',(0.00965,1.92747052886312E-19,0.000885));
#3874=CARTESIAN_POINT('',(-0.0122925,0.,0.000885));
#3875=CARTESIAN_POINT('',(0.011115,-1.20466908053945E-20,0.000885));
#3876=CARTESIAN_POINT('',(0.011115,0.,0.001025));
#3877=CARTESIAN_POINT('',(0.011115,0.,0.00235));
#3878=CARTESIAN_POINT('',(-0.0117075,0.,0.00235));
#3879=CARTESIAN_POINT('',(0.012885,3.61400724161835E-20,0.00235));
#3880=CARTESIAN_POINT('',(0.012885,0.,0.0002925));
#3881=CARTESIAN_POINT('',(-0.012585,0.,0.000585));
#3882=CARTESIAN_POINT('',(-0.0122925,0.0003,0.000585));
#3883=CARTESIAN_POINT('',(0.01405,0.0003,0.000585));
#3884=CARTESIAN_POINT('',(0.01405,0.,0.000585));
#3885=CARTESIAN_POINT('',(0.01405,0.,-0.000585));
#3886=CARTESIAN_POINT('',(0.01405,0.0003,-0.0002925));
#3887=CARTESIAN_POINT('',(0.01405,0.0003,-0.000585));
#3888=CARTESIAN_POINT('',(0.01405,0.,-0.000585));
#3889=CARTESIAN_POINT('',(-0.01405,0.,-0.000585));
#3890=CARTESIAN_POINT('',(-0.013025,0.0003,-0.000585));
#3891=CARTESIAN_POINT('',(0.012585,0.0003,-0.000585));
#3892=CARTESIAN_POINT('',(0.012585,0.,-0.000585));
#3893=CARTESIAN_POINT('',(0.012585,0.,0.000585));
#3894=CARTESIAN_POINT('',(0.012585,0.0003,0.0002925));
#3895=CARTESIAN_POINT('',(0.012585,0.0003,-0.00205));
#3896=CARTESIAN_POINT('',(0.012585,0.,-0.00205));
#3897=CARTESIAN_POINT('',(-0.012585,0.,-0.00205));
#3898=CARTESIAN_POINT('',(-0.0122925,0.0003,-0.00205));
#3899=CARTESIAN_POINT('',(0.011415,0.0003,-0.00205));
#3900=CARTESIAN_POINT('',(0.011415,0.,-0.00205));
#3901=CARTESIAN_POINT('',(0.011415,0.,0.00205));
#3902=CARTESIAN_POINT('',(0.011415,0.0003,0.001025));
#3903=CARTESIAN_POINT('',(0.012735,0.00015,0.0002925));
#3904=CARTESIAN_POINT('',(0.0043925,0.0084925,0.0061425));
#3905=CARTESIAN_POINT('',(0.0123925,0.0004925,-0.0003925));
#3906=CARTESIAN_POINT('',(-0.0122925,0.00015,-0.0022));
#3907=CARTESIAN_POINT('',(0.01234,0.001225,-0.001125));
#3908=CARTESIAN_POINT('',(0.011265,0.00015,0.001025));
#3909=CARTESIAN_POINT('',(0.00316833333333334,-0.00794666666666667,-0.00883166666666667));
#3910=CARTESIAN_POINT('',(0.0142,0.00015,-0.0002925));
#3911=CARTESIAN_POINT('',(0.00536916666666667,0.00898083333333333,-0.00809583333333333));
#3912=CARTESIAN_POINT('',(0.005125,0.009225,0.00834));
#3913=CARTESIAN_POINT('',(-0.013025,0.00015,-0.000735));
#3914=CARTESIAN_POINT('',(0.0101425,0.0004925,-0.0003925));
#3915=CARTESIAN_POINT('',(0.0098,0.00015,0.0002925));
#3916=CARTESIAN_POINT('',(0.00243583333333333,-0.00721416666666667,0.00809916666666667));
#3917=CARTESIAN_POINT('',(-0.0122925,0.00015,0.000735));
#3918=CARTESIAN_POINT('',(0.0111683333333333,5.33333333333334E-5,0.000831666666666667));
#3919=CARTESIAN_POINT('',(0.011265,0.00015,0.001025));
#3920=CARTESIAN_POINT('',(0.0036075,-0.0075075,0.0098575));
#3921=CARTESIAN_POINT('',(-0.0117075,0.00015,0.0022));
#3922=CARTESIAN_POINT('',(0.0120991666666667,0.000785833333333333,0.00156416666666667));
#3923=CARTESIAN_POINT('',(0.012735,0.00015,0.0002925));
#3924=CARTESIAN_POINT('',(0.0043925,0.0084925,-0.0076075));
#3925=CARTESIAN_POINT('',(-0.0122925,0.00015,0.000735));
#3926=CARTESIAN_POINT('',(-0.013025,0.00015,-0.000735));
#3927=MECHANICAL_DESIGN_GEOMETRIC_PRESENTATION_REPRESENTATION('',(#1862),
#3928);
#3928=(
GEOMETRIC_REPRESENTATION_CONTEXT(3)
GLOBAL_UNCERTAINTY_ASSIGNED_CONTEXT((#3929))
GLOBAL_UNIT_ASSIGNED_CONTEXT((#3932,#3931,#3930))
REPRESENTATION_CONTEXT('DSA V4 1x2.25 v3','TOP_LEVEL_ASSEMBLY_PART')
);
#3929=UNCERTAINTY_MEASURE_WITH_UNIT(LENGTH_MEASURE(2.E-5),#3932,
'DISTANCE_ACCURACY_VALUE','Maximum Tolerance applied to model');
#3930=(
NAMED_UNIT(*)
SI_UNIT($,.STERADIAN.)
SOLID_ANGLE_UNIT()
);
#3931=(
NAMED_UNIT(*)
PLANE_ANGLE_UNIT()
SI_UNIT($,.RADIAN.)
);
#3932=(
LENGTH_UNIT()
NAMED_UNIT(*)
SI_UNIT($,.METRE.)
);
#3933=PRODUCT_DEFINITION_SHAPE('','',#3934);
#3934=PRODUCT_DEFINITION('','',#3936,#3935);
#3935=PRODUCT_DEFINITION_CONTEXT('',#3942,'design');
#3936=PRODUCT_DEFINITION_FORMATION_WITH_SPECIFIED_SOURCE('','',#3938,
 .NOT_KNOWN.);
#3937=PRODUCT_RELATED_PRODUCT_CATEGORY('','',(#3938));
#3938=PRODUCT('DSA V4 1x2.25 v3','DSA V4 1x2.25 v3','DSA V4 1x2.25 v3',
(#3940));
#3939=PRODUCT_CATEGORY('','');
#3940=PRODUCT_CONTEXT('',#3942,'mechanical');
#3941=APPLICATION_PROTOCOL_DEFINITION('international standard',
'ap242_managed_model_based_3d_engineering',2020,#3942);
#3942=APPLICATION_CONTEXT('managed model based 3d engineering');
ENDSEC;
END-ISO-10303-21;
