ISO-10303-21;
HEADER;
/* Generated by software containing ST-Developer
 * from STEP Tools, Inc. (www.steptools.com) 
 */
/* OPTION: using custom renumber hook */

FILE_DESCRIPTION(
/* description */ ('STEP AP242 Edition 2',
'CAx-IF Rec.Pracs.---Representation and Presentation of Product Manufa
cturing Information (PMI)---4.0---2014-10-13',
'CAx-IF Rec.Pracs.---3D Tessellated Geometry---0.4---2014-09-14','2;1',
'CAx-IF Rec.Pracs.---User Defined Attributes---1.5---2016-08-15'),
/* implementation_level */ '2;1');

FILE_NAME(
/* name */ 'DSA 1.75u - DSA V4 1x1.75 v4',
/* time_stamp */ '2026-06-08T00:58:14Z',
/* author */ (''),
/* organization */ (''),
/* preprocessor_version */ 'ST-DEVELOPER v20',
/* originating_system */ 'ONSHAPE BY PTC INC, 1.216',
/* authorisation */ '  ');

FILE_SCHEMA (('AP242_MANAGED_MODEL_BASED_3D_ENGINEERING_MIM_LF { 1 0 10303 442 3 1 4 }'));
ENDSEC;

DATA;
#10=SHAPE_REPRESENTATION_RELATIONSHIP('','',#953,#11);
#11=ADVANCED_BREP_SHAPE_REPRESENTATION('',(#951),#2424);
#12=SPHERICAL_SURFACE('',#970,0.03875);
#13=SPHERICAL_SURFACE('',#976,0.03875);
#14=B_SPLINE_SURFACE_WITH_KNOTS('',3,3,((#1286,#1287,#1288,#1289),(#1290,
#1291,#1292,#1293),(#1294,#1295,#1296,#1297),(#1298,#1299,#1300,#1301),
(#1302,#1303,#1304,#1305),(#1306,#1307,#1308,#1309),(#1310,#1311,#1312,
#1313),(#1314,#1315,#1316,#1317),(#1318,#1319,#1320,#1321),(#1322,#1323,
#1324,#1325),(#1326,#1327,#1328,#1329),(#1330,#1331,#1332,#1333),(#1334,
#1335,#1336,#1337)),.UNSPECIFIED.,.F.,.F.,.F.,(4,1,1,1,2,1,1,1,1,4),(4,
4),(-1.7765509801171E-14,0.00376354020562155,0.00752708041126087,0.00940885051408052,
0.01254513401878,0.0184815056683093,0.0244178773178387,0.0362906206168974,
0.0837815938131323,0.131272567009367),(0.0216817800081223,1.),
 .UNSPECIFIED.);
#15=B_SPLINE_SURFACE_WITH_KNOTS('',3,3,((#1383,#1384,#1385,#1386,#1387,
#1388,#1389,#1390,#1391,#1392,#1393,#1394,#1395,#1396,#1397,#1398,#1399,
#1400,#1401,#1402,#1403,#1404,#1405,#1406,#1407,#1408,#1409,#1410,#1411,
#1412,#1413,#1414,#1415,#1416,#1417,#1418),(#1419,#1420,#1421,#1422,#1423,
#1424,#1425,#1426,#1427,#1428,#1429,#1430,#1431,#1432,#1433,#1434,#1435,
#1436,#1437,#1438,#1439,#1440,#1441,#1442,#1443,#1444,#1445,#1446,#1447,
#1448,#1449,#1450,#1451,#1452,#1453,#1454),(#1455,#1456,#1457,#1458,#1459,
#1460,#1461,#1462,#1463,#1464,#1465,#1466,#1467,#1468,#1469,#1470,#1471,
#1472,#1473,#1474,#1475,#1476,#1477,#1478,#1479,#1480,#1481,#1482,#1483,
#1484,#1485,#1486,#1487,#1488,#1489,#1490),(#1491,#1492,#1493,#1494,#1495,
#1496,#1497,#1498,#1499,#1500,#1501,#1502,#1503,#1504,#1505,#1506,#1507,
#1508,#1509,#1510,#1511,#1512,#1513,#1514,#1515,#1516,#1517,#1518,#1519,
#1520,#1521,#1522,#1523,#1524,#1525,#1526)),.UNSPECIFIED.,.F.,.F.,.F.,(4,
4),(4,1,1,1,1,1,1,1,1,1,1,1,1,1,1,1,1,1,1,1,1,1,1,1,1,1,1,1,2,1,1,1,4),
(0.,1.),(6.07232020137285,6.16010240528938,6.2478846092059,6.33566681312242,
6.42344901703894,6.51123122095547,6.59901342487199,6.68679562878851,6.77457783270503,
6.8184689346633,6.86236003662156,6.87333281211112,6.88430558760069,6.89527836309025,
6.90625113857982,6.9117375263246,6.91722391406938,6.92819668955895,6.93368307730373,
6.93642627117612,6.93916946504851,6.9446558527933,6.94739904666569,6.94808484513379,
6.94877064360188,6.94945644206998,6.94979934130403,6.94997079092106,6.95014224053808,
6.96601761448719,6.98189298843631,6.99776836238542,7.02951911028365),
 .UNSPECIFIED.);
#16=B_SPLINE_SURFACE_WITH_KNOTS('',3,3,((#1586,#1587,#1588,#1589),(#1590,
#1591,#1592,#1593),(#1594,#1595,#1596,#1597),(#1598,#1599,#1600,#1601),
(#1602,#1603,#1604,#1605),(#1606,#1607,#1608,#1609),(#1610,#1611,#1612,
#1613),(#1614,#1615,#1616,#1617),(#1618,#1619,#1620,#1621),(#1622,#1623,
#1624,#1625),(#1626,#1627,#1628,#1629),(#1630,#1631,#1632,#1633),(#1634,
#1635,#1636,#1637),(#1638,#1639,#1640,#1641),(#1642,#1643,#1644,#1645),
(#1646,#1647,#1648,#1649)),.UNSPECIFIED.,.F.,.F.,.F.,(4,1,2,1,1,1,2,1,1,
1,1,4),(4,4),(0.631272567009381,0.67876354020563,0.75,0.755018053607516,
0.757527080411272,0.761290620616905,0.762545134018783,0.774417877317847,
0.786290620616911,0.810036107215039,0.857527080411296,1.00000000000006),
(0.0216883756796603,1.),.UNSPECIFIED.);
#17=B_SPLINE_SURFACE_WITH_KNOTS('',3,3,((#1717,#1718,#1719,#1720,#1721,
#1722,#1723,#1724,#1725,#1726,#1727,#1728,#1729,#1730,#1731,#1732,#1733,
#1734,#1735,#1736,#1737,#1738,#1739,#1740,#1741,#1742,#1743),(#1744,#1745,
#1746,#1747,#1748,#1749,#1750,#1751,#1752,#1753,#1754,#1755,#1756,#1757,
#1758,#1759,#1760,#1761,#1762,#1763,#1764,#1765,#1766,#1767,#1768,#1769,
#1770),(#1771,#1772,#1773,#1774,#1775,#1776,#1777,#1778,#1779,#1780,#1781,
#1782,#1783,#1784,#1785,#1786,#1787,#1788,#1789,#1790,#1791,#1792,#1793,
#1794,#1795,#1796,#1797),(#1798,#1799,#1800,#1801,#1802,#1803,#1804,#1805,
#1806,#1807,#1808,#1809,#1810,#1811,#1812,#1813,#1814,#1815,#1816,#1817,
#1818,#1819,#1820,#1821,#1822,#1823,#1824)),.UNSPECIFIED.,.F.,.F.,.F.,(4,
4),(4,2,1,1,1,1,1,1,1,1,1,1,2,1,1,2,1,1,1,1,1,4),(0.,1.),(-0.428011757976551,
-0.39681578462303,-0.383115280198353,-0.369414775773676,-0.342013766924321,
-0.287211749225612,-0.177607713828195,0.0416003569666406,0.480016498556311,
0.918432640145981,1.24724474633823,1.30204676403694,1.35684878173565,1.38453158032425,
1.41221437891286,1.46757997609006,1.49494808282208,1.52231618955409,1.57705240301812,
1.68652482994618,1.90546968380231,2.34335939151455),.UNSPECIFIED.);
#18=B_SPLINE_SURFACE_WITH_KNOTS('',3,1,((#1868,#1869),(#1870,#1871),(#1872,
#1873),(#1874,#1875),(#1876,#1877),(#1878,#1879)),
 .SURF_OF_LINEAR_EXTRUSION.,.F.,.F.,.F.,(4,1,1,4),(2,2),(0.,0.115596372736177,
0.231192745472354,0.462385490944709),(0.,1.),.UNSPECIFIED.);
#19=B_SPLINE_SURFACE_WITH_KNOTS('',3,1,((#1906,#1907),(#1908,#1909),(#1910,
#1911),(#1912,#1913),(#1914,#1915),(#1916,#1917),(#1918,#1919),(#1920,#1921)),
 .SURF_OF_LINEAR_EXTRUSION.,.F.,.F.,.F.,(4,1,1,1,1,4),(2,2),(0.0448007286515518,
0.23508400138491,0.425367274118269,0.520508910484949,0.615650546851628,
0.805933819584986),(0.,1.),.UNSPECIFIED.);
#20=B_SPLINE_SURFACE_WITH_KNOTS('',3,3,((#1930,#1931,#1932,#1933,#1934,
#1935,#1936,#1937,#1938,#1939,#1940,#1941,#1942,#1943,#1944,#1945,#1946,
#1947,#1948,#1949,#1950,#1951,#1952,#1953,#1954,#1955,#1956,#1957,#1958,
#1959,#1960,#1961,#1962,#1963,#1964,#1965),(#1966,#1967,#1968,#1969,#1970,
#1971,#1972,#1973,#1974,#1975,#1976,#1977,#1978,#1979,#1980,#1981,#1982,
#1983,#1984,#1985,#1986,#1987,#1988,#1989,#1990,#1991,#1992,#1993,#1994,
#1995,#1996,#1997,#1998,#1999,#2000,#2001),(#2002,#2003,#2004,#2005,#2006,
#2007,#2008,#2009,#2010,#2011,#2012,#2013,#2014,#2015,#2016,#2017,#2018,
#2019,#2020,#2021,#2022,#2023,#2024,#2025,#2026,#2027,#2028,#2029,#2030,
#2031,#2032,#2033,#2034,#2035,#2036,#2037),(#2038,#2039,#2040,#2041,#2042,
#2043,#2044,#2045,#2046,#2047,#2048,#2049,#2050,#2051,#2052,#2053,#2054,
#2055,#2056,#2057,#2058,#2059,#2060,#2061,#2062,#2063,#2064,#2065,#2066,
#2067,#2068,#2069,#2070,#2071,#2072,#2073)),.UNSPECIFIED.,.F.,.F.,.F.,(4,
4),(4,1,1,2,1,1,1,2,1,1,1,1,1,1,1,1,1,1,1,2,1,1,1,2,1,1,1,1,1,4),(0.,1.),
(2.34335939151455,2.78247915974893,3.11181898592471,3.22159892798331,3.22850681860472,
3.24923049046895,3.2768620529546,3.3321251779259,3.33897569948823,3.35952726417522,
3.38692935042454,3.44173352292319,3.55134186792047,3.77055855791505,4.20899193790419,
4.64742531789334,4.86664200788791,4.9762503528852,5.05845661163316,5.08585869788248,
5.11349668264109,5.12731567502039,5.1411346673997,5.19641063691692,5.22378281080617,
5.25115498469541,5.30589933247391,5.4153880280309,5.63436541914489,6.07232020137286),
 .UNSPECIFIED.);
#21=B_SPLINE_SURFACE_WITH_KNOTS('',3,3,((#2150,#2151,#2152,#2153,#2154),
(#2155,#2156,#2157,#2158,#2159),(#2160,#2161,#2162,#2163,#2164),(#2165,
#2166,#2167,#2168,#2169),(#2170,#2171,#2172,#2173,#2174),(#2175,#2176,#2177,
#2178,#2179),(#2180,#2181,#2182,#2183,#2184),(#2185,#2186,#2187,#2188,#2189),
(#2190,#2191,#2192,#2193,#2194),(#2195,#2196,#2197,#2198,#2199),(#2200,
#2201,#2202,#2203,#2204),(#2205,#2206,#2207,#2208,#2209),(#2210,#2211,#2212,
#2213,#2214),(#2215,#2216,#2217,#2218,#2219),(#2220,#2221,#2222,#2223,#2224),
(#2225,#2226,#2227,#2228,#2229),(#2230,#2231,#2232,#2233,#2234),(#2235,
#2236,#2237,#2238,#2239),(#2240,#2241,#2242,#2243,#2244),(#2245,#2246,#2247,
#2248,#2249),(#2250,#2251,#2252,#2253,#2254),(#2255,#2256,#2257,#2258,#2259),
(#2260,#2261,#2262,#2263,#2264),(#2265,#2266,#2267,#2268,#2269),(#2270,
#2271,#2272,#2273,#2274),(#2275,#2276,#2277,#2278,#2279)),.UNSPECIFIED.,
 .F.,.F.,.F.,(4,2,1,1,1,2,1,1,1,1,1,1,1,1,2,1,1,1,2,4),(4,1,4),(0.131272567009324,
0.249999999999954,0.253136283504649,0.256272567009344,0.259408850514039,
0.262545134018734,0.269965598580648,0.277386063142562,0.29222699226639,
0.381272567009357,0.440636283504668,0.470318141752323,0.485159070876151,
0.492579535438065,0.499999999999979,0.503136283504674,0.506272567009369,
0.509408850514064,0.512545134018759,0.631272567009381),(0.0216820925278311,
0.161441793595284,1.),.UNSPECIFIED.);
#22=CIRCLE('',#957,0.0002);
#23=CIRCLE('',#959,0.0002);
#24=CIRCLE('',#960,0.0002);
#25=CIRCLE('',#961,0.0002);
#26=CIRCLE('',#967,0.0028);
#27=CIRCLE('',#971,0.03875);
#28=CIRCLE('',#974,0.03875);
#29=CIRCLE('',#982,0.0028);
#30=CYLINDRICAL_SURFACE('',#956,0.0002);
#31=CYLINDRICAL_SURFACE('',#963,0.0002);
#32=CYLINDRICAL_SURFACE('',#972,0.000399999999999995);
#33=CYLINDRICAL_SURFACE('',#973,0.03875);
#34=CYLINDRICAL_SURFACE('',#975,0.0004);
#35=CYLINDRICAL_SURFACE('',#978,0.0002);
#36=CYLINDRICAL_SURFACE('',#980,0.0002);
#37=CYLINDRICAL_SURFACE('',#981,0.0028);
#38=LINE('',#1221,#132);
#39=LINE('',#1223,#133);
#40=LINE('',#1225,#134);
#41=LINE('',#1227,#135);
#42=LINE('',#1229,#136);
#43=LINE('',#1236,#137);
#44=LINE('',#1240,#138);
#45=LINE('',#1243,#139);
#46=LINE('',#1245,#140);
#47=LINE('',#1247,#141);
#48=LINE('',#1248,#142);
#49=LINE('',#1253,#143);
#50=LINE('',#1256,#144);
#51=LINE('',#1260,#145);
#52=LINE('',#1262,#146);
#53=LINE('',#1269,#147);
#54=LINE('',#1271,#148);
#55=LINE('',#1273,#149);
#56=LINE('',#1275,#150);
#57=LINE('',#1277,#151);
#58=LINE('',#1279,#152);
#59=LINE('',#1283,#153);
#60=LINE('',#1285,#154);
#61=LINE('',#1574,#155);
#62=LINE('',#1581,#156);
#63=LINE('',#1583,#157);
#64=LINE('',#1585,#158);
#65=LINE('',#1880,#159);
#66=LINE('',#1889,#160);
#67=LINE('',#1896,#161);
#68=LINE('',#1900,#162);
#69=LINE('',#2285,#163);
#70=LINE('',#2294,#164);
#71=LINE('',#2296,#165);
#72=LINE('',#2302,#166);
#73=LINE('',#2305,#167);
#74=LINE('',#2307,#168);
#75=LINE('',#2309,#169);
#76=LINE('',#2311,#170);
#77=LINE('',#2313,#171);
#78=LINE('',#2315,#172);
#79=LINE('',#2317,#173);
#80=LINE('',#2320,#174);
#81=LINE('',#2322,#175);
#82=LINE('',#2324,#176);
#83=LINE('',#2326,#177);
#84=LINE('',#2328,#178);
#85=LINE('',#2330,#179);
#86=LINE('',#2332,#180);
#87=LINE('',#2334,#181);
#88=LINE('',#2336,#182);
#89=LINE('',#2338,#183);
#90=LINE('',#2339,#184);
#91=LINE('',#2341,#185);
#92=LINE('',#2344,#186);
#93=LINE('',#2346,#187);
#94=LINE('',#2347,#188);
#95=LINE('',#2349,#189);
#96=LINE('',#2351,#190);
#97=LINE('',#2353,#191);
#98=LINE('',#2356,#192);
#99=LINE('',#2358,#193);
#100=LINE('',#2360,#194);
#101=LINE('',#2362,#195);
#102=LINE('',#2364,#196);
#103=LINE('',#2366,#197);
#104=LINE('',#2368,#198);
#105=LINE('',#2370,#199);
#106=LINE('',#2372,#200);
#107=LINE('',#2374,#201);
#108=LINE('',#2376,#202);
#109=LINE('',#2378,#203);
#110=LINE('',#2380,#204);
#111=LINE('',#2382,#205);
#112=LINE('',#2384,#206);
#113=LINE('',#2386,#207);
#114=LINE('',#2388,#208);
#115=LINE('',#2390,#209);
#116=LINE('',#2392,#210);
#117=LINE('',#2394,#211);
#118=LINE('',#2396,#212);
#119=LINE('',#2398,#213);
#120=LINE('',#2400,#214);
#121=LINE('',#2401,#215);
#122=LINE('',#2403,#216);
#123=LINE('',#2405,#217);
#124=LINE('',#2407,#218);
#125=LINE('',#2408,#219);
#126=LINE('',#2410,#220);
#127=LINE('',#2412,#221);
#128=LINE('',#2414,#222);
#129=LINE('',#2416,#223);
#130=LINE('',#2418,#224);
#131=LINE('',#2420,#225);
#132=VECTOR('',#1013,1.);
#133=VECTOR('',#1014,1.);
#134=VECTOR('',#1015,1.);
#135=VECTOR('',#1016,1.);
#136=VECTOR('',#1017,1.);
#137=VECTOR('',#1020,1.);
#138=VECTOR('',#1025,1.);
#139=VECTOR('',#1026,1.);
#140=VECTOR('',#1027,1.);
#141=VECTOR('',#1028,1.);
#142=VECTOR('',#1029,1.);
#143=VECTOR('',#1032,1.);
#144=VECTOR('',#1035,1.);
#145=VECTOR('',#1040,1.);
#146=VECTOR('',#1041,1.);
#147=VECTOR('',#1044,1.);
#148=VECTOR('',#1047,1.);
#149=VECTOR('',#1048,1.);
#150=VECTOR('',#1049,1.);
#151=VECTOR('',#1052,1.);
#152=VECTOR('',#1053,1.);
#153=VECTOR('',#1058,1.);
#154=VECTOR('',#1059,1.);
#155=VECTOR('',#1062,1.);
#156=VECTOR('',#1065,1.);
#157=VECTOR('',#1066,1.);
#158=VECTOR('',#1067,1.);
#159=VECTOR('',#1072,1.);
#160=VECTOR('',#1075,1.);
#161=VECTOR('',#1078,1.);
#162=VECTOR('',#1083,1.);
#163=VECTOR('',#1084,1.);
#164=VECTOR('',#1091,1.);
#165=VECTOR('',#1094,1.);
#166=VECTOR('',#1103,1.);
#167=VECTOR('',#1104,1.);
#168=VECTOR('',#1105,1.);
#169=VECTOR('',#1106,1.);
#170=VECTOR('',#1109,1.);
#171=VECTOR('',#1110,1.);
#172=VECTOR('',#1111,1.);
#173=VECTOR('',#1114,1.);
#174=VECTOR('',#1115,1.);
#175=VECTOR('',#1116,1.);
#176=VECTOR('',#1117,1.);
#177=VECTOR('',#1120,1.);
#178=VECTOR('',#1121,1.);
#179=VECTOR('',#1122,1.);
#180=VECTOR('',#1125,1.);
#181=VECTOR('',#1126,1.);
#182=VECTOR('',#1127,1.);
#183=VECTOR('',#1130,1.);
#184=VECTOR('',#1131,1.);
#185=VECTOR('',#1134,1.);
#186=VECTOR('',#1135,1.);
#187=VECTOR('',#1136,1.);
#188=VECTOR('',#1137,1.);
#189=VECTOR('',#1138,1.);
#190=VECTOR('',#1139,1.);
#191=VECTOR('',#1142,1.);
#192=VECTOR('',#1143,1.);
#193=VECTOR('',#1144,1.);
#194=VECTOR('',#1145,1.);
#195=VECTOR('',#1146,1.);
#196=VECTOR('',#1147,1.);
#197=VECTOR('',#1148,1.);
#198=VECTOR('',#1149,1.);
#199=VECTOR('',#1150,1.);
#200=VECTOR('',#1151,1.);
#201=VECTOR('',#1152,1.);
#202=VECTOR('',#1153,1.);
#203=VECTOR('',#1156,1.);
#204=VECTOR('',#1157,1.);
#205=VECTOR('',#1160,1.);
#206=VECTOR('',#1161,1.);
#207=VECTOR('',#1164,1.);
#208=VECTOR('',#1165,1.);
#209=VECTOR('',#1168,1.);
#210=VECTOR('',#1169,1.);
#211=VECTOR('',#1172,1.);
#212=VECTOR('',#1173,1.);
#213=VECTOR('',#1176,1.);
#214=VECTOR('',#1179,1.);
#215=VECTOR('',#1180,1.);
#216=VECTOR('',#1183,1.);
#217=VECTOR('',#1186,1.);
#218=VECTOR('',#1189,1.);
#219=VECTOR('',#1190,1.);
#220=VECTOR('',#1193,1.);
#221=VECTOR('',#1196,1.);
#222=VECTOR('',#1199,1.);
#223=VECTOR('',#1202,1.);
#224=VECTOR('',#1205,1.);
#225=VECTOR('',#1208,1.);
#226=ORIENTED_EDGE('',*,*,#490,.F.);
#227=ORIENTED_EDGE('',*,*,#491,.F.);
#228=ORIENTED_EDGE('',*,*,#492,.T.);
#229=ORIENTED_EDGE('',*,*,#493,.F.);
#230=ORIENTED_EDGE('',*,*,#494,.F.);
#231=ORIENTED_EDGE('',*,*,#495,.F.);
#232=ORIENTED_EDGE('',*,*,#496,.T.);
#233=ORIENTED_EDGE('',*,*,#497,.T.);
#234=ORIENTED_EDGE('',*,*,#498,.T.);
#235=ORIENTED_EDGE('',*,*,#491,.T.);
#236=ORIENTED_EDGE('',*,*,#499,.F.);
#237=ORIENTED_EDGE('',*,*,#500,.T.);
#238=ORIENTED_EDGE('',*,*,#501,.T.);
#239=ORIENTED_EDGE('',*,*,#502,.T.);
#240=ORIENTED_EDGE('',*,*,#503,.F.);
#241=ORIENTED_EDGE('',*,*,#504,.F.);
#242=ORIENTED_EDGE('',*,*,#505,.F.);
#243=ORIENTED_EDGE('',*,*,#506,.F.);
#244=ORIENTED_EDGE('',*,*,#492,.F.);
#245=ORIENTED_EDGE('',*,*,#498,.F.);
#246=ORIENTED_EDGE('',*,*,#507,.F.);
#247=ORIENTED_EDGE('',*,*,#508,.F.);
#248=ORIENTED_EDGE('',*,*,#509,.F.);
#249=ORIENTED_EDGE('',*,*,#507,.T.);
#250=ORIENTED_EDGE('',*,*,#497,.F.);
#251=ORIENTED_EDGE('',*,*,#510,.F.);
#252=ORIENTED_EDGE('',*,*,#511,.T.);
#253=ORIENTED_EDGE('',*,*,#512,.T.);
#254=ORIENTED_EDGE('',*,*,#508,.T.);
#255=ORIENTED_EDGE('',*,*,#509,.T.);
#256=ORIENTED_EDGE('',*,*,#501,.F.);
#257=ORIENTED_EDGE('',*,*,#513,.T.);
#258=ORIENTED_EDGE('',*,*,#514,.T.);
#259=ORIENTED_EDGE('',*,*,#515,.F.);
#260=ORIENTED_EDGE('',*,*,#500,.F.);
#261=ORIENTED_EDGE('',*,*,#516,.T.);
#262=ORIENTED_EDGE('',*,*,#517,.T.);
#263=ORIENTED_EDGE('',*,*,#513,.F.);
#264=ORIENTED_EDGE('',*,*,#518,.T.);
#265=ORIENTED_EDGE('',*,*,#514,.F.);
#266=ORIENTED_EDGE('',*,*,#517,.F.);
#267=ORIENTED_EDGE('',*,*,#519,.F.);
#268=ORIENTED_EDGE('',*,*,#520,.F.);
#269=ORIENTED_EDGE('',*,*,#521,.T.);
#270=ORIENTED_EDGE('',*,*,#522,.F.);
#271=ORIENTED_EDGE('',*,*,#523,.F.);
#272=ORIENTED_EDGE('',*,*,#524,.F.);
#273=ORIENTED_EDGE('',*,*,#525,.T.);
#274=ORIENTED_EDGE('',*,*,#496,.F.);
#275=ORIENTED_EDGE('',*,*,#490,.T.);
#276=ORIENTED_EDGE('',*,*,#526,.T.);
#277=ORIENTED_EDGE('',*,*,#527,.T.);
#278=ORIENTED_EDGE('',*,*,#528,.F.);
#279=ORIENTED_EDGE('',*,*,#523,.T.);
#280=ORIENTED_EDGE('',*,*,#522,.T.);
#281=ORIENTED_EDGE('',*,*,#519,.T.);
#282=ORIENTED_EDGE('',*,*,#516,.F.);
#283=ORIENTED_EDGE('',*,*,#499,.T.);
#284=ORIENTED_EDGE('',*,*,#529,.T.);
#285=ORIENTED_EDGE('',*,*,#503,.T.);
#286=ORIENTED_EDGE('',*,*,#512,.F.);
#287=ORIENTED_EDGE('',*,*,#530,.F.);
#288=ORIENTED_EDGE('',*,*,#531,.T.);
#289=ORIENTED_EDGE('',*,*,#532,.F.);
#290=ORIENTED_EDGE('',*,*,#533,.F.);
#291=ORIENTED_EDGE('',*,*,#534,.T.);
#292=ORIENTED_EDGE('',*,*,#530,.T.);
#293=ORIENTED_EDGE('',*,*,#511,.F.);
#294=ORIENTED_EDGE('',*,*,#510,.T.);
#295=ORIENTED_EDGE('',*,*,#525,.F.);
#296=ORIENTED_EDGE('',*,*,#535,.F.);
#297=ORIENTED_EDGE('',*,*,#536,.F.);
#298=ORIENTED_EDGE('',*,*,#537,.F.);
#299=ORIENTED_EDGE('',*,*,#538,.T.);
#300=ORIENTED_EDGE('',*,*,#537,.T.);
#301=ORIENTED_EDGE('',*,*,#536,.T.);
#302=ORIENTED_EDGE('',*,*,#535,.T.);
#303=ORIENTED_EDGE('',*,*,#524,.T.);
#304=ORIENTED_EDGE('',*,*,#528,.T.);
#305=ORIENTED_EDGE('',*,*,#539,.T.);
#306=ORIENTED_EDGE('',*,*,#540,.T.);
#307=ORIENTED_EDGE('',*,*,#539,.F.);
#308=ORIENTED_EDGE('',*,*,#527,.F.);
#309=ORIENTED_EDGE('',*,*,#534,.F.);
#310=ORIENTED_EDGE('',*,*,#541,.T.);
#311=ORIENTED_EDGE('',*,*,#542,.F.);
#312=ORIENTED_EDGE('',*,*,#531,.F.);
#313=ORIENTED_EDGE('',*,*,#538,.F.);
#314=ORIENTED_EDGE('',*,*,#543,.T.);
#315=ORIENTED_EDGE('',*,*,#544,.F.);
#316=ORIENTED_EDGE('',*,*,#541,.F.);
#317=ORIENTED_EDGE('',*,*,#540,.F.);
#318=ORIENTED_EDGE('',*,*,#545,.T.);
#319=ORIENTED_EDGE('',*,*,#546,.F.);
#320=ORIENTED_EDGE('',*,*,#543,.F.);
#321=ORIENTED_EDGE('',*,*,#526,.F.);
#322=ORIENTED_EDGE('',*,*,#547,.T.);
#323=ORIENTED_EDGE('',*,*,#548,.F.);
#324=ORIENTED_EDGE('',*,*,#545,.F.);
#325=ORIENTED_EDGE('',*,*,#521,.F.);
#326=ORIENTED_EDGE('',*,*,#495,.T.);
#327=ORIENTED_EDGE('',*,*,#549,.F.);
#328=ORIENTED_EDGE('',*,*,#547,.F.);
#329=ORIENTED_EDGE('',*,*,#548,.T.);
#330=ORIENTED_EDGE('',*,*,#550,.T.);
#331=ORIENTED_EDGE('',*,*,#551,.T.);
#332=ORIENTED_EDGE('',*,*,#552,.T.);
#333=ORIENTED_EDGE('',*,*,#553,.T.);
#334=ORIENTED_EDGE('',*,*,#554,.T.);
#335=ORIENTED_EDGE('',*,*,#544,.T.);
#336=ORIENTED_EDGE('',*,*,#555,.T.);
#337=ORIENTED_EDGE('',*,*,#549,.T.);
#338=ORIENTED_EDGE('',*,*,#494,.T.);
#339=ORIENTED_EDGE('',*,*,#556,.F.);
#340=ORIENTED_EDGE('',*,*,#557,.T.);
#341=ORIENTED_EDGE('',*,*,#558,.F.);
#342=ORIENTED_EDGE('',*,*,#532,.T.);
#343=ORIENTED_EDGE('',*,*,#542,.T.);
#344=ORIENTED_EDGE('',*,*,#554,.F.);
#345=ORIENTED_EDGE('',*,*,#553,.F.);
#346=ORIENTED_EDGE('',*,*,#552,.F.);
#347=ORIENTED_EDGE('',*,*,#551,.F.);
#348=ORIENTED_EDGE('',*,*,#550,.F.);
#349=ORIENTED_EDGE('',*,*,#546,.T.);
#350=ORIENTED_EDGE('',*,*,#555,.F.);
#351=ORIENTED_EDGE('',*,*,#502,.F.);
#352=ORIENTED_EDGE('',*,*,#515,.T.);
#353=ORIENTED_EDGE('',*,*,#520,.T.);
#354=ORIENTED_EDGE('',*,*,#529,.F.);
#355=ORIENTED_EDGE('',*,*,#558,.T.);
#356=ORIENTED_EDGE('',*,*,#559,.T.);
#357=ORIENTED_EDGE('',*,*,#504,.T.);
#358=ORIENTED_EDGE('',*,*,#533,.T.);
#359=ORIENTED_EDGE('',*,*,#559,.F.);
#360=ORIENTED_EDGE('',*,*,#557,.F.);
#361=ORIENTED_EDGE('',*,*,#560,.F.);
#362=ORIENTED_EDGE('',*,*,#505,.T.);
#363=ORIENTED_EDGE('',*,*,#556,.T.);
#364=ORIENTED_EDGE('',*,*,#493,.T.);
#365=ORIENTED_EDGE('',*,*,#506,.T.);
#366=ORIENTED_EDGE('',*,*,#560,.T.);
#367=ORIENTED_EDGE('',*,*,#561,.T.);
#368=ORIENTED_EDGE('',*,*,#518,.F.);
#369=ORIENTED_EDGE('',*,*,#562,.F.);
#370=ORIENTED_EDGE('',*,*,#563,.T.);
#371=ORIENTED_EDGE('',*,*,#564,.T.);
#372=ORIENTED_EDGE('',*,*,#565,.F.);
#373=ORIENTED_EDGE('',*,*,#566,.F.);
#374=ORIENTED_EDGE('',*,*,#567,.T.);
#375=ORIENTED_EDGE('',*,*,#568,.T.);
#376=ORIENTED_EDGE('',*,*,#563,.F.);
#377=ORIENTED_EDGE('',*,*,#569,.F.);
#378=ORIENTED_EDGE('',*,*,#570,.T.);
#379=ORIENTED_EDGE('',*,*,#571,.T.);
#380=ORIENTED_EDGE('',*,*,#572,.F.);
#381=ORIENTED_EDGE('',*,*,#573,.F.);
#382=ORIENTED_EDGE('',*,*,#574,.T.);
#383=ORIENTED_EDGE('',*,*,#575,.T.);
#384=ORIENTED_EDGE('',*,*,#570,.F.);
#385=ORIENTED_EDGE('',*,*,#576,.F.);
#386=ORIENTED_EDGE('',*,*,#577,.T.);
#387=ORIENTED_EDGE('',*,*,#578,.T.);
#388=ORIENTED_EDGE('',*,*,#574,.F.);
#389=ORIENTED_EDGE('',*,*,#579,.F.);
#390=ORIENTED_EDGE('',*,*,#565,.T.);
#391=ORIENTED_EDGE('',*,*,#580,.T.);
#392=ORIENTED_EDGE('',*,*,#577,.F.);
#393=ORIENTED_EDGE('',*,*,#581,.F.);
#394=ORIENTED_EDGE('',*,*,#582,.F.);
#395=ORIENTED_EDGE('',*,*,#583,.F.);
#396=ORIENTED_EDGE('',*,*,#571,.F.);
#397=ORIENTED_EDGE('',*,*,#575,.F.);
#398=ORIENTED_EDGE('',*,*,#578,.F.);
#399=ORIENTED_EDGE('',*,*,#580,.F.);
#400=ORIENTED_EDGE('',*,*,#564,.F.);
#401=ORIENTED_EDGE('',*,*,#568,.F.);
#402=ORIENTED_EDGE('',*,*,#584,.F.);
#403=ORIENTED_EDGE('',*,*,#585,.F.);
#404=ORIENTED_EDGE('',*,*,#586,.F.);
#405=ORIENTED_EDGE('',*,*,#587,.F.);
#406=ORIENTED_EDGE('',*,*,#588,.F.);
#407=ORIENTED_EDGE('',*,*,#589,.F.);
#408=ORIENTED_EDGE('',*,*,#590,.F.);
#409=ORIENTED_EDGE('',*,*,#591,.F.);
#410=ORIENTED_EDGE('',*,*,#592,.F.);
#411=ORIENTED_EDGE('',*,*,#593,.F.);
#412=ORIENTED_EDGE('',*,*,#594,.F.);
#413=ORIENTED_EDGE('',*,*,#595,.F.);
#414=ORIENTED_EDGE('',*,*,#596,.F.);
#415=ORIENTED_EDGE('',*,*,#597,.F.);
#416=ORIENTED_EDGE('',*,*,#598,.F.);
#417=ORIENTED_EDGE('',*,*,#561,.F.);
#418=ORIENTED_EDGE('',*,*,#599,.F.);
#419=ORIENTED_EDGE('',*,*,#572,.T.);
#420=ORIENTED_EDGE('',*,*,#583,.T.);
#421=ORIENTED_EDGE('',*,*,#600,.F.);
#422=ORIENTED_EDGE('',*,*,#601,.F.);
#423=ORIENTED_EDGE('',*,*,#600,.T.);
#424=ORIENTED_EDGE('',*,*,#582,.T.);
#425=ORIENTED_EDGE('',*,*,#602,.F.);
#426=ORIENTED_EDGE('',*,*,#603,.F.);
#427=ORIENTED_EDGE('',*,*,#602,.T.);
#428=ORIENTED_EDGE('',*,*,#581,.T.);
#429=ORIENTED_EDGE('',*,*,#604,.F.);
#430=ORIENTED_EDGE('',*,*,#605,.F.);
#431=ORIENTED_EDGE('',*,*,#604,.T.);
#432=ORIENTED_EDGE('',*,*,#586,.T.);
#433=ORIENTED_EDGE('',*,*,#606,.F.);
#434=ORIENTED_EDGE('',*,*,#607,.F.);
#435=ORIENTED_EDGE('',*,*,#606,.T.);
#436=ORIENTED_EDGE('',*,*,#585,.T.);
#437=ORIENTED_EDGE('',*,*,#608,.F.);
#438=ORIENTED_EDGE('',*,*,#609,.F.);
#439=ORIENTED_EDGE('',*,*,#608,.T.);
#440=ORIENTED_EDGE('',*,*,#584,.T.);
#441=ORIENTED_EDGE('',*,*,#567,.F.);
#442=ORIENTED_EDGE('',*,*,#605,.T.);
#443=ORIENTED_EDGE('',*,*,#610,.F.);
#444=ORIENTED_EDGE('',*,*,#590,.T.);
#445=ORIENTED_EDGE('',*,*,#611,.T.);
#446=ORIENTED_EDGE('',*,*,#607,.T.);
#447=ORIENTED_EDGE('',*,*,#612,.F.);
#448=ORIENTED_EDGE('',*,*,#591,.T.);
#449=ORIENTED_EDGE('',*,*,#610,.T.);
#450=ORIENTED_EDGE('',*,*,#609,.T.);
#451=ORIENTED_EDGE('',*,*,#613,.F.);
#452=ORIENTED_EDGE('',*,*,#592,.T.);
#453=ORIENTED_EDGE('',*,*,#612,.T.);
#454=ORIENTED_EDGE('',*,*,#588,.T.);
#455=ORIENTED_EDGE('',*,*,#614,.F.);
#456=ORIENTED_EDGE('',*,*,#601,.T.);
#457=ORIENTED_EDGE('',*,*,#615,.F.);
#458=ORIENTED_EDGE('',*,*,#566,.T.);
#459=ORIENTED_EDGE('',*,*,#616,.F.);
#460=ORIENTED_EDGE('',*,*,#593,.T.);
#461=ORIENTED_EDGE('',*,*,#613,.T.);
#462=ORIENTED_EDGE('',*,*,#562,.T.);
#463=ORIENTED_EDGE('',*,*,#617,.F.);
#464=ORIENTED_EDGE('',*,*,#594,.T.);
#465=ORIENTED_EDGE('',*,*,#616,.T.);
#466=ORIENTED_EDGE('',*,*,#579,.T.);
#467=ORIENTED_EDGE('',*,*,#618,.F.);
#468=ORIENTED_EDGE('',*,*,#595,.T.);
#469=ORIENTED_EDGE('',*,*,#617,.T.);
#470=ORIENTED_EDGE('',*,*,#576,.T.);
#471=ORIENTED_EDGE('',*,*,#619,.F.);
#472=ORIENTED_EDGE('',*,*,#596,.T.);
#473=ORIENTED_EDGE('',*,*,#618,.T.);
#474=ORIENTED_EDGE('',*,*,#597,.T.);
#475=ORIENTED_EDGE('',*,*,#619,.T.);
#476=ORIENTED_EDGE('',*,*,#573,.T.);
#477=ORIENTED_EDGE('',*,*,#620,.F.);
#478=ORIENTED_EDGE('',*,*,#598,.T.);
#479=ORIENTED_EDGE('',*,*,#620,.T.);
#480=ORIENTED_EDGE('',*,*,#569,.T.);
#481=ORIENTED_EDGE('',*,*,#621,.F.);
#482=ORIENTED_EDGE('',*,*,#587,.T.);
#483=ORIENTED_EDGE('',*,*,#621,.T.);
#484=ORIENTED_EDGE('',*,*,#599,.T.);
#485=ORIENTED_EDGE('',*,*,#614,.T.);
#486=ORIENTED_EDGE('',*,*,#589,.T.);
#487=ORIENTED_EDGE('',*,*,#615,.T.);
#488=ORIENTED_EDGE('',*,*,#603,.T.);
#489=ORIENTED_EDGE('',*,*,#611,.F.);
#490=EDGE_CURVE('',#622,#623,#706,.F.);
#491=EDGE_CURVE('',#624,#622,#38,.T.);
#492=EDGE_CURVE('',#624,#625,#39,.T.);
#493=EDGE_CURVE('',#626,#625,#40,.T.);
#494=EDGE_CURVE('',#627,#626,#41,.T.);
#495=EDGE_CURVE('',#623,#627,#42,.T.);
#496=EDGE_CURVE('',#622,#628,#707,.T.);
#497=EDGE_CURVE('',#628,#629,#43,.T.);
#498=EDGE_CURVE('',#629,#624,#22,.T.);
#499=EDGE_CURVE('',#630,#631,#44,.T.);
#500=EDGE_CURVE('',#630,#632,#45,.T.);
#501=EDGE_CURVE('',#632,#633,#46,.T.);
#502=EDGE_CURVE('',#633,#631,#47,.T.);
#503=EDGE_CURVE('',#634,#635,#48,.T.);
#504=EDGE_CURVE('',#636,#634,#23,.T.);
#505=EDGE_CURVE('',#637,#636,#49,.T.);
#506=EDGE_CURVE('',#625,#637,#24,.T.);
#507=EDGE_CURVE('',#638,#629,#50,.T.);
#508=EDGE_CURVE('',#635,#638,#25,.T.);
#509=EDGE_CURVE('',#638,#639,#51,.T.);
#510=EDGE_CURVE('',#639,#628,#52,.T.);
#511=EDGE_CURVE('',#639,#640,#708,.T.);
#512=EDGE_CURVE('',#640,#635,#53,.T.);
#513=EDGE_CURVE('',#632,#641,#54,.T.);
#514=EDGE_CURVE('',#641,#642,#55,.T.);
#515=EDGE_CURVE('',#633,#642,#56,.T.);
#516=EDGE_CURVE('',#630,#643,#57,.T.);
#517=EDGE_CURVE('',#643,#641,#58,.T.);
#518=EDGE_CURVE('',#644,#644,#26,.T.);
#519=EDGE_CURVE('',#645,#643,#59,.T.);
#520=EDGE_CURVE('',#642,#645,#60,.T.);
#521=EDGE_CURVE('',#623,#646,#709,.F.);
#522=EDGE_CURVE('',#647,#646,#710,.F.);
#523=EDGE_CURVE('',#648,#647,#711,.F.);
#524=EDGE_CURVE('',#649,#648,#712,.F.);
#525=EDGE_CURVE('',#649,#628,#713,.T.);
#526=EDGE_CURVE('',#646,#650,#714,.F.);
#527=EDGE_CURVE('',#650,#651,#715,.T.);
#528=EDGE_CURVE('',#648,#651,#716,.F.);
#529=EDGE_CURVE('',#631,#645,#61,.T.);
#530=EDGE_CURVE('',#652,#640,#717,.F.);
#531=EDGE_CURVE('',#652,#653,#62,.T.);
#532=EDGE_CURVE('',#654,#653,#63,.T.);
#533=EDGE_CURVE('',#634,#654,#64,.T.);
#534=EDGE_CURVE('',#655,#652,#718,.F.);
#535=EDGE_CURVE('',#656,#649,#719,.F.);
#536=EDGE_CURVE('',#657,#656,#720,.F.);
#537=EDGE_CURVE('',#655,#657,#721,.F.);
#538=EDGE_CURVE('',#658,#655,#722,.F.);
#539=EDGE_CURVE('',#651,#658,#723,.F.);
#540=EDGE_CURVE('',#650,#658,#27,.T.);
#541=EDGE_CURVE('',#655,#659,#65,.T.);
#542=EDGE_CURVE('',#653,#659,#724,.F.);
#543=EDGE_CURVE('',#658,#660,#66,.T.);
#544=EDGE_CURVE('',#659,#660,#725,.F.);
#545=EDGE_CURVE('',#650,#661,#67,.T.);
#546=EDGE_CURVE('',#660,#661,#28,.T.);
#547=EDGE_CURVE('',#646,#662,#68,.T.);
#548=EDGE_CURVE('',#661,#662,#726,.F.);
#549=EDGE_CURVE('',#662,#627,#727,.F.);
#550=EDGE_CURVE('',#662,#663,#728,.T.);
#551=EDGE_CURVE('',#663,#664,#729,.T.);
#552=EDGE_CURVE('',#664,#665,#730,.T.);
#553=EDGE_CURVE('',#665,#666,#731,.T.);
#554=EDGE_CURVE('',#666,#659,#732,.T.);
#555=EDGE_CURVE('',#660,#661,#733,.F.);
#556=EDGE_CURVE('',#667,#626,#734,.T.);
#557=EDGE_CURVE('',#667,#668,#69,.T.);
#558=EDGE_CURVE('',#654,#668,#735,.T.);
#559=EDGE_CURVE('',#668,#636,#70,.T.);
#560=EDGE_CURVE('',#637,#667,#71,.T.);
#561=EDGE_CURVE('',#669,#669,#29,.T.);
#562=EDGE_CURVE('',#670,#671,#72,.T.);
#563=EDGE_CURVE('',#670,#672,#73,.T.);
#564=EDGE_CURVE('',#672,#673,#74,.T.);
#565=EDGE_CURVE('',#671,#673,#75,.T.);
#566=EDGE_CURVE('',#674,#670,#76,.T.);
#567=EDGE_CURVE('',#674,#675,#77,.T.);
#568=EDGE_CURVE('',#675,#672,#78,.T.);
#569=EDGE_CURVE('',#676,#677,#79,.T.);
#570=EDGE_CURVE('',#676,#678,#80,.T.);
#571=EDGE_CURVE('',#678,#679,#81,.T.);
#572=EDGE_CURVE('',#677,#679,#82,.T.);
#573=EDGE_CURVE('',#680,#676,#83,.T.);
#574=EDGE_CURVE('',#680,#681,#84,.T.);
#575=EDGE_CURVE('',#681,#678,#85,.T.);
#576=EDGE_CURVE('',#682,#680,#86,.T.);
#577=EDGE_CURVE('',#682,#683,#87,.T.);
#578=EDGE_CURVE('',#683,#681,#88,.T.);
#579=EDGE_CURVE('',#671,#682,#89,.T.);
#580=EDGE_CURVE('',#673,#683,#90,.T.);
#581=EDGE_CURVE('',#684,#685,#91,.T.);
#582=EDGE_CURVE('',#686,#684,#92,.T.);
#583=EDGE_CURVE('',#679,#686,#93,.T.);
#584=EDGE_CURVE('',#687,#675,#94,.T.);
#585=EDGE_CURVE('',#688,#687,#95,.T.);
#586=EDGE_CURVE('',#685,#688,#96,.T.);
#587=EDGE_CURVE('',#689,#690,#97,.T.);
#588=EDGE_CURVE('',#691,#689,#98,.T.);
#589=EDGE_CURVE('',#692,#691,#99,.T.);
#590=EDGE_CURVE('',#693,#692,#100,.T.);
#591=EDGE_CURVE('',#694,#693,#101,.T.);
#592=EDGE_CURVE('',#695,#694,#102,.T.);
#593=EDGE_CURVE('',#696,#695,#103,.T.);
#594=EDGE_CURVE('',#697,#696,#104,.T.);
#595=EDGE_CURVE('',#698,#697,#105,.T.);
#596=EDGE_CURVE('',#699,#698,#106,.T.);
#597=EDGE_CURVE('',#700,#699,#107,.T.);
#598=EDGE_CURVE('',#690,#700,#108,.T.);
#599=EDGE_CURVE('',#677,#701,#109,.T.);
#600=EDGE_CURVE('',#701,#686,#110,.T.);
#601=EDGE_CURVE('',#701,#702,#111,.T.);
#602=EDGE_CURVE('',#702,#684,#112,.T.);
#603=EDGE_CURVE('',#702,#703,#113,.T.);
#604=EDGE_CURVE('',#703,#685,#114,.T.);
#605=EDGE_CURVE('',#703,#704,#115,.T.);
#606=EDGE_CURVE('',#704,#688,#116,.T.);
#607=EDGE_CURVE('',#704,#705,#117,.T.);
#608=EDGE_CURVE('',#705,#687,#118,.T.);
#609=EDGE_CURVE('',#705,#674,#119,.T.);
#610=EDGE_CURVE('',#693,#704,#120,.T.);
#611=EDGE_CURVE('',#692,#703,#121,.T.);
#612=EDGE_CURVE('',#694,#705,#122,.T.);
#613=EDGE_CURVE('',#695,#674,#123,.T.);
#614=EDGE_CURVE('',#701,#689,#124,.T.);
#615=EDGE_CURVE('',#691,#702,#125,.T.);
#616=EDGE_CURVE('',#696,#670,#126,.T.);
#617=EDGE_CURVE('',#697,#671,#127,.T.);
#618=EDGE_CURVE('',#698,#682,#128,.T.);
#619=EDGE_CURVE('',#699,#680,#129,.T.);
#620=EDGE_CURVE('',#700,#676,#130,.T.);
#621=EDGE_CURVE('',#690,#677,#131,.T.);
#622=VERTEX_POINT('',#1219);
#623=VERTEX_POINT('',#1220);
#624=VERTEX_POINT('',#1222);
#625=VERTEX_POINT('',#1224);
#626=VERTEX_POINT('',#1226);
#627=VERTEX_POINT('',#1228);
#628=VERTEX_POINT('',#1235);
#629=VERTEX_POINT('',#1237);
#630=VERTEX_POINT('',#1241);
#631=VERTEX_POINT('',#1242);
#632=VERTEX_POINT('',#1244);
#633=VERTEX_POINT('',#1246);
#634=VERTEX_POINT('',#1249);
#635=VERTEX_POINT('',#1250);
#636=VERTEX_POINT('',#1252);
#637=VERTEX_POINT('',#1254);
#638=VERTEX_POINT('',#1257);
#639=VERTEX_POINT('',#1261);
#640=VERTEX_POINT('',#1268);
#641=VERTEX_POINT('',#1272);
#642=VERTEX_POINT('',#1274);
#643=VERTEX_POINT('',#1278);
#644=VERTEX_POINT('',#1282);
#645=VERTEX_POINT('',#1284);
#646=VERTEX_POINT('',#1346);
#647=VERTEX_POINT('',#1360);
#648=VERTEX_POINT('',#1371);
#649=VERTEX_POINT('',#1378);
#650=VERTEX_POINT('',#1531);
#651=VERTEX_POINT('',#1568);
#652=VERTEX_POINT('',#1580);
#653=VERTEX_POINT('',#1582);
#654=VERTEX_POINT('',#1584);
#655=VERTEX_POINT('',#1656);
#656=VERTEX_POINT('',#1689);
#657=VERTEX_POINT('',#1698);
#658=VERTEX_POINT('',#1829);
#659=VERTEX_POINT('',#1881);
#660=VERTEX_POINT('',#1890);
#661=VERTEX_POINT('',#1897);
#662=VERTEX_POINT('',#1901);
#663=VERTEX_POINT('',#2084);
#664=VERTEX_POINT('',#2091);
#665=VERTEX_POINT('',#2108);
#666=VERTEX_POINT('',#2115);
#667=VERTEX_POINT('',#2284);
#668=VERTEX_POINT('',#2286);
#669=VERTEX_POINT('',#2300);
#670=VERTEX_POINT('',#2303);
#671=VERTEX_POINT('',#2304);
#672=VERTEX_POINT('',#2306);
#673=VERTEX_POINT('',#2308);
#674=VERTEX_POINT('',#2312);
#675=VERTEX_POINT('',#2314);
#676=VERTEX_POINT('',#2318);
#677=VERTEX_POINT('',#2319);
#678=VERTEX_POINT('',#2321);
#679=VERTEX_POINT('',#2323);
#680=VERTEX_POINT('',#2327);
#681=VERTEX_POINT('',#2329);
#682=VERTEX_POINT('',#2333);
#683=VERTEX_POINT('',#2335);
#684=VERTEX_POINT('',#2342);
#685=VERTEX_POINT('',#2343);
#686=VERTEX_POINT('',#2345);
#687=VERTEX_POINT('',#2348);
#688=VERTEX_POINT('',#2350);
#689=VERTEX_POINT('',#2354);
#690=VERTEX_POINT('',#2355);
#691=VERTEX_POINT('',#2357);
#692=VERTEX_POINT('',#2359);
#693=VERTEX_POINT('',#2361);
#694=VERTEX_POINT('',#2363);
#695=VERTEX_POINT('',#2365);
#696=VERTEX_POINT('',#2367);
#697=VERTEX_POINT('',#2369);
#698=VERTEX_POINT('',#2371);
#699=VERTEX_POINT('',#2373);
#700=VERTEX_POINT('',#2375);
#701=VERTEX_POINT('',#2379);
#702=VERTEX_POINT('',#2383);
#703=VERTEX_POINT('',#2387);
#704=VERTEX_POINT('',#2391);
#705=VERTEX_POINT('',#2395);
#706=B_SPLINE_CURVE_WITH_KNOTS('',3,(#1215,#1216,#1217,#1218),
 .UNSPECIFIED.,.F.,.F.,(4,4),(0.,1.),.UNSPECIFIED.);
#707=B_SPLINE_CURVE_WITH_KNOTS('',3,(#1231,#1232,#1233,#1234),
 .UNSPECIFIED.,.F.,.F.,(4,4),(0.,1.),.UNSPECIFIED.);
#708=B_SPLINE_CURVE_WITH_KNOTS('',3,(#1264,#1265,#1266,#1267),
 .UNSPECIFIED.,.F.,.F.,(4,4),(0.,1.),.UNSPECIFIED.);
#709=B_SPLINE_CURVE_WITH_KNOTS('',3,(#1338,#1339,#1340,#1341,#1342,#1343,
#1344,#1345),.UNSPECIFIED.,.F.,.F.,(4,1,1,1,1,4),(0.,0.25,0.5,0.625,0.75,
1.),.UNSPECIFIED.);
#710=B_SPLINE_CURVE_WITH_KNOTS('',3,(#1347,#1348,#1349,#1350,#1351,#1352,
#1353,#1354,#1355,#1356,#1357,#1358,#1359),.UNSPECIFIED.,.F.,.F.,(4,1,1,
1,1,1,1,1,1,1,4),(0.,0.25,0.375,0.5,0.5625,0.625,0.6875,0.75,0.8125,0.875,
1.),.UNSPECIFIED.);
#711=B_SPLINE_CURVE_WITH_KNOTS('',3,(#1361,#1362,#1363,#1364,#1365,#1366,
#1367,#1368,#1369,#1370),.UNSPECIFIED.,.F.,.F.,(4,1,1,1,1,1,1,4),(0.,0.125,
0.1875,0.25,0.375,0.5,0.75,1.),.UNSPECIFIED.);
#712=B_SPLINE_CURVE_WITH_KNOTS('',3,(#1372,#1373,#1374,#1375,#1376,#1377),
 .UNSPECIFIED.,.F.,.F.,(4,1,1,4),(0.,0.5,0.75,1.),.UNSPECIFIED.);
#713=B_SPLINE_CURVE_WITH_KNOTS('',3,(#1379,#1380,#1381,#1382),
 .UNSPECIFIED.,.F.,.F.,(4,4),(0.0250017642314024,1.),.UNSPECIFIED.);
#714=B_SPLINE_CURVE_WITH_KNOTS('',3,(#1527,#1528,#1529,#1530),
 .UNSPECIFIED.,.F.,.F.,(4,4),(0.,1.),.UNSPECIFIED.);
#715=B_SPLINE_CURVE_WITH_KNOTS('',3,(#1532,#1533,#1534,#1535,#1536,#1537,
#1538,#1539,#1540,#1541,#1542,#1543,#1544,#1545,#1546,#1547,#1548,#1549,
#1550,#1551,#1552,#1553,#1554,#1555,#1556,#1557,#1558,#1559,#1560,#1561,
#1562,#1563,#1564,#1565,#1566,#1567),.UNSPECIFIED.,.F.,.F.,(4,1,1,1,1,1,
1,1,1,1,1,1,1,1,1,1,1,1,1,1,1,1,1,1,1,1,1,1,2,1,1,1,4),(6.07232020137285,
6.16010240528938,6.2478846092059,6.33566681312242,6.42344901703894,6.51123122095547,
6.59901342487199,6.68679562878851,6.77457783270503,6.8184689346633,6.86236003662156,
6.87333281211112,6.88430558760069,6.89527836309025,6.90625113857982,6.9117375263246,
6.91722391406938,6.92819668955895,6.93368307730373,6.93642627117612,6.93916946504851,
6.9446558527933,6.94739904666569,6.94808484513379,6.94877064360188,6.94945644206998,
6.94979934130403,6.94997079092106,6.95014224053808,6.96601761448719,6.98189298843631,
6.99776836238542,7.02951911028365),.UNSPECIFIED.);
#716=B_SPLINE_CURVE_WITH_KNOTS('',3,(#1569,#1570,#1571,#1572),
 .UNSPECIFIED.,.F.,.F.,(4,4),(0.,1.),.UNSPECIFIED.);
#717=B_SPLINE_CURVE_WITH_KNOTS('',3,(#1576,#1577,#1578,#1579),
 .UNSPECIFIED.,.F.,.F.,(4,4),(0.,1.),.UNSPECIFIED.);
#718=B_SPLINE_CURVE_WITH_KNOTS('',3,(#1650,#1651,#1652,#1653,#1654,#1655),
 .UNSPECIFIED.,.F.,.F.,(4,1,1,4),(0.,0.25,0.5,1.),.UNSPECIFIED.);
#719=B_SPLINE_CURVE_WITH_KNOTS('',3,(#1657,#1658,#1659,#1660,#1661,#1662,
#1663,#1664,#1665,#1666,#1667,#1668,#1669,#1670,#1671,#1672,#1673,#1674,
#1675,#1676,#1677,#1678,#1679,#1680,#1681,#1682,#1683,#1684,#1685,#1686,
#1687,#1688),.UNSPECIFIED.,.F.,.F.,(4,1,1,1,1,1,1,1,1,1,1,1,1,1,1,1,1,1,
1,1,1,1,1,1,1,1,1,1,1,4),(0.,0.03125,0.0625,0.09375,0.109375,0.1171875,
0.125,0.1328125,0.140625,0.15625,0.1875,0.21875,0.25,0.28125,0.3125,0.375,
0.5,0.625,0.6875,0.71875,0.75,0.78125,0.8125,0.84375,0.859375,0.875,0.890625,
0.90625,0.9375,1.),.UNSPECIFIED.);
#720=B_SPLINE_CURVE_WITH_KNOTS('',3,(#1690,#1691,#1692,#1693,#1694,#1695,
#1696,#1697),.UNSPECIFIED.,.F.,.F.,(4,1,1,1,1,4),(0.,0.125,0.25,0.5,0.75,
1.),.UNSPECIFIED.);
#721=B_SPLINE_CURVE_WITH_KNOTS('',3,(#1699,#1700,#1701,#1702,#1703,#1704,
#1705,#1706,#1707,#1708,#1709,#1710,#1711,#1712,#1713,#1714,#1715,#1716),
 .UNSPECIFIED.,.F.,.F.,(4,1,1,1,1,1,1,1,1,1,1,1,1,1,1,4),(0.,0.0625,0.125,
0.1875,0.21875,0.234375,0.25,0.265625,0.28125,0.3125,0.375,0.4375,0.5,0.625,
0.75,1.),.UNSPECIFIED.);
#722=B_SPLINE_CURVE_WITH_KNOTS('',3,(#1825,#1826,#1827,#1828),
 .UNSPECIFIED.,.F.,.F.,(4,4),(0.,1.),.UNSPECIFIED.);
#723=B_SPLINE_CURVE_WITH_KNOTS('',3,(#1830,#1831,#1832,#1833,#1834,#1835,
#1836,#1837,#1838,#1839,#1840,#1841,#1842,#1843,#1844,#1845,#1846,#1847,
#1848,#1849,#1850,#1851,#1852,#1853,#1854,#1855,#1856,#1857,#1858,#1859,
#1860,#1861,#1862,#1863,#1864,#1865),.UNSPECIFIED.,.F.,.F.,(4,1,1,1,1,1,
1,1,1,1,1,1,1,1,1,1,1,1,1,1,1,1,1,1,1,1,1,1,1,1,1,1,1,4),(0.,0.0625,0.125,
0.1875,0.25,0.28125,0.296875,0.3046875,0.3125,0.31640625,0.3203125,0.328125,
0.34375,0.3515625,0.35546875,0.359375,0.3671875,0.375,0.40625,0.4375,0.5,
0.5625,0.625,0.75,0.8125,0.875,0.90625,0.9375,0.96875,0.9765625,0.984375,
0.98828125,0.9921875,1.),.UNSPECIFIED.);
#724=B_SPLINE_CURVE_WITH_KNOTS('',3,(#1882,#1883,#1884,#1885,#1886,#1887),
 .UNSPECIFIED.,.F.,.F.,(4,1,1,4),(0.,0.5,0.75,1.),.UNSPECIFIED.);
#725=B_SPLINE_CURVE_WITH_KNOTS('',3,(#1891,#1892,#1893,#1894),
 .UNSPECIFIED.,.F.,.F.,(4,4),(0.,1.),.UNSPECIFIED.);
#726=B_SPLINE_CURVE_WITH_KNOTS('',3,(#1902,#1903,#1904,#1905),
 .UNSPECIFIED.,.F.,.F.,(4,4),(0.,1.),.UNSPECIFIED.);
#727=B_SPLINE_CURVE_WITH_KNOTS('',3,(#1922,#1923,#1924,#1925,#1926,#1927,
#1928,#1929),.UNSPECIFIED.,.F.,.F.,(4,1,1,1,1,4),(0.,0.25,0.375,0.5,0.75,
1.),.UNSPECIFIED.);
#728=B_SPLINE_CURVE_WITH_KNOTS('',3,(#2074,#2075,#2076,#2077,#2078,#2079,
#2080,#2081,#2082,#2083),.UNSPECIFIED.,.F.,.F.,(4,1,1,1,1,1,1,4),(0.,0.25,
0.5,0.625,0.75,0.875,0.9375,1.),.UNSPECIFIED.);
#729=B_SPLINE_CURVE_WITH_KNOTS('',3,(#2085,#2086,#2087,#2088,#2089,#2090),
 .UNSPECIFIED.,.F.,.F.,(4,1,1,4),(0.,0.5,0.75,1.),.UNSPECIFIED.);
#730=B_SPLINE_CURVE_WITH_KNOTS('',3,(#2092,#2093,#2094,#2095,#2096,#2097,
#2098,#2099,#2100,#2101,#2102,#2103,#2104,#2105,#2106,#2107),
 .UNSPECIFIED.,.F.,.F.,(4,1,1,1,1,1,1,1,1,1,1,1,1,4),(0.,0.0625,0.125,0.25,
0.375,0.5,0.625,0.75,0.8125,0.875,0.9375,0.96875,0.984375,1.),
 .UNSPECIFIED.);
#731=B_SPLINE_CURVE_WITH_KNOTS('',3,(#2109,#2110,#2111,#2112,#2113,#2114),
 .UNSPECIFIED.,.F.,.F.,(4,1,1,4),(0.,0.5,0.75,1.),.UNSPECIFIED.);
#732=B_SPLINE_CURVE_WITH_KNOTS('',3,(#2116,#2117,#2118,#2119),
 .UNSPECIFIED.,.F.,.F.,(4,4),(0.,1.),.UNSPECIFIED.);
#733=B_SPLINE_CURVE_WITH_KNOTS('',3,(#2120,#2121,#2122,#2123,#2124,#2125,
#2126,#2127,#2128,#2129,#2130,#2131,#2132,#2133,#2134,#2135,#2136,#2137,
#2138,#2139,#2140,#2141,#2142,#2143,#2144,#2145,#2146,#2147,#2148,#2149),
 .UNSPECIFIED.,.F.,.F.,(4,1,1,1,1,1,1,1,1,1,1,1,1,1,1,1,1,1,1,1,1,1,1,1,
1,1,1,4),(0.,0.0625,0.09375,0.125,0.15625,0.1875,0.21875,0.25,0.28125,0.3125,
0.34375,0.375,0.40625,0.4375,0.5,0.5625,0.59375,0.625,0.65625,0.6875,0.71875,
0.75,0.78125,0.8125,0.84375,0.875,0.9375,1.),.UNSPECIFIED.);
#734=B_SPLINE_CURVE_WITH_KNOTS('',3,(#2280,#2281,#2282,#2283),
 .UNSPECIFIED.,.F.,.F.,(4,4),(0.,1.),.UNSPECIFIED.);
#735=B_SPLINE_CURVE_WITH_KNOTS('',3,(#2287,#2288,#2289,#2290),
 .UNSPECIFIED.,.F.,.F.,(4,4),(0.,1.),.UNSPECIFIED.);
#736=EDGE_LOOP('',(#226,#227,#228,#229,#230,#231));
#737=EDGE_LOOP('',(#232,#233,#234,#235));
#738=EDGE_LOOP('',(#236,#237,#238,#239));
#739=EDGE_LOOP('',(#240,#241,#242,#243,#244,#245,#246,#247));
#740=EDGE_LOOP('',(#248,#249,#250,#251));
#741=EDGE_LOOP('',(#252,#253,#254,#255));
#742=EDGE_LOOP('',(#256,#257,#258,#259));
#743=EDGE_LOOP('',(#260,#261,#262,#263));
#744=EDGE_LOOP('',(#264));
#745=EDGE_LOOP('',(#265,#266,#267,#268));
#746=EDGE_LOOP('',(#269,#270,#271,#272,#273,#274,#275));
#747=EDGE_LOOP('',(#276,#277,#278,#279,#280));
#748=EDGE_LOOP('',(#281,#282,#283,#284));
#749=EDGE_LOOP('',(#285,#286,#287,#288,#289,#290));
#750=EDGE_LOOP('',(#291,#292,#293,#294,#295,#296,#297,#298));
#751=EDGE_LOOP('',(#299,#300,#301,#302,#303,#304,#305));
#752=EDGE_LOOP('',(#306,#307,#308));
#753=EDGE_LOOP('',(#309,#310,#311,#312));
#754=EDGE_LOOP('',(#313,#314,#315,#316));
#755=EDGE_LOOP('',(#317,#318,#319,#320));
#756=EDGE_LOOP('',(#321,#322,#323,#324));
#757=EDGE_LOOP('',(#325,#326,#327,#328));
#758=EDGE_LOOP('',(#329,#330,#331,#332,#333,#334,#335,#336));
#759=EDGE_LOOP('',(#337,#338,#339,#340,#341,#342,#343,#344,#345,#346,#347,
#348));
#760=EDGE_LOOP('',(#349,#350));
#761=EDGE_LOOP('',(#351,#352,#353,#354));
#762=EDGE_LOOP('',(#355,#356,#357,#358));
#763=EDGE_LOOP('',(#359,#360,#361,#362));
#764=EDGE_LOOP('',(#363,#364,#365,#366));
#765=EDGE_LOOP('',(#367));
#766=EDGE_LOOP('',(#368));
#767=EDGE_LOOP('',(#369,#370,#371,#372));
#768=EDGE_LOOP('',(#373,#374,#375,#376));
#769=EDGE_LOOP('',(#377,#378,#379,#380));
#770=EDGE_LOOP('',(#381,#382,#383,#384));
#771=EDGE_LOOP('',(#385,#386,#387,#388));
#772=EDGE_LOOP('',(#389,#390,#391,#392));
#773=EDGE_LOOP('',(#393,#394,#395,#396,#397,#398,#399,#400,#401,#402,#403,
#404));
#774=EDGE_LOOP('',(#405,#406,#407,#408,#409,#410,#411,#412,#413,#414,#415,
#416));
#775=EDGE_LOOP('',(#417));
#776=EDGE_LOOP('',(#418,#419,#420,#421));
#777=EDGE_LOOP('',(#422,#423,#424,#425));
#778=EDGE_LOOP('',(#426,#427,#428,#429));
#779=EDGE_LOOP('',(#430,#431,#432,#433));
#780=EDGE_LOOP('',(#434,#435,#436,#437));
#781=EDGE_LOOP('',(#438,#439,#440,#441));
#782=EDGE_LOOP('',(#442,#443,#444,#445));
#783=EDGE_LOOP('',(#446,#447,#448,#449));
#784=EDGE_LOOP('',(#450,#451,#452,#453));
#785=EDGE_LOOP('',(#454,#455,#456,#457));
#786=EDGE_LOOP('',(#458,#459,#460,#461));
#787=EDGE_LOOP('',(#462,#463,#464,#465));
#788=EDGE_LOOP('',(#466,#467,#468,#469));
#789=EDGE_LOOP('',(#470,#471,#472,#473));
#790=EDGE_LOOP('',(#474,#475,#476,#477));
#791=EDGE_LOOP('',(#478,#479,#480,#481));
#792=EDGE_LOOP('',(#482,#483,#484,#485));
#793=EDGE_LOOP('',(#486,#487,#488,#489));
#794=FACE_BOUND('',#736,.T.);
#795=FACE_BOUND('',#737,.T.);
#796=FACE_BOUND('',#738,.T.);
#797=FACE_BOUND('',#739,.T.);
#798=FACE_BOUND('',#740,.T.);
#799=FACE_BOUND('',#741,.T.);
#800=FACE_BOUND('',#742,.T.);
#801=FACE_BOUND('',#743,.T.);
#802=FACE_BOUND('',#744,.T.);
#803=FACE_BOUND('',#745,.T.);
#804=FACE_BOUND('',#746,.T.);
#805=FACE_BOUND('',#747,.T.);
#806=FACE_BOUND('',#748,.T.);
#807=FACE_BOUND('',#749,.T.);
#808=FACE_BOUND('',#750,.T.);
#809=FACE_BOUND('',#751,.T.);
#810=FACE_BOUND('',#752,.T.);
#811=FACE_BOUND('',#753,.T.);
#812=FACE_BOUND('',#754,.T.);
#813=FACE_BOUND('',#755,.T.);
#814=FACE_BOUND('',#756,.T.);
#815=FACE_BOUND('',#757,.T.);
#816=FACE_BOUND('',#758,.T.);
#817=FACE_BOUND('',#759,.T.);
#818=FACE_BOUND('',#760,.T.);
#819=FACE_BOUND('',#761,.T.);
#820=FACE_BOUND('',#762,.T.);
#821=FACE_BOUND('',#763,.T.);
#822=FACE_BOUND('',#764,.T.);
#823=FACE_BOUND('',#765,.T.);
#824=FACE_BOUND('',#766,.T.);
#825=FACE_BOUND('',#767,.T.);
#826=FACE_BOUND('',#768,.T.);
#827=FACE_BOUND('',#769,.T.);
#828=FACE_BOUND('',#770,.T.);
#829=FACE_BOUND('',#771,.T.);
#830=FACE_BOUND('',#772,.T.);
#831=FACE_BOUND('',#773,.T.);
#832=FACE_BOUND('',#774,.T.);
#833=FACE_BOUND('',#775,.T.);
#834=FACE_BOUND('',#776,.T.);
#835=FACE_BOUND('',#777,.T.);
#836=FACE_BOUND('',#778,.T.);
#837=FACE_BOUND('',#779,.T.);
#838=FACE_BOUND('',#780,.T.);
#839=FACE_BOUND('',#781,.T.);
#840=FACE_BOUND('',#782,.T.);
#841=FACE_BOUND('',#783,.T.);
#842=FACE_BOUND('',#784,.T.);
#843=FACE_BOUND('',#785,.T.);
#844=FACE_BOUND('',#786,.T.);
#845=FACE_BOUND('',#787,.T.);
#846=FACE_BOUND('',#788,.T.);
#847=FACE_BOUND('',#789,.T.);
#848=FACE_BOUND('',#790,.T.);
#849=FACE_BOUND('',#791,.T.);
#850=FACE_BOUND('',#792,.T.);
#851=FACE_BOUND('',#793,.T.);
#852=PLANE('',#955);
#853=PLANE('',#958);
#854=PLANE('',#962);
#855=PLANE('',#964);
#856=PLANE('',#965);
#857=PLANE('',#966);
#858=PLANE('',#968);
#859=PLANE('',#969);
#860=PLANE('',#977);
#861=PLANE('',#979);
#862=PLANE('',#983);
#863=PLANE('',#984);
#864=PLANE('',#985);
#865=PLANE('',#986);
#866=PLANE('',#987);
#867=PLANE('',#988);
#868=PLANE('',#989);
#869=PLANE('',#990);
#870=PLANE('',#991);
#871=PLANE('',#992);
#872=PLANE('',#993);
#873=PLANE('',#994);
#874=PLANE('',#995);
#875=PLANE('',#996);
#876=PLANE('',#997);
#877=PLANE('',#998);
#878=PLANE('',#999);
#879=PLANE('',#1000);
#880=PLANE('',#1001);
#881=PLANE('',#1002);
#882=PLANE('',#1003);
#883=PLANE('',#1004);
#884=PLANE('',#1005);
#885=PLANE('',#1006);
#886=PLANE('',#1007);
#887=PLANE('',#1008);
#888=ADVANCED_FACE('',(#794),#852,.T.);
#889=ADVANCED_FACE('',(#795),#30,.T.);
#890=ADVANCED_FACE('',(#796,#797),#853,.F.);
#891=ADVANCED_FACE('',(#798),#854,.T.);
#892=ADVANCED_FACE('',(#799),#31,.T.);
#893=ADVANCED_FACE('',(#800),#855,.F.);
#894=ADVANCED_FACE('',(#801),#856,.F.);
#895=ADVANCED_FACE('',(#802,#803),#857,.F.);
#896=ADVANCED_FACE('',(#804),#14,.F.);
#897=ADVANCED_FACE('',(#805),#15,.F.);
#898=ADVANCED_FACE('',(#806),#858,.F.);
#899=ADVANCED_FACE('',(#807),#859,.T.);
#900=ADVANCED_FACE('',(#808),#16,.F.);
#901=ADVANCED_FACE('',(#809),#17,.F.);
#902=ADVANCED_FACE('',(#810),#12,.F.);
#903=ADVANCED_FACE('',(#811),#18,.T.);
#904=ADVANCED_FACE('',(#812),#32,.T.);
#905=ADVANCED_FACE('',(#813),#33,.F.);
#906=ADVANCED_FACE('',(#814),#34,.T.);
#907=ADVANCED_FACE('',(#815),#19,.T.);
#908=ADVANCED_FACE('',(#816),#20,.F.);
#909=ADVANCED_FACE('',(#817),#21,.F.);
#910=ADVANCED_FACE('',(#818),#13,.F.);
#911=ADVANCED_FACE('',(#819),#860,.F.);
#912=ADVANCED_FACE('',(#820),#35,.T.);
#913=ADVANCED_FACE('',(#821),#861,.T.);
#914=ADVANCED_FACE('',(#822),#36,.T.);
#915=ADVANCED_FACE('',(#823,#824),#37,.T.);
#916=ADVANCED_FACE('',(#825),#862,.T.);
#917=ADVANCED_FACE('',(#826),#863,.T.);
#918=ADVANCED_FACE('',(#827),#864,.T.);
#919=ADVANCED_FACE('',(#828),#865,.T.);
#920=ADVANCED_FACE('',(#829),#866,.T.);
#921=ADVANCED_FACE('',(#830),#867,.T.);
#922=ADVANCED_FACE('',(#831),#868,.T.);
#923=ADVANCED_FACE('',(#832,#833),#869,.F.);
#924=ADVANCED_FACE('',(#834),#870,.T.);
#925=ADVANCED_FACE('',(#835),#871,.T.);
#926=ADVANCED_FACE('',(#836),#872,.T.);
#927=ADVANCED_FACE('',(#837),#873,.T.);
#928=ADVANCED_FACE('',(#838),#874,.T.);
#929=ADVANCED_FACE('',(#839),#875,.T.);
#930=ADVANCED_FACE('',(#840),#876,.T.);
#931=ADVANCED_FACE('',(#841),#877,.T.);
#932=ADVANCED_FACE('',(#842),#878,.T.);
#933=ADVANCED_FACE('',(#843),#879,.T.);
#934=ADVANCED_FACE('',(#844),#880,.T.);
#935=ADVANCED_FACE('',(#845),#881,.T.);
#936=ADVANCED_FACE('',(#846),#882,.T.);
#937=ADVANCED_FACE('',(#847),#883,.T.);
#938=ADVANCED_FACE('',(#848),#884,.T.);
#939=ADVANCED_FACE('',(#849),#885,.T.);
#940=ADVANCED_FACE('',(#850),#886,.T.);
#941=ADVANCED_FACE('',(#851),#887,.T.);
#942=CLOSED_SHELL('',(#888,#889,#890,#891,#892,#893,#894,#895,#896,#897,
#898,#899,#900,#901,#902,#903,#904,#905,#906,#907,#908,#909,#910,#911,#912,
#913,#914,#915,#916,#917,#918,#919,#920,#921,#922,#923,#924,#925,#926,#927,
#928,#929,#930,#931,#932,#933,#934,#935,#936,#937,#938,#939,#940,#941));
#943=STYLED_ITEM('',(#944),#951);
#944=PRESENTATION_STYLE_ASSIGNMENT((#945));
#945=SURFACE_STYLE_USAGE(.BOTH.,#946);
#946=SURFACE_SIDE_STYLE('',(#947));
#947=SURFACE_STYLE_FILL_AREA(#948);
#948=FILL_AREA_STYLE('',(#949));
#949=FILL_AREA_STYLE_COLOUR('',#950);
#950=COLOUR_RGB('',0.627450980392157,0.627450980392157,0.627450980392157);
#951=MANIFOLD_SOLID_BREP('DSA V4 1x1.75 v4',#942);
#952=SHAPE_DEFINITION_REPRESENTATION(#2429,#953);
#953=SHAPE_REPRESENTATION('DSA V4 1x1.75 v4',(#954),#2424);
#954=AXIS2_PLACEMENT_3D('',#1213,#1009,#1010);
#955=AXIS2_PLACEMENT_3D('',#1214,#1011,#1012);
#956=AXIS2_PLACEMENT_3D('',#1230,#1018,#1019);
#957=AXIS2_PLACEMENT_3D('',#1238,#1021,#1022);
#958=AXIS2_PLACEMENT_3D('',#1239,#1023,#1024);
#959=AXIS2_PLACEMENT_3D('',#1251,#1030,#1031);
#960=AXIS2_PLACEMENT_3D('',#1255,#1033,#1034);
#961=AXIS2_PLACEMENT_3D('',#1258,#1036,#1037);
#962=AXIS2_PLACEMENT_3D('',#1259,#1038,#1039);
#963=AXIS2_PLACEMENT_3D('',#1263,#1042,#1043);
#964=AXIS2_PLACEMENT_3D('',#1270,#1045,#1046);
#965=AXIS2_PLACEMENT_3D('',#1276,#1050,#1051);
#966=AXIS2_PLACEMENT_3D('',#1280,#1054,#1055);
#967=AXIS2_PLACEMENT_3D('',#1281,#1056,#1057);
#968=AXIS2_PLACEMENT_3D('',#1573,#1060,#1061);
#969=AXIS2_PLACEMENT_3D('',#1575,#1063,#1064);
#970=AXIS2_PLACEMENT_3D('',#1866,#1068,#1069);
#971=AXIS2_PLACEMENT_3D('',#1867,#1070,#1071);
#972=AXIS2_PLACEMENT_3D('',#1888,#1073,#1074);
#973=AXIS2_PLACEMENT_3D('',#1895,#1076,#1077);
#974=AXIS2_PLACEMENT_3D('',#1898,#1079,#1080);
#975=AXIS2_PLACEMENT_3D('',#1899,#1081,#1082);
#976=AXIS2_PLACEMENT_3D('',#2291,#1085,#1086);
#977=AXIS2_PLACEMENT_3D('',#2292,#1087,#1088);
#978=AXIS2_PLACEMENT_3D('',#2293,#1089,#1090);
#979=AXIS2_PLACEMENT_3D('',#2295,#1092,#1093);
#980=AXIS2_PLACEMENT_3D('',#2297,#1095,#1096);
#981=AXIS2_PLACEMENT_3D('',#2298,#1097,#1098);
#982=AXIS2_PLACEMENT_3D('',#2299,#1099,#1100);
#983=AXIS2_PLACEMENT_3D('',#2301,#1101,#1102);
#984=AXIS2_PLACEMENT_3D('',#2310,#1107,#1108);
#985=AXIS2_PLACEMENT_3D('',#2316,#1112,#1113);
#986=AXIS2_PLACEMENT_3D('',#2325,#1118,#1119);
#987=AXIS2_PLACEMENT_3D('',#2331,#1123,#1124);
#988=AXIS2_PLACEMENT_3D('',#2337,#1128,#1129);
#989=AXIS2_PLACEMENT_3D('',#2340,#1132,#1133);
#990=AXIS2_PLACEMENT_3D('',#2352,#1140,#1141);
#991=AXIS2_PLACEMENT_3D('',#2377,#1154,#1155);
#992=AXIS2_PLACEMENT_3D('',#2381,#1158,#1159);
#993=AXIS2_PLACEMENT_3D('',#2385,#1162,#1163);
#994=AXIS2_PLACEMENT_3D('',#2389,#1166,#1167);
#995=AXIS2_PLACEMENT_3D('',#2393,#1170,#1171);
#996=AXIS2_PLACEMENT_3D('',#2397,#1174,#1175);
#997=AXIS2_PLACEMENT_3D('',#2399,#1177,#1178);
#998=AXIS2_PLACEMENT_3D('',#2402,#1181,#1182);
#999=AXIS2_PLACEMENT_3D('',#2404,#1184,#1185);
#1000=AXIS2_PLACEMENT_3D('',#2406,#1187,#1188);
#1001=AXIS2_PLACEMENT_3D('',#2409,#1191,#1192);
#1002=AXIS2_PLACEMENT_3D('',#2411,#1194,#1195);
#1003=AXIS2_PLACEMENT_3D('',#2413,#1197,#1198);
#1004=AXIS2_PLACEMENT_3D('',#2415,#1200,#1201);
#1005=AXIS2_PLACEMENT_3D('',#2417,#1203,#1204);
#1006=AXIS2_PLACEMENT_3D('',#2419,#1206,#1207);
#1007=AXIS2_PLACEMENT_3D('',#2421,#1209,#1210);
#1008=AXIS2_PLACEMENT_3D('',#2422,#1211,#1212);
#1009=DIRECTION('',(0.,0.,1.));
#1010=DIRECTION('',(1.,0.,0.));
#1011=DIRECTION('',(0.,0.,-1.));
#1012=DIRECTION('',(-1.,0.,0.));
#1013=DIRECTION('',(0.,1.,0.));
#1014=DIRECTION('',(-1.,0.,0.));
#1015=DIRECTION('',(0.,-1.,0.));
#1016=DIRECTION('',(-1.,0.,0.));
#1017=DIRECTION('',(-1.,0.,0.));
#1018=DIRECTION('',(0.,1.,0.));
#1019=DIRECTION('',(0.707106781186548,0.,-0.707106781186548));
#1020=DIRECTION('',(0.,-1.,0.));
#1021=DIRECTION('',(0.,1.,0.));
#1022=DIRECTION('',(0.707106781186548,0.,-0.707106781186548));
#1023=DIRECTION('',(0.,1.,0.));
#1024=DIRECTION('',(1.,0.,0.));
#1025=DIRECTION('',(-1.,0.,0.));
#1026=DIRECTION('',(0.,0.,-1.));
#1027=DIRECTION('',(-1.,0.,0.));
#1028=DIRECTION('',(0.,0.,1.));
#1029=DIRECTION('',(1.,0.,0.));
#1030=DIRECTION('',(0.,1.,0.));
#1031=DIRECTION('',(-0.707106781186548,0.,0.707106781186548));
#1032=DIRECTION('',(0.,0.,1.));
#1033=DIRECTION('',(0.,1.,0.));
#1034=DIRECTION('',(-0.707106781186548,0.,-0.707106781186548));
#1035=DIRECTION('',(0.,0.,-1.));
#1036=DIRECTION('',(0.,1.,0.));
#1037=DIRECTION('',(0.707106781186548,0.,0.707106781186548));
#1038=DIRECTION('',(1.,0.,0.));
#1039=DIRECTION('',(0.,0.,-1.));
#1040=DIRECTION('',(0.,1.,0.));
#1041=DIRECTION('',(0.,0.,-1.));
#1042=DIRECTION('',(0.,1.,0.));
#1043=DIRECTION('',(0.707106781186548,0.,0.707106781186548));
#1044=DIRECTION('',(0.,-1.,0.));
#1045=DIRECTION('',(0.,0.345705358827356,-0.93834311681711));
#1046=DIRECTION('',(-1.,0.,0.));
#1047=DIRECTION('',(-0.326732019606536,0.88684405321774,0.326732019606536));
#1048=DIRECTION('',(-1.,0.,0.));
#1049=DIRECTION('',(0.326732019606536,0.88684405321774,0.326732019606536));
#1050=DIRECTION('',(0.93834311681711,0.345705358827356,0.));
#1051=DIRECTION('',(0.,0.,-1.));
#1052=DIRECTION('',(-0.326732019606536,0.88684405321774,-0.326732019606536));
#1053=DIRECTION('',(0.,0.,-1.));
#1054=DIRECTION('',(0.,1.,3.40180154444447E-33));
#1055=DIRECTION('',(0.,-3.40180154444447E-33,1.));
#1056=DIRECTION('',(0.,1.,3.40180154444447E-33));
#1057=DIRECTION('',(1.,0.,0.));
#1058=DIRECTION('',(1.,0.,0.));
#1059=DIRECTION('',(0.,0.,1.));
#1060=DIRECTION('',(0.,0.345705358827356,0.93834311681711));
#1061=DIRECTION('',(1.,0.,0.));
#1062=DIRECTION('',(0.326732019606536,0.886844053217739,-0.326732019606536));
#1063=DIRECTION('',(0.,0.,1.));
#1064=DIRECTION('',(1.,0.,0.));
#1065=DIRECTION('',(-1.,0.,0.));
#1066=DIRECTION('',(1.,0.,0.));
#1067=DIRECTION('',(0.,1.,0.));
#1068=DIRECTION('',(5.73018335290403E-17,0.,1.));
#1069=DIRECTION('',(1.,0.,0.));
#1070=DIRECTION('',(-1.,0.,0.));
#1071=DIRECTION('',(0.,0.,1.));
#1072=DIRECTION('',(-1.,0.,0.));
#1073=DIRECTION('',(1.,0.,0.));
#1074=DIRECTION('',(0.,0.939041550850655,0.343803673302069));
#1075=DIRECTION('',(-1.,0.,0.));
#1076=DIRECTION('',(-1.,0.,0.));
#1077=DIRECTION('',(0.,0.,1.));
#1078=DIRECTION('',(-1.,0.,0.));
#1079=DIRECTION('',(1.,0.,0.));
#1080=DIRECTION('',(0.,0.,1.));
#1081=DIRECTION('',(1.,0.,0.));
#1082=DIRECTION('',(0.,0.939163122359587,-0.343471439278133));
#1083=DIRECTION('',(-1.,0.,0.));
#1084=DIRECTION('',(0.,0.,1.));
#1085=DIRECTION('',(9.16829336464645E-17,0.,1.));
#1086=DIRECTION('',(1.,0.,0.));
#1087=DIRECTION('',(-0.93834311681711,0.345705358827356,0.));
#1088=DIRECTION('',(0.,0.,1.));
#1089=DIRECTION('',(0.,1.,0.));
#1090=DIRECTION('',(-0.707106781186548,0.,0.707106781186548));
#1091=DIRECTION('',(0.,-1.,0.));
#1092=DIRECTION('',(-1.,0.,0.));
#1093=DIRECTION('',(0.,0.,1.));
#1094=DIRECTION('',(0.,1.,0.));
#1095=DIRECTION('',(0.,1.,0.));
#1096=DIRECTION('',(-0.707106781186548,0.,-0.707106781186548));
#1097=DIRECTION('',(0.,1.,0.));
#1098=DIRECTION('',(1.,0.,0.));
#1099=DIRECTION('',(0.,1.,0.));
#1100=DIRECTION('',(0.,0.,1.));
#1101=DIRECTION('',(1.,0.,0.));
#1102=DIRECTION('',(0.,0.,-1.));
#1103=DIRECTION('',(0.,0.,1.));
#1104=DIRECTION('',(0.,1.,0.));
#1105=DIRECTION('',(0.,0.,1.));
#1106=DIRECTION('',(0.,1.,0.));
#1107=DIRECTION('',(0.,0.,1.));
#1108=DIRECTION('',(1.,0.,0.));
#1109=DIRECTION('',(-1.,0.,0.));
#1110=DIRECTION('',(0.,1.,0.));
#1111=DIRECTION('',(-1.,0.,0.));
#1112=DIRECTION('',(-1.,0.,0.));
#1113=DIRECTION('',(0.,0.,1.));
#1114=DIRECTION('',(0.,0.,-1.));
#1115=DIRECTION('',(0.,1.,0.));
#1116=DIRECTION('',(0.,0.,-1.));
#1117=DIRECTION('',(0.,1.,0.));
#1118=DIRECTION('',(0.,0.,-1.));
#1119=DIRECTION('',(-1.,0.,0.));
#1120=DIRECTION('',(1.,0.,0.));
#1121=DIRECTION('',(0.,1.,0.));
#1122=DIRECTION('',(1.,0.,0.));
#1123=DIRECTION('',(1.,0.,0.));
#1124=DIRECTION('',(0.,0.,-1.));
#1125=DIRECTION('',(0.,0.,1.));
#1126=DIRECTION('',(0.,1.,0.));
#1127=DIRECTION('',(0.,0.,1.));
#1128=DIRECTION('',(0.,0.,-1.));
#1129=DIRECTION('',(-1.,0.,0.));
#1130=DIRECTION('',(1.,0.,0.));
#1131=DIRECTION('',(1.,0.,0.));
#1132=DIRECTION('',(0.,-1.,0.));
#1133=DIRECTION('',(0.,0.,-1.));
#1134=DIRECTION('',(-1.,0.,0.));
#1135=DIRECTION('',(0.,0.,-1.));
#1136=DIRECTION('',(1.,0.,0.));
#1137=DIRECTION('',(0.,0.,1.));
#1138=DIRECTION('',(-1.,0.,0.));
#1139=DIRECTION('',(0.,0.,-1.));
#1140=DIRECTION('',(0.,1.,0.));
#1141=DIRECTION('',(1.,0.,0.));
#1142=DIRECTION('',(-1.,0.,0.));
#1143=DIRECTION('',(0.,0.,1.));
#1144=DIRECTION('',(1.,0.,0.));
#1145=DIRECTION('',(0.,0.,1.));
#1146=DIRECTION('',(1.,0.,0.));
#1147=DIRECTION('',(0.,0.,-1.));
#1148=DIRECTION('',(1.,0.,0.));
#1149=DIRECTION('',(0.,0.,-1.));
#1150=DIRECTION('',(-1.,0.,0.));
#1151=DIRECTION('',(0.,0.,-1.));
#1152=DIRECTION('',(-1.,0.,0.));
#1153=DIRECTION('',(0.,0.,1.));
#1154=DIRECTION('',(0.,0.,-1.));
#1155=DIRECTION('',(-1.,0.,0.));
#1156=DIRECTION('',(1.,0.,0.));
#1157=DIRECTION('',(0.,1.,0.));
#1158=DIRECTION('',(-1.,0.,0.));
#1159=DIRECTION('',(0.,0.,1.));
#1160=DIRECTION('',(0.,0.,-1.));
#1161=DIRECTION('',(0.,1.,0.));
#1162=DIRECTION('',(0.,0.,1.));
#1163=DIRECTION('',(1.,0.,0.));
#1164=DIRECTION('',(-1.,0.,0.));
#1165=DIRECTION('',(0.,1.,0.));
#1166=DIRECTION('',(-1.,0.,0.));
#1167=DIRECTION('',(0.,0.,1.));
#1168=DIRECTION('',(0.,0.,-1.));
#1169=DIRECTION('',(0.,1.,0.));
#1170=DIRECTION('',(0.,0.,1.));
#1171=DIRECTION('',(1.,0.,0.));
#1172=DIRECTION('',(-1.,0.,0.));
#1173=DIRECTION('',(0.,1.,0.));
#1174=DIRECTION('',(1.,0.,0.));
#1175=DIRECTION('',(0.,0.,-1.));
#1176=DIRECTION('',(0.,0.,1.));
#1177=DIRECTION('',(-0.707106781186548,-0.707106781186548,0.));
#1178=DIRECTION('',(0.,0.,1.));
#1179=DIRECTION('',(-0.577350269189626,0.577350269189626,0.577350269189626));
#1180=DIRECTION('',(-0.577350269189626,0.577350269189626,0.577350269189626));
#1181=DIRECTION('',(0.,-0.707106781186548,0.707106781186548));
#1182=DIRECTION('',(1.,0.,0.));
#1183=DIRECTION('',(0.577350269189626,0.577350269189626,0.577350269189626));
#1184=DIRECTION('',(0.707106781186548,-0.707106781186548,0.));
#1185=DIRECTION('',(0.,0.,-1.));
#1186=DIRECTION('',(0.577350269189626,0.577350269189626,0.577350269189626));
#1187=DIRECTION('',(-0.707106781186548,-0.707106781186548,0.));
#1188=DIRECTION('',(0.,0.,1.));
#1189=DIRECTION('',(0.577350269189626,-0.577350269189626,0.577350269189626));
#1190=DIRECTION('',(-0.577350269189626,0.577350269189626,0.577350269189626));
#1191=DIRECTION('',(0.,-0.707106781186548,0.707106781186548));
#1192=DIRECTION('',(1.,0.,0.));
#1193=DIRECTION('',(0.577350269189626,0.577350269189626,0.577350269189626));
#1194=DIRECTION('',(0.707106781186548,-0.707106781186548,0.));
#1195=DIRECTION('',(0.,0.,-1.));
#1196=DIRECTION('',(0.577350269189626,0.577350269189626,-0.577350269189626));
#1197=DIRECTION('',(0.,-0.707106781186548,-0.707106781186548));
#1198=DIRECTION('',(-1.,0.,0.));
#1199=DIRECTION('',(0.577350269189626,0.577350269189626,-0.577350269189626));
#1200=DIRECTION('',(0.707106781186548,-0.707106781186548,0.));
#1201=DIRECTION('',(0.,0.,-1.));
#1202=DIRECTION('',(0.577350269189626,0.577350269189626,-0.577350269189626));
#1203=DIRECTION('',(0.,-0.707106781186548,-0.707106781186548));
#1204=DIRECTION('',(-1.,0.,0.));
#1205=DIRECTION('',(-0.577350269189626,0.577350269189626,-0.577350269189626));
#1206=DIRECTION('',(-0.707106781186548,-0.707106781186548,0.));
#1207=DIRECTION('',(0.,0.,1.));
#1208=DIRECTION('',(-0.577350269189626,0.577350269189626,-0.577350269189626));
#1209=DIRECTION('',(0.,-0.707106781186548,-0.707106781186548));
#1210=DIRECTION('',(-1.,0.,0.));
#1211=DIRECTION('',(0.,-0.707106781186548,0.707106781186548));
#1212=DIRECTION('',(1.,0.,0.));
#1213=CARTESIAN_POINT('',(0.,0.,0.));
#1214=CARTESIAN_POINT('',(0.006725,0.,-0.0091));
#1215=CARTESIAN_POINT('',(-0.002375,0.001,-0.0091));
#1216=CARTESIAN_POINT('',(0.000591666666666666,0.001,-0.0091));
#1217=CARTESIAN_POINT('',(0.00355833333333333,0.001,-0.0091));
#1218=CARTESIAN_POINT('',(0.006525,0.001,-0.0091));
#1219=CARTESIAN_POINT('',(0.006525,0.001,-0.0091));
#1220=CARTESIAN_POINT('',(-0.002375,0.001,-0.0091));
#1221=CARTESIAN_POINT('',(0.006525,0.,-0.0091));
#1222=CARTESIAN_POINT('',(0.006525,0.,-0.0091));
#1223=CARTESIAN_POINT('',(0.006725,0.,-0.0091));
#1224=CARTESIAN_POINT('',(-0.025525,0.,-0.0091));
#1225=CARTESIAN_POINT('',(-0.025525,0.,-0.0091));
#1226=CARTESIAN_POINT('',(-0.025525,0.001,-0.0091));
#1227=CARTESIAN_POINT('',(-0.007525,0.001,-0.0091));
#1228=CARTESIAN_POINT('',(-0.016625,0.001,-0.0091));
#1229=CARTESIAN_POINT('',(-0.002375,0.001,-0.0091));
#1230=CARTESIAN_POINT('',(0.006525,0.,-0.0089));
#1231=CARTESIAN_POINT('',(0.006525,0.001,-0.0091));
#1232=CARTESIAN_POINT('',(0.00662971975511966,0.001,-0.0091));
#1233=CARTESIAN_POINT('',(0.006725,0.001,-0.00900471975511966));
#1234=CARTESIAN_POINT('',(0.006725,0.001,-0.0089));
#1235=CARTESIAN_POINT('',(0.006725,0.001,-0.0089));
#1236=CARTESIAN_POINT('',(0.006725,0.,-0.0089));
#1237=CARTESIAN_POINT('',(0.006725,0.,-0.0089));
#1238=CARTESIAN_POINT('',(0.006525,0.,-0.0089));
#1239=CARTESIAN_POINT('',(-0.002375,0.,0.));
#1240=CARTESIAN_POINT('',(-0.002375,0.,0.0073));
#1241=CARTESIAN_POINT('',(0.004925,0.,0.0073));
#1242=CARTESIAN_POINT('',(-0.023925,0.,0.0073));
#1243=CARTESIAN_POINT('',(0.004925,0.,0.00365));
#1244=CARTESIAN_POINT('',(0.004925,0.,-0.0073));
#1245=CARTESIAN_POINT('',(0.001275,0.,-0.0073));
#1246=CARTESIAN_POINT('',(-0.023925,0.,-0.0073));
#1247=CARTESIAN_POINT('',(-0.023925,0.,-0.00365));
#1248=CARTESIAN_POINT('',(-0.011475,0.,0.0091));
#1249=CARTESIAN_POINT('',(-0.025525,0.,0.0091));
#1250=CARTESIAN_POINT('',(0.006525,0.,0.0091));
#1251=CARTESIAN_POINT('',(-0.025525,0.,0.0089));
#1252=CARTESIAN_POINT('',(-0.025725,0.,0.0089));
#1253=CARTESIAN_POINT('',(-0.025725,0.,-0.0091));
#1254=CARTESIAN_POINT('',(-0.025725,0.,-0.0089));
#1255=CARTESIAN_POINT('',(-0.025525,0.,-0.0089));
#1256=CARTESIAN_POINT('',(0.006725,0.,0.0091));
#1257=CARTESIAN_POINT('',(0.006725,0.,0.0089));
#1258=CARTESIAN_POINT('',(0.006525,0.,0.0089));
#1259=CARTESIAN_POINT('',(0.006725,0.,0.0091));
#1260=CARTESIAN_POINT('',(0.006725,0.,0.0089));
#1261=CARTESIAN_POINT('',(0.006725,0.001,0.0089));
#1262=CARTESIAN_POINT('',(0.006725,0.001,0.0091));
#1263=CARTESIAN_POINT('',(0.006525,0.,0.0089));
#1264=CARTESIAN_POINT('',(0.006725,0.001,0.0089));
#1265=CARTESIAN_POINT('',(0.006725,0.001,0.00900471975511966));
#1266=CARTESIAN_POINT('',(0.00662971975511966,0.001,0.0091));
#1267=CARTESIAN_POINT('',(0.006525,0.001,0.0091));
#1268=CARTESIAN_POINT('',(0.006525,0.001,0.0091));
#1269=CARTESIAN_POINT('',(0.006525,0.,0.0091));
#1270=CARTESIAN_POINT('',(0.004925,0.,-0.0073));
#1271=CARTESIAN_POINT('',(0.004925,0.,-0.0073));
#1272=CARTESIAN_POINT('',(0.002825,0.0057,-0.0052));
#1273=CARTESIAN_POINT('',(0.002825,0.0057,-0.0052));
#1274=CARTESIAN_POINT('',(-0.021825,0.0057,-0.0052));
#1275=CARTESIAN_POINT('',(-0.023925,0.,-0.0073));
#1276=CARTESIAN_POINT('',(0.004925,0.,0.0073));
#1277=CARTESIAN_POINT('',(0.004925,0.,0.0073));
#1278=CARTESIAN_POINT('',(0.002825,0.0057,0.0052));
#1279=CARTESIAN_POINT('',(0.002825,0.0057,0.0052));
#1280=CARTESIAN_POINT('',(-0.002375,0.0057,7.56970244062607E-20));
#1281=CARTESIAN_POINT('',(-0.0095,0.0057,0.));
#1282=CARTESIAN_POINT('',(-0.0067,0.0057,0.));
#1283=CARTESIAN_POINT('',(-0.007575,0.0057,0.0052));
#1284=CARTESIAN_POINT('',(-0.021825,0.0057,0.0052));
#1285=CARTESIAN_POINT('',(-0.021825,0.0057,-0.0052));
#1286=CARTESIAN_POINT('',(0.0030550681602087,0.00784708499703257,-0.00485472625936489));
#1287=CARTESIAN_POINT('',(0.00550168938673335,0.00553035436515016,-0.00755157541978665));
#1288=CARTESIAN_POINT('',(0.006725,0.00247260004656471,-0.00889999999999929));
#1289=CARTESIAN_POINT('',(0.006725,0.001,-0.00889999999999955));
#1290=CARTESIAN_POINT('',(0.00303804606537155,0.00784708499703257,-0.00490254814813953));
#1291=CARTESIAN_POINT('',(0.0054912059618136,0.00553035436515016,-0.0076069390031251));
#1292=CARTESIAN_POINT('',(0.00672535799201065,0.00247260004656471,-0.0089517214221433));
#1293=CARTESIAN_POINT('',(0.006725,0.001,-0.0089314159265355));
#1294=CARTESIAN_POINT('',(0.00297646578311556,0.00784708499703256,-0.00505475114928701));
#1295=CARTESIAN_POINT('',(0.0054820839739905,0.00553035436515015,-0.00772270467723327));
#1296=CARTESIAN_POINT('',(0.00669232023915055,0.00247260004656474,-0.00901849951065653));
#1297=CARTESIAN_POINT('',(0.00670990992452987,0.001,-0.00899425117142093));
#1298=CARTESIAN_POINT('',(0.00280091270831763,0.00784708499703256,-0.00525347364943235));
#1299=CARTESIAN_POINT('',(0.00541041812449502,0.00553035436515015,-0.00781976455264582));
#1300=CARTESIAN_POINT('',(0.00666154833182624,0.00247260004656478,-0.00904683452611595));
#1301=CARTESIAN_POINT('',(0.00665745961846083,0.001,-0.00905561565766194));
#1302=CARTESIAN_POINT('',(0.00261383873291878,0.00784708499703255,-0.00537790550119286));
#1303=CARTESIAN_POINT('',(0.00529849883811073,0.00553035436515015,-0.00786060213935433));
#1304=CARTESIAN_POINT('',(0.00661822140741213,0.00247260004656482,-0.00908246841153253));
#1305=CARTESIAN_POINT('',(0.00659301632443497,0.001,-0.00909165203541756));
#1306=CARTESIAN_POINT('',(0.00251978751417725,0.00784708499703255,-0.00541653136216823));
#1307=CARTESIAN_POINT('',(0.0052228366961373,0.00553035436515015,-0.00786856833451315));
#1308=CARTESIAN_POINT('',(0.00656664506433789,0.00247260004656482,-0.00909986926549943));
#1309=CARTESIAN_POINT('',(0.00655117545274053,0.001,-0.00910004536786956));
#1310=CARTESIAN_POINT('',(0.00240441073728959,0.00784708499703255,-0.00545736229828131));
#1311=CARTESIAN_POINT('',(0.00508952944153047,0.00553035436515015,-0.00789371412093673));
#1312=CARTESIAN_POINT('',(0.00644637895474733,0.00247260004656483,-0.00910012877612781));
#1313=CARTESIAN_POINT('',(0.00647543316422843,0.001,-0.00910002340755394));
#1314=CARTESIAN_POINT('',(0.00225275611199705,0.00784708499703255,-0.00550982089297867));
#1315=CARTESIAN_POINT('',(0.00490943322513827,0.00553035436515015,-0.00792611653028196));
#1316=CARTESIAN_POINT('',(0.0062789396760302,0.00247260004656483,-0.00909999341967153));
#1317=CARTESIAN_POINT('',(0.00636151312389097,0.001,-0.00910002960667983));
#1318=CARTESIAN_POINT('',(0.00194626075589386,0.00784708499703256,-0.00560942580860757));
#1319=CARTESIAN_POINT('',(0.00452711836160152,0.00553035436515015,-0.0079876844198395));
#1320=CARTESIAN_POINT('',(0.00590404051153652,0.00247260004656483,-0.00910003735004111));
#1321=CARTESIAN_POINT('',(0.00607735889247663,0.001,-0.00910002473391792));
#1322=CARTESIAN_POINT('',(0.00109126609943683,0.00784708499703256,-0.00586193076220497));
#1323=CARTESIAN_POINT('',(0.00338962638308471,0.00553035436515016,-0.00814402257336972));
#1324=CARTESIAN_POINT('',(0.00471770637142966,0.00247260004656483,-0.00910001020760292));
#1325=CARTESIAN_POINT('',(0.00507591223551225,0.001,-0.00910002060310751));
#1326=CARTESIAN_POINT('',(-0.000367028557898046,0.00784708499703256,-0.00615656694890142));
#1327=CARTESIAN_POINT('',(0.00111031324884295,0.00553035436515015,-0.00832746150238553));
#1328=CARTESIAN_POINT('',(0.0020225644019379,0.00247260004656484,-0.00910002495435036));
#1329=CARTESIAN_POINT('',(0.00237035135725975,0.001,-0.00910001342624741));
#1330=CARTESIAN_POINT('',(-0.0017056976445859,0.00784708499703257,-0.00624424383581746));
#1331=CARTESIAN_POINT('',(-0.00121325025690686,0.00553035436515016,-0.00838216294488885));
#1332=CARTESIAN_POINT('',(-0.000909135947438779,0.00247260004656484,-0.00909999313660114));
#1333=CARTESIAN_POINT('',(-0.000793214027688312,0.001,-0.0091));
#1334=CARTESIAN_POINT('',(-0.0023750000000011,0.00784708499703257,-0.00624424383581741));
#1335=CARTESIAN_POINT('',(-0.00237500000000011,0.00553035436515016,-0.0083821643215852));
#1336=CARTESIAN_POINT('',(-0.00237500000000009,0.00247260004656484,-0.0091));
#1337=CARTESIAN_POINT('',(-0.002375,0.001,-0.0091));
#1338=CARTESIAN_POINT('',(-0.002375000000001,0.00759910779692225,-0.00646534393149939));
#1339=CARTESIAN_POINT('',(-0.00237500000000092,0.00711882035390249,-0.00687913566631112));
#1340=CARTESIAN_POINT('',(-0.00237499999999877,0.00607841817561328,-0.00761313731408644));
#1341=CARTESIAN_POINT('',(-0.00237499999999818,0.00464481834749897,-0.0082962740096373));
#1342=CARTESIAN_POINT('',(-0.0023749999999979,0.00344251162330406,-0.0087057666309686));
#1343=CARTESIAN_POINT('',(-0.00237499999999721,0.00219984598063929,-0.00901715193247826));
#1344=CARTESIAN_POINT('',(-0.00237500000000008,0.00140760819782821,-0.00909999999999983));
#1345=CARTESIAN_POINT('',(-0.002375,0.00100000000000187,-0.0091));
#1346=CARTESIAN_POINT('',(-0.002375,0.00759910779692225,-0.00646534393149939));
#1347=CARTESIAN_POINT('',(-0.002375000000001,0.00759910779692225,-0.00646534393149939));
#1348=CARTESIAN_POINT('',(-0.00198829373834542,0.00759910775436262,-0.00646534388210049));
#1349=CARTESIAN_POINT('',(-0.0013722473595525,0.00760763427487506,-0.00643919729594362));
#1350=CARTESIAN_POINT('',(-0.000535103239532271,0.00763443945592967,-0.0063450488106605));
#1351=CARTESIAN_POINT('',(3.45234615312232E-5,0.00766016704030717,-0.00624816015734473));
#1352=CARTESIAN_POINT('',(0.000402259627011007,0.00767991440778104,-0.00616989840894169));
#1353=CARTESIAN_POINT('',(0.000706201916624347,0.00769740704743448,-0.00609772158374602));
#1354=CARTESIAN_POINT('',(0.00103896630890219,0.00771818703401996,-0.00600713185853928));
#1355=CARTESIAN_POINT('',(0.00131665020876146,0.00773667237709894,-0.00592197327522105));
#1356=CARTESIAN_POINT('',(0.00161273626305885,0.00775718962413878,-0.00582362396868319));
#1357=CARTESIAN_POINT('',(0.00214754537347856,0.00779600024909771,-0.00562127771665731));
#1358=CARTESIAN_POINT('',(0.00238631169463287,0.00781458949059152,-0.00551114143241353));
#1359=CARTESIAN_POINT('',(0.00250690628908652,0.00782421765693827,-0.00545457011087817));
#1360=CARTESIAN_POINT('',(0.00250683950598127,0.00782394969960753,-0.00545438214234446));
#1361=CARTESIAN_POINT('',(0.00250690418903662,0.00782422219388295,-0.0054545642332626));
#1362=CARTESIAN_POINT('',(0.00251023321419737,0.00782448271684925,-0.00545301023698024));
#1363=CARTESIAN_POINT('',(0.0025249709967368,0.00782642666522285,-0.00544486507705725));
#1364=CARTESIAN_POINT('',(0.00256908846784872,0.00783133936097535,-0.00541990644846349));
#1365=CARTESIAN_POINT('',(0.0026584441114158,0.00783988397447379,-0.00536117604551061));
#1366=CARTESIAN_POINT('',(0.00268666135483276,0.00784171741414131,-0.0053383267120586));
#1367=CARTESIAN_POINT('',(0.00276968312592776,0.0078466673330585,-0.00527235045345223));
#1368=CARTESIAN_POINT('',(0.00285486645366234,0.00784738443930483,-0.005190322252219));
#1369=CARTESIAN_POINT('',(0.00292260557411177,0.00784493120915028,-0.00511294255607784));
#1370=CARTESIAN_POINT('',(0.00295148837450094,0.00784279329441735,-0.00507629327058528));
#1371=CARTESIAN_POINT('',(0.00295140570862768,0.00784263927321596,-0.00507623710747887));
#1372=CARTESIAN_POINT('',(0.00295148837450094,0.00784279329441735,-0.00507629327058527));
#1373=CARTESIAN_POINT('',(0.00297161590620602,0.00784130344765768,-0.00505075351523673));
#1374=CARTESIAN_POINT('',(0.00300232100617568,0.00783855349537235,-0.00501224360739739));
#1375=CARTESIAN_POINT('',(0.00306760097600622,0.00782676929106724,-0.00490523084469709));
#1376=CARTESIAN_POINT('',(0.0030762178600457,0.00782445870861771,-0.00488856838427268));
#1377=CARTESIAN_POINT('',(0.00307969256475759,0.00782367580541021,-0.00488198389427624));
#1378=CARTESIAN_POINT('',(0.00307993418392131,0.00782347357446428,-0.0048821354530914));
#1379=CARTESIAN_POINT('',(0.00307993418392049,0.00782347357446308,-0.00488213545309111));
#1380=CARTESIAN_POINT('',(0.00550997806130391,0.00550961925818875,-0.00756071181769595));
#1381=CARTESIAN_POINT('',(0.006725,0.00246760268596987,-0.0089));
#1382=CARTESIAN_POINT('',(0.006725,0.001,-0.0089));
#1383=CARTESIAN_POINT('',(-0.002375,0.00773303596998501,-0.00609934126980435));
#1384=CARTESIAN_POINT('',(-0.00221217509754719,0.00773303596998501,-0.00609934126980436));
#1385=CARTESIAN_POINT('',(-0.00188635371495329,0.00773424639565691,-0.00609389349143634));
#1386=CARTESIAN_POINT('',(-0.00139801495281588,0.00773967402455211,-0.00606919160643085));
#1387=CARTESIAN_POINT('',(-0.00091112401605027,0.00774862416779551,-0.00602755630338934));
#1388=CARTESIAN_POINT('',(-0.000426427143628867,0.00776095650170611,-0.00596828570396456));
#1389=CARTESIAN_POINT('',(5.45596360394675E-5,0.00777645086268615,-0.00589059853264568));
#1390=CARTESIAN_POINT('',(0.000531837904926691,0.00779489540838531,-0.00579328387833749));
#1391=CARTESIAN_POINT('',(0.00100545329538091,0.00781608413741318,-0.00567479086208588));
#1392=CARTESIAN_POINT('',(0.00139482005041604,0.00783574918465814,-0.00555762706884001));
#1393=CARTESIAN_POINT('',(0.00170229273642184,0.00785253667096678,-0.00545243660088051));
#1394=CARTESIAN_POINT('',(0.00187352566993224,0.00786234798917597,-0.00538894065945166));
#1395=CARTESIAN_POINT('',(0.00198690668874883,0.00786903243052582,-0.0053447929883945));
#1396=CARTESIAN_POINT('',(0.0020434373835245,0.00787240289690196,-0.00532235651447769));
#1397=CARTESIAN_POINT('',(0.00209980712288764,0.00787580126458494,-0.0052995565997547));
#1398=CARTESIAN_POINT('',(0.00214664270825739,0.00787865601479091,-0.00528025498606089));
#1399=CARTESIAN_POINT('',(0.00218403450079136,0.0078809537703376,-0.00526462912398621));
#1400=CARTESIAN_POINT('',(0.00222137459018448,0.00788326077937566,-0.00524888029098297));
#1401=CARTESIAN_POINT('',(0.00225863556912645,0.0078855815740307,-0.005232947722714));
#1402=CARTESIAN_POINT('',(0.0022911687361077,0.00788762412566887,-0.00521884526987752));
#1403=CARTESIAN_POINT('',(0.00230973742202543,0.00788879458225584,-0.00521074135456608));
#1404=CARTESIAN_POINT('',(0.00232833759082493,0.00788997013085038,-0.00520258699019891));
#1405=CARTESIAN_POINT('',(0.00234696497719608,0.00789115210590322,-0.00519436545223824));
#1406=CARTESIAN_POINT('',(0.00236211265479224,0.00789211709482629,-0.00518763427361226));
#1407=CARTESIAN_POINT('',(0.00236910541605625,0.00789256330799692,-0.00518451813614369));
#1408=CARTESIAN_POINT('',(0.00237260211419348,0.0078927865815004,-0.00518295816750953));
#1409=CARTESIAN_POINT('',(0.00237551625070727,0.00789297278122896,-0.005181656642982));
#1410=CARTESIAN_POINT('',(0.00237755625877047,0.00789310319114007,-0.00518074474534093));
#1411=CARTESIAN_POINT('',(0.00237872200738018,0.00789317773356409,-0.00518022344363352));
#1412=CARTESIAN_POINT('',(0.00237930489224948,0.00789321500833178,-0.0051799626909235));
#1413=CARTESIAN_POINT('',(0.00240658257084614,0.00789496018107759,-0.00516776313719762));
#1414=CARTESIAN_POINT('',(0.00245939642342307,0.00789793718749117,-0.00514067544299937));
#1415=CARTESIAN_POINT('',(0.00253328374076914,0.00790081803189019,-0.00509177422019645));
#1416=CARTESIAN_POINT('',(0.00262407663436825,0.0079026836625596,-0.00501719610694573));
#1417=CARTESIAN_POINT('',(0.00268345714750079,0.0079019400257631,-0.00495134185280394));
#1418=CARTESIAN_POINT('',(0.00271809574810779,0.00790046955838413,-0.00490394288598383));
#1419=CARTESIAN_POINT('',(-0.002375,0.00775439430589743,-0.00623334240795148));
#1420=CARTESIAN_POINT('',(-0.00221073054147346,0.00775439430589743,-0.00623334240795148));
#1421=CARTESIAN_POINT('',(-0.00188202012900883,0.00775559614656046,-0.00622759464938851));
#1422=CARTESIAN_POINT('',(-0.00138933161283829,0.00776091191498151,-0.00620151151692392));
#1423=CARTESIAN_POINT('',(-0.000898090568862964,0.00776960605181117,-0.00615757464230912));
#1424=CARTESIAN_POINT('',(-0.000409017417179027,0.00778165867657665,-0.00609512580407841));
#1425=CARTESIAN_POINT('',(7.63003542240833E-5,0.00779678441466511,-0.00601346668020067));
#1426=CARTESIAN_POINT('',(0.000557925618543979,0.00781481446110931,-0.0059114178574316));
#1427=CARTESIAN_POINT('',(0.00103577219352186,0.00783557335754473,-0.00578766150440127));
#1428=CARTESIAN_POINT('',(0.00142867174792646,0.00785486371600078,-0.00566571275924546));
#1429=CARTESIAN_POINT('',(0.00173887486839459,0.00787139101103491,-0.00555666471858684));
#1430=CARTESIAN_POINT('',(0.00191169724407214,0.00788106856968549,-0.00549093075511477));
#1431=CARTESIAN_POINT('',(0.00202606907846541,0.00788765878607258,-0.00544534880411685));
#1432=CARTESIAN_POINT('',(0.00208308916948642,0.00789097973037769,-0.00542219998926238));
#1433=CARTESIAN_POINT('',(0.00213994829185845,0.00789433161566396,-0.00539868946545656));
#1434=CARTESIAN_POINT('',(0.00218719632404103,0.00789714895109178,-0.00537879309212433));
#1435=CARTESIAN_POINT('',(0.00222491109446586,0.00789941678798429,-0.00536269836682864));
#1436=CARTESIAN_POINT('',(0.00226257366931508,0.00790169415530085,-0.00534648182401536));
#1437=CARTESIAN_POINT('',(0.00230017724500118,0.00790398872100631,-0.00533006609146385));
#1438=CARTESIAN_POINT('',(0.00233299072172999,0.00790600663675617,-0.0053155585231036));
#1439=CARTESIAN_POINT('',(0.00235171869536505,0.00790716318921594,-0.00530722431014294));
#1440=CARTESIAN_POINT('',(0.00237047739781155,0.00790832478688505,-0.00529884033309447));
#1441=CARTESIAN_POINT('',(0.00238927186550788,0.00790949375420148,-0.00529038216994523));
#1442=CARTESIAN_POINT('',(0.00240454846481809,0.00791044768902848,-0.00528346476296948));
#1443=CARTESIAN_POINT('',(0.00241160001185982,0.00791088877595195,-0.00528026333931611));
#1444=CARTESIAN_POINT('',(0.00241512574426545,0.00791110946704139,-0.00527866104461353));
#1445=CARTESIAN_POINT('',(0.00241806444851397,0.00791129353733591,-0.0052773239376728));
#1446=CARTESIAN_POINT('',(0.00242012112894762,0.00791142243756771,-0.00527638758998272));
#1447=CARTESIAN_POINT('',(0.00242129695380829,0.00791149613303066,-0.00527585184250826));
#1448=CARTESIAN_POINT('',(0.00242188401115843,0.00791153296086166,-0.00527558461733752));
#1449=CARTESIAN_POINT('',(0.00244952929509215,0.00791326189090234,-0.00526293285873945));
#1450=CARTESIAN_POINT('',(0.00250967443269161,0.00791618611903182,-0.00522892825696792));
#1451=CARTESIAN_POINT('',(0.00259100030906131,0.00791900720019911,-0.00517262101336712));
#1452=CARTESIAN_POINT('',(0.00269199567283759,0.00792083673962446,-0.00508791967826879));
#1453=CARTESIAN_POINT('',(0.00275886827487152,0.00792015375674792,-0.00501464937523614));
#1454=CARTESIAN_POINT('',(0.00279854879264906,0.00791871917116114,-0.00496217085174709));
#1455=CARTESIAN_POINT('',(-0.002375,0.00770190909915422,-0.00637677545066629));
#1456=CARTESIAN_POINT('',(-0.00220899635246342,0.00770190909915422,-0.00637677545066629));
#1457=CARTESIAN_POINT('',(-0.00187682167065612,0.00770338784285034,-0.0063706872604479));
#1458=CARTESIAN_POINT('',(-0.00137894957780097,0.00770994280070821,-0.00634305565220885));
#1459=CARTESIAN_POINT('',(-0.000882583341232575,0.00772064417001779,-0.00629655527967182));
#1460=CARTESIAN_POINT('',(-0.000388446261024458,0.00773538157168418,-0.00623055719031488));
#1461=CARTESIAN_POINT('',(0.000101786401011681,0.00775371819637001,-0.00614447200814791));
#1462=CARTESIAN_POINT('',(0.00058822990466369,0.00777534488218858,-0.0060371623834022));
#1463=CARTESIAN_POINT('',(0.00107067058464271,0.00779985393977433,-0.00590756578279683));
#1464=CARTESIAN_POINT('',(0.00146732222339076,0.00782226412242474,-0.00578033527126238));
#1465=CARTESIAN_POINT('',(0.00178039567139914,0.0078411498478279,-0.00566703483145138));
#1466=CARTESIAN_POINT('',(0.00195487294913782,0.00785211997534771,-0.00559884210765597));
#1467=CARTESIAN_POINT('',(0.00207027794479346,0.00785951953370442,-0.00555168513453562));
#1468=CARTESIAN_POINT('',(0.00212780816581121,0.00786323735224515,-0.00552775485714075));
#1469=CARTESIAN_POINT('',(0.00218517682485989,0.00786697986577449,-0.00550346492283207));
#1470=CARTESIAN_POINT('',(0.0022328535150016,0.00787011907997493,-0.00548291675202391));
#1471=CARTESIAN_POINT('',(0.00227090424967297,0.00787263866511648,-0.00546630821045404));
#1472=CARTESIAN_POINT('',(0.00230890217878846,0.00787516539587943,-0.00544957926567745));
#1473=CARTESIAN_POINT('',(0.00234686035639441,0.00787771304180598,-0.00543263486376721));
#1474=CARTESIAN_POINT('',(0.00237996517326548,0.00787994245209022,-0.00541768374655217));
#1475=CARTESIAN_POINT('',(0.00239885873367839,0.00788121864681674,-0.00540909740332238));
#1476=CARTESIAN_POINT('',(0.00241778230188719,0.00788249917632558,-0.00540046205243275));
#1477=CARTESIAN_POINT('',(0.00243674989399174,0.00788378936947399,-0.00539174511445075));
#1478=CARTESIAN_POINT('',(0.00245216055547124,0.00788483871503849,-0.00538462388860478));
#1479=CARTESIAN_POINT('',(0.00245927328398847,0.00788532345154744,-0.00538132910711234));
#1480=CARTESIAN_POINT('',(0.00246282926140831,0.00788556581332927,-0.00537968046977107));
#1481=CARTESIAN_POINT('',(0.00246579352785651,0.00788576805398567,-0.00537830441910373));
#1482=CARTESIAN_POINT('',(0.00246786759724408,0.00788590947373725,-0.00537734129155733));
#1483=CARTESIAN_POINT('',(0.0024690538851483,0.0078859905170527,-0.00537678974593118));
#1484=CARTESIAN_POINT('',(0.00246964534402511,0.00788603070693937,-0.00537651540593329));
#1485=CARTESIAN_POINT('',(0.00249766184687546,0.00788797882053462,-0.00536337467914029));
#1486=CARTESIAN_POINT('',(0.00256486737241144,0.00789336966912389,-0.00532220019084865));
#1487=CARTESIAN_POINT('',(0.00265348540182076,0.00789775276307981,-0.00525829885630185));
#1488=CARTESIAN_POINT('',(0.00276457739297803,0.00790079522250855,-0.00516331696266248));
#1489=CARTESIAN_POINT('',(0.00283899811355106,0.00789988432962754,-0.00508262138744566));
#1490=CARTESIAN_POINT('',(0.00288382483672716,0.0078975818912265,-0.00502514531539139));
#1491=CARTESIAN_POINT('',(-0.002375,0.00759910779692225,-0.00646534393149939));
#1492=CARTESIAN_POINT('',(-0.00220775577163155,0.00759910779692225,-0.00646534393149939));
#1493=CARTESIAN_POINT('',(-0.00187308970356971,0.00760095023081585,-0.00645923311006429));
#1494=CARTESIAN_POINT('',(-0.00137145188315518,0.00760920027400579,-0.00643152275179656));
#1495=CARTESIAN_POINT('',(-0.000871282349115543,0.00762273712276365,-0.00638487738528567));
#1496=CARTESIAN_POINT('',(-0.000373259963654142,0.00764127901305886,-0.00631850158816496));
#1497=CARTESIAN_POINT('',(0.000120898326644348,0.00766428588781447,-0.00623176471326396));
#1498=CARTESIAN_POINT('',(0.000611359413856068,0.0076912717032222,-0.00612337162191323));
#1499=CARTESIAN_POINT('',(0.00109781376448364,0.00772151075846844,-0.00599221551227469));
#1500=CARTESIAN_POINT('',(0.00149786602474756,0.00774883048084831,-0.00586321753241962));
#1501=CARTESIAN_POINT('',(0.00181360564332835,0.00777147758936152,-0.00574827048367391));
#1502=CARTESIAN_POINT('',(0.00198962624439873,0.0077845267550333,-0.0056790350779157));
#1503=CARTESIAN_POINT('',(0.00210600832886327,0.00779324547313035,-0.0056311889607214));
#1504=CARTESIAN_POINT('',(0.00216402253600194,0.00779761467847103,-0.005606912663466));
#1505=CARTESIAN_POINT('',(0.00222187504299922,0.00780199816663362,-0.00558227001192531));
#1506=CARTESIAN_POINT('',(0.00226995830454053,0.00780566619976982,-0.00556142097533795));
#1507=CARTESIAN_POINT('',(0.00230832890817677,0.00780860072241196,-0.00554457286880093));
#1508=CARTESIAN_POINT('',(0.00234664625863316,0.00781153898901782,-0.00552760301739261));
#1509=CARTESIAN_POINT('',(0.0023849389508611,0.00781450184256939,-0.00551040418892459));
#1510=CARTESIAN_POINT('',(0.00241832158524205,0.00781708117207737,-0.00549523910298357));
#1511=CARTESIAN_POINT('',(0.00243737317536995,0.00781855546939061,-0.00548653040242801));
#1512=CARTESIAN_POINT('',(0.00245645426259875,0.00782003315580127,-0.00547777266959364));
#1513=CARTESIAN_POINT('',(0.00247558590024366,0.00782152344766741,-0.00546892816654955));
#1514=CARTESIAN_POINT('',(0.00249112468726651,0.00782273112817975,-0.00546170645327412));
#1515=CARTESIAN_POINT('',(0.00249829600626023,0.00782328838905215,-0.00545836558199048));
#1516=CARTESIAN_POINT('',(0.00250188100943447,0.00782356679499944,-0.00545669406780311));
#1517=CARTESIAN_POINT('',(0.00250486974180602,0.00782379923106106,-0.00545529875154527));
#1518=CARTESIAN_POINT('',(0.00250696054639618,0.00782396149531962,-0.00545432239231371));
#1519=CARTESIAN_POINT('',(0.00250815680280818,0.00782405473878074,-0.00545376301588969));
#1520=CARTESIAN_POINT('',(0.00250875260647434,0.00782410056349757,-0.00545348518194541));
#1521=CARTESIAN_POINT('',(0.00253709972916798,0.0078264046672663,-0.00544009691797873));
#1522=CARTESIAN_POINT('',(0.00260983478547404,0.00783573299392518,-0.00539494788323405));
#1523=CARTESIAN_POINT('',(0.00270425318654898,0.00784268867027081,-0.00532610392239796));
#1524=CARTESIAN_POINT('',(0.00282317226513974,0.00784771888915589,-0.00522398422285347));
#1525=CARTESIAN_POINT('',(0.00290314448847385,0.0078463713160617,-0.00513763624868961));
#1526=CARTESIAN_POINT('',(0.00295140570862768,0.00784263927321596,-0.00507623710747888));
#1527=CARTESIAN_POINT('',(-0.002375,0.00773303596998501,-0.00609934126980435));
#1528=CARTESIAN_POINT('',(-0.002375,0.00775439430589743,-0.00623334240795147));
#1529=CARTESIAN_POINT('',(-0.002375,0.00770190909915422,-0.00637677545066629));
#1530=CARTESIAN_POINT('',(-0.002375,0.00759910779692225,-0.00646534393149939));
#1531=CARTESIAN_POINT('',(-0.002375,0.00773303596998501,-0.00609934126980435));
#1532=CARTESIAN_POINT('',(-0.002375,0.00773303596998501,-0.00609934126980435));
#1533=CARTESIAN_POINT('',(-0.00221217509754719,0.00773303596998501,-0.00609934126980436));
#1534=CARTESIAN_POINT('',(-0.00188635371495329,0.00773424639565691,-0.00609389349143634));
#1535=CARTESIAN_POINT('',(-0.00139801495281588,0.00773967402455211,-0.00606919160643085));
#1536=CARTESIAN_POINT('',(-0.00091112401605027,0.00774862416779551,-0.00602755630338934));
#1537=CARTESIAN_POINT('',(-0.000426427143628867,0.00776095650170611,-0.00596828570396456));
#1538=CARTESIAN_POINT('',(5.45596360394675E-5,0.00777645086268615,-0.00589059853264568));
#1539=CARTESIAN_POINT('',(0.000531837904926691,0.00779489540838531,-0.00579328387833749));
#1540=CARTESIAN_POINT('',(0.00100545329538091,0.00781608413741318,-0.00567479086208588));
#1541=CARTESIAN_POINT('',(0.00139482005041604,0.00783574918465814,-0.00555762706884001));
#1542=CARTESIAN_POINT('',(0.00170229273642184,0.00785253667096678,-0.00545243660088051));
#1543=CARTESIAN_POINT('',(0.00187352566993224,0.00786234798917597,-0.00538894065945166));
#1544=CARTESIAN_POINT('',(0.00198690668874883,0.00786903243052582,-0.0053447929883945));
#1545=CARTESIAN_POINT('',(0.0020434373835245,0.00787240289690196,-0.00532235651447769));
#1546=CARTESIAN_POINT('',(0.00209980712288764,0.00787580126458494,-0.0052995565997547));
#1547=CARTESIAN_POINT('',(0.00214664270825739,0.00787865601479091,-0.00528025498606089));
#1548=CARTESIAN_POINT('',(0.00218403450079136,0.0078809537703376,-0.00526462912398621));
#1549=CARTESIAN_POINT('',(0.00222137459018448,0.00788326077937566,-0.00524888029098297));
#1550=CARTESIAN_POINT('',(0.00225863556912645,0.0078855815740307,-0.005232947722714));
#1551=CARTESIAN_POINT('',(0.0022911687361077,0.00788762412566887,-0.00521884526987752));
#1552=CARTESIAN_POINT('',(0.00230973742202543,0.00788879458225584,-0.00521074135456608));
#1553=CARTESIAN_POINT('',(0.00232833759082493,0.00788997013085038,-0.00520258699019891));
#1554=CARTESIAN_POINT('',(0.00234696497719608,0.00789115210590322,-0.00519436545223824));
#1555=CARTESIAN_POINT('',(0.00236211265479224,0.00789211709482629,-0.00518763427361226));
#1556=CARTESIAN_POINT('',(0.00236910541605625,0.00789256330799692,-0.00518451813614369));
#1557=CARTESIAN_POINT('',(0.00237260211419348,0.0078927865815004,-0.00518295816750953));
#1558=CARTESIAN_POINT('',(0.00237551625070727,0.00789297278122896,-0.005181656642982));
#1559=CARTESIAN_POINT('',(0.00237755625877047,0.00789310319114007,-0.00518074474534093));
#1560=CARTESIAN_POINT('',(0.00237872200738018,0.00789317773356409,-0.00518022344363352));
#1561=CARTESIAN_POINT('',(0.00237930489224948,0.00789321500833178,-0.0051799626909235));
#1562=CARTESIAN_POINT('',(0.00240658257084614,0.00789496018107759,-0.00516776313719762));
#1563=CARTESIAN_POINT('',(0.00245939642342307,0.00789793718749117,-0.00514067544299937));
#1564=CARTESIAN_POINT('',(0.00253328374076914,0.00790081803189019,-0.00509177422019645));
#1565=CARTESIAN_POINT('',(0.00262407663436825,0.0079026836625596,-0.00501719610694573));
#1566=CARTESIAN_POINT('',(0.00268345714750079,0.0079019400257631,-0.00495134185280394));
#1567=CARTESIAN_POINT('',(0.00271809574810779,0.00790046955838413,-0.00490394288598383));
#1568=CARTESIAN_POINT('',(0.00271809574810779,0.00790046955838413,-0.00490394288598383));
#1569=CARTESIAN_POINT('',(0.0027180957465125,0.00790046955845185,-0.00490394288816681));
#1570=CARTESIAN_POINT('',(0.00279854879082156,0.00791871917122721,-0.00496217085416401));
#1571=CARTESIAN_POINT('',(0.00288382483466265,0.00789758189133254,-0.00502514531803847));
#1572=CARTESIAN_POINT('',(0.00295140570640499,0.00784263927338784,-0.00507623711030664));
#1573=CARTESIAN_POINT('',(-0.009675,0.,0.0073));
#1574=CARTESIAN_POINT('',(-0.023925,0.,0.0073));
#1575=CARTESIAN_POINT('',(-0.011475,0.,0.0091));
#1576=CARTESIAN_POINT('',(0.006525,0.001,0.0091));
#1577=CARTESIAN_POINT('',(0.00355833333333333,0.001,0.0091));
#1578=CARTESIAN_POINT('',(0.000591666666666666,0.001,0.0091));
#1579=CARTESIAN_POINT('',(-0.002375,0.001,0.0091));
#1580=CARTESIAN_POINT('',(-0.002375,0.001,0.0091));
#1581=CARTESIAN_POINT('',(-0.002375,0.001,0.0091));
#1582=CARTESIAN_POINT('',(-0.016625,0.001,0.0091));
#1583=CARTESIAN_POINT('',(-0.025725,0.001,0.0091));
#1584=CARTESIAN_POINT('',(-0.025525,0.001,0.0091));
#1585=CARTESIAN_POINT('',(-0.025525,0.,0.0091));
#1586=CARTESIAN_POINT('',(-0.002375,0.00784703813980269,0.0062442870762256));
#1587=CARTESIAN_POINT('',(-0.00237500000000003,0.00553031313539999,0.00838217400063042));
#1588=CARTESIAN_POINT('',(-0.00237500000000004,0.00247259011852038,0.0091));
#1589=CARTESIAN_POINT('',(-0.00237500000000005,0.001,0.0091));
#1590=CARTESIAN_POINT('',(-0.0017056876845982,0.00784703813980269,0.0062442870762256));
#1591=CARTESIAN_POINT('',(-0.00121325341442951,0.00553031313539999,0.00838218227532602));
#1592=CARTESIAN_POINT('',(-0.000909321441947774,0.00247259011852038,0.00910010618387615));
#1593=CARTESIAN_POINT('',(-0.000793214027688414,0.001,0.0091));
#1594=CARTESIAN_POINT('',(-3.232800235487E-5,0.00784703813980268,0.00613488239751829));
#1595=CARTESIAN_POINT('',(0.00169123361302744,0.00553031313539998,0.00831396486994899));
#1596=CARTESIAN_POINT('',(0.00275595100937435,0.00247259011852038,0.00909980076205613));
#1597=CARTESIAN_POINT('',(0.00316127139510661,0.001,0.00910004584294006));
#1598=CARTESIAN_POINT('',(0.00157447309759268,0.00784703813980263,0.00575173456346409));
#1599=CARTESIAN_POINT('',(0.00413050949658292,0.00553031313539993,0.0080750042703979));
#1600=CARTESIAN_POINT('',(0.00558202357972909,0.00247259011852037,0.00910024921067991));
#1601=CARTESIAN_POINT('',(0.00593032622809469,0.001,0.00909994203173155));
#1602=CARTESIAN_POINT('',(0.00254364802718703,0.0078470381398026,0.00540845328076283));
#1603=CARTESIAN_POINT('',(0.00525040537324754,0.0055303131353999,0.00786369817255092));
#1604=CARTESIAN_POINT('',(0.00659214773397004,0.00247259011852037,0.00909969603978037));
#1605=CARTESIAN_POINT('',(0.00656693407725109,0.000999999999999987,0.009100114419106));
#1606=CARTESIAN_POINT('',(0.00271271344506849,0.0078470381398026,0.00533229315623809));
#1607=CARTESIAN_POINT('',(0.00536606191525213,0.0055303131353999,0.00785353450596361));
#1608=CARTESIAN_POINT('',(0.00664855414223761,0.00247259011852037,0.00906076166412729));
#1609=CARTESIAN_POINT('',(0.00662951678582249,0.000999999999999987,0.00907953147799818));
#1610=CARTESIAN_POINT('',(0.00293271875370004,0.0078470381398026,0.00511196765103247));
#1611=CARTESIAN_POINT('',(0.00546719767643971,0.00553031313539989,0.00775207982157791));
#1612=CARTESIAN_POINT('',(0.00668183364637263,0.00247259011852036,0.00902608874743426));
#1613=CARTESIAN_POINT('',(0.00669701888591398,0.000999999999999987,0.00901199631649083));
#1614=CARTESIAN_POINT('',(0.00302127726583009,0.0078470381398026,0.00494679719473555));
#1615=CARTESIAN_POINT('',(0.00548744385228224,0.0055303131353999,0.00764473152051823));
#1616=CARTESIAN_POINT('',(0.00671748414544269,0.00247259011852036,0.00897866493946584));
#1617=CARTESIAN_POINT('',(0.00672175101711897,0.000999999999999988,0.00895238283514467));
#1618=CARTESIAN_POINT('',(0.00304927709578664,0.0078470381398026,0.00487069351263786));
#1619=CARTESIAN_POINT('',(0.00549804257152851,0.0055303131353999,0.00756998424348859));
#1620=CARTESIAN_POINT('',(0.00672500676535147,0.00247259011852037,0.00891650333548712));
#1621=CARTESIAN_POINT('',(0.00672498652308813,0.000999999999999987,0.00891046274672241));
#1622=CARTESIAN_POINT('',(0.00310885443901286,0.0078470381398026,0.00470394082619133));
#1623=CARTESIAN_POINT('',(0.00553488216099955,0.0055303131353999,0.00737729533713592));
#1624=CARTESIAN_POINT('',(0.00672499718920986,0.00247259011852038,0.00874297022655188));
#1625=CARTESIAN_POINT('',(0.00672500560187048,0.000999999999999988,0.0088008941727767));
#1626=CARTESIAN_POINT('',(0.0032109663433391,0.00784703813980261,0.00439892153438097));
#1627=CARTESIAN_POINT('',(0.00559793679725993,0.00553031313539992,0.00700542606693015));
#1628=CARTESIAN_POINT('',(0.00672499858619886,0.00247259011852039,0.00838689513081304));
#1629=CARTESIAN_POINT('',(0.00672499595297796,0.000999999999999989,0.00854340725481482));
#1630=CARTESIAN_POINT('',(0.00339481504541536,0.00784703813980262,0.00377711737158139));
#1631=CARTESIAN_POINT('',(0.00571183822806483,0.00553031313539991,0.00617817441873731));
#1632=CARTESIAN_POINT('',(0.00672500071041369,0.00247259011852042,0.00752411384067371));
#1633=CARTESIAN_POINT('',(0.00672500176840573,0.001,0.00781508221365042));
#1634=CARTESIAN_POINT('',(0.00366052840925007,0.00784703813980264,0.0026613876776318));
#1635=CARTESIAN_POINT('',(0.00587671938240893,0.00553031313539995,0.00453549074884751));
#1636=CARTESIAN_POINT('',(0.00672499824170826,0.00247259011852047,0.00566241701279938));
#1637=CARTESIAN_POINT('',(0.00672499772594177,0.001,0.00604265566949501));
#1638=CARTESIAN_POINT('',(0.00405756610344809,0.00784703813980268,-0.000314978627330553));
#1639=CARTESIAN_POINT('',(0.00612534892240732,0.00553031313539998,-0.000441617698320383));
#1640=CARTESIAN_POINT('',(0.00672500134493634,0.0024725901185206,-0.000481652526788478));
#1641=CARTESIAN_POINT('',(0.00672500188405471,0.001,-0.000435284840047262));
#1642=CARTESIAN_POINT('',(0.00369950262221072,0.00784703813980269,-0.00304442534910308));
#1643=CARTESIAN_POINT('',(0.00589932147375618,0.00553031313540001,-0.00545971688577735));
#1644=CARTESIAN_POINT('',(0.00672500033690538,0.00247259011852072,-0.00701516344219921));
#1645=CARTESIAN_POINT('',(0.006725,0.001,-0.00771071583387501));
#1646=CARTESIAN_POINT('',(0.00305511764428179,0.00784703813980269,-0.00485478080441733));
#1647=CARTESIAN_POINT('',(0.00550170588142702,0.00553031313540001,-0.00755159360147443));
#1648=CARTESIAN_POINT('',(0.006725,0.00247259011852083,-0.00890000000000252));
#1649=CARTESIAN_POINT('',(0.006725,0.001,-0.00890000000000158));
#1650=CARTESIAN_POINT('',(-0.002375,0.001,0.0091));
#1651=CARTESIAN_POINT('',(-0.002375,0.00138532124245383,0.0091));
#1652=CARTESIAN_POINT('',(-0.002375,0.00236849121365182,0.00900545108905038));
#1653=CARTESIAN_POINT('',(-0.002375,0.00490439586349339,0.00829286923299571));
#1654=CARTESIAN_POINT('',(-0.002375,0.00661605167856963,0.00731229611095755));
#1655=CARTESIAN_POINT('',(-0.002375,0.00759910779692266,0.00646534393150351));
#1656=CARTESIAN_POINT('',(-0.002375,0.00759910779692266,0.00646534393150351));
#1657=CARTESIAN_POINT('',(0.00307972179155904,0.00782367580674837,-0.0048819013383227));
#1658=CARTESIAN_POINT('',(0.00308383177468492,0.00782250384343355,-0.00487512539626956));
#1659=CARTESIAN_POINT('',(0.00311181398730833,0.00781717498828864,-0.00481856499193347));
#1660=CARTESIAN_POINT('',(0.00321022803418178,0.00780008651674662,-0.00460041616762026));
#1661=CARTESIAN_POINT('',(0.00333096078955532,0.00777853455794146,-0.00430668051426038));
#1662=CARTESIAN_POINT('',(0.00343272579149671,0.00775900105828986,-0.00402878677325983));
#1663=CARTESIAN_POINT('',(0.00349078801524582,0.00774740900333954,-0.00386090393203252));
#1664=CARTESIAN_POINT('',(0.00354506295174873,0.00773612823373319,-0.00369505562933903));
#1665=CARTESIAN_POINT('',(0.00356447765496994,0.00773196743841936,-0.00363288207286257));
#1666=CARTESIAN_POINT('',(0.00360074639556286,0.00772417359487254,-0.00351531149311422));
#1667=CARTESIAN_POINT('',(0.0036551986654296,0.00771215224659225,-0.00332924208562278));
#1668=CARTESIAN_POINT('',(0.00372595775175459,0.00769587576029062,-0.00306590651386273));
#1669=CARTESIAN_POINT('',(0.00379736721268881,0.00767851993637141,-0.00276315724228401));
#1670=CARTESIAN_POINT('',(0.00385211370407941,0.00766465397299975,-0.00250504272790282));
#1671=CARTESIAN_POINT('',(0.0039145825265291,0.00764834152591025,-0.00216609031609494));
#1672=CARTESIAN_POINT('',(0.00397944019424884,0.0076308963597058,-0.0017437558014398));
#1673=CARTESIAN_POINT('',(0.00406510186801368,0.00760682987411467,-0.000995041073612901));
#1674=CARTESIAN_POINT('',(0.00410692344294764,0.00759365940568237,5.33561580407884E-6));
#1675=CARTESIAN_POINT('',(0.00406524787252497,0.00760760596222018,0.00100029631411611));
#1676=CARTESIAN_POINT('',(0.00397941185261843,0.007631767538594,0.0017480010282998));
#1677=CARTESIAN_POINT('',(0.00391444918499514,0.00764917733877272,0.00216953415480133));
#1678=CARTESIAN_POINT('',(0.00385174805044446,0.00766543259560261,0.00250865523942644));
#1679=CARTESIAN_POINT('',(0.00379737191051351,0.00767912486575398,0.00276463682045967));
#1680=CARTESIAN_POINT('',(0.00372546853894857,0.00769652013880299,0.00306796961742868));
#1681=CARTESIAN_POINT('',(0.00365691634699611,0.00771232770008843,0.00332402802738588));
#1682=CARTESIAN_POINT('',(0.00359085060698804,0.00772685582814448,0.00354776847135081));
#1683=CARTESIAN_POINT('',(0.00354641243384635,0.00773645826660324,0.00369173858190293));
#1684=CARTESIAN_POINT('',(0.00346279235799965,0.00775370801434885,0.00394318765303363));
#1685=CARTESIAN_POINT('',(0.00336974157302982,0.00777184203847749,0.0042007504554147));
#1686=CARTESIAN_POINT('',(0.00321463899257133,0.00780048936278176,0.00459359553053378));
#1687=CARTESIAN_POINT('',(0.00312025061964579,0.00781678901320862,0.00479581107710344));
#1688=CARTESIAN_POINT('',(0.00307873019142926,0.00782435197241634,0.00488147352120239));
#1689=CARTESIAN_POINT('',(0.00307891971772261,0.00782462909865363,0.00488154091734755));
#1690=CARTESIAN_POINT('',(0.00307873019142846,0.00782435197241648,0.00488147352120402));
#1691=CARTESIAN_POINT('',(0.00307068607595509,0.00782581721060886,0.00489806965524367));
#1692=CARTESIAN_POINT('',(0.00303252026144391,0.00783340136585933,0.00496751737746645));
#1693=CARTESIAN_POINT('',(0.00294945882754001,0.00784425687039456,0.00508215426658016));
#1694=CARTESIAN_POINT('',(0.00283727066886792,0.00784865881177716,0.00521088343109682));
#1695=CARTESIAN_POINT('',(0.00269115062851381,0.00784328763491788,0.0053435494198916));
#1696=CARTESIAN_POINT('',(0.00254459094522211,0.00783055871966024,0.00543229133551759));
#1697=CARTESIAN_POINT('',(0.00250660755306478,0.00782474741677464,0.00545421885948781));
#1698=CARTESIAN_POINT('',(0.00250649588978292,0.00782428660070733,0.00545390330912363));
#1699=CARTESIAN_POINT('',(0.00250660755199344,0.00782474741664752,0.00545421886005256));
#1700=CARTESIAN_POINT('',(0.00249233435333842,0.00782305533889186,0.00546174066745285));
#1701=CARTESIAN_POINT('',(0.00242470271489794,0.00781690446780763,0.00549460000286727));
#1702=CARTESIAN_POINT('',(0.00220010310020309,0.00779923666621502,0.00559508386497213));
#1703=CARTESIAN_POINT('',(0.00190997775085493,0.00777774709848169,0.0057135602987317));
#1704=CARTESIAN_POINT('',(0.00163986673701252,0.00775854755339495,0.00581228491686906));
#1705=CARTESIAN_POINT('',(0.00147783112627767,0.0077472268697194,0.00586835960872848));
#1706=CARTESIAN_POINT('',(0.00131767974967727,0.00773619801199253,0.00592092348580277));
#1707=CARTESIAN_POINT('',(0.00126015271855479,0.00773230491850689,0.00593896664809574));
#1708=CARTESIAN_POINT('',(0.00114816411301605,0.00772480998536619,0.00597370526821214));
#1709=CARTESIAN_POINT('',(0.000969831929163236,0.00771321670386276,0.00602627570242895));
#1710=CARTESIAN_POINT('',(0.000710566960640187,0.0076971900481068,0.00609654682424791));
#1711=CARTESIAN_POINT('',(0.000406383129435203,0.00767984956548277,0.00616903666231104));
#1712=CARTESIAN_POINT('',(2.57199308558024E-5,0.00765967553286781,0.00624980393778618));
#1713=CARTESIAN_POINT('',(-0.000540934277227957,0.00763432996477278,0.00634568359652633));
#1714=CARTESIAN_POINT('',(-0.0013802851695755,0.0076075545632862,0.0064397933828195));
#1715=CARTESIAN_POINT('',(-0.00199214208397382,0.00759910811160471,0.00646534429675449));
#1716=CARTESIAN_POINT('',(-0.002375,0.00759910779692266,0.00646534393150351));
#1717=CARTESIAN_POINT('',(0.00271809574810779,0.00790046955838413,-0.00490394288598383));
#1718=CARTESIAN_POINT('',(0.00275212911529028,0.00789902478419114,-0.00485737211194587));
#1719=CARTESIAN_POINT('',(0.00278134510497916,0.0078965984516092,-0.00480715482475866));
#1720=CARTESIAN_POINT('',(0.0028151461793137,0.00789175574144435,-0.00473151649027352));
#1721=CARTESIAN_POINT('',(0.00283559852113897,0.00788882098757276,-0.0046853117323349));
#1722=CARTESIAN_POINT('',(0.00287581379437873,0.00788298957181769,-0.0045923266699851));
#1723=CARTESIAN_POINT('',(0.0029441394157375,0.00787294560504873,-0.004428895801573));
#1724=CARTESIAN_POINT('',(0.0030727488711381,0.00785345664302178,-0.0040984550469722));
#1725=CARTESIAN_POINT('',(0.00329869668962177,0.00781708835747995,-0.00342490932503909));
#1726=CARTESIAN_POINT('',(0.00362712845066284,0.00775619533587539,-0.00202951007623149));
#1727=CARTESIAN_POINT('',(0.00378896097303805,0.00771730959820657,6.94865636185587E-6));
#1728=CARTESIAN_POINT('',(0.0036092506334286,0.00776054524356804,0.00224248247993792));
#1729=CARTESIAN_POINT('',(0.00322037976631075,0.00783117467821276,0.00372015107415446));
#1730=CARTESIAN_POINT('',(0.00292564142151593,0.00787572428118719,0.00447616846058472));
#1731=CARTESIAN_POINT('',(0.00284608460809003,0.00788731293995628,0.00466219948813323));
#1732=CARTESIAN_POINT('',(0.0027839998470944,0.00789622237438243,0.00480124634787119));
#1733=CARTESIAN_POINT('',(0.00273324876186866,0.00790069529097394,0.0048907181683018));
#1734=CARTESIAN_POINT('',(0.00260089617361015,0.00790358553808919,0.00504824252772936));
#1735=CARTESIAN_POINT('',(0.00247305686466041,0.00789922868198634,0.00513815265565844));
#1736=CARTESIAN_POINT('',(0.00233349128828792,0.00789029055297531,0.00520050193097868));
#1737=CARTESIAN_POINT('',(0.00224088889423679,0.0078844477138687,0.00524102887678992));
#1738=CARTESIAN_POINT('',(0.00205418966406491,0.00787296978182579,0.00531906718691491));
#1739=CARTESIAN_POINT('',(0.00172360854275423,0.00785347004335209,0.00544768779647456));
#1740=CARTESIAN_POINT('',(0.00105005830295405,0.007817102685406,0.00567377897961518));
#1741=CARTESIAN_POINT('',(-0.00034554483067552,0.00775618691460069,0.00600193205486881));
#1742=CARTESIAN_POINT('',(-0.00156274358679772,0.00773303596998563,0.00609934126980824));
#1743=CARTESIAN_POINT('',(-0.002375,0.00773303596998563,0.00609934126980824));
#1744=CARTESIAN_POINT('',(0.00279854879264906,0.00791871917116114,-0.00496217085174709));
#1745=CARTESIAN_POINT('',(0.00283753598057956,0.00791730965180488,-0.00491060927513024));
#1746=CARTESIAN_POINT('',(0.00287305668077395,0.0079149349596374,-0.00485393524523305));
#1747=CARTESIAN_POINT('',(0.002912904152429,0.00791014490006191,-0.00477178686555001));
#1748=CARTESIAN_POINT('',(0.00293268017344776,0.00790724178000065,-0.00472661528422714));
#1749=CARTESIAN_POINT('',(0.00297471018597756,0.0079014806312255,-0.00463207663910522));
#1750=CARTESIAN_POINT('',(0.00304453379831526,0.00789155968562424,-0.00446786674848992));
#1751=CARTESIAN_POINT('',(0.00317753290596021,0.00787235256281084,-0.00413430311362366));
#1752=CARTESIAN_POINT('',(0.00341129973103026,0.00783658698478097,-0.00345557686140415));
#1753=CARTESIAN_POINT('',(0.00375520797491732,0.00777694898617966,-0.00204741043492336));
#1754=CARTESIAN_POINT('',(0.00392716444933223,0.0077392413506312,6.76679064779453E-6));
#1755=CARTESIAN_POINT('',(0.00373591957800256,0.00778115713492142,0.00226284727123012));
#1756=CARTESIAN_POINT('',(0.00332953983134501,0.00785036475803013,0.00375323549070169));
#1757=CARTESIAN_POINT('',(0.00302477950582578,0.00789422523071758,0.00451632070064697));
#1758=CARTESIAN_POINT('',(0.0029436818349508,0.00790569358247751,0.00470308889702145));
#1759=CARTESIAN_POINT('',(0.00287765192279604,0.00791449915405539,0.00484586681635183));
#1760=CARTESIAN_POINT('',(0.00281408996459561,0.00791886410564065,0.00494873009989078));
#1761=CARTESIAN_POINT('',(0.00266781466915669,0.00792167342895385,0.00511991283500778));
#1762=CARTESIAN_POINT('',(0.00252458875021554,0.00791745169199835,0.00522542656352031));
#1763=CARTESIAN_POINT('',(0.00237286724725053,0.0079086219570086,0.00529907792655583));
#1764=CARTESIAN_POINT('',(0.00228253260740119,0.00790284609690104,0.00533807954258822));
#1765=CARTESIAN_POINT('',(0.00209215651596311,0.00789151663540053,0.00542026953265436));
#1766=CARTESIAN_POINT('',(0.0017603367593319,0.00787228714453452,0.00555164887304855));
#1767=CARTESIAN_POINT('',(0.00108017570598822,0.00783651459841736,0.00578679218611448));
#1768=CARTESIAN_POINT('',(-0.000327043553703193,0.00777703605458851,0.0061296563515005));
#1769=CARTESIAN_POINT('',(-0.00155553737990034,0.00775439430589808,0.00623334240795547));
#1770=CARTESIAN_POINT('',(-0.002375,0.00775439430589808,0.00623334240795547));
#1771=CARTESIAN_POINT('',(0.00288382483672716,0.0078975818912265,-0.00502514531539138));
#1772=CARTESIAN_POINT('',(0.00292786831142607,0.00789531968287672,-0.00496867351138798));
#1773=CARTESIAN_POINT('',(0.00296989845642279,0.00789106114552611,-0.00490574614399786));
#1774=CARTESIAN_POINT('',(0.00301605524339437,0.00788376309589439,-0.00481733178716417));
#1775=CARTESIAN_POINT('',(0.0030351664553816,0.0078810624661443,-0.00477311192846829));
#1776=CARTESIAN_POINT('',(0.00307914353802235,0.00787443466399009,-0.00467702284179102));
#1777=CARTESIAN_POINT('',(0.00315064375797892,0.00786363306498526,-0.00451194773951932));
#1778=CARTESIAN_POINT('',(0.00328844910700402,0.00784198062629783,-0.00417515001131746));
#1779=CARTESIAN_POINT('',(0.00353087913002491,0.00780125584828917,-0.00349089124455421));
#1780=CARTESIAN_POINT('',(0.00389199936450426,0.00773015716005755,-0.00206887145266453));
#1781=CARTESIAN_POINT('',(0.00407526978486047,0.00768274755483597,6.60262842659081E-6));
#1782=CARTESIAN_POINT('',(0.00387115940598647,0.00773559211566233,0.00228712507616238));
#1783=CARTESIAN_POINT('',(0.003445279480171,0.00781751801232689,0.00379115769728256));
#1784=CARTESIAN_POINT('',(0.00312954582760357,0.00786694870276437,0.00456156724682221));
#1785=CARTESIAN_POINT('',(0.00304670697700262,0.00787932702518087,0.00474918322166327));
#1786=CARTESIAN_POINT('',(0.00297648247752036,0.00788998621862459,0.0048956111626461));
#1787=CARTESIAN_POINT('',(0.00289970897229916,0.00789825514471428,0.00501142833600506));
#1788=CARTESIAN_POINT('',(0.00273931814148898,0.0079021306514414,0.00519622655062017));
#1789=CARTESIAN_POINT('',(0.00258095814804174,0.00789545799783494,0.00531763629101734));
#1790=CARTESIAN_POINT('',(0.00241755144265839,0.0078818160056068,0.00540309784452234));
#1791=CARTESIAN_POINT('',(0.00232930815248465,0.00787654475209505,0.00544058669901101));
#1792=CARTESIAN_POINT('',(0.0021352872101779,0.00786321861540652,0.00552721930312289));
#1793=CARTESIAN_POINT('',(0.00180202588690596,0.00784221387488469,0.00566171984063045));
#1794=CARTESIAN_POINT('',(0.00111496911558731,0.00780100981278118,0.00590680764036255));
#1795=CARTESIAN_POINT('',(-0.000305023761128538,0.00773037675291132,0.00626606374405397));
#1796=CARTESIAN_POINT('',(-0.00154688633129602,0.00770190909915478,0.00637677545067042));
#1797=CARTESIAN_POINT('',(-0.002375,0.00770190909915478,0.00637677545067042));
#1798=CARTESIAN_POINT('',(0.00295140570862768,0.00784263927321596,-0.00507623710747887));
#1799=CARTESIAN_POINT('',(0.00299882367001722,0.00783897243961748,-0.00501591078133127));
#1800=CARTESIAN_POINT('',(0.00304474347612851,0.0078316564027349,-0.00494800761452001));
#1801=CARTESIAN_POINT('',(0.00309414409254378,0.00782039852328224,-0.0048547175566065));
#1802=CARTESIAN_POINT('',(0.00311289620538175,0.00781798720352696,-0.00481113666464068));
#1803=CARTESIAN_POINT('',(0.00315783483267724,0.00780995060011695,-0.00471371067045545));
#1804=CARTESIAN_POINT('',(0.00323009296864398,0.00779768406120167,-0.00454769397403665));
#1805=CARTESIAN_POINT('',(0.00337000975435679,0.00777204746043586,-0.00420787809656712));
#1806=CARTESIAN_POINT('',(0.00361564529261957,0.00772338420806958,-0.00351835695353577));
#1807=CARTESIAN_POINT('',(0.00398082904589802,0.00763501239886187,-0.00208431703505145));
#1808=CARTESIAN_POINT('',(0.00416352588853279,0.00757445504501376,6.48448755540282E-6));
#1809=CARTESIAN_POINT('',(0.00395996229428028,0.0076421211928641,0.00230460380426499));
#1810=CARTESIAN_POINT('',(0.00352897557506175,0.00774351220523423,0.00382103989623059));
#1811=CARTESIAN_POINT('',(0.00320836476313598,0.00780210604036985,0.00459832455313233));
#1812=CARTESIAN_POINT('',(0.00312470650260214,0.00781598866341092,0.00478691793285841));
#1813=CARTESIAN_POINT('',(0.00305238850332907,0.00782963470505468,0.00493637948747168));
#1814=CARTESIAN_POINT('',(0.00296788191888225,0.0078441975426464,0.00506234967341626));
#1815=CARTESIAN_POINT('',(0.00279712169015697,0.00784993895966723,0.00525794102321494));
#1816=CARTESIAN_POINT('',(0.00262683600890418,0.00783910493128713,0.00539009422085492));
#1817=CARTESIAN_POINT('',(0.00245426100468849,0.00781784388977821,0.00548161653098048));
#1818=CARTESIAN_POINT('',(0.00236745755867043,0.00781330891761923,0.00551828866624265));
#1819=CARTESIAN_POINT('',(0.00217033231712544,0.00779675247673971,0.00560709458840126));
#1820=CARTESIAN_POINT('',(0.00183541358065593,0.00777282209755891,0.00574284982359971));
#1821=CARTESIAN_POINT('',(0.00114203619344527,0.00772293387009052,0.00599185168782101));
#1822=CARTESIAN_POINT('',(-0.000289125995669176,0.00763537489274275,0.00635460790541089));
#1823=CARTESIAN_POINT('',(-0.00154069766038877,0.00759910779692266,0.00646534393150351));
#1824=CARTESIAN_POINT('',(-0.002375,0.00759910779692266,0.00646534393150351));
#1825=CARTESIAN_POINT('',(-0.002375,0.00759910779692266,0.00646534393150351));
#1826=CARTESIAN_POINT('',(-0.002375,0.00770190909915478,0.00637677545067041));
#1827=CARTESIAN_POINT('',(-0.002375,0.00775439430589809,0.00623334240795547));
#1828=CARTESIAN_POINT('',(-0.002375,0.00773303596998563,0.00609934126980824));
#1829=CARTESIAN_POINT('',(-0.002375,0.00773303596998563,0.00609934126980824));
#1830=CARTESIAN_POINT('',(-0.00237500000000001,0.00773303596998563,0.00609934126980824));
#1831=CARTESIAN_POINT('',(-0.00204321735999621,0.00773303596998563,0.00609934126980824));
#1832=CARTESIAN_POINT('',(-0.00138477522612389,0.00773844648395255,0.00607641008392309));
#1833=CARTESIAN_POINT('',(-0.000469508810810146,0.00775806413149381,0.00598428135456297));
#1834=CARTESIAN_POINT('',(0.00054516257680112,0.00779397214500209,0.00580107838806893));
#1835=CARTESIAN_POINT('',(0.00127340481257399,0.00782883352889,0.00560270216907786));
#1836=CARTESIAN_POINT('',(0.0018161518680383,0.0078588519865742,0.00541242501428388));
#1837=CARTESIAN_POINT('',(0.00207228869476869,0.00787409034317739,0.00531145696314811));
#1838=CARTESIAN_POINT('',(0.00222457573077258,0.00788343803690143,0.00524762166981589));
#1839=CARTESIAN_POINT('',(0.00230212531936909,0.00788833459751376,0.00521466871714127));
#1840=CARTESIAN_POINT('',(0.00240241607634477,0.00789463399547614,0.00516925621626069));
#1841=CARTESIAN_POINT('',(0.0024473836637619,0.00789731262425973,0.00514720775342966));
#1842=CARTESIAN_POINT('',(0.00258249788959179,0.00790289885846533,0.00506067851176044));
#1843=CARTESIAN_POINT('',(0.00268487951788754,0.00790293043819477,0.0049585447076733));
#1844=CARTESIAN_POINT('',(0.0027713346680638,0.00789738339628807,0.00482387849731084));
#1845=CARTESIAN_POINT('',(0.00279378290886359,0.00789467848429353,0.0047782812996808));
#1846=CARTESIAN_POINT('',(0.00283881597967344,0.00788843144002838,0.00467885911698884));
#1847=CARTESIAN_POINT('',(0.00287242537933235,0.00788343458849494,0.0045997919813434));
#1848=CARTESIAN_POINT('',(0.00296844555843346,0.00786938890502775,0.004370760908522));
#1849=CARTESIAN_POINT('',(0.00308708652019497,0.00785113205539417,0.00405689060248131));
#1850=CARTESIAN_POINT('',(0.0032851541030496,0.00781889871237027,0.00345281857922364));
#1851=CARTESIAN_POINT('',(0.003486434967928,0.00778244569902433,0.00263228163450117));
#1852=CARTESIAN_POINT('',(0.00363194997913113,0.00775341448759602,0.0017277684711626));
#1853=CARTESIAN_POINT('',(0.00374478614260107,0.0077284739698799,0.000396205879597192));
#1854=CARTESIAN_POINT('',(0.00372738988609572,0.00773290940823663,-0.000848866496713125));
#1855=CARTESIAN_POINT('',(0.00356696381209642,0.00776670332479586,-0.00218730598700336));
#1856=CARTESIAN_POINT('',(0.00341630591090544,0.00779549351492774,-0.00293573593915165));
#1857=CARTESIAN_POINT('',(0.00324483160484152,0.00782552418773476,-0.00357366309305556));
#1858=CARTESIAN_POINT('',(0.00309892147816788,0.00784932167972639,-0.00402434289233858));
#1859=CARTESIAN_POINT('',(0.0029741226371952,0.00786853608089643,-0.00435655408671725));
#1860=CARTESIAN_POINT('',(0.00287776809926736,0.00788268589997706,-0.00458742583152732));
#1861=CARTESIAN_POINT('',(0.00284568563772954,0.00788742276755557,-0.00466301289957696));
#1862=CARTESIAN_POINT('',(0.0027981222592441,0.00789411155113966,-0.00476906558036938));
#1863=CARTESIAN_POINT('',(0.0027798081243563,0.00789654364878751,-0.00480812202799065));
#1864=CARTESIAN_POINT('',(0.00274181240571045,0.00789946274602068,-0.00487148935012797));
#1865=CARTESIAN_POINT('',(0.00271809574810781,0.00790046955838412,-0.00490394288598383));
#1866=CARTESIAN_POINT('',(-0.002375,0.046,0.));
#1867=CARTESIAN_POINT('',(-0.002375,0.046,0.));
#1868=CARTESIAN_POINT('',(-0.002375,0.001,0.0091));
#1869=CARTESIAN_POINT('',(-0.016625,0.001,0.0091));
#1870=CARTESIAN_POINT('',(-0.002375,0.00138532124245393,0.0091));
#1871=CARTESIAN_POINT('',(-0.016625,0.00138532124245393,0.0091));
#1872=CARTESIAN_POINT('',(-0.002375,0.00236849121365222,0.00900545108905033));
#1873=CARTESIAN_POINT('',(-0.016625,0.00236849121365222,0.00900545108905033));
#1874=CARTESIAN_POINT('',(-0.002375,0.0049043958634945,0.00829286923299531));
#1875=CARTESIAN_POINT('',(-0.016625,0.0049043958634945,0.00829286923299531));
#1876=CARTESIAN_POINT('',(-0.002375,0.006616051678571,0.0073122961109567));
#1877=CARTESIAN_POINT('',(-0.016625,0.006616051678571,0.0073122961109567));
#1878=CARTESIAN_POINT('',(-0.002375,0.00759910779692411,0.00646534393150227));
#1879=CARTESIAN_POINT('',(-0.016625,0.00759910779692411,0.00646534393150227));
#1880=CARTESIAN_POINT('',(-0.002375,0.00759910779692266,0.00646534393150351));
#1881=CARTESIAN_POINT('',(-0.016625,0.00759910779692266,0.00646534393150351));
#1882=CARTESIAN_POINT('',(-0.016625,0.00759910779692266,0.00646534393150351));
#1883=CARTESIAN_POINT('',(-0.016625,0.00661605167856963,0.00731229611095755));
#1884=CARTESIAN_POINT('',(-0.016625,0.00490439586349339,0.00829286923299572));
#1885=CARTESIAN_POINT('',(-0.016625,0.00236849121365182,0.00900545108905037));
#1886=CARTESIAN_POINT('',(-0.016625,0.00138532124245383,0.0091));
#1887=CARTESIAN_POINT('',(-0.016625,0.001,0.0091));
#1888=CARTESIAN_POINT('',(-0.002375,0.00733802214774033,0.0061623022119482));
#1889=CARTESIAN_POINT('',(-0.002375,0.00773303596998563,0.00609934126980824));
#1890=CARTESIAN_POINT('',(-0.016625,0.00773303596998563,0.00609934126980824));
#1891=CARTESIAN_POINT('',(-0.016625,0.00773303596998563,0.00609934126980824));
#1892=CARTESIAN_POINT('',(-0.016625,0.00775439430589809,0.00623334240795547));
#1893=CARTESIAN_POINT('',(-0.016625,0.00770190909915478,0.00637677545067041));
#1894=CARTESIAN_POINT('',(-0.016625,0.00759910779692266,0.00646534393150351));
#1895=CARTESIAN_POINT('',(-0.002375,0.046,0.));
#1896=CARTESIAN_POINT('',(-0.002375,0.00773303596998501,-0.00609934126980435));
#1897=CARTESIAN_POINT('',(-0.016625,0.00773303596998501,-0.00609934126980435));
#1898=CARTESIAN_POINT('',(-0.016625,0.046,0.));
#1899=CARTESIAN_POINT('',(-0.002375,0.00733802214773969,-0.00616230221194427));
#1900=CARTESIAN_POINT('',(-0.002375,0.00759910779692225,-0.00646534393149939));
#1901=CARTESIAN_POINT('',(-0.016625,0.00759910779692225,-0.00646534393149939));
#1902=CARTESIAN_POINT('',(-0.016625,0.00759910779692225,-0.00646534393149939));
#1903=CARTESIAN_POINT('',(-0.016625,0.00770190909915422,-0.00637677545066629));
#1904=CARTESIAN_POINT('',(-0.016625,0.00775439430589743,-0.00623334240795147));
#1905=CARTESIAN_POINT('',(-0.016625,0.00773303596998501,-0.00609934126980435));
#1906=CARTESIAN_POINT('',(-0.002375000000001,0.00759910779692404,-0.00646534393149785));
#1907=CARTESIAN_POINT('',(-0.0166249999999957,0.00759910779692404,-0.00646534393149785));
#1908=CARTESIAN_POINT('',(-0.002375000000001,0.00711882035386964,-0.00687913566633963));
#1909=CARTESIAN_POINT('',(-0.0166249999999957,0.00711882035386964,-0.00687913566633963));
#1910=CARTESIAN_POINT('',(-0.00237499999999902,0.00607841817549997,-0.00761313731416123));
#1911=CARTESIAN_POINT('',(-0.0166249999999937,0.00607841817549997,-0.00761313731416123));
#1912=CARTESIAN_POINT('',(-0.00237499999999863,0.00464481834726845,-0.00829627400973734));
#1913=CARTESIAN_POINT('',(-0.0166249999999933,0.00464481834726845,-0.00829627400973734));
#1914=CARTESIAN_POINT('',(-0.00237499999999853,0.00344251162297559,-0.00870576663106801));
#1915=CARTESIAN_POINT('',(-0.0166249999999932,0.00344251162297559,-0.00870576663106801));
#1916=CARTESIAN_POINT('',(-0.002374999999998,0.00219984598022276,-0.00901715193255519));
#1917=CARTESIAN_POINT('',(-0.0166249999999927,0.00219984598022276,-0.00901715193255519));
#1918=CARTESIAN_POINT('',(-0.002375000000001,0.00140760819743797,-0.00910000000003141));
#1919=CARTESIAN_POINT('',(-0.0166249999999957,0.00140760819743797,-0.00910000000003141));
#1920=CARTESIAN_POINT('',(-0.002375000000001,0.000999999999649621,-0.0091));
#1921=CARTESIAN_POINT('',(-0.0166249999999957,0.000999999999649621,-0.0091));
#1922=CARTESIAN_POINT('',(-0.0166249999999957,0.00100000000000187,-0.0091));
#1923=CARTESIAN_POINT('',(-0.016624999999996,0.00140760819782821,-0.00909999999999983));
#1924=CARTESIAN_POINT('',(-0.0166249999999934,0.0021998459806393,-0.00901715193247827));
#1925=CARTESIAN_POINT('',(-0.0166249999999945,0.00344251162330406,-0.0087057666309686));
#1926=CARTESIAN_POINT('',(-0.0166249999999951,0.00464481834749897,-0.0082962740096373));
#1927=CARTESIAN_POINT('',(-0.0166249999999962,0.00607841817561328,-0.00761313731408644));
#1928=CARTESIAN_POINT('',(-0.0166249999999987,0.00711882035390249,-0.00687913566631112));
#1929=CARTESIAN_POINT('',(-0.016624999999999,0.00759910779692225,-0.00646534393149939));
#1930=CARTESIAN_POINT('',(-0.016625,0.00773303596998563,0.00609934126980824));
#1931=CARTESIAN_POINT('',(-0.0174395380940231,0.00773303596998563,0.00609934126980824));
#1932=CARTESIAN_POINT('',(-0.0188642857751806,0.00776036200491828,0.00598514944575682));
#1933=CARTESIAN_POINT('',(-0.0204434025676673,0.00783589450427297,0.00556963978619933));
#1934=CARTESIAN_POINT('',(-0.0211933155178282,0.00788131243476148,0.00526311394822137));
#1935=CARTESIAN_POINT('',(-0.0213913544491395,0.00789397892228496,0.00517452319770821));
#1936=CARTESIAN_POINT('',(-0.0214379182320327,0.00789682063756506,0.00515249841419663));
#1937=CARTESIAN_POINT('',(-0.0215265045238557,0.00790090149819557,0.00509926885925114));
#1938=CARTESIAN_POINT('',(-0.0216735040673199,0.00790357676207365,0.00497555623896094));
#1939=CARTESIAN_POINT('',(-0.0217633389583092,0.00789921949601855,0.00484779904975134));
#1940=CARTESIAN_POINT('',(-0.021810107358642,0.00789250810646411,0.00474305022467087));
#1941=CARTESIAN_POINT('',(-0.0218306730167223,0.00788956283541996,0.0046968388961756));
#1942=CARTESIAN_POINT('',(-0.0218710412206172,0.00788372180889957,0.00460401507073853));
#1943=CARTESIAN_POINT('',(-0.0219442291883612,0.00787296122488656,0.00442894360837716));
#1944=CARTESIAN_POINT('',(-0.0220728910495188,0.00785345804399619,0.00409829471708317));
#1945=CARTESIAN_POINT('',(-0.0222989058488022,0.00781707301162254,0.00342455030548891));
#1946=CARTESIAN_POINT('',(-0.0226272675775593,0.00775616918457728,0.00202843189163094));
#1947=CARTESIAN_POINT('',(-0.0227889605185227,0.00771730186324361,-7.05173106999625E-6));
#1948=CARTESIAN_POINT('',(-0.0226251755694235,0.00775660012772436,-0.00203964830841964));
#1949=CARTESIAN_POINT('',(-0.0222987032928773,0.0078170681818735,-0.00342412548114476));
#1950=CARTESIAN_POINT('',(-0.0220567230999395,0.0078560374698132,-0.00414639129676125));
#1951=CARTESIAN_POINT('',(-0.0219067214336502,0.00787855944359111,-0.00452271116498222));
#1952=CARTESIAN_POINT('',(-0.0218256494060056,0.00789024889541816,-0.00470799502513779));
#1953=CARTESIAN_POINT('',(-0.0217838537474382,0.00789624227982074,-0.00480156560613534));
#1954=CARTESIAN_POINT('',(-0.0217454675718445,0.00789962236864683,-0.00486920404871595));
#1955=CARTESIAN_POINT('',(-0.021683112390831,0.00790178120557799,-0.00495031787332741));
#1956=CARTESIAN_POINT('',(-0.021579356333987,0.00790286467476301,-0.00506349289461962));
#1957=CARTESIAN_POINT('',(-0.0214728601940107,0.00789920888013265,-0.00513818682670527));
#1958=CARTESIAN_POINT('',(-0.0213334902416744,0.00789028712974734,-0.005200477705287));
#1959=CARTESIAN_POINT('',(-0.0212408848988499,0.00788444331626334,-0.0052410013986445));
#1960=CARTESIAN_POINT('',(-0.0210543154726341,0.00787297468379854,-0.00531899250573128));
#1961=CARTESIAN_POINT('',(-0.0207240263811112,0.00785349079372827,-0.005447539460467));
#1962=CARTESIAN_POINT('',(-0.0200509960326336,0.00781715432096063,-0.00567344080747959));
#1963=CARTESIAN_POINT('',(-0.0186570232922464,0.00775626663672201,-0.00600174745149057));
#1964=CARTESIAN_POINT('',(-0.0174373508127322,0.00773303596998501,-0.00609934126980435));
#1965=CARTESIAN_POINT('',(-0.016625,0.00773303596998501,-0.00609934126980435));
#1966=CARTESIAN_POINT('',(-0.016625,0.00775439430589808,0.00623334240795547));
#1967=CARTESIAN_POINT('',(-0.0174467645436219,0.00775439430589808,0.00623334240795547));
#1968=CARTESIAN_POINT('',(-0.0188841861878695,0.00778109863416387,0.00611227358133697));
#1969=CARTESIAN_POINT('',(-0.0204777990940481,0.00785488061418504,0.00567718008226062));
#1970=CARTESIAN_POINT('',(-0.0212337319815115,0.00789974414698733,0.00536153612066502));
#1971=CARTESIAN_POINT('',(-0.0214340606933982,0.00791227926662946,0.00527000061246925));
#1972=CARTESIAN_POINT('',(-0.0214865395939362,0.00791507197784577,0.00524247062305535));
#1973=CARTESIAN_POINT('',(-0.0215844083944126,0.00791905967163535,0.00518006084322572));
#1974=CARTESIAN_POINT('',(-0.0217467028645978,0.00792165467758745,0.00504104045315518));
#1975=CARTESIAN_POINT('',(-0.0218501522282568,0.00791743641152046,0.00489979826007541));
#1976=CARTESIAN_POINT('',(-0.0219067116384755,0.00791080920309524,0.00478448924410653));
#1977=CARTESIAN_POINT('',(-0.0219272341658568,0.00790789746654057,0.00473858029188419));
#1978=CARTESIAN_POINT('',(-0.0219693102927355,0.00790212827165721,0.00464433058687469));
#1979=CARTESIAN_POINT('',(-0.0220442191095341,0.00789150717925344,0.00446829276992079));
#1980=CARTESIAN_POINT('',(-0.0221772853967377,0.00787228620268399,0.00413452650680866));
#1981=CARTESIAN_POINT('',(-0.0224113854537812,0.00783653167957765,0.0034552714755804));
#1982=CARTESIAN_POINT('',(-0.0227554153731725,0.00777695299309563,0.00204646158224993));
#1983=CARTESIAN_POINT('',(-0.0229269772450663,0.007739310032483,-7.18055608970733E-6));
#1984=CARTESIAN_POINT('',(-0.0227532222161939,0.00777736532037865,-0.00205772761159693));
#1985=CARTESIAN_POINT('',(-0.0224109425392557,0.0078365543258667,-0.00345519860990311));
#1986=CARTESIAN_POINT('',(-0.0221602593256644,0.0078748215888921,-0.00418344117835766));
#1987=CARTESIAN_POINT('',(-0.0220050960817836,0.00789702738405493,-0.00456348658796605));
#1988=CARTESIAN_POINT('',(-0.0219221565294504,0.00790858374403099,-0.00474988207754438));
#1989=CARTESIAN_POINT('',(-0.0218778625271858,0.00791450831583426,-0.00484577600934048));
#1990=CARTESIAN_POINT('',(-0.0218293018951203,0.00791780100119099,-0.00492412332722257));
#1991=CARTESIAN_POINT('',(-0.0217592002285086,0.0079199117676852,-0.005012897322178));
#1992=CARTESIAN_POINT('',(-0.0216430575168669,0.00792095846635678,-0.00513851169122965));
#1993=CARTESIAN_POINT('',(-0.0215245238616754,0.00791742487790311,-0.00522526076327669));
#1994=CARTESIAN_POINT('',(-0.0213728093990263,0.00790861093259412,-0.0052990793976197));
#1995=CARTESIAN_POINT('',(-0.0212825225414548,0.00790283495498109,-0.00533801689133209));
#1996=CARTESIAN_POINT('',(-0.0210922263879021,0.0078915162689192,-0.00542021590210805));
#1997=CARTESIAN_POINT('',(-0.0207607190503375,0.0078723083681622,-0.00555149914729234));
#1998=CARTESIAN_POINT('',(-0.0200810344452764,0.00783657577289307,-0.00578650515879882));
#1999=CARTESIAN_POINT('',(-0.0186755740739066,0.00777714746012562,-0.00612942979459226));
#2000=CARTESIAN_POINT('',(-0.0174445578571269,0.00775439430589743,-0.00623334240795147));
#2001=CARTESIAN_POINT('',(-0.016625,0.00775439430589743,-0.00623334240795148));
#2002=CARTESIAN_POINT('',(-0.016625,0.00770190909915478,0.00637677545067042));
#2003=CARTESIAN_POINT('',(-0.0174554398935815,0.00770190909915478,0.00637677545067042));
#2004=CARTESIAN_POINT('',(-0.0189079956891768,0.00773533867303057,0.00624796420590884));
#2005=CARTESIAN_POINT('',(-0.020517080381598,0.00782304062028367,0.00579117366585282));
#2006=CARTESIAN_POINT('',(-0.0212793107045139,0.00787287156101527,0.00546548824243756));
#2007=CARTESIAN_POINT('',(-0.0214819727664528,0.00788683932132882,0.00537075995561726));
#2008=CARTESIAN_POINT('',(-0.021540131399649,0.00789179769580749,0.0053375067681509));
#2009=CARTESIAN_POINT('',(-0.0216470536078491,0.00789809380550684,0.00526565493247811));
#2010=CARTESIAN_POINT('',(-0.0218245041876424,0.00790238635140971,0.00511109155690148));
#2011=CARTESIAN_POINT('',(-0.0219419065610824,0.00789544434463847,0.00495663030239838));
#2012=CARTESIAN_POINT('',(-0.0220086650197375,0.00788484814466591,0.00483116576145225));
#2013=CARTESIAN_POINT('',(-0.0220291773488576,0.00788188463598313,0.00478551178589734));
#2014=CARTESIAN_POINT('',(-0.0220730892700082,0.00787530004203685,0.00468983334631177));
#2015=CARTESIAN_POINT('',(-0.0221499137544038,0.00786369056898338,0.00451274276688816));
#2016=CARTESIAN_POINT('',(-0.022287803023925,0.00784202773294267,0.00417574616011087));
#2017=CARTESIAN_POINT('',(-0.0225308403446691,0.00780122809319072,0.00349063999835985));
#2018=CARTESIAN_POINT('',(-0.0228922735928358,0.00773012454962906,0.0020680482637707));
#2019=CARTESIAN_POINT('',(-0.0230748739308467,0.0076829123910511,-7.32174042465628E-6));
#2020=CARTESIAN_POINT('',(-0.0228899678922762,0.00773063054798919,-0.00207937686315208));
#2021=CARTESIAN_POINT('',(-0.0225301344702184,0.00780143139775095,-0.00349089767362741));
#2022=CARTESIAN_POINT('',(-0.0222698332310748,0.00784518139175474,-0.00422547433031691));
#2023=CARTESIAN_POINT('',(-0.0221090257443831,0.00787022053051748,-0.00460935664093184));
#2024=CARTESIAN_POINT('',(-0.0220240121341405,0.00788281332253483,-0.00479694891527432));
#2025=CARTESIAN_POINT('',(-0.0219770645558139,0.00788985929126027,-0.00489512719544621));
#2026=CARTESIAN_POINT('',(-0.0219179858044023,0.00789651560500506,-0.00498380101927635));
#2027=CARTESIAN_POINT('',(-0.0218400227614562,0.00789942257868807,-0.00508018127377911));
#2028=CARTESIAN_POINT('',(-0.0217113519317887,0.00790141474374762,-0.0052181675573117));
#2029=CARTESIAN_POINT('',(-0.0215810578550937,0.00789515041976133,-0.00531730200267955));
#2030=CARTESIAN_POINT('',(-0.0214174540422192,0.00788169026128695,-0.00540313498520262));
#2031=CARTESIAN_POINT('',(-0.0213293132197604,0.00787637812071696,-0.00544050393465367));
#2032=CARTESIAN_POINT('',(-0.0211353191565353,0.0078630994805394,-0.00552719660488082));
#2033=CARTESIAN_POINT('',(-0.0208023907034378,0.00784211857764488,-0.00566157768389024));
#2034=CARTESIAN_POINT('',(-0.0201157608821777,0.00780101085996734,-0.00590657331481494));
#2035=CARTESIAN_POINT('',(-0.0186976501120102,0.00773049612657084,-0.00626578826035383));
#2036=CARTESIAN_POINT('',(-0.0174532099111464,0.00770190909915422,-0.00637677545066629));
#2037=CARTESIAN_POINT('',(-0.016625,0.00770190909915422,-0.0063767754506663));
#2038=CARTESIAN_POINT('',(-0.016625,0.00759910779692266,0.00646534393150351));
#2039=CARTESIAN_POINT('',(-0.0174616459488658,0.00759910779692266,0.00646534393150351));
#2040=CARTESIAN_POINT('',(-0.0189251649525815,0.00764146863831104,0.00633689443616792));
#2041=CARTESIAN_POINT('',(-0.0205481008366517,0.00775066066934413,0.00587438315130786));
#2042=CARTESIAN_POINT('',(-0.0213164841615787,0.00780870492748986,0.00554392625696235));
#2043=CARTESIAN_POINT('',(-0.0215212586160964,0.00782501747868046,0.00544759199899795));
#2044=CARTESIAN_POINT('',(-0.0215838391063195,0.00783341542176706,0.00541131655621769));
#2045=CARTESIAN_POINT('',(-0.0216979556357718,0.0078434963393151,0.00533357538997412));
#2046=CARTESIAN_POINT('',(-0.0218872667597603,0.0078506304650331,0.00516804962058175));
#2047=CARTESIAN_POINT('',(-0.0220140791208593,0.00783909864581669,0.00500280207569283));
#2048=CARTESIAN_POINT('',(-0.0220861259878954,0.00782222294497321,0.00486945429645991));
#2049=CARTESIAN_POINT('',(-0.02210661551617,0.00781915069532563,0.00482391280487739));
#2050=CARTESIAN_POINT('',(-0.0221514375950879,0.0078112341586305,0.0047269885328437));
#2051=CARTESIAN_POINT('',(-0.0222291336455288,0.00779797843259748,0.00454879298569259));
#2052=CARTESIAN_POINT('',(-0.0223691529829069,0.00777233516952242,0.00420877574132757));
#2053=CARTESIAN_POINT('',(-0.0226155451270368,0.007723433252682,0.00351815761549295));
#2054=CARTESIAN_POINT('',(-0.0229811073895926,0.00763490393271548,0.0020835857925));
#2055=CARTESIAN_POINT('',(-0.0231629902355403,0.00757469769431351,-7.42512644437381E-6));
#2056=CARTESIAN_POINT('',(-0.0229788017564288,0.00763554993448628,-0.00209496763824882));
#2057=CARTESIAN_POINT('',(-0.0226147023738531,0.00772389762531639,-0.00351869246785185));
#2058=CARTESIAN_POINT('',(-0.0223508330484069,0.00777646120613507,-0.00425923246289486));
#2059=CARTESIAN_POINT('',(-0.0221874790596779,0.00780612737143928,-0.0046466919018837));
#2060=CARTESIAN_POINT('',(-0.0221014662301192,0.00782044817711608,-0.00483552475192525));
#2061=CARTESIAN_POINT('',(-0.0220531732405361,0.00782930403574231,-0.00493559825491994));
#2062=CARTESIAN_POINT('',(-0.0219880580788363,0.00784137548980284,-0.00503240741463253));
#2063=CARTESIAN_POINT('',(-0.0219045308147613,0.00784563168342817,-0.00513473672418077));
#2064=CARTESIAN_POINT('',(-0.0217668860353607,0.00784918473055566,-0.0052822289310018));
#2065=CARTESIAN_POINT('',(-0.0216269507237697,0.00783835944394198,-0.0053895663183174));
#2066=CARTESIAN_POINT('',(-0.0214541096842141,0.00781754283010402,-0.00548163602724559));
#2067=CARTESIAN_POINT('',(-0.0213674289138305,0.00781290198655244,-0.00551814077260627));
#2068=CARTESIAN_POINT('',(-0.0211703106678687,0.00779645001213753,-0.00560704820545601));
#2069=CARTESIAN_POINT('',(-0.02083573812,0.00777254171156185,-0.00574266789810284));
#2070=CARTESIAN_POINT('',(-0.020142773824841,0.00772283261555929,-0.00599161903448534));
#2071=CARTESIAN_POINT('',(-0.0187135830926895,0.00763546875589106,-0.00635429813888463));
#2072=CARTESIAN_POINT('',(-0.017459399301294,0.00759910779692224,-0.00646534393149939));
#2073=CARTESIAN_POINT('',(-0.016625,0.00759910779692225,-0.00646534393149939));
#2074=CARTESIAN_POINT('',(-0.016625,0.00759910779692225,-0.00646534393149939));
#2075=CARTESIAN_POINT('',(-0.0170418255761933,0.00759910779692225,-0.00646534393149939));
#2076=CARTESIAN_POINT('',(-0.0178762441338915,0.00761117635646262,-0.00642847377864898));
#2077=CARTESIAN_POINT('',(-0.0189127275902077,0.00765222092837984,-0.00628040777345954));
#2078=CARTESIAN_POINT('',(-0.0197312476165256,0.00769756376479715,-0.00609630395546079));
#2079=CARTESIAN_POINT('',(-0.0203392170927982,0.00773736279442821,-0.00592009743757425));
#2080=CARTESIAN_POINT('',(-0.0208271461741365,0.0077706612970933,-0.00574824364441367));
#2081=CARTESIAN_POINT('',(-0.0212229522244951,0.007802402675462,-0.00558197238076417));
#2082=CARTESIAN_POINT('',(-0.0213936423035349,0.00781059415188869,-0.00551328851779814));
#2083=CARTESIAN_POINT('',(-0.0215064594169381,0.00782385480211954,-0.00545373833046218));
#2084=CARTESIAN_POINT('',(-0.0215064594169381,0.00782385480211954,-0.00545373833046219));
#2085=CARTESIAN_POINT('',(-0.021506459418182,0.00782385480226575,-0.00545373832980559));
#2086=CARTESIAN_POINT('',(-0.0216219778677052,0.00783743297066373,-0.00539276224986128));
#2087=CARTESIAN_POINT('',(-0.0217960935673773,0.0078501753214427,-0.00525928910385732));
#2088=CARTESIAN_POINT('',(-0.0219690685733405,0.00784446850335154,-0.00506139095488412));
#2089=CARTESIAN_POINT('',(-0.0220547450931251,0.00782899850772616,-0.00493246804948415));
#2090=CARTESIAN_POINT('',(-0.022079188869566,0.00782453399820495,-0.00488168349351689));
#2091=CARTESIAN_POINT('',(-0.022079188869566,0.00782453399820494,-0.00488168349351687));
#2092=CARTESIAN_POINT('',(-0.022079188869566,0.00782453399820495,-0.00488168349351689));
#2093=CARTESIAN_POINT('',(-0.0221748210780572,0.00780706734748603,-0.00468299736757624));
#2094=CARTESIAN_POINT('',(-0.022331534234586,0.00778086361998608,-0.00430915280809369));
#2095=CARTESIAN_POINT('',(-0.0226173193966375,0.00772303864807381,-0.0035134424884745));
#2096=CARTESIAN_POINT('',(-0.02287467190307,0.00766088527376769,-0.00249991733891775));
#2097=CARTESIAN_POINT('',(-0.0230527962933469,0.00761109929057887,-0.00125773805653234));
#2098=CARTESIAN_POINT('',(-0.0231080275649423,0.00759287523546992,-5.56347921063113E-6));
#2099=CARTESIAN_POINT('',(-0.0230537535008014,0.00761085494314302,0.00124801820910814));
#2100=CARTESIAN_POINT('',(-0.0229062110029911,0.00765195320583985,0.00228592992266584));
#2101=CARTESIAN_POINT('',(-0.022719876600998,0.00769818727194243,0.00310832429344379));
#2102=CARTESIAN_POINT('',(-0.0225458104917161,0.00773716826826795,0.00371442412212404));
#2103=CARTESIAN_POINT('',(-0.0223678107234092,0.00777290625589479,0.00421001698884804));
#2104=CARTESIAN_POINT('',(-0.0222316733635859,0.007797058557945,0.00454537316345712));
#2105=CARTESIAN_POINT('',(-0.0221427774593268,0.00781356214630888,0.00474260040677429));
#2106=CARTESIAN_POINT('',(-0.0221099845238273,0.00781672583254901,0.0048248926869567));
#2107=CARTESIAN_POINT('',(-0.0220788072830582,0.00782393812730855,0.00488299610857511));
#2108=CARTESIAN_POINT('',(-0.0220788089941786,0.00782393681389578,0.00488299697203506));
#2109=CARTESIAN_POINT('',(-0.0220788072845508,0.00782393812696326,0.0048829961057934));
#2110=CARTESIAN_POINT('',(-0.0220156723267258,0.00783854326521349,0.00500065748453269));
#2111=CARTESIAN_POINT('',(-0.021884012255982,0.00784966114273306,0.00517090860379655));
#2112=CARTESIAN_POINT('',(-0.0216899481417226,0.00784482146399465,0.00534084041195412));
#2113=CARTESIAN_POINT('',(-0.0215566537467464,0.00782783630821425,0.00543094837347843));
#2114=CARTESIAN_POINT('',(-0.0215079884397223,0.00782396037165273,0.0054538347396441));
#2115=CARTESIAN_POINT('',(-0.0215079884565166,0.00782396036831106,0.00545383477760757));
#2116=CARTESIAN_POINT('',(-0.0215079884386426,0.00782396037156673,0.00545383474015188));
#2117=CARTESIAN_POINT('',(-0.0199671736629975,0.00770124255290898,0.00617845055568954));
#2118=CARTESIAN_POINT('',(-0.0182978765871418,0.00759910779692266,0.00646534393150351));
#2119=CARTESIAN_POINT('',(-0.016625,0.00759910779692266,0.00646534393150351));
#2120=CARTESIAN_POINT('',(-0.016625,0.00773303596998501,-0.00609934126980435));
#2121=CARTESIAN_POINT('',(-0.0170767270824184,0.00773303596998501,-0.00609934126980435));
#2122=CARTESIAN_POINT('',(-0.0177362314517986,0.00774011368524811,-0.00606970884894758));
#2123=CARTESIAN_POINT('',(-0.018591511902087,0.00776118658379274,-0.00596793047223991));
#2124=CARTESIAN_POINT('',(-0.019197235128278,0.00778123611319006,-0.00586634348537508));
#2125=CARTESIAN_POINT('',(-0.0198623746415886,0.00780891656240258,-0.00571582237688161));
#2126=CARTESIAN_POINT('',(-0.0204652337424453,0.00783933150480713,-0.00554132642799806));
#2127=CARTESIAN_POINT('',(-0.0210680374439207,0.00787208555409269,-0.00531373812554479));
#2128=CARTESIAN_POINT('',(-0.0216991859587207,0.00791738073857907,-0.00506673882454522));
#2129=CARTESIAN_POINT('',(-0.0219425897938359,0.00787121803177785,-0.00443111381700814));
#2130=CARTESIAN_POINT('',(-0.022170266979967,0.00783873630439797,-0.00382843865192454));
#2131=CARTESIAN_POINT('',(-0.0223427047465432,0.00780852984644459,-0.00322928007271453));
#2132=CARTESIAN_POINT('',(-0.0224925530994592,0.00778100968296853,-0.00256586456743311));
#2133=CARTESIAN_POINT('',(-0.0225927911160705,0.00776114919506728,-0.00196543451576978));
#2134=CARTESIAN_POINT('',(-0.0226941150881067,0.00774008525252388,-0.00111455384977778));
#2135=CARTESIAN_POINT('',(-0.0227436879753291,0.00772820031292883,-7.81408724358758E-7));
#2136=CARTESIAN_POINT('',(-0.0226941354350021,0.00774011243113513,0.00111659755835114));
#2137=CARTESIAN_POINT('',(-0.0225921422182071,0.00776127723864171,0.00196996641234327));
#2138=CARTESIAN_POINT('',(-0.0224913779526257,0.00778120573297929,0.00257181143316566));
#2139=CARTESIAN_POINT('',(-0.0223400486548453,0.00780905389350375,0.0032404207827811));
#2140=CARTESIAN_POINT('',(-0.0221661886512408,0.00783936956057053,0.00384072152915644));
#2141=CARTESIAN_POINT('',(-0.0219383782340659,0.00787217749393319,0.0044442572732042));
#2142=CARTESIAN_POINT('',(-0.0216914268060782,0.00791739821661661,0.00507470241250406));
#2143=CARTESIAN_POINT('',(-0.0210534123654049,0.00787106319679685,0.00531865977378846));
#2144=CARTESIAN_POINT('',(-0.0204542390789379,0.00783879152102251,0.00554515959435179));
#2145=CARTESIAN_POINT('',(-0.0198501781945141,0.00780832136368227,0.00571857320893603));
#2146=CARTESIAN_POINT('',(-0.0189778537775107,0.00777220558161527,0.00591569980612427));
#2147=CARTESIAN_POINT('',(-0.0179663129410795,0.00774297215138284,0.0060571040617135));
#2148=CARTESIAN_POINT('',(-0.0170764583363028,0.00773303596998563,0.00609934126980824));
#2149=CARTESIAN_POINT('',(-0.016625,0.00773303596998563,0.00609934126980824));
#2150=CARTESIAN_POINT('',(-0.0166249999999993,0.00784708277682229,-0.00624424588466655));
#2151=CARTESIAN_POINT('',(-0.0166249999999989,0.00751612129607287,-0.00654966286974338));
#2152=CARTESIAN_POINT('',(-0.0166249999999968,0.00509353057794388,-0.00848471266874664));
#2153=CARTESIAN_POINT('',(-0.0166249999999961,0.00226222820812758,-0.0091));
#2154=CARTESIAN_POINT('',(-0.0166249999999957,0.001,-0.0091));
#2155=CARTESIAN_POINT('',(-0.0182982570683645,0.00784708277682229,-0.00624424588466661));
#2156=CARTESIAN_POINT('',(-0.0184741309857503,0.00751612129607287,-0.00654965948712284));
#2157=CARTESIAN_POINT('',(-0.0196379802494764,0.00509353057794388,-0.00848467535454794));
#2158=CARTESIAN_POINT('',(-0.0203311163192928,0.00226222820812758,-0.00910003538573612));
#2159=CARTESIAN_POINT('',(-0.0205794649307764,0.001,-0.0091));
#2160=CARTESIAN_POINT('',(-0.019971297537173,0.00784708277682239,-0.00596774278589883));
#2161=CARTESIAN_POINT('',(-0.0203230459094224,0.00751612129607297,-0.00628788982844748));
#2162=CARTESIAN_POINT('',(-0.0226507129995146,0.00509353057794396,-0.00833591076526205));
#2163=CARTESIAN_POINT('',(-0.0240369693728055,0.00226222820812757,-0.00909992237625583));
#2164=CARTESIAN_POINT('',(-0.0245339334594918,0.001,-0.00909999591255641));
#2165=CARTESIAN_POINT('',(-0.0215195874070335,0.00784708277682243,-0.00541573327652705));
#2166=CARTESIAN_POINT('',(-0.0219057376819659,0.00751612129607302,-0.00576602682398589));
#2167=CARTESIAN_POINT('',(-0.0244146069596258,0.00509353057794398,-0.00804387002709292));
#2168=CARTESIAN_POINT('',(-0.0255644240497133,0.00226222820812749,-0.0091000668084745));
#2169=CARTESIAN_POINT('',(-0.0255511745641245,0.00100000000000002,-0.00910000032412301));
#2170=CARTESIAN_POINT('',(-0.0216377613144508,0.00784708277682243,-0.0053685881135781));
#2171=CARTESIAN_POINT('',(-0.0220206215844789,0.00751612129607302,-0.00572434132393948));
#2172=CARTESIAN_POINT('',(-0.0245053210467137,0.00509353057794397,-0.00803289250611299));
#2173=CARTESIAN_POINT('',(-0.0256268597098024,0.00226222820812744,-0.00907870028713089));
#2174=CARTESIAN_POINT('',(-0.0256035204956366,0.00100000000000002,-0.00908958290161501));
#2175=CARTESIAN_POINT('',(-0.0218426735529113,0.00784708277682243,-0.00521766037406285));
#2176=CARTESIAN_POINT('',(-0.0222124073106467,0.00751612129607301,-0.00558739442168168));
#2177=CARTESIAN_POINT('',(-0.0246072660166645,0.00509353057794394,-0.00798225873200276));
#2178=CARTESIAN_POINT('',(-0.0256667650132898,0.0022622282081273,-0.00904179268751277));
#2179=CARTESIAN_POINT('',(-0.0256701174304819,0.00100000000000002,-0.00904512011863885));
#2180=CARTESIAN_POINT('',(-0.0219935293790369,0.00784708277682243,-0.00501278440612567));
#2181=CARTESIAN_POINT('',(-0.0223492829450282,0.00751612129607301,-0.00539564439951061));
#2182=CARTESIAN_POINT('',(-0.0246578641201142,0.00509353057794391,-0.0078803092376476));
#2183=CARTESIAN_POINT('',(-0.0257037143020464,0.00226222820812715,-0.00900183163037488));
#2184=CARTESIAN_POINT('',(-0.0257145735472259,0.00100000000000002,-0.00897852392079759));
#2185=CARTESIAN_POINT('',(-0.0220408456492035,0.00784708277682243,-0.0048945671190526));
#2186=CARTESIAN_POINT('',(-0.0223911398418971,0.00751612129607301,-0.00528071845051325));
#2187=CARTESIAN_POINT('',(-0.0246689487283794,0.0050935305779439,-0.00778963576477954));
#2188=CARTESIAN_POINT('',(-0.0257251618820843,0.00226222820812711,-0.00893955661081418));
#2189=CARTESIAN_POINT('',(-0.0257250089276049,0.00100000000000002,-0.0089261812149766));
#2190=CARTESIAN_POINT('',(-0.0220886232071672,0.00784708277682243,-0.00476044794689652));
#2191=CARTESIAN_POINT('',(-0.0224363042458577,0.00751612129607301,-0.00514361604527477));
#2192=CARTESIAN_POINT('',(-0.0246942138989267,0.0050935305779439,-0.00763682152581125));
#2193=CARTESIAN_POINT('',(-0.025724909495631,0.0022622282081271,-0.00880686083305899));
#2194=CARTESIAN_POINT('',(-0.0257250057529942,0.00100000000000002,-0.0088380597675677));
#2195=CARTESIAN_POINT('',(-0.022153734948047,0.00784708277682242,-0.00457058413428849));
#2196=CARTESIAN_POINT('',(-0.0224978601445066,0.007516121296073,-0.00494845246179945));
#2197=CARTESIAN_POINT('',(-0.0247286882708661,0.00509353057794389,-0.00741189578153861));
#2198=CARTESIAN_POINT('',(-0.025725045918121,0.00226222820812709,-0.00860375177442554));
#2199=CARTESIAN_POINT('',(-0.0257250067897657,0.00100000000000002,-0.00869102426693442));
#2200=CARTESIAN_POINT('',(-0.0222758553564443,0.00784708277682242,-0.00418607093218282));
#2201=CARTESIAN_POINT('',(-0.0226133250244311,0.007516121296073,-0.00454916499552812));
#2202=CARTESIAN_POINT('',(-0.0247934307950032,0.00509353057794388,-0.00692413216508568));
#2203=CARTESIAN_POINT('',(-0.0257249937009944,0.00226222820812708,-0.00813205256122558));
#2204=CARTESIAN_POINT('',(-0.0257250059927065,0.00100000000000002,-0.00831013550677155));
#2205=CARTESIAN_POINT('',(-0.0226882331556275,0.00784708277682239,-0.00271894575371559));
#2206=CARTESIAN_POINT('',(-0.0230033133381111,0.00751612129607297,-0.00300474149681595));
#2207=CARTESIAN_POINT('',(-0.0250125523100355,0.00509353057794385,-0.00489603914343909));
#2208=CARTESIAN_POINT('',(-0.0257250158750887,0.00226222820812704,-0.00602235759757351));
#2209=CARTESIAN_POINT('',(-0.0257250052775292,0.001,-0.00642600654839203));
#2210=CARTESIAN_POINT('',(-0.0229727228064238,0.00784708277682232,-0.000418352350265515));
#2211=CARTESIAN_POINT('',(-0.0232726177934375,0.0075161212960729,-0.000462320472284621));
#2212=CARTESIAN_POINT('',(-0.0251652884694757,0.00509353057794379,-0.000753275349437748));
#2213=CARTESIAN_POINT('',(-0.0257249991491932,0.00226222820812703,-0.000926491356240111));
#2214=CARTESIAN_POINT('',(-0.0257250030051333,0.001,-0.000988616277044326));
#2215=CARTESIAN_POINT('',(-0.0227660198717547,0.00784708277682231,0.00209156758937742));
#2216=CARTESIAN_POINT('',(-0.0230769578251971,0.00751612129607289,0.0023114098688144));
#2217=CARTESIAN_POINT('',(-0.0250543723500409,0.00509353057794379,0.00376623902291679));
#2218=CARTESIAN_POINT('',(-0.0257250015647774,0.00226222820812707,0.00463255034071969));
#2219=CARTESIAN_POINT('',(-0.0257250040642566,0.001,0.0049430820084327));
#2220=CARTESIAN_POINT('',(-0.0224682113943793,0.0078470827768223,0.00350138959953744));
#2221=CARTESIAN_POINT('',(-0.022795233481883,0.00751612129607289,0.00382841144526515));
#2222=CARTESIAN_POINT('',(-0.0248956175260952,0.00509353057794379,0.0059776691618589));
#2223=CARTESIAN_POINT('',(-0.0257250137289381,0.00226222820812708,0.00714754553327093));
#2224=CARTESIAN_POINT('',(-0.0257250052302198,0.001,0.00743087515760986));
#2225=CARTESIAN_POINT('',(-0.0222758735798946,0.00784708277682231,0.00418607453972107));
#2226=CARTESIAN_POINT('',(-0.0226133426297444,0.00751612129607289,0.00454916837095191));
#2227=CARTESIAN_POINT('',(-0.0247934395617696,0.0050935305779438,0.0069241322262534));
#2228=CARTESIAN_POINT('',(-0.0257249847810616,0.00226222820812708,0.00813203956066489));
#2229=CARTESIAN_POINT('',(-0.0257250055491608,0.001,0.00831013540743444));
#2230=CARTESIAN_POINT('',(-0.0221537312152386,0.00784708277682231,0.00457058237892212));
#2231=CARTESIAN_POINT('',(-0.0224978568286239,0.00751612129607289,0.0049484508623979));
#2232=CARTESIAN_POINT('',(-0.0247286875339023,0.00509353057794379,0.00741189378129866));
#2233=CARTESIAN_POINT('',(-0.0257250513305476,0.00226222820812709,0.00860376039212215));
#2234=CARTESIAN_POINT('',(-0.0257250064162758,0.001,0.00869102417034614));
#2235=CARTESIAN_POINT('',(-0.0220886260906803,0.00784708277682231,0.0047604478726768));
#2236=CARTESIAN_POINT('',(-0.0224363068950356,0.00751612129607289,0.00514361588348864));
#2237=CARTESIAN_POINT('',(-0.0246942130047942,0.0050935305779438,0.0076368195480737));
#2238=CARTESIAN_POINT('',(-0.0257249058680467,0.00226222820812708,0.00880685584324456));
#2239=CARTESIAN_POINT('',(-0.0257250053883975,0.001,0.00883805967769982));
#2240=CARTESIAN_POINT('',(-0.0220408480214214,0.00784708277682231,0.00489456693224544));
#2241=CARTESIAN_POINT('',(-0.022391142280858,0.00751612129607289,0.00528071828864388));
#2242=CARTESIAN_POINT('',(-0.0246689501846019,0.00509353057794379,0.00778963440050493));
#2243=CARTESIAN_POINT('',(-0.0257251624543838,0.00226222820812709,0.008939557918073));
#2244=CARTESIAN_POINT('',(-0.0257250085702245,0.001,0.00892618112658006));
#2245=CARTESIAN_POINT('',(-0.0219935318077435,0.00784708277682231,0.00501278423590037));
#2246=CARTESIAN_POINT('',(-0.0223492853275,0.00751612129607289,0.00539564421201031));
#2247=CARTESIAN_POINT('',(-0.0246578645886687,0.00509353057794379,0.00788030763513729));
#2248=CARTESIAN_POINT('',(-0.0257037133017272,0.00226222820812709,0.00900183057547942));
#2249=CARTESIAN_POINT('',(-0.0257145731909404,0.001,0.00897852383271503));
#2250=CARTESIAN_POINT('',(-0.0218426759317027,0.00784708277682231,0.00521766019503671));
#2251=CARTESIAN_POINT('',(-0.0222124097166594,0.00751612129607289,0.00558739425282624));
#2252=CARTESIAN_POINT('',(-0.0246072671242038,0.0050935305779438,0.00798225729526695));
#2253=CARTESIAN_POINT('',(-0.0256667650378985,0.00226222820812708,0.00904179316905433));
#2254=CARTESIAN_POINT('',(-0.0256701170759015,0.001,0.0090451200309519));
#2255=CARTESIAN_POINT('',(-0.0216377636933569,0.00784708277682231,0.00536858793931008));
#2256=CARTESIAN_POINT('',(-0.0220206239472726,0.00751612129607289,0.00572434114365101));
#2257=CARTESIAN_POINT('',(-0.0245053217625372,0.00509353057794379,0.00803289098318246));
#2258=CARTESIAN_POINT('',(-0.0256268591329417,0.00226222820812709,0.00907869986306472));
#2259=CARTESIAN_POINT('',(-0.0256035201432162,0.001,0.00908958281447211));
#2260=CARTESIAN_POINT('',(-0.0215195897825064,0.00784708277682231,0.00541573310008255));
#2261=CARTESIAN_POINT('',(-0.0219057400599484,0.00751612129607289,0.00576602664847871));
#2262=CARTESIAN_POINT('',(-0.02441460784195,0.00509353057794379,0.00804386854232819));
#2263=CARTESIAN_POINT('',(-0.025564423731653,0.00226222820812709,0.00910006677365967));
#2264=CARTESIAN_POINT('',(-0.0255511742111038,0.001,0.00910000023682661));
#2265=CARTESIAN_POINT('',(-0.0199712993031143,0.00784708277682231,0.00596774265873332));
#2266=CARTESIAN_POINT('',(-0.0203230476725834,0.00751612129607289,0.00628788970024269));
#2267=CARTESIAN_POINT('',(-0.0226507136189887,0.00509353057794379,0.00833590966133857));
#2268=CARTESIAN_POINT('',(-0.0240369690734679,0.00226222820812708,0.00909992225368172));
#2269=CARTESIAN_POINT('',(-0.0245339331988824,0.001,0.00909999584812017));
#2270=CARTESIAN_POINT('',(-0.0182982570683656,0.00784708277682228,0.00624424588467136));
#2271=CARTESIAN_POINT('',(-0.0184741309870906,0.00751612129607287,0.00654965948762747));
#2272=CARTESIAN_POINT('',(-0.0196379802618191,0.00509353057794377,0.00848467535759425));
#2273=CARTESIAN_POINT('',(-0.0203311163379489,0.00226222820812708,0.00910003541373844));
#2274=CARTESIAN_POINT('',(-0.0205794649307791,0.001,0.0091));
#2275=CARTESIAN_POINT('',(-0.016625,0.00784708277682228,0.00624424588467136));
#2276=CARTESIAN_POINT('',(-0.016625,0.00751612129607287,0.00654966286974773));
#2277=CARTESIAN_POINT('',(-0.016625,0.00509353057794377,0.00848471266874794));
#2278=CARTESIAN_POINT('',(-0.016625,0.00226222820812708,0.0091));
#2279=CARTESIAN_POINT('',(-0.016625,0.001,0.0091));
#2280=CARTESIAN_POINT('',(-0.025725,0.001,-0.0089));
#2281=CARTESIAN_POINT('',(-0.025725,0.001,-0.00900471975511966));
#2282=CARTESIAN_POINT('',(-0.0256297197551197,0.001,-0.0091));
#2283=CARTESIAN_POINT('',(-0.025525,0.001,-0.0091));
#2284=CARTESIAN_POINT('',(-0.025725,0.001,-0.0089));
#2285=CARTESIAN_POINT('',(-0.025725,0.001,-0.0091));
#2286=CARTESIAN_POINT('',(-0.025725,0.001,0.0089));
#2287=CARTESIAN_POINT('',(-0.025525,0.001,0.0091));
#2288=CARTESIAN_POINT('',(-0.0256297197551197,0.001,0.0091));
#2289=CARTESIAN_POINT('',(-0.025725,0.001,0.00900471975511966));
#2290=CARTESIAN_POINT('',(-0.025725,0.001,0.0089));
#2291=CARTESIAN_POINT('',(-0.016625,0.046,0.));
#2292=CARTESIAN_POINT('',(-0.023925,0.,-0.0073));
#2293=CARTESIAN_POINT('',(-0.025525,0.,0.0089));
#2294=CARTESIAN_POINT('',(-0.025725,0.,0.0089));
#2295=CARTESIAN_POINT('',(-0.025725,0.,-0.0091));
#2296=CARTESIAN_POINT('',(-0.025725,0.,-0.0089));
#2297=CARTESIAN_POINT('',(-0.025525,0.,-0.0089));
#2298=CARTESIAN_POINT('',(-0.0095,0.,0.));
#2299=CARTESIAN_POINT('',(-0.0095,0.,0.));
#2300=CARTESIAN_POINT('',(-0.0095,0.,0.0028));
#2301=CARTESIAN_POINT('',(-0.01155,0.,0.000585));
#2302=CARTESIAN_POINT('',(-0.01155,0.0003,0.0002925));
#2303=CARTESIAN_POINT('',(-0.01155,0.0003,-0.000585));
#2304=CARTESIAN_POINT('',(-0.01155,0.0003,0.000585));
#2305=CARTESIAN_POINT('',(-0.01155,0.,-0.000585));
#2306=CARTESIAN_POINT('',(-0.01155,0.0047,-0.000585));
#2307=CARTESIAN_POINT('',(-0.01155,0.0047,0.0002925));
#2308=CARTESIAN_POINT('',(-0.01155,0.0047,0.000585));
#2309=CARTESIAN_POINT('',(-0.01155,0.,0.000585));
#2310=CARTESIAN_POINT('',(-0.01155,0.,-0.000585));
#2311=CARTESIAN_POINT('',(-0.010525,0.0003,-0.000585));
#2312=CARTESIAN_POINT('',(-0.010085,0.0003,-0.000585));
#2313=CARTESIAN_POINT('',(-0.010085,0.,-0.000585));
#2314=CARTESIAN_POINT('',(-0.010085,0.0047,-0.000585));
#2315=CARTESIAN_POINT('',(-0.010525,0.0047,-0.000585));
#2316=CARTESIAN_POINT('',(-0.008915,0.,0.000585));
#2317=CARTESIAN_POINT('',(-0.008915,0.0003,0.0002925));
#2318=CARTESIAN_POINT('',(-0.008915,0.0003,0.00205));
#2319=CARTESIAN_POINT('',(-0.008915,0.0003,0.000585));
#2320=CARTESIAN_POINT('',(-0.008915,0.,0.00205));
#2321=CARTESIAN_POINT('',(-0.008915,0.0047,0.00205));
#2322=CARTESIAN_POINT('',(-0.008915,0.0047,0.0002925));
#2323=CARTESIAN_POINT('',(-0.008915,0.0047,0.000585));
#2324=CARTESIAN_POINT('',(-0.008915,0.,0.000585));
#2325=CARTESIAN_POINT('',(-0.008915,0.,0.00205));
#2326=CARTESIAN_POINT('',(-0.0092075,0.0003,0.00205));
#2327=CARTESIAN_POINT('',(-0.010085,0.0003,0.00205));
#2328=CARTESIAN_POINT('',(-0.010085,0.,0.00205));
#2329=CARTESIAN_POINT('',(-0.010085,0.0047,0.00205));
#2330=CARTESIAN_POINT('',(-0.0092075,0.0047,0.00205));
#2331=CARTESIAN_POINT('',(-0.010085,0.,0.00205));
#2332=CARTESIAN_POINT('',(-0.010085,0.0003,0.001025));
#2333=CARTESIAN_POINT('',(-0.010085,0.0003,0.000585));
#2334=CARTESIAN_POINT('',(-0.010085,0.,0.000585));
#2335=CARTESIAN_POINT('',(-0.010085,0.0047,0.000585));
#2336=CARTESIAN_POINT('',(-0.010085,0.0047,0.001025));
#2337=CARTESIAN_POINT('',(-0.010085,0.,0.000585));
#2338=CARTESIAN_POINT('',(-0.0097925,0.0003,0.000585));
#2339=CARTESIAN_POINT('',(-0.0097925,0.0047,0.000585));
#2340=CARTESIAN_POINT('',(-0.0095,0.0047,0.));
#2341=CARTESIAN_POINT('',(-0.01155,0.0047,-0.000585));
#2342=CARTESIAN_POINT('',(-0.00745,0.0047,-0.000585));
#2343=CARTESIAN_POINT('',(-0.008915,0.0047,-0.000585));
#2344=CARTESIAN_POINT('',(-0.00745,0.0047,-0.0002925));
#2345=CARTESIAN_POINT('',(-0.00745,0.0047,0.000585));
#2346=CARTESIAN_POINT('',(-0.010085,0.0047,0.000585));
#2347=CARTESIAN_POINT('',(-0.010085,0.0047,0.00205));
#2348=CARTESIAN_POINT('',(-0.010085,0.0047,-0.00205));
#2349=CARTESIAN_POINT('',(-0.0097925,0.0047,-0.00205));
#2350=CARTESIAN_POINT('',(-0.008915,0.0047,-0.00205));
#2351=CARTESIAN_POINT('',(-0.008915,0.0047,0.000585));
#2352=CARTESIAN_POINT('',(-0.002375,0.,0.));
#2353=CARTESIAN_POINT('',(-0.0097925,0.,0.000885));
#2354=CARTESIAN_POINT('',(-0.00715,1.35525271560688E-20,0.000885));
#2355=CARTESIAN_POINT('',(-0.008615,0.,0.000885));
#2356=CARTESIAN_POINT('',(-0.00715,0.,-0.0002925));
#2357=CARTESIAN_POINT('',(-0.00715,9.6373526443156E-20,-0.000885));
#2358=CARTESIAN_POINT('',(-0.010525,0.,-0.000885));
#2359=CARTESIAN_POINT('',(-0.008615,-1.20466908053945E-20,-0.000885));
#2360=CARTESIAN_POINT('',(-0.008615,0.,0.0002925));
#2361=CARTESIAN_POINT('',(-0.008615,0.,-0.00235));
#2362=CARTESIAN_POINT('',(-0.0097925,0.,-0.00235));
#2363=CARTESIAN_POINT('',(-0.010385,3.61400724161835E-20,-0.00235));
#2364=CARTESIAN_POINT('',(-0.010385,0.,0.001025));
#2365=CARTESIAN_POINT('',(-0.010385,0.,-0.000885));
#2366=CARTESIAN_POINT('',(-0.010525,0.,-0.000885));
#2367=CARTESIAN_POINT('',(-0.01185,2.71050543121376E-20,-0.000885));
#2368=CARTESIAN_POINT('',(-0.01185,0.,0.0002925));
#2369=CARTESIAN_POINT('',(-0.01185,0.,0.000885));
#2370=CARTESIAN_POINT('',(-0.0097925,0.,0.000885));
#2371=CARTESIAN_POINT('',(-0.010385,-1.20466908053945E-20,0.000885));
#2372=CARTESIAN_POINT('',(-0.010385,0.,0.001025));
#2373=CARTESIAN_POINT('',(-0.010385,0.,0.00235));
#2374=CARTESIAN_POINT('',(-0.0092075,0.,0.00235));
#2375=CARTESIAN_POINT('',(-0.008615,3.61400724161835E-20,0.00235));
#2376=CARTESIAN_POINT('',(-0.008615,0.,0.0002925));
#2377=CARTESIAN_POINT('',(-0.010085,0.,0.000585));
#2378=CARTESIAN_POINT('',(-0.0097925,0.0003,0.000585));
#2379=CARTESIAN_POINT('',(-0.00745,0.0003,0.000585));
#2380=CARTESIAN_POINT('',(-0.00745,0.,0.000585));
#2381=CARTESIAN_POINT('',(-0.00745,0.,-0.000585));
#2382=CARTESIAN_POINT('',(-0.00745,0.0003,-0.0002925));
#2383=CARTESIAN_POINT('',(-0.00745,0.0003,-0.000585));
#2384=CARTESIAN_POINT('',(-0.00745,0.,-0.000585));
#2385=CARTESIAN_POINT('',(-0.01155,0.,-0.000585));
#2386=CARTESIAN_POINT('',(-0.010525,0.0003,-0.000585));
#2387=CARTESIAN_POINT('',(-0.008915,0.0003,-0.000585));
#2388=CARTESIAN_POINT('',(-0.008915,0.,-0.000585));
#2389=CARTESIAN_POINT('',(-0.008915,0.,0.000585));
#2390=CARTESIAN_POINT('',(-0.008915,0.0003,0.0002925));
#2391=CARTESIAN_POINT('',(-0.008915,0.0003,-0.00205));
#2392=CARTESIAN_POINT('',(-0.008915,0.,-0.00205));
#2393=CARTESIAN_POINT('',(-0.010085,0.,-0.00205));
#2394=CARTESIAN_POINT('',(-0.0097925,0.0003,-0.00205));
#2395=CARTESIAN_POINT('',(-0.010085,0.0003,-0.00205));
#2396=CARTESIAN_POINT('',(-0.010085,0.,-0.00205));
#2397=CARTESIAN_POINT('',(-0.010085,0.,0.00205));
#2398=CARTESIAN_POINT('',(-0.010085,0.0003,0.001025));
#2399=CARTESIAN_POINT('',(-0.008765,0.00015,0.0002925));
#2400=CARTESIAN_POINT('',(-0.0091075,0.0004925,-0.0018575));
#2401=CARTESIAN_POINT('',(-0.0091075,0.0004925,-0.0003925));
#2402=CARTESIAN_POINT('',(-0.0097925,0.00015,-0.0022));
#2403=CARTESIAN_POINT('',(-0.00916,0.001225,-0.001125));
#2404=CARTESIAN_POINT('',(-0.010235,0.00015,0.001025));
#2405=CARTESIAN_POINT('',(-0.0103316666666667,5.33333333333332E-5,-0.000831666666666667));
#2406=CARTESIAN_POINT('',(-0.0073,0.00015,-0.0002925));
#2407=CARTESIAN_POINT('',(-0.00813083333333333,0.000980833333333334,-9.58333333333335E-5));
#2408=CARTESIAN_POINT('',(-0.008375,0.001225,0.00034));
#2409=CARTESIAN_POINT('',(-0.010525,0.00015,-0.000735));
#2410=CARTESIAN_POINT('',(-0.01185,0.,-0.000885));
#2411=CARTESIAN_POINT('',(-0.0117,0.00015,0.0002925));
#2412=CARTESIAN_POINT('',(-0.01185,0.,0.000885));
#2413=CARTESIAN_POINT('',(-0.0097925,0.00015,0.000735));
#2414=CARTESIAN_POINT('',(-0.010385,0.,0.000885));
#2415=CARTESIAN_POINT('',(-0.010235,0.00015,0.001025));
#2416=CARTESIAN_POINT('',(-0.010385,0.,0.00235));
#2417=CARTESIAN_POINT('',(-0.0092075,0.00015,0.0022));
#2418=CARTESIAN_POINT('',(-0.008615,0.,0.00235));
#2419=CARTESIAN_POINT('',(-0.008765,0.00015,0.0002925));
#2420=CARTESIAN_POINT('',(-0.0091075,0.0004925,0.0003925));
#2421=CARTESIAN_POINT('',(-0.0097925,0.00015,0.000735));
#2422=CARTESIAN_POINT('',(-0.010525,0.00015,-0.000735));
#2423=MECHANICAL_DESIGN_GEOMETRIC_PRESENTATION_REPRESENTATION('',(#943),
#2424);
#2424=(
GEOMETRIC_REPRESENTATION_CONTEXT(3)
GLOBAL_UNCERTAINTY_ASSIGNED_CONTEXT((#2425))
GLOBAL_UNIT_ASSIGNED_CONTEXT((#2428,#2427,#2426))
REPRESENTATION_CONTEXT('DSA V4 1x1.75 v4','TOP_LEVEL_ASSEMBLY_PART')
);
#2425=UNCERTAINTY_MEASURE_WITH_UNIT(LENGTH_MEASURE(2.E-5),#2428,
'DISTANCE_ACCURACY_VALUE','Maximum Tolerance applied to model');
#2426=(
NAMED_UNIT(*)
SI_UNIT($,.STERADIAN.)
SOLID_ANGLE_UNIT()
);
#2427=(
NAMED_UNIT(*)
PLANE_ANGLE_UNIT()
SI_UNIT($,.RADIAN.)
);
#2428=(
LENGTH_UNIT()
NAMED_UNIT(*)
SI_UNIT($,.METRE.)
);
#2429=PRODUCT_DEFINITION_SHAPE('','',#2430);
#2430=PRODUCT_DEFINITION('','',#2432,#2431);
#2431=PRODUCT_DEFINITION_CONTEXT('',#2438,'design');
#2432=PRODUCT_DEFINITION_FORMATION_WITH_SPECIFIED_SOURCE('','',#2434,
 .NOT_KNOWN.);
#2433=PRODUCT_RELATED_PRODUCT_CATEGORY('','',(#2434));
#2434=PRODUCT('DSA V4 1x1.75 v4','DSA V4 1x1.75 v4','DSA V4 1x1.75 v4',
(#2436));
#2435=PRODUCT_CATEGORY('','');
#2436=PRODUCT_CONTEXT('',#2438,'mechanical');
#2437=APPLICATION_PROTOCOL_DEFINITION('international standard',
'ap242_managed_model_based_3d_engineering',2020,#2438);
#2438=APPLICATION_CONTEXT('managed model based 3d engineering');
ENDSEC;
END-ISO-10303-21;
