ISO-10303-21;
HEADER;
/* Generated by software containing ST-Developer
 * from STEP Tools, Inc. (www.steptools.com) 
 */
/* OPTION: using custom renumber hook */

FILE_DESCRIPTION(
/* description */ ('STEP AP242 Edition 2',
'CAx-IF Rec.Pracs.---Representation and Presentation of Product Manufa
cturing Information (PMI)---4.0---2014-10-13',
'CAx-IF Rec.Pracs.---3D Tessellated Geometry---0.4---2014-09-14','2;1',
'CAx-IF Rec.Pracs.---User Defined Attributes---1.5---2016-08-15'),
/* implementation_level */ '2;1');

FILE_NAME(
/* name */ 'DSA 2u - DSA V4 1x2 v4',
/* time_stamp */ '2026-06-08T00:57:39Z',
/* author */ (''),
/* organization */ (''),
/* preprocessor_version */ 'ST-DEVELOPER v20',
/* originating_system */ 'ONSHAPE BY PTC INC, 1.216',
/* authorisation */ '  ');

FILE_SCHEMA (('AP242_MANAGED_MODEL_BASED_3D_ENGINEERING_MIM_LF { 1 0 10303 442 3 1 4 }'));
ENDSEC;

DATA;
#10=SHAPE_REPRESENTATION_RELATIONSHIP('','',#1891,#11);
#11=ADVANCED_BREP_SHAPE_REPRESENTATION('',(#1889),#4068);
#12=ELLIPSE('',#1913,0.00809938269252663,0.0028);
#13=ELLIPSE('',#1947,0.00809938269252663,0.0028);
#14=SPHERICAL_SURFACE('',#1905,0.03875);
#15=SPHERICAL_SURFACE('',#1911,0.03875);
#16=B_SPLINE_SURFACE_WITH_KNOTS('',3,3,((#2515,#2516,#2517,#2518,#2519,
#2520,#2521,#2522),(#2523,#2524,#2525,#2526,#2527,#2528,#2529,#2530),(#2531,
#2532,#2533,#2534,#2535,#2536,#2537,#2538),(#2539,#2540,#2541,#2542,#2543,
#2544,#2545,#2546),(#2547,#2548,#2549,#2550,#2551,#2552,#2553,#2554),(#2555,
#2556,#2557,#2558,#2559,#2560,#2561,#2562),(#2563,#2564,#2565,#2566,#2567,
#2568,#2569,#2570),(#2571,#2572,#2573,#2574,#2575,#2576,#2577,#2578),(#2579,
#2580,#2581,#2582,#2583,#2584,#2585,#2586),(#2587,#2588,#2589,#2590,#2591,
#2592,#2593,#2594),(#2595,#2596,#2597,#2598,#2599,#2600,#2601,#2602),(#2603,
#2604,#2605,#2606,#2607,#2608,#2609,#2610),(#2611,#2612,#2613,#2614,#2615,
#2616,#2617,#2618),(#2619,#2620,#2621,#2622,#2623,#2624,#2625,#2626),(#2627,
#2628,#2629,#2630,#2631,#2632,#2633,#2634),(#2635,#2636,#2637,#2638,#2639,
#2640,#2641,#2642),(#2643,#2644,#2645,#2646,#2647,#2648,#2649,#2650),(#2651,
#2652,#2653,#2654,#2655,#2656,#2657,#2658),(#2659,#2660,#2661,#2662,#2663,
#2664,#2665,#2666),(#2667,#2668,#2669,#2670,#2671,#2672,#2673,#2674),(#2675,
#2676,#2677,#2678,#2679,#2680,#2681,#2682),(#2683,#2684,#2685,#2686,#2687,
#2688,#2689,#2690),(#2691,#2692,#2693,#2694,#2695,#2696,#2697,#2698),(#2699,
#2700,#2701,#2702,#2703,#2704,#2705,#2706)),.UNSPECIFIED.,.F.,.F.,.F.,(4,
1,2,1,1,1,1,2,1,1,1,1,1,1,2,1,1,1,4),(4,3,1,4),(0.618727432990597,0.678091149485897,
0.737454865981197,0.740591149485893,0.743727432990588,0.746863716495283,
0.748431858247631,0.749999999999979,0.764840929123806,0.779681858247634,
0.809363716495289,0.868727432990599,0.928091149485909,0.972613936857391,
0.987454865981218,0.991375220362102,0.993727432990632,0.996863716495339,
1.00000000000005),(-0.00586991325938641,0.,0.838556939079172,0.978316428925701),
 .UNSPECIFIED.);
#17=B_SPLINE_SURFACE_WITH_KNOTS('',3,3,((#2792,#2793,#2794,#2795,#2796,
#2797,#2798,#2799,#2800,#2801,#2802,#2803,#2804,#2805,#2806,#2807,#2808,
#2809,#2810,#2811,#2812,#2813,#2814,#2815,#2816,#2817,#2818,#2819,#2820,
#2821,#2822,#2823,#2824,#2825,#2826,#2827,#2828,#2829,#2830,#2831,#2832,
#2833,#2834,#2835,#2836,#2837,#2838,#2839,#2840,#2841,#2842,#2843,#2844,
#2845,#2846,#2847,#2848,#2849,#2850,#2851,#2852,#2853,#2854,#2855,#2856,
#2857),(#2858,#2859,#2860,#2861,#2862,#2863,#2864,#2865,#2866,#2867,#2868,
#2869,#2870,#2871,#2872,#2873,#2874,#2875,#2876,#2877,#2878,#2879,#2880,
#2881,#2882,#2883,#2884,#2885,#2886,#2887,#2888,#2889,#2890,#2891,#2892,
#2893,#2894,#2895,#2896,#2897,#2898,#2899,#2900,#2901,#2902,#2903,#2904,
#2905,#2906,#2907,#2908,#2909,#2910,#2911,#2912,#2913,#2914,#2915,#2916,
#2917,#2918,#2919,#2920,#2921,#2922,#2923),(#2924,#2925,#2926,#2927,#2928,
#2929,#2930,#2931,#2932,#2933,#2934,#2935,#2936,#2937,#2938,#2939,#2940,
#2941,#2942,#2943,#2944,#2945,#2946,#2947,#2948,#2949,#2950,#2951,#2952,
#2953,#2954,#2955,#2956,#2957,#2958,#2959,#2960,#2961,#2962,#2963,#2964,
#2965,#2966,#2967,#2968,#2969,#2970,#2971,#2972,#2973,#2974,#2975,#2976,
#2977,#2978,#2979,#2980,#2981,#2982,#2983,#2984,#2985,#2986,#2987,#2988,
#2989),(#2990,#2991,#2992,#2993,#2994,#2995,#2996,#2997,#2998,#2999,#3000,
#3001,#3002,#3003,#3004,#3005,#3006,#3007,#3008,#3009,#3010,#3011,#3012,
#3013,#3014,#3015,#3016,#3017,#3018,#3019,#3020,#3021,#3022,#3023,#3024,
#3025,#3026,#3027,#3028,#3029,#3030,#3031,#3032,#3033,#3034,#3035,#3036,
#3037,#3038,#3039,#3040,#3041,#3042,#3043,#3044,#3045,#3046,#3047,#3048,
#3049,#3050,#3051,#3052,#3053,#3054,#3055)),.UNSPECIFIED.,.F.,.F.,.F.,(4,
4),(4,1,1,1,1,1,1,1,1,1,1,1,1,2,1,1,2,1,1,1,1,1,1,1,1,1,1,1,1,1,1,1,1,1,
1,1,1,1,1,1,1,1,1,1,1,1,1,1,1,1,1,1,1,1,1,1,1,2,1,1,4),(0.,1.),(-2.12021636740835,
-2.03514895827607,-1.99261525370993,-1.95008154914379,-1.86501414001151,
-1.82248043544537,-1.77994673087924,-1.7374130263131,-1.69487932174696,
-1.60981191261468,-1.56727820804854,-1.5247445034824,-1.48221079891626,
-1.43967709435013,-1.41826643186702,-1.39685576938392,-1.35403444441771,
-1.33279769429151,-1.31156094416532,-1.26908744391294,-1.18414044340818,
-1.09919344290342,-1.01424644239865,-0.929299441893892,-0.844352441389129,
-0.759405440884366,-0.674458440379603,-0.58951143987484,-0.504564439370077,
-0.419617438865314,-0.334670438360552,-0.249723437855789,-0.164776437351026,
-0.0798294368462631,-0.0745202493147155,-0.0718656555489416,-0.0692110617831678,
-0.0639018742516201,-0.0585926867200724,-0.0373559365938817,-0.0320467490623341,
-0.0267375615307864,-0.0214283739992387,-0.016119186467691,-0.0134645927019172,
-0.0108099989361433,-0.00550081140459566,-0.000191623873047986,0.000472024568395473,
0.00113567300983893,0.00246296989272585,0.00379026677561277,0.0041220909963345,
0.00445391521705623,0.00478573943777796,0.00495165154813883,0.00503460760331926,
0.00511756365849969,0.0205301565612306,0.0359427494639616,0.0667679352694234),
 .UNSPECIFIED.);
#18=B_SPLINE_SURFACE_WITH_KNOTS('',3,3,((#3146,#3147,#3148,#3149),(#3150,
#3151,#3152,#3153),(#3154,#3155,#3156,#3157),(#3158,#3159,#3160,#3161)),
 .UNSPECIFIED.,.F.,.F.,.F.,(4,4),(4,4),(-2.13281401302495E-14,0.118727432990614),
(0.,0.974998235768949),.PIECEWISE_BEZIER_KNOTS.);
#19=B_SPLINE_SURFACE_WITH_KNOTS('',3,3,((#3193,#3194,#3195,#3196,#3197,
#3198,#3199,#3200,#3201,#3202,#3203),(#3204,#3205,#3206,#3207,#3208,#3209,
#3210,#3211,#3212,#3213,#3214),(#3215,#3216,#3217,#3218,#3219,#3220,#3221,
#3222,#3223,#3224,#3225),(#3226,#3227,#3228,#3229,#3230,#3231,#3232,#3233,
#3234,#3235,#3236)),.UNSPECIFIED.,.F.,.F.,.F.,(4,4),(4,2,1,1,1,1,1,4),(0.,
1.),(-5.71256255511208,-5.68838787379656,-5.67141848191819,-5.65444909003982,
-5.62051030628307,-5.55263273876959,-5.41687760374262,-5.00961219866172),
 .UNSPECIFIED.);
#20=B_SPLINE_SURFACE_WITH_KNOTS('',3,1,((#3254,#3255),(#3256,#3257),(#3258,
#3259),(#3260,#3261),(#3262,#3263),(#3264,#3265)),
 .SURF_OF_LINEAR_EXTRUSION.,.F.,.F.,.F.,(4,1,1,4),(2,2),(0.,0.115596389867054,
0.231192779734108,0.462385559468216),(0.,1.),.UNSPECIFIED.);
#21=B_SPLINE_SURFACE_WITH_KNOTS('',3,1,((#3292,#3293),(#3294,#3295),(#3296,
#3297),(#3298,#3299),(#3300,#3301),(#3302,#3303),(#3304,#3305),(#3306,#3307)),
 .SURF_OF_LINEAR_EXTRUSION.,.F.,.F.,.F.,(4,1,1,1,1,4),(2,2),(0.0447874457422382,
0.235070244560637,0.425353043379036,0.520494442788235,0.615635842197435,
0.805918641015834),(0.,1.),.UNSPECIFIED.);
#22=B_SPLINE_SURFACE_WITH_KNOTS('',3,3,((#3316,#3317,#3318,#3319,#3320,
#3321,#3322,#3323,#3324,#3325,#3326,#3327,#3328,#3329,#3330,#3331,#3332,
#3333,#3334,#3335,#3336,#3337,#3338,#3339,#3340,#3341,#3342,#3343,#3344,
#3345,#3346,#3347,#3348,#3349,#3350),(#3351,#3352,#3353,#3354,#3355,#3356,
#3357,#3358,#3359,#3360,#3361,#3362,#3363,#3364,#3365,#3366,#3367,#3368,
#3369,#3370,#3371,#3372,#3373,#3374,#3375,#3376,#3377,#3378,#3379,#3380,
#3381,#3382,#3383,#3384,#3385),(#3386,#3387,#3388,#3389,#3390,#3391,#3392,
#3393,#3394,#3395,#3396,#3397,#3398,#3399,#3400,#3401,#3402,#3403,#3404,
#3405,#3406,#3407,#3408,#3409,#3410,#3411,#3412,#3413,#3414,#3415,#3416,
#3417,#3418,#3419,#3420),(#3421,#3422,#3423,#3424,#3425,#3426,#3427,#3428,
#3429,#3430,#3431,#3432,#3433,#3434,#3435,#3436,#3437,#3438,#3439,#3440,
#3441,#3442,#3443,#3444,#3445,#3446,#3447,#3448,#3449,#3450,#3451,#3452,
#3453,#3454,#3455)),.UNSPECIFIED.,.F.,.F.,.F.,(4,4),(4,1,1,1,1,2,1,1,1,
1,2,1,1,1,1,1,1,1,2,1,1,1,2,1,1,1,1,1,4),(0.,1.),(-5.00961219866172,-4.6695411509153,
-4.49950562704209,-4.41448786510549,-4.37197898413719,-4.32947010316888,
-4.31874458726517,-4.30801907136146,-4.28656803955403,-4.25439149184289,
-4.24366597593918,-4.22242931545285,-4.20119265496652,-4.15871933399387,
-4.07377269204857,-3.90387940815797,-3.56409284037676,-3.22430627259556,
-2.88451970481435,-2.8791660072403,-2.86310491451816,-2.84169012422197,
-2.79886054362959,-2.77765291312268,-2.75644528261576,-2.71403002160194,
-2.62919949957428,-2.45953845551897,-2.12021636740834),.UNSPECIFIED.);
#23=B_SPLINE_SURFACE_WITH_KNOTS('',3,3,((#3528,#3529,#3530,#3531,#3532),
(#3533,#3534,#3535,#3536,#3537),(#3538,#3539,#3540,#3541,#3542),(#3543,
#3544,#3545,#3546,#3547),(#3548,#3549,#3550,#3551,#3552),(#3553,#3554,#3555,
#3556,#3557),(#3558,#3559,#3560,#3561,#3562),(#3563,#3564,#3565,#3566,#3567),
(#3568,#3569,#3570,#3571,#3572),(#3573,#3574,#3575,#3576,#3577),(#3578,
#3579,#3580,#3581,#3582),(#3583,#3584,#3585,#3586,#3587),(#3588,#3589,#3590,
#3591,#3592),(#3593,#3594,#3595,#3596,#3597),(#3598,#3599,#3600,#3601,#3602),
(#3603,#3604,#3605,#3606,#3607),(#3608,#3609,#3610,#3611,#3612),(#3613,
#3614,#3615,#3616,#3617),(#3618,#3619,#3620,#3621,#3622),(#3623,#3624,#3625,
#3626,#3627),(#3628,#3629,#3630,#3631,#3632),(#3633,#3634,#3635,#3636,#3637),
(#3638,#3639,#3640,#3641,#3642),(#3643,#3644,#3645,#3646,#3647),(#3648,
#3649,#3650,#3651,#3652),(#3653,#3654,#3655,#3656,#3657)),.UNSPECIFIED.,
 .F.,.F.,.F.,(4,2,1,1,1,2,1,1,1,1,1,1,1,1,2,1,1,1,2,4),(4,1,4),(0.118727432990612,
0.237454865981223,0.240591149485918,0.243727432990612,0.246863716495307,
0.25,0.257420464561914,0.264840929123828,0.279681858247654,0.368727432990613,
0.428091149485919,0.457773007733572,0.472613936857398,0.480034401419311,
0.487454865981225,0.490591149485919,0.493727432990614,0.496863716495308,
0.5,0.618727432990647),(0.,0.838558582964256,0.978318346791632),
 .UNSPECIFIED.);
#24=CIRCLE('',#1895,0.0002);
#25=CIRCLE('',#1897,0.0002);
#26=CIRCLE('',#1898,0.0002);
#27=CIRCLE('',#1899,0.0002);
#28=CIRCLE('',#1906,0.03875);
#29=CIRCLE('',#1909,0.03875);
#30=CIRCLE('',#1918,0.0028);
#31=CIRCLE('',#1919,0.0028);
#32=CIRCLE('',#1949,0.0028);
#33=CIRCLE('',#1950,0.0028);
#34=CIRCLE('',#1978,0.0028);
#35=CIRCLE('',#1987,0.0028);
#36=B_SPLINE_CURVE_WITH_KNOTS('',3,(#2470,#2471,#2472,#2473),
 .UNSPECIFIED.,.F.,.F.,(4,4),(0.,1.),.UNSPECIFIED.);
#37=B_SPLINE_CURVE_WITH_KNOTS('',3,(#2503,#2504,#2505,#2506),
 .UNSPECIFIED.,.F.,.F.,(4,4),(0.,1.),.UNSPECIFIED.);
#38=B_SPLINE_CURVE_WITH_KNOTS('',3,(#2707,#2708,#2709,#2710,#2711,#2712,
#2713,#2714),.UNSPECIFIED.,.F.,.F.,(4,1,1,1,1,4),(0.,0.25,0.5,0.625,0.75,
1.),.UNSPECIFIED.);
#39=B_SPLINE_CURVE_WITH_KNOTS('',3,(#2716,#2717,#2718,#2719,#2720,#2721,
#2722,#2723,#2724,#2725,#2726,#2727,#2728,#2729,#2730,#2731),
 .UNSPECIFIED.,.F.,.F.,(4,1,1,1,1,1,1,1,1,1,1,1,1,4),(0.,0.25,0.375,0.4375,
0.5,0.5625,0.625,0.6875,0.75,0.8125,0.84375,0.875,0.9375,1.),
 .UNSPECIFIED.);
#40=B_SPLINE_CURVE_WITH_KNOTS('',3,(#2733,#2734,#2735,#2736,#2737,#2738,
#2739,#2740,#2741),.UNSPECIFIED.,.F.,.F.,(4,1,1,1,1,1,4),(0.,0.125,0.25,
0.5,0.75,0.875,1.),.UNSPECIFIED.);
#41=B_SPLINE_CURVE_WITH_KNOTS('',3,(#2743,#2744,#2745,#2746,#2747,#2748,
#2749,#2750,#2751,#2752,#2753,#2754,#2755,#2756,#2757,#2758,#2759,#2760,
#2761,#2762,#2763,#2764,#2765,#2766,#2767,#2768,#2769,#2770),
 .UNSPECIFIED.,.F.,.F.,(4,1,1,1,1,1,1,1,1,1,1,1,1,1,1,1,1,1,1,1,1,1,1,1,
1,4),(0.,0.03125,0.0625,0.09375,0.109375,0.1171875,0.125,0.1328125,0.140625,
0.15625,0.1875,0.21875,0.25,0.3125,0.375,0.5,0.625,0.6875,0.71875,0.75,
0.78125,0.8125,0.875,0.90625,0.9375,1.),.UNSPECIFIED.);
#42=B_SPLINE_CURVE_WITH_KNOTS('',3,(#2772,#2773,#2774,#2775,#2776,#2777,
#2778,#2779),.UNSPECIFIED.,.F.,.F.,(4,1,1,1,1,4),(0.,0.125,0.25,0.375,0.5,
1.),.UNSPECIFIED.);
#43=B_SPLINE_CURVE_WITH_KNOTS('',3,(#2781,#2782,#2783,#2784,#2785,#2786),
 .UNSPECIFIED.,.F.,.F.,(4,1,1,4),(0.,0.5,0.75,1.),.UNSPECIFIED.);
#44=B_SPLINE_CURVE_WITH_KNOTS('',3,(#2788,#2789,#2790,#2791),
 .UNSPECIFIED.,.F.,.F.,(4,4),(0.,0.974998235768941),.UNSPECIFIED.);
#45=B_SPLINE_CURVE_WITH_KNOTS('',3,(#3056,#3057,#3058,#3059),
 .UNSPECIFIED.,.F.,.F.,(4,4),(0.,1.),.UNSPECIFIED.);
#46=B_SPLINE_CURVE_WITH_KNOTS('',3,(#3061,#3062,#3063,#3064,#3065,#3066,
#3067,#3068,#3069,#3070,#3071,#3072,#3073,#3074,#3075,#3076,#3077,#3078,
#3079,#3080,#3081,#3082,#3083,#3084,#3085,#3086,#3087,#3088,#3089,#3090,
#3091,#3092,#3093,#3094,#3095,#3096,#3097,#3098,#3099,#3100,#3101,#3102,
#3103,#3104,#3105,#3106,#3107,#3108,#3109,#3110,#3111,#3112,#3113,#3114,
#3115,#3116,#3117,#3118,#3119,#3120,#3121,#3122,#3123,#3124,#3125,#3126),
 .UNSPECIFIED.,.F.,.F.,(4,1,1,1,1,1,1,1,1,1,1,1,1,2,1,1,2,1,1,1,1,1,1,1,
1,1,1,1,1,1,1,1,1,1,1,1,1,1,1,1,1,1,1,1,1,1,1,1,1,1,1,1,1,1,1,1,1,2,1,1,
4),(-2.12021636740835,-2.03514895827607,-1.99261525370993,-1.95008154914379,
-1.86501414001151,-1.82248043544537,-1.77994673087924,-1.7374130263131,
-1.69487932174696,-1.60981191261468,-1.56727820804854,-1.5247445034824,
-1.48221079891626,-1.43967709435013,-1.41826643186702,-1.39685576938392,
-1.35403444441771,-1.33279769429151,-1.31156094416532,-1.26908744391294,
-1.18414044340818,-1.09919344290342,-1.01424644239865,-0.929299441893892,
-0.844352441389129,-0.759405440884366,-0.674458440379603,-0.58951143987484,
-0.504564439370077,-0.419617438865314,-0.334670438360552,-0.249723437855789,
-0.164776437351026,-0.0798294368462631,-0.0745202493147155,-0.0718656555489416,
-0.0692110617831678,-0.0639018742516201,-0.0585926867200724,-0.0373559365938817,
-0.0320467490623341,-0.0267375615307864,-0.0214283739992387,-0.016119186467691,
-0.0134645927019172,-0.0108099989361433,-0.00550081140459566,-0.000191623873047986,
0.000472024568395473,0.00113567300983893,0.00246296989272585,0.00379026677561277,
0.0041220909963345,0.00445391521705623,0.00478573943777796,0.00495165154813883,
0.00503460760331926,0.00511756365849969,0.0205301565612306,0.0359427494639616,
0.0667679352694234),.UNSPECIFIED.);
#47=B_SPLINE_CURVE_WITH_KNOTS('',3,(#3128,#3129,#3130,#3131),
 .UNSPECIFIED.,.F.,.F.,(4,4),(0.,1.),.UNSPECIFIED.);
#48=B_SPLINE_CURVE_WITH_KNOTS('',3,(#3162,#3163,#3164,#3165,#3166,#3167),
 .UNSPECIFIED.,.F.,.F.,(4,1,1,4),(0.,0.25,0.5,1.),.UNSPECIFIED.);
#49=B_SPLINE_CURVE_WITH_KNOTS('',3,(#3169,#3170,#3171,#3172,#3173,#3174,
#3175,#3176,#3177,#3178,#3179,#3180,#3181,#3182,#3183,#3184,#3185,#3186,
#3187,#3188,#3189,#3190,#3191,#3192),.UNSPECIFIED.,.F.,.F.,(4,1,1,1,1,1,
1,1,1,1,1,1,1,1,1,1,1,1,1,1,1,4),(0.,0.0078125,0.015625,0.03125,0.046875,
0.0625,0.078125,0.09375,0.109375,0.125,0.15625,0.1875,0.21875,0.25,0.28125,
0.3125,0.375,0.4375,0.5,0.625,0.75,1.),.UNSPECIFIED.);
#50=B_SPLINE_CURVE_WITH_KNOTS('',3,(#3237,#3238,#3239,#3240),
 .UNSPECIFIED.,.F.,.F.,(4,4),(0.,1.),.UNSPECIFIED.);
#51=B_SPLINE_CURVE_WITH_KNOTS('',3,(#3242,#3243,#3244,#3245,#3246,#3247,
#3248,#3249,#3250,#3251),.UNSPECIFIED.,.F.,.F.,(4,1,1,1,1,1,1,4),(0.,0.25,
0.375,0.5,0.625,0.75,0.875,1.),.UNSPECIFIED.);
#52=B_SPLINE_CURVE_WITH_KNOTS('',3,(#3268,#3269,#3270,#3271,#3272,#3273),
 .UNSPECIFIED.,.F.,.F.,(4,1,1,4),(0.,0.5,0.75,1.),.UNSPECIFIED.);
#53=B_SPLINE_CURVE_WITH_KNOTS('',3,(#3277,#3278,#3279,#3280),
 .UNSPECIFIED.,.F.,.F.,(4,4),(0.,1.),.UNSPECIFIED.);
#54=B_SPLINE_CURVE_WITH_KNOTS('',3,(#3288,#3289,#3290,#3291),
 .UNSPECIFIED.,.F.,.F.,(4,4),(0.,1.),.UNSPECIFIED.);
#55=B_SPLINE_CURVE_WITH_KNOTS('',3,(#3308,#3309,#3310,#3311,#3312,#3313,
#3314,#3315),.UNSPECIFIED.,.F.,.F.,(4,1,1,1,1,4),(0.,0.25,0.375,0.5,0.75,
1.),.UNSPECIFIED.);
#56=B_SPLINE_CURVE_WITH_KNOTS('',3,(#3456,#3457,#3458,#3459,#3460,#3461,
#3462,#3463,#3464,#3465),.UNSPECIFIED.,.F.,.F.,(4,1,1,1,1,1,1,4),(0.,0.25,
0.5,0.625,0.75,0.875,0.9375,1.),.UNSPECIFIED.);
#57=B_SPLINE_CURVE_WITH_KNOTS('',3,(#3467,#3468,#3469,#3470,#3471,#3472),
 .UNSPECIFIED.,.F.,.F.,(4,1,1,4),(0.,0.5,0.75,1.),.UNSPECIFIED.);
#58=B_SPLINE_CURVE_WITH_KNOTS('',3,(#3474,#3475,#3476,#3477,#3478,#3479,
#3480,#3481,#3482,#3483,#3484,#3485),.UNSPECIFIED.,.F.,.F.,(4,1,1,1,1,1,
1,1,1,4),(0.,0.25,0.5,0.625,0.75,0.8125,0.875,0.9375,0.96875,1.),
 .UNSPECIFIED.);
#59=B_SPLINE_CURVE_WITH_KNOTS('',3,(#3487,#3488,#3489,#3490,#3491,#3492),
 .UNSPECIFIED.,.F.,.F.,(4,1,1,4),(0.,0.5,0.75,1.),.UNSPECIFIED.);
#60=B_SPLINE_CURVE_WITH_KNOTS('',3,(#3494,#3495,#3496,#3497),
 .UNSPECIFIED.,.F.,.F.,(4,4),(0.,1.),.UNSPECIFIED.);
#61=B_SPLINE_CURVE_WITH_KNOTS('',3,(#3498,#3499,#3500,#3501,#3502,#3503,
#3504,#3505,#3506,#3507,#3508,#3509,#3510,#3511,#3512,#3513,#3514,#3515,
#3516,#3517,#3518,#3519,#3520,#3521,#3522,#3523,#3524,#3525,#3526,#3527),
 .UNSPECIFIED.,.F.,.F.,(4,1,1,1,1,1,1,1,1,1,1,1,1,1,1,1,1,1,1,1,1,1,1,1,
1,1,1,4),(0.,0.0625,0.09375,0.125,0.15625,0.1875,0.21875,0.25,0.28125,0.3125,
0.34375,0.375,0.40625,0.4375,0.5,0.5625,0.59375,0.625,0.65625,0.6875,0.71875,
0.75,0.78125,0.8125,0.84375,0.875,0.9375,1.),.UNSPECIFIED.);
#62=B_SPLINE_CURVE_WITH_KNOTS('',3,(#3658,#3659,#3660,#3661),
 .UNSPECIFIED.,.F.,.F.,(4,4),(0.,1.),.UNSPECIFIED.);
#63=B_SPLINE_CURVE_WITH_KNOTS('',3,(#3665,#3666,#3667,#3668),
 .UNSPECIFIED.,.F.,.F.,(4,4),(0.,1.),.UNSPECIFIED.);
#64=CYLINDRICAL_SURFACE('',#1894,0.0002);
#65=CYLINDRICAL_SURFACE('',#1901,0.0002);
#66=CYLINDRICAL_SURFACE('',#1907,0.0004);
#67=CYLINDRICAL_SURFACE('',#1908,0.03875);
#68=CYLINDRICAL_SURFACE('',#1910,0.0004);
#69=CYLINDRICAL_SURFACE('',#1914,0.0002);
#70=CYLINDRICAL_SURFACE('',#1916,0.0002);
#71=CYLINDRICAL_SURFACE('',#1917,0.0028);
#72=CYLINDRICAL_SURFACE('',#1948,0.0028);
#73=CYLINDRICAL_SURFACE('',#2006,0.0028);
#74=ORIENTED_EDGE('',*,*,#594,.F.);
#75=ORIENTED_EDGE('',*,*,#595,.F.);
#76=ORIENTED_EDGE('',*,*,#596,.T.);
#77=ORIENTED_EDGE('',*,*,#597,.F.);
#78=ORIENTED_EDGE('',*,*,#598,.F.);
#79=ORIENTED_EDGE('',*,*,#599,.F.);
#80=ORIENTED_EDGE('',*,*,#600,.T.);
#81=ORIENTED_EDGE('',*,*,#601,.T.);
#82=ORIENTED_EDGE('',*,*,#602,.T.);
#83=ORIENTED_EDGE('',*,*,#595,.T.);
#84=ORIENTED_EDGE('',*,*,#603,.F.);
#85=ORIENTED_EDGE('',*,*,#604,.T.);
#86=ORIENTED_EDGE('',*,*,#605,.T.);
#87=ORIENTED_EDGE('',*,*,#606,.T.);
#88=ORIENTED_EDGE('',*,*,#607,.F.);
#89=ORIENTED_EDGE('',*,*,#608,.F.);
#90=ORIENTED_EDGE('',*,*,#609,.F.);
#91=ORIENTED_EDGE('',*,*,#610,.F.);
#92=ORIENTED_EDGE('',*,*,#596,.F.);
#93=ORIENTED_EDGE('',*,*,#602,.F.);
#94=ORIENTED_EDGE('',*,*,#611,.F.);
#95=ORIENTED_EDGE('',*,*,#612,.F.);
#96=ORIENTED_EDGE('',*,*,#613,.F.);
#97=ORIENTED_EDGE('',*,*,#611,.T.);
#98=ORIENTED_EDGE('',*,*,#601,.F.);
#99=ORIENTED_EDGE('',*,*,#614,.F.);
#100=ORIENTED_EDGE('',*,*,#615,.T.);
#101=ORIENTED_EDGE('',*,*,#616,.T.);
#102=ORIENTED_EDGE('',*,*,#612,.T.);
#103=ORIENTED_EDGE('',*,*,#613,.T.);
#104=ORIENTED_EDGE('',*,*,#605,.F.);
#105=ORIENTED_EDGE('',*,*,#617,.T.);
#106=ORIENTED_EDGE('',*,*,#618,.T.);
#107=ORIENTED_EDGE('',*,*,#619,.F.);
#108=ORIENTED_EDGE('',*,*,#620,.T.);
#109=ORIENTED_EDGE('',*,*,#621,.F.);
#110=ORIENTED_EDGE('',*,*,#622,.F.);
#111=ORIENTED_EDGE('',*,*,#623,.F.);
#112=ORIENTED_EDGE('',*,*,#624,.F.);
#113=ORIENTED_EDGE('',*,*,#625,.F.);
#114=ORIENTED_EDGE('',*,*,#626,.F.);
#115=ORIENTED_EDGE('',*,*,#615,.F.);
#116=ORIENTED_EDGE('',*,*,#614,.T.);
#117=ORIENTED_EDGE('',*,*,#600,.F.);
#118=ORIENTED_EDGE('',*,*,#594,.T.);
#119=ORIENTED_EDGE('',*,*,#627,.T.);
#120=ORIENTED_EDGE('',*,*,#628,.T.);
#121=ORIENTED_EDGE('',*,*,#629,.F.);
#122=ORIENTED_EDGE('',*,*,#624,.T.);
#123=ORIENTED_EDGE('',*,*,#623,.T.);
#124=ORIENTED_EDGE('',*,*,#622,.T.);
#125=ORIENTED_EDGE('',*,*,#621,.T.);
#126=ORIENTED_EDGE('',*,*,#630,.T.);
#127=ORIENTED_EDGE('',*,*,#631,.F.);
#128=ORIENTED_EDGE('',*,*,#603,.T.);
#129=ORIENTED_EDGE('',*,*,#632,.T.);
#130=ORIENTED_EDGE('',*,*,#607,.T.);
#131=ORIENTED_EDGE('',*,*,#616,.F.);
#132=ORIENTED_EDGE('',*,*,#633,.F.);
#133=ORIENTED_EDGE('',*,*,#634,.T.);
#134=ORIENTED_EDGE('',*,*,#635,.F.);
#135=ORIENTED_EDGE('',*,*,#636,.F.);
#136=ORIENTED_EDGE('',*,*,#637,.T.);
#137=ORIENTED_EDGE('',*,*,#633,.T.);
#138=ORIENTED_EDGE('',*,*,#626,.T.);
#139=ORIENTED_EDGE('',*,*,#638,.F.);
#140=ORIENTED_EDGE('',*,*,#639,.T.);
#141=ORIENTED_EDGE('',*,*,#638,.T.);
#142=ORIENTED_EDGE('',*,*,#625,.T.);
#143=ORIENTED_EDGE('',*,*,#629,.T.);
#144=ORIENTED_EDGE('',*,*,#640,.T.);
#145=ORIENTED_EDGE('',*,*,#641,.T.);
#146=ORIENTED_EDGE('',*,*,#640,.F.);
#147=ORIENTED_EDGE('',*,*,#628,.F.);
#148=ORIENTED_EDGE('',*,*,#637,.F.);
#149=ORIENTED_EDGE('',*,*,#642,.T.);
#150=ORIENTED_EDGE('',*,*,#643,.F.);
#151=ORIENTED_EDGE('',*,*,#634,.F.);
#152=ORIENTED_EDGE('',*,*,#639,.F.);
#153=ORIENTED_EDGE('',*,*,#644,.T.);
#154=ORIENTED_EDGE('',*,*,#645,.F.);
#155=ORIENTED_EDGE('',*,*,#642,.F.);
#156=ORIENTED_EDGE('',*,*,#641,.F.);
#157=ORIENTED_EDGE('',*,*,#646,.T.);
#158=ORIENTED_EDGE('',*,*,#647,.F.);
#159=ORIENTED_EDGE('',*,*,#644,.F.);
#160=ORIENTED_EDGE('',*,*,#627,.F.);
#161=ORIENTED_EDGE('',*,*,#648,.T.);
#162=ORIENTED_EDGE('',*,*,#649,.F.);
#163=ORIENTED_EDGE('',*,*,#646,.F.);
#164=ORIENTED_EDGE('',*,*,#620,.F.);
#165=ORIENTED_EDGE('',*,*,#599,.T.);
#166=ORIENTED_EDGE('',*,*,#650,.F.);
#167=ORIENTED_EDGE('',*,*,#648,.F.);
#168=ORIENTED_EDGE('',*,*,#649,.T.);
#169=ORIENTED_EDGE('',*,*,#651,.T.);
#170=ORIENTED_EDGE('',*,*,#652,.T.);
#171=ORIENTED_EDGE('',*,*,#653,.T.);
#172=ORIENTED_EDGE('',*,*,#654,.T.);
#173=ORIENTED_EDGE('',*,*,#655,.T.);
#174=ORIENTED_EDGE('',*,*,#645,.T.);
#175=ORIENTED_EDGE('',*,*,#656,.T.);
#176=ORIENTED_EDGE('',*,*,#650,.T.);
#177=ORIENTED_EDGE('',*,*,#598,.T.);
#178=ORIENTED_EDGE('',*,*,#657,.F.);
#179=ORIENTED_EDGE('',*,*,#658,.T.);
#180=ORIENTED_EDGE('',*,*,#659,.F.);
#181=ORIENTED_EDGE('',*,*,#635,.T.);
#182=ORIENTED_EDGE('',*,*,#643,.T.);
#183=ORIENTED_EDGE('',*,*,#655,.F.);
#184=ORIENTED_EDGE('',*,*,#654,.F.);
#185=ORIENTED_EDGE('',*,*,#653,.F.);
#186=ORIENTED_EDGE('',*,*,#652,.F.);
#187=ORIENTED_EDGE('',*,*,#651,.F.);
#188=ORIENTED_EDGE('',*,*,#647,.T.);
#189=ORIENTED_EDGE('',*,*,#656,.F.);
#190=ORIENTED_EDGE('',*,*,#660,.T.);
#191=ORIENTED_EDGE('',*,*,#661,.T.);
#192=ORIENTED_EDGE('',*,*,#632,.F.);
#193=ORIENTED_EDGE('',*,*,#606,.F.);
#194=ORIENTED_EDGE('',*,*,#619,.T.);
#195=ORIENTED_EDGE('',*,*,#662,.T.);
#196=ORIENTED_EDGE('',*,*,#659,.T.);
#197=ORIENTED_EDGE('',*,*,#663,.T.);
#198=ORIENTED_EDGE('',*,*,#608,.T.);
#199=ORIENTED_EDGE('',*,*,#636,.T.);
#200=ORIENTED_EDGE('',*,*,#663,.F.);
#201=ORIENTED_EDGE('',*,*,#658,.F.);
#202=ORIENTED_EDGE('',*,*,#664,.F.);
#203=ORIENTED_EDGE('',*,*,#609,.T.);
#204=ORIENTED_EDGE('',*,*,#657,.T.);
#205=ORIENTED_EDGE('',*,*,#597,.T.);
#206=ORIENTED_EDGE('',*,*,#610,.T.);
#207=ORIENTED_EDGE('',*,*,#664,.T.);
#208=ORIENTED_EDGE('',*,*,#665,.T.);
#209=ORIENTED_EDGE('',*,*,#666,.F.);
#210=ORIENTED_EDGE('',*,*,#667,.F.);
#211=ORIENTED_EDGE('',*,*,#668,.T.);
#212=ORIENTED_EDGE('',*,*,#669,.T.);
#213=ORIENTED_EDGE('',*,*,#670,.F.);
#214=ORIENTED_EDGE('',*,*,#671,.F.);
#215=ORIENTED_EDGE('',*,*,#672,.T.);
#216=ORIENTED_EDGE('',*,*,#673,.T.);
#217=ORIENTED_EDGE('',*,*,#668,.F.);
#218=ORIENTED_EDGE('',*,*,#674,.F.);
#219=ORIENTED_EDGE('',*,*,#675,.T.);
#220=ORIENTED_EDGE('',*,*,#676,.T.);
#221=ORIENTED_EDGE('',*,*,#677,.F.);
#222=ORIENTED_EDGE('',*,*,#678,.F.);
#223=ORIENTED_EDGE('',*,*,#679,.T.);
#224=ORIENTED_EDGE('',*,*,#680,.T.);
#225=ORIENTED_EDGE('',*,*,#675,.F.);
#226=ORIENTED_EDGE('',*,*,#681,.F.);
#227=ORIENTED_EDGE('',*,*,#682,.T.);
#228=ORIENTED_EDGE('',*,*,#683,.T.);
#229=ORIENTED_EDGE('',*,*,#679,.F.);
#230=ORIENTED_EDGE('',*,*,#684,.F.);
#231=ORIENTED_EDGE('',*,*,#670,.T.);
#232=ORIENTED_EDGE('',*,*,#685,.T.);
#233=ORIENTED_EDGE('',*,*,#682,.F.);
#234=ORIENTED_EDGE('',*,*,#686,.F.);
#235=ORIENTED_EDGE('',*,*,#687,.F.);
#236=ORIENTED_EDGE('',*,*,#688,.F.);
#237=ORIENTED_EDGE('',*,*,#676,.F.);
#238=ORIENTED_EDGE('',*,*,#680,.F.);
#239=ORIENTED_EDGE('',*,*,#683,.F.);
#240=ORIENTED_EDGE('',*,*,#685,.F.);
#241=ORIENTED_EDGE('',*,*,#669,.F.);
#242=ORIENTED_EDGE('',*,*,#673,.F.);
#243=ORIENTED_EDGE('',*,*,#689,.F.);
#244=ORIENTED_EDGE('',*,*,#690,.F.);
#245=ORIENTED_EDGE('',*,*,#691,.F.);
#246=ORIENTED_EDGE('',*,*,#692,.F.);
#247=ORIENTED_EDGE('',*,*,#693,.F.);
#248=ORIENTED_EDGE('',*,*,#694,.F.);
#249=ORIENTED_EDGE('',*,*,#695,.F.);
#250=ORIENTED_EDGE('',*,*,#696,.F.);
#251=ORIENTED_EDGE('',*,*,#697,.F.);
#252=ORIENTED_EDGE('',*,*,#698,.F.);
#253=ORIENTED_EDGE('',*,*,#699,.F.);
#254=ORIENTED_EDGE('',*,*,#700,.F.);
#255=ORIENTED_EDGE('',*,*,#701,.F.);
#256=ORIENTED_EDGE('',*,*,#702,.F.);
#257=ORIENTED_EDGE('',*,*,#703,.F.);
#258=ORIENTED_EDGE('',*,*,#665,.F.);
#259=ORIENTED_EDGE('',*,*,#704,.F.);
#260=ORIENTED_EDGE('',*,*,#677,.T.);
#261=ORIENTED_EDGE('',*,*,#688,.T.);
#262=ORIENTED_EDGE('',*,*,#705,.F.);
#263=ORIENTED_EDGE('',*,*,#706,.F.);
#264=ORIENTED_EDGE('',*,*,#705,.T.);
#265=ORIENTED_EDGE('',*,*,#687,.T.);
#266=ORIENTED_EDGE('',*,*,#707,.F.);
#267=ORIENTED_EDGE('',*,*,#708,.F.);
#268=ORIENTED_EDGE('',*,*,#707,.T.);
#269=ORIENTED_EDGE('',*,*,#686,.T.);
#270=ORIENTED_EDGE('',*,*,#709,.F.);
#271=ORIENTED_EDGE('',*,*,#710,.F.);
#272=ORIENTED_EDGE('',*,*,#709,.T.);
#273=ORIENTED_EDGE('',*,*,#691,.T.);
#274=ORIENTED_EDGE('',*,*,#711,.F.);
#275=ORIENTED_EDGE('',*,*,#712,.F.);
#276=ORIENTED_EDGE('',*,*,#711,.T.);
#277=ORIENTED_EDGE('',*,*,#690,.T.);
#278=ORIENTED_EDGE('',*,*,#713,.F.);
#279=ORIENTED_EDGE('',*,*,#714,.F.);
#280=ORIENTED_EDGE('',*,*,#713,.T.);
#281=ORIENTED_EDGE('',*,*,#689,.T.);
#282=ORIENTED_EDGE('',*,*,#672,.F.);
#283=ORIENTED_EDGE('',*,*,#710,.T.);
#284=ORIENTED_EDGE('',*,*,#715,.F.);
#285=ORIENTED_EDGE('',*,*,#695,.T.);
#286=ORIENTED_EDGE('',*,*,#716,.T.);
#287=ORIENTED_EDGE('',*,*,#712,.T.);
#288=ORIENTED_EDGE('',*,*,#717,.F.);
#289=ORIENTED_EDGE('',*,*,#696,.T.);
#290=ORIENTED_EDGE('',*,*,#715,.T.);
#291=ORIENTED_EDGE('',*,*,#714,.T.);
#292=ORIENTED_EDGE('',*,*,#718,.F.);
#293=ORIENTED_EDGE('',*,*,#697,.T.);
#294=ORIENTED_EDGE('',*,*,#717,.T.);
#295=ORIENTED_EDGE('',*,*,#693,.T.);
#296=ORIENTED_EDGE('',*,*,#719,.F.);
#297=ORIENTED_EDGE('',*,*,#706,.T.);
#298=ORIENTED_EDGE('',*,*,#720,.F.);
#299=ORIENTED_EDGE('',*,*,#671,.T.);
#300=ORIENTED_EDGE('',*,*,#721,.F.);
#301=ORIENTED_EDGE('',*,*,#698,.T.);
#302=ORIENTED_EDGE('',*,*,#718,.T.);
#303=ORIENTED_EDGE('',*,*,#667,.T.);
#304=ORIENTED_EDGE('',*,*,#722,.F.);
#305=ORIENTED_EDGE('',*,*,#699,.T.);
#306=ORIENTED_EDGE('',*,*,#721,.T.);
#307=ORIENTED_EDGE('',*,*,#684,.T.);
#308=ORIENTED_EDGE('',*,*,#723,.F.);
#309=ORIENTED_EDGE('',*,*,#700,.T.);
#310=ORIENTED_EDGE('',*,*,#722,.T.);
#311=ORIENTED_EDGE('',*,*,#681,.T.);
#312=ORIENTED_EDGE('',*,*,#724,.F.);
#313=ORIENTED_EDGE('',*,*,#701,.T.);
#314=ORIENTED_EDGE('',*,*,#723,.T.);
#315=ORIENTED_EDGE('',*,*,#702,.T.);
#316=ORIENTED_EDGE('',*,*,#724,.T.);
#317=ORIENTED_EDGE('',*,*,#678,.T.);
#318=ORIENTED_EDGE('',*,*,#725,.F.);
#319=ORIENTED_EDGE('',*,*,#703,.T.);
#320=ORIENTED_EDGE('',*,*,#725,.T.);
#321=ORIENTED_EDGE('',*,*,#674,.T.);
#322=ORIENTED_EDGE('',*,*,#726,.F.);
#323=ORIENTED_EDGE('',*,*,#692,.T.);
#324=ORIENTED_EDGE('',*,*,#726,.T.);
#325=ORIENTED_EDGE('',*,*,#704,.T.);
#326=ORIENTED_EDGE('',*,*,#719,.T.);
#327=ORIENTED_EDGE('',*,*,#694,.T.);
#328=ORIENTED_EDGE('',*,*,#720,.T.);
#329=ORIENTED_EDGE('',*,*,#708,.T.);
#330=ORIENTED_EDGE('',*,*,#716,.F.);
#331=ORIENTED_EDGE('',*,*,#727,.T.);
#332=ORIENTED_EDGE('',*,*,#728,.T.);
#333=ORIENTED_EDGE('',*,*,#617,.F.);
#334=ORIENTED_EDGE('',*,*,#604,.F.);
#335=ORIENTED_EDGE('',*,*,#631,.T.);
#336=ORIENTED_EDGE('',*,*,#729,.T.);
#337=ORIENTED_EDGE('',*,*,#730,.T.);
#338=ORIENTED_EDGE('',*,*,#727,.F.);
#339=ORIENTED_EDGE('',*,*,#731,.F.);
#340=ORIENTED_EDGE('',*,*,#732,.F.);
#341=ORIENTED_EDGE('',*,*,#733,.T.);
#342=ORIENTED_EDGE('',*,*,#734,.T.);
#343=ORIENTED_EDGE('',*,*,#735,.F.);
#344=ORIENTED_EDGE('',*,*,#736,.F.);
#345=ORIENTED_EDGE('',*,*,#737,.T.);
#346=ORIENTED_EDGE('',*,*,#738,.T.);
#347=ORIENTED_EDGE('',*,*,#733,.F.);
#348=ORIENTED_EDGE('',*,*,#739,.F.);
#349=ORIENTED_EDGE('',*,*,#740,.T.);
#350=ORIENTED_EDGE('',*,*,#741,.T.);
#351=ORIENTED_EDGE('',*,*,#742,.F.);
#352=ORIENTED_EDGE('',*,*,#743,.F.);
#353=ORIENTED_EDGE('',*,*,#744,.T.);
#354=ORIENTED_EDGE('',*,*,#745,.T.);
#355=ORIENTED_EDGE('',*,*,#740,.F.);
#356=ORIENTED_EDGE('',*,*,#746,.F.);
#357=ORIENTED_EDGE('',*,*,#747,.T.);
#358=ORIENTED_EDGE('',*,*,#748,.T.);
#359=ORIENTED_EDGE('',*,*,#744,.F.);
#360=ORIENTED_EDGE('',*,*,#749,.F.);
#361=ORIENTED_EDGE('',*,*,#735,.T.);
#362=ORIENTED_EDGE('',*,*,#750,.T.);
#363=ORIENTED_EDGE('',*,*,#747,.F.);
#364=ORIENTED_EDGE('',*,*,#751,.F.);
#365=ORIENTED_EDGE('',*,*,#752,.F.);
#366=ORIENTED_EDGE('',*,*,#753,.F.);
#367=ORIENTED_EDGE('',*,*,#741,.F.);
#368=ORIENTED_EDGE('',*,*,#745,.F.);
#369=ORIENTED_EDGE('',*,*,#748,.F.);
#370=ORIENTED_EDGE('',*,*,#750,.F.);
#371=ORIENTED_EDGE('',*,*,#734,.F.);
#372=ORIENTED_EDGE('',*,*,#738,.F.);
#373=ORIENTED_EDGE('',*,*,#754,.F.);
#374=ORIENTED_EDGE('',*,*,#755,.F.);
#375=ORIENTED_EDGE('',*,*,#756,.F.);
#376=ORIENTED_EDGE('',*,*,#757,.F.);
#377=ORIENTED_EDGE('',*,*,#758,.F.);
#378=ORIENTED_EDGE('',*,*,#759,.F.);
#379=ORIENTED_EDGE('',*,*,#760,.F.);
#380=ORIENTED_EDGE('',*,*,#761,.F.);
#381=ORIENTED_EDGE('',*,*,#762,.F.);
#382=ORIENTED_EDGE('',*,*,#763,.F.);
#383=ORIENTED_EDGE('',*,*,#764,.F.);
#384=ORIENTED_EDGE('',*,*,#765,.F.);
#385=ORIENTED_EDGE('',*,*,#766,.F.);
#386=ORIENTED_EDGE('',*,*,#767,.F.);
#387=ORIENTED_EDGE('',*,*,#768,.F.);
#388=ORIENTED_EDGE('',*,*,#730,.F.);
#389=ORIENTED_EDGE('',*,*,#769,.F.);
#390=ORIENTED_EDGE('',*,*,#742,.T.);
#391=ORIENTED_EDGE('',*,*,#753,.T.);
#392=ORIENTED_EDGE('',*,*,#770,.F.);
#393=ORIENTED_EDGE('',*,*,#771,.F.);
#394=ORIENTED_EDGE('',*,*,#770,.T.);
#395=ORIENTED_EDGE('',*,*,#752,.T.);
#396=ORIENTED_EDGE('',*,*,#772,.F.);
#397=ORIENTED_EDGE('',*,*,#773,.F.);
#398=ORIENTED_EDGE('',*,*,#772,.T.);
#399=ORIENTED_EDGE('',*,*,#751,.T.);
#400=ORIENTED_EDGE('',*,*,#774,.F.);
#401=ORIENTED_EDGE('',*,*,#775,.F.);
#402=ORIENTED_EDGE('',*,*,#774,.T.);
#403=ORIENTED_EDGE('',*,*,#756,.T.);
#404=ORIENTED_EDGE('',*,*,#776,.F.);
#405=ORIENTED_EDGE('',*,*,#777,.F.);
#406=ORIENTED_EDGE('',*,*,#776,.T.);
#407=ORIENTED_EDGE('',*,*,#755,.T.);
#408=ORIENTED_EDGE('',*,*,#778,.F.);
#409=ORIENTED_EDGE('',*,*,#779,.F.);
#410=ORIENTED_EDGE('',*,*,#778,.T.);
#411=ORIENTED_EDGE('',*,*,#754,.T.);
#412=ORIENTED_EDGE('',*,*,#737,.F.);
#413=ORIENTED_EDGE('',*,*,#775,.T.);
#414=ORIENTED_EDGE('',*,*,#780,.F.);
#415=ORIENTED_EDGE('',*,*,#760,.T.);
#416=ORIENTED_EDGE('',*,*,#781,.T.);
#417=ORIENTED_EDGE('',*,*,#777,.T.);
#418=ORIENTED_EDGE('',*,*,#782,.F.);
#419=ORIENTED_EDGE('',*,*,#761,.T.);
#420=ORIENTED_EDGE('',*,*,#780,.T.);
#421=ORIENTED_EDGE('',*,*,#779,.T.);
#422=ORIENTED_EDGE('',*,*,#783,.F.);
#423=ORIENTED_EDGE('',*,*,#762,.T.);
#424=ORIENTED_EDGE('',*,*,#782,.T.);
#425=ORIENTED_EDGE('',*,*,#758,.T.);
#426=ORIENTED_EDGE('',*,*,#784,.F.);
#427=ORIENTED_EDGE('',*,*,#771,.T.);
#428=ORIENTED_EDGE('',*,*,#785,.F.);
#429=ORIENTED_EDGE('',*,*,#736,.T.);
#430=ORIENTED_EDGE('',*,*,#786,.F.);
#431=ORIENTED_EDGE('',*,*,#763,.T.);
#432=ORIENTED_EDGE('',*,*,#783,.T.);
#433=ORIENTED_EDGE('',*,*,#732,.T.);
#434=ORIENTED_EDGE('',*,*,#787,.F.);
#435=ORIENTED_EDGE('',*,*,#764,.T.);
#436=ORIENTED_EDGE('',*,*,#786,.T.);
#437=ORIENTED_EDGE('',*,*,#749,.T.);
#438=ORIENTED_EDGE('',*,*,#788,.F.);
#439=ORIENTED_EDGE('',*,*,#765,.T.);
#440=ORIENTED_EDGE('',*,*,#787,.T.);
#441=ORIENTED_EDGE('',*,*,#746,.T.);
#442=ORIENTED_EDGE('',*,*,#789,.F.);
#443=ORIENTED_EDGE('',*,*,#766,.T.);
#444=ORIENTED_EDGE('',*,*,#788,.T.);
#445=ORIENTED_EDGE('',*,*,#767,.T.);
#446=ORIENTED_EDGE('',*,*,#789,.T.);
#447=ORIENTED_EDGE('',*,*,#743,.T.);
#448=ORIENTED_EDGE('',*,*,#790,.F.);
#449=ORIENTED_EDGE('',*,*,#768,.T.);
#450=ORIENTED_EDGE('',*,*,#790,.T.);
#451=ORIENTED_EDGE('',*,*,#739,.T.);
#452=ORIENTED_EDGE('',*,*,#791,.F.);
#453=ORIENTED_EDGE('',*,*,#757,.T.);
#454=ORIENTED_EDGE('',*,*,#791,.T.);
#455=ORIENTED_EDGE('',*,*,#769,.T.);
#456=ORIENTED_EDGE('',*,*,#784,.T.);
#457=ORIENTED_EDGE('',*,*,#759,.T.);
#458=ORIENTED_EDGE('',*,*,#785,.T.);
#459=ORIENTED_EDGE('',*,*,#773,.T.);
#460=ORIENTED_EDGE('',*,*,#781,.F.);
#461=ORIENTED_EDGE('',*,*,#666,.T.);
#462=ORIENTED_EDGE('',*,*,#792,.T.);
#463=ORIENTED_EDGE('',*,*,#662,.F.);
#464=ORIENTED_EDGE('',*,*,#618,.F.);
#465=ORIENTED_EDGE('',*,*,#728,.F.);
#466=ORIENTED_EDGE('',*,*,#731,.T.);
#467=ORIENTED_EDGE('',*,*,#729,.F.);
#468=ORIENTED_EDGE('',*,*,#630,.F.);
#469=ORIENTED_EDGE('',*,*,#661,.F.);
#470=ORIENTED_EDGE('',*,*,#793,.F.);
#471=ORIENTED_EDGE('',*,*,#794,.T.);
#472=ORIENTED_EDGE('',*,*,#795,.T.);
#473=ORIENTED_EDGE('',*,*,#796,.F.);
#474=ORIENTED_EDGE('',*,*,#797,.F.);
#475=ORIENTED_EDGE('',*,*,#798,.T.);
#476=ORIENTED_EDGE('',*,*,#799,.T.);
#477=ORIENTED_EDGE('',*,*,#794,.F.);
#478=ORIENTED_EDGE('',*,*,#800,.F.);
#479=ORIENTED_EDGE('',*,*,#801,.T.);
#480=ORIENTED_EDGE('',*,*,#802,.T.);
#481=ORIENTED_EDGE('',*,*,#803,.F.);
#482=ORIENTED_EDGE('',*,*,#804,.F.);
#483=ORIENTED_EDGE('',*,*,#805,.T.);
#484=ORIENTED_EDGE('',*,*,#806,.T.);
#485=ORIENTED_EDGE('',*,*,#801,.F.);
#486=ORIENTED_EDGE('',*,*,#807,.F.);
#487=ORIENTED_EDGE('',*,*,#808,.T.);
#488=ORIENTED_EDGE('',*,*,#809,.T.);
#489=ORIENTED_EDGE('',*,*,#805,.F.);
#490=ORIENTED_EDGE('',*,*,#810,.F.);
#491=ORIENTED_EDGE('',*,*,#796,.T.);
#492=ORIENTED_EDGE('',*,*,#811,.T.);
#493=ORIENTED_EDGE('',*,*,#808,.F.);
#494=ORIENTED_EDGE('',*,*,#812,.F.);
#495=ORIENTED_EDGE('',*,*,#813,.F.);
#496=ORIENTED_EDGE('',*,*,#814,.F.);
#497=ORIENTED_EDGE('',*,*,#802,.F.);
#498=ORIENTED_EDGE('',*,*,#806,.F.);
#499=ORIENTED_EDGE('',*,*,#809,.F.);
#500=ORIENTED_EDGE('',*,*,#811,.F.);
#501=ORIENTED_EDGE('',*,*,#795,.F.);
#502=ORIENTED_EDGE('',*,*,#799,.F.);
#503=ORIENTED_EDGE('',*,*,#815,.F.);
#504=ORIENTED_EDGE('',*,*,#816,.F.);
#505=ORIENTED_EDGE('',*,*,#817,.F.);
#506=ORIENTED_EDGE('',*,*,#818,.F.);
#507=ORIENTED_EDGE('',*,*,#819,.F.);
#508=ORIENTED_EDGE('',*,*,#820,.F.);
#509=ORIENTED_EDGE('',*,*,#821,.F.);
#510=ORIENTED_EDGE('',*,*,#822,.F.);
#511=ORIENTED_EDGE('',*,*,#823,.F.);
#512=ORIENTED_EDGE('',*,*,#824,.F.);
#513=ORIENTED_EDGE('',*,*,#825,.F.);
#514=ORIENTED_EDGE('',*,*,#826,.F.);
#515=ORIENTED_EDGE('',*,*,#827,.F.);
#516=ORIENTED_EDGE('',*,*,#828,.F.);
#517=ORIENTED_EDGE('',*,*,#829,.F.);
#518=ORIENTED_EDGE('',*,*,#830,.F.);
#519=ORIENTED_EDGE('',*,*,#831,.F.);
#520=ORIENTED_EDGE('',*,*,#803,.T.);
#521=ORIENTED_EDGE('',*,*,#814,.T.);
#522=ORIENTED_EDGE('',*,*,#832,.F.);
#523=ORIENTED_EDGE('',*,*,#833,.F.);
#524=ORIENTED_EDGE('',*,*,#832,.T.);
#525=ORIENTED_EDGE('',*,*,#813,.T.);
#526=ORIENTED_EDGE('',*,*,#834,.F.);
#527=ORIENTED_EDGE('',*,*,#835,.F.);
#528=ORIENTED_EDGE('',*,*,#834,.T.);
#529=ORIENTED_EDGE('',*,*,#812,.T.);
#530=ORIENTED_EDGE('',*,*,#836,.F.);
#531=ORIENTED_EDGE('',*,*,#837,.F.);
#532=ORIENTED_EDGE('',*,*,#836,.T.);
#533=ORIENTED_EDGE('',*,*,#817,.T.);
#534=ORIENTED_EDGE('',*,*,#838,.F.);
#535=ORIENTED_EDGE('',*,*,#839,.F.);
#536=ORIENTED_EDGE('',*,*,#838,.T.);
#537=ORIENTED_EDGE('',*,*,#816,.T.);
#538=ORIENTED_EDGE('',*,*,#840,.F.);
#539=ORIENTED_EDGE('',*,*,#841,.F.);
#540=ORIENTED_EDGE('',*,*,#840,.T.);
#541=ORIENTED_EDGE('',*,*,#815,.T.);
#542=ORIENTED_EDGE('',*,*,#798,.F.);
#543=ORIENTED_EDGE('',*,*,#837,.T.);
#544=ORIENTED_EDGE('',*,*,#842,.F.);
#545=ORIENTED_EDGE('',*,*,#821,.T.);
#546=ORIENTED_EDGE('',*,*,#843,.T.);
#547=ORIENTED_EDGE('',*,*,#839,.T.);
#548=ORIENTED_EDGE('',*,*,#844,.F.);
#549=ORIENTED_EDGE('',*,*,#822,.T.);
#550=ORIENTED_EDGE('',*,*,#842,.T.);
#551=ORIENTED_EDGE('',*,*,#841,.T.);
#552=ORIENTED_EDGE('',*,*,#845,.F.);
#553=ORIENTED_EDGE('',*,*,#823,.T.);
#554=ORIENTED_EDGE('',*,*,#844,.T.);
#555=ORIENTED_EDGE('',*,*,#819,.T.);
#556=ORIENTED_EDGE('',*,*,#846,.F.);
#557=ORIENTED_EDGE('',*,*,#833,.T.);
#558=ORIENTED_EDGE('',*,*,#847,.F.);
#559=ORIENTED_EDGE('',*,*,#797,.T.);
#560=ORIENTED_EDGE('',*,*,#848,.F.);
#561=ORIENTED_EDGE('',*,*,#824,.T.);
#562=ORIENTED_EDGE('',*,*,#845,.T.);
#563=ORIENTED_EDGE('',*,*,#793,.T.);
#564=ORIENTED_EDGE('',*,*,#849,.F.);
#565=ORIENTED_EDGE('',*,*,#825,.T.);
#566=ORIENTED_EDGE('',*,*,#848,.T.);
#567=ORIENTED_EDGE('',*,*,#810,.T.);
#568=ORIENTED_EDGE('',*,*,#850,.F.);
#569=ORIENTED_EDGE('',*,*,#826,.T.);
#570=ORIENTED_EDGE('',*,*,#849,.T.);
#571=ORIENTED_EDGE('',*,*,#807,.T.);
#572=ORIENTED_EDGE('',*,*,#851,.F.);
#573=ORIENTED_EDGE('',*,*,#827,.T.);
#574=ORIENTED_EDGE('',*,*,#850,.T.);
#575=ORIENTED_EDGE('',*,*,#828,.T.);
#576=ORIENTED_EDGE('',*,*,#851,.T.);
#577=ORIENTED_EDGE('',*,*,#804,.T.);
#578=ORIENTED_EDGE('',*,*,#852,.F.);
#579=ORIENTED_EDGE('',*,*,#829,.T.);
#580=ORIENTED_EDGE('',*,*,#852,.T.);
#581=ORIENTED_EDGE('',*,*,#800,.T.);
#582=ORIENTED_EDGE('',*,*,#853,.F.);
#583=ORIENTED_EDGE('',*,*,#818,.T.);
#584=ORIENTED_EDGE('',*,*,#853,.T.);
#585=ORIENTED_EDGE('',*,*,#831,.T.);
#586=ORIENTED_EDGE('',*,*,#846,.T.);
#587=ORIENTED_EDGE('',*,*,#820,.T.);
#588=ORIENTED_EDGE('',*,*,#847,.T.);
#589=ORIENTED_EDGE('',*,*,#835,.T.);
#590=ORIENTED_EDGE('',*,*,#843,.F.);
#591=ORIENTED_EDGE('',*,*,#660,.F.);
#592=ORIENTED_EDGE('',*,*,#792,.F.);
#593=ORIENTED_EDGE('',*,*,#830,.T.);
#594=EDGE_CURVE('',#854,#855,#1016,.T.);
#595=EDGE_CURVE('',#856,#854,#1017,.T.);
#596=EDGE_CURVE('',#856,#857,#1018,.T.);
#597=EDGE_CURVE('',#858,#857,#1019,.T.);
#598=EDGE_CURVE('',#859,#858,#1020,.T.);
#599=EDGE_CURVE('',#855,#859,#1021,.T.);
#600=EDGE_CURVE('',#854,#860,#36,.T.);
#601=EDGE_CURVE('',#860,#861,#1022,.T.);
#602=EDGE_CURVE('',#861,#856,#24,.T.);
#603=EDGE_CURVE('',#862,#863,#1023,.T.);
#604=EDGE_CURVE('',#862,#864,#1024,.T.);
#605=EDGE_CURVE('',#864,#865,#1025,.T.);
#606=EDGE_CURVE('',#865,#863,#1026,.T.);
#607=EDGE_CURVE('',#866,#867,#1027,.T.);
#608=EDGE_CURVE('',#868,#866,#25,.T.);
#609=EDGE_CURVE('',#869,#868,#1028,.T.);
#610=EDGE_CURVE('',#857,#869,#26,.T.);
#611=EDGE_CURVE('',#870,#861,#1029,.T.);
#612=EDGE_CURVE('',#867,#870,#27,.T.);
#613=EDGE_CURVE('',#870,#871,#1030,.T.);
#614=EDGE_CURVE('',#871,#860,#1031,.T.);
#615=EDGE_CURVE('',#871,#872,#37,.T.);
#616=EDGE_CURVE('',#872,#867,#1032,.T.);
#617=EDGE_CURVE('',#864,#873,#1033,.T.);
#618=EDGE_CURVE('',#873,#874,#1034,.T.);
#619=EDGE_CURVE('',#865,#874,#1035,.T.);
#620=EDGE_CURVE('',#855,#875,#38,.F.);
#621=EDGE_CURVE('',#876,#875,#39,.F.);
#622=EDGE_CURVE('',#877,#876,#40,.F.);
#623=EDGE_CURVE('',#878,#877,#41,.F.);
#624=EDGE_CURVE('',#879,#878,#42,.F.);
#625=EDGE_CURVE('',#880,#879,#43,.F.);
#626=EDGE_CURVE('',#872,#880,#44,.T.);
#627=EDGE_CURVE('',#875,#881,#45,.F.);
#628=EDGE_CURVE('',#881,#882,#46,.T.);
#629=EDGE_CURVE('',#879,#882,#47,.F.);
#630=EDGE_CURVE('',#883,#884,#1036,.T.);
#631=EDGE_CURVE('',#862,#884,#1037,.T.);
#632=EDGE_CURVE('',#863,#883,#1038,.T.);
#633=EDGE_CURVE('',#885,#872,#1039,.T.);
#634=EDGE_CURVE('',#885,#886,#1040,.T.);
#635=EDGE_CURVE('',#887,#886,#1041,.T.);
#636=EDGE_CURVE('',#866,#887,#1042,.T.);
#637=EDGE_CURVE('',#888,#885,#48,.F.);
#638=EDGE_CURVE('',#888,#880,#49,.F.);
#639=EDGE_CURVE('',#889,#888,#50,.F.);
#640=EDGE_CURVE('',#882,#889,#51,.F.);
#641=EDGE_CURVE('',#881,#889,#28,.T.);
#642=EDGE_CURVE('',#888,#890,#1043,.T.);
#643=EDGE_CURVE('',#886,#890,#52,.F.);
#644=EDGE_CURVE('',#889,#891,#1044,.T.);
#645=EDGE_CURVE('',#890,#891,#53,.F.);
#646=EDGE_CURVE('',#881,#892,#1045,.T.);
#647=EDGE_CURVE('',#891,#892,#29,.T.);
#648=EDGE_CURVE('',#875,#893,#1046,.T.);
#649=EDGE_CURVE('',#892,#893,#54,.F.);
#650=EDGE_CURVE('',#893,#859,#55,.F.);
#651=EDGE_CURVE('',#893,#894,#56,.T.);
#652=EDGE_CURVE('',#894,#895,#57,.T.);
#653=EDGE_CURVE('',#895,#896,#58,.T.);
#654=EDGE_CURVE('',#896,#897,#59,.T.);
#655=EDGE_CURVE('',#897,#890,#60,.T.);
#656=EDGE_CURVE('',#891,#892,#61,.F.);
#657=EDGE_CURVE('',#898,#858,#62,.T.);
#658=EDGE_CURVE('',#898,#899,#1047,.T.);
#659=EDGE_CURVE('',#887,#899,#63,.T.);
#660=EDGE_CURVE('',#900,#901,#12,.T.);
#661=EDGE_CURVE('',#901,#883,#1048,.T.);
#662=EDGE_CURVE('',#874,#900,#1049,.T.);
#663=EDGE_CURVE('',#899,#868,#1050,.T.);
#664=EDGE_CURVE('',#869,#898,#1051,.T.);
#665=EDGE_CURVE('',#902,#902,#30,.T.);
#666=EDGE_CURVE('',#903,#903,#31,.T.);
#667=EDGE_CURVE('',#904,#905,#1052,.T.);
#668=EDGE_CURVE('',#904,#906,#1053,.T.);
#669=EDGE_CURVE('',#906,#907,#1054,.T.);
#670=EDGE_CURVE('',#905,#907,#1055,.T.);
#671=EDGE_CURVE('',#908,#904,#1056,.T.);
#672=EDGE_CURVE('',#908,#909,#1057,.T.);
#673=EDGE_CURVE('',#909,#906,#1058,.T.);
#674=EDGE_CURVE('',#910,#911,#1059,.T.);
#675=EDGE_CURVE('',#910,#912,#1060,.T.);
#676=EDGE_CURVE('',#912,#913,#1061,.T.);
#677=EDGE_CURVE('',#911,#913,#1062,.T.);
#678=EDGE_CURVE('',#914,#910,#1063,.T.);
#679=EDGE_CURVE('',#914,#915,#1064,.T.);
#680=EDGE_CURVE('',#915,#912,#1065,.T.);
#681=EDGE_CURVE('',#916,#914,#1066,.T.);
#682=EDGE_CURVE('',#916,#917,#1067,.T.);
#683=EDGE_CURVE('',#917,#915,#1068,.T.);
#684=EDGE_CURVE('',#905,#916,#1069,.T.);
#685=EDGE_CURVE('',#907,#917,#1070,.T.);
#686=EDGE_CURVE('',#918,#919,#1071,.T.);
#687=EDGE_CURVE('',#920,#918,#1072,.T.);
#688=EDGE_CURVE('',#913,#920,#1073,.T.);
#689=EDGE_CURVE('',#921,#909,#1074,.T.);
#690=EDGE_CURVE('',#922,#921,#1075,.T.);
#691=EDGE_CURVE('',#919,#922,#1076,.T.);
#692=EDGE_CURVE('',#923,#924,#1077,.T.);
#693=EDGE_CURVE('',#925,#923,#1078,.T.);
#694=EDGE_CURVE('',#926,#925,#1079,.T.);
#695=EDGE_CURVE('',#927,#926,#1080,.T.);
#696=EDGE_CURVE('',#928,#927,#1081,.T.);
#697=EDGE_CURVE('',#929,#928,#1082,.T.);
#698=EDGE_CURVE('',#930,#929,#1083,.T.);
#699=EDGE_CURVE('',#931,#930,#1084,.T.);
#700=EDGE_CURVE('',#932,#931,#1085,.T.);
#701=EDGE_CURVE('',#933,#932,#1086,.T.);
#702=EDGE_CURVE('',#934,#933,#1087,.T.);
#703=EDGE_CURVE('',#924,#934,#1088,.T.);
#704=EDGE_CURVE('',#911,#935,#1089,.T.);
#705=EDGE_CURVE('',#935,#920,#1090,.T.);
#706=EDGE_CURVE('',#935,#936,#1091,.T.);
#707=EDGE_CURVE('',#936,#918,#1092,.T.);
#708=EDGE_CURVE('',#936,#937,#1093,.T.);
#709=EDGE_CURVE('',#937,#919,#1094,.T.);
#710=EDGE_CURVE('',#937,#938,#1095,.T.);
#711=EDGE_CURVE('',#938,#922,#1096,.T.);
#712=EDGE_CURVE('',#938,#939,#1097,.T.);
#713=EDGE_CURVE('',#939,#921,#1098,.T.);
#714=EDGE_CURVE('',#939,#908,#1099,.T.);
#715=EDGE_CURVE('',#927,#938,#1100,.T.);
#716=EDGE_CURVE('',#926,#937,#1101,.T.);
#717=EDGE_CURVE('',#928,#939,#1102,.T.);
#718=EDGE_CURVE('',#929,#908,#1103,.T.);
#719=EDGE_CURVE('',#935,#923,#1104,.T.);
#720=EDGE_CURVE('',#925,#936,#1105,.T.);
#721=EDGE_CURVE('',#930,#904,#1106,.T.);
#722=EDGE_CURVE('',#931,#905,#1107,.T.);
#723=EDGE_CURVE('',#932,#916,#1108,.T.);
#724=EDGE_CURVE('',#933,#914,#1109,.T.);
#725=EDGE_CURVE('',#934,#910,#1110,.T.);
#726=EDGE_CURVE('',#924,#911,#1111,.T.);
#727=EDGE_CURVE('',#940,#941,#13,.T.);
#728=EDGE_CURVE('',#941,#873,#1112,.T.);
#729=EDGE_CURVE('',#884,#940,#1113,.T.);
#730=EDGE_CURVE('',#942,#942,#32,.T.);
#731=EDGE_CURVE('',#941,#940,#33,.T.);
#732=EDGE_CURVE('',#943,#944,#1114,.T.);
#733=EDGE_CURVE('',#943,#945,#1115,.T.);
#734=EDGE_CURVE('',#945,#946,#1116,.T.);
#735=EDGE_CURVE('',#944,#946,#1117,.T.);
#736=EDGE_CURVE('',#947,#943,#1118,.T.);
#737=EDGE_CURVE('',#947,#948,#1119,.T.);
#738=EDGE_CURVE('',#948,#945,#1120,.T.);
#739=EDGE_CURVE('',#949,#950,#1121,.T.);
#740=EDGE_CURVE('',#949,#951,#1122,.T.);
#741=EDGE_CURVE('',#951,#952,#1123,.T.);
#742=EDGE_CURVE('',#950,#952,#1124,.T.);
#743=EDGE_CURVE('',#953,#949,#1125,.T.);
#744=EDGE_CURVE('',#953,#954,#1126,.T.);
#745=EDGE_CURVE('',#954,#951,#1127,.T.);
#746=EDGE_CURVE('',#955,#953,#1128,.T.);
#747=EDGE_CURVE('',#955,#956,#1129,.T.);
#748=EDGE_CURVE('',#956,#954,#1130,.T.);
#749=EDGE_CURVE('',#944,#955,#1131,.T.);
#750=EDGE_CURVE('',#946,#956,#1132,.T.);
#751=EDGE_CURVE('',#957,#958,#1133,.T.);
#752=EDGE_CURVE('',#959,#957,#1134,.T.);
#753=EDGE_CURVE('',#952,#959,#1135,.T.);
#754=EDGE_CURVE('',#960,#948,#1136,.T.);
#755=EDGE_CURVE('',#961,#960,#1137,.T.);
#756=EDGE_CURVE('',#958,#961,#1138,.T.);
#757=EDGE_CURVE('',#962,#963,#1139,.T.);
#758=EDGE_CURVE('',#964,#962,#1140,.T.);
#759=EDGE_CURVE('',#965,#964,#1141,.T.);
#760=EDGE_CURVE('',#966,#965,#1142,.T.);
#761=EDGE_CURVE('',#967,#966,#1143,.T.);
#762=EDGE_CURVE('',#968,#967,#1144,.T.);
#763=EDGE_CURVE('',#969,#968,#1145,.T.);
#764=EDGE_CURVE('',#970,#969,#1146,.T.);
#765=EDGE_CURVE('',#971,#970,#1147,.T.);
#766=EDGE_CURVE('',#972,#971,#1148,.T.);
#767=EDGE_CURVE('',#973,#972,#1149,.T.);
#768=EDGE_CURVE('',#963,#973,#1150,.T.);
#769=EDGE_CURVE('',#950,#974,#1151,.T.);
#770=EDGE_CURVE('',#974,#959,#1152,.T.);
#771=EDGE_CURVE('',#974,#975,#1153,.T.);
#772=EDGE_CURVE('',#975,#957,#1154,.T.);
#773=EDGE_CURVE('',#975,#976,#1155,.T.);
#774=EDGE_CURVE('',#976,#958,#1156,.T.);
#775=EDGE_CURVE('',#976,#977,#1157,.T.);
#776=EDGE_CURVE('',#977,#961,#1158,.T.);
#777=EDGE_CURVE('',#977,#978,#1159,.T.);
#778=EDGE_CURVE('',#978,#960,#1160,.T.);
#779=EDGE_CURVE('',#978,#947,#1161,.T.);
#780=EDGE_CURVE('',#966,#977,#1162,.T.);
#781=EDGE_CURVE('',#965,#976,#1163,.T.);
#782=EDGE_CURVE('',#967,#978,#1164,.T.);
#783=EDGE_CURVE('',#968,#947,#1165,.T.);
#784=EDGE_CURVE('',#974,#962,#1166,.T.);
#785=EDGE_CURVE('',#964,#975,#1167,.T.);
#786=EDGE_CURVE('',#969,#943,#1168,.T.);
#787=EDGE_CURVE('',#970,#944,#1169,.T.);
#788=EDGE_CURVE('',#971,#955,#1170,.T.);
#789=EDGE_CURVE('',#972,#953,#1171,.T.);
#790=EDGE_CURVE('',#973,#949,#1172,.T.);
#791=EDGE_CURVE('',#963,#950,#1173,.T.);
#792=EDGE_CURVE('',#901,#900,#34,.T.);
#793=EDGE_CURVE('',#979,#980,#1174,.T.);
#794=EDGE_CURVE('',#979,#981,#1175,.T.);
#795=EDGE_CURVE('',#981,#982,#1176,.T.);
#796=EDGE_CURVE('',#980,#982,#1177,.T.);
#797=EDGE_CURVE('',#983,#979,#1178,.T.);
#798=EDGE_CURVE('',#983,#984,#1179,.T.);
#799=EDGE_CURVE('',#984,#981,#1180,.T.);
#800=EDGE_CURVE('',#985,#986,#1181,.T.);
#801=EDGE_CURVE('',#985,#987,#1182,.T.);
#802=EDGE_CURVE('',#987,#988,#1183,.T.);
#803=EDGE_CURVE('',#986,#988,#1184,.T.);
#804=EDGE_CURVE('',#989,#985,#1185,.T.);
#805=EDGE_CURVE('',#989,#990,#1186,.T.);
#806=EDGE_CURVE('',#990,#987,#1187,.T.);
#807=EDGE_CURVE('',#991,#989,#1188,.T.);
#808=EDGE_CURVE('',#991,#992,#1189,.T.);
#809=EDGE_CURVE('',#992,#990,#1190,.T.);
#810=EDGE_CURVE('',#980,#991,#1191,.T.);
#811=EDGE_CURVE('',#982,#992,#1192,.T.);
#812=EDGE_CURVE('',#993,#994,#1193,.T.);
#813=EDGE_CURVE('',#995,#993,#1194,.T.);
#814=EDGE_CURVE('',#988,#995,#1195,.T.);
#815=EDGE_CURVE('',#996,#984,#1196,.T.);
#816=EDGE_CURVE('',#997,#996,#1197,.T.);
#817=EDGE_CURVE('',#994,#997,#1198,.T.);
#818=EDGE_CURVE('',#998,#999,#1199,.T.);
#819=EDGE_CURVE('',#1000,#998,#1200,.T.);
#820=EDGE_CURVE('',#1001,#1000,#1201,.T.);
#821=EDGE_CURVE('',#1002,#1001,#1202,.T.);
#822=EDGE_CURVE('',#1003,#1002,#1203,.T.);
#823=EDGE_CURVE('',#1004,#1003,#1204,.T.);
#824=EDGE_CURVE('',#1005,#1004,#1205,.T.);
#825=EDGE_CURVE('',#1006,#1005,#1206,.T.);
#826=EDGE_CURVE('',#1007,#1006,#1207,.T.);
#827=EDGE_CURVE('',#1008,#1007,#1208,.T.);
#828=EDGE_CURVE('',#1009,#1008,#1209,.T.);
#829=EDGE_CURVE('',#999,#1009,#1210,.T.);
#830=EDGE_CURVE('',#1010,#1010,#35,.T.);
#831=EDGE_CURVE('',#986,#1011,#1211,.T.);
#832=EDGE_CURVE('',#1011,#995,#1212,.T.);
#833=EDGE_CURVE('',#1011,#1012,#1213,.T.);
#834=EDGE_CURVE('',#1012,#993,#1214,.T.);
#835=EDGE_CURVE('',#1012,#1013,#1215,.T.);
#836=EDGE_CURVE('',#1013,#994,#1216,.T.);
#837=EDGE_CURVE('',#1013,#1014,#1217,.T.);
#838=EDGE_CURVE('',#1014,#997,#1218,.T.);
#839=EDGE_CURVE('',#1014,#1015,#1219,.T.);
#840=EDGE_CURVE('',#1015,#996,#1220,.T.);
#841=EDGE_CURVE('',#1015,#983,#1221,.T.);
#842=EDGE_CURVE('',#1002,#1014,#1222,.T.);
#843=EDGE_CURVE('',#1001,#1013,#1223,.T.);
#844=EDGE_CURVE('',#1003,#1015,#1224,.T.);
#845=EDGE_CURVE('',#1004,#983,#1225,.T.);
#846=EDGE_CURVE('',#1011,#998,#1226,.T.);
#847=EDGE_CURVE('',#1000,#1012,#1227,.T.);
#848=EDGE_CURVE('',#1005,#979,#1228,.T.);
#849=EDGE_CURVE('',#1006,#980,#1229,.T.);
#850=EDGE_CURVE('',#1007,#991,#1230,.T.);
#851=EDGE_CURVE('',#1008,#989,#1231,.T.);
#852=EDGE_CURVE('',#1009,#985,#1232,.T.);
#853=EDGE_CURVE('',#999,#986,#1233,.T.);
#854=VERTEX_POINT('',#2458);
#855=VERTEX_POINT('',#2459);
#856=VERTEX_POINT('',#2461);
#857=VERTEX_POINT('',#2463);
#858=VERTEX_POINT('',#2465);
#859=VERTEX_POINT('',#2467);
#860=VERTEX_POINT('',#2474);
#861=VERTEX_POINT('',#2476);
#862=VERTEX_POINT('',#2480);
#863=VERTEX_POINT('',#2481);
#864=VERTEX_POINT('',#2483);
#865=VERTEX_POINT('',#2485);
#866=VERTEX_POINT('',#2488);
#867=VERTEX_POINT('',#2489);
#868=VERTEX_POINT('',#2491);
#869=VERTEX_POINT('',#2493);
#870=VERTEX_POINT('',#2496);
#871=VERTEX_POINT('',#2500);
#872=VERTEX_POINT('',#2507);
#873=VERTEX_POINT('',#2511);
#874=VERTEX_POINT('',#2513);
#875=VERTEX_POINT('',#2715);
#876=VERTEX_POINT('',#2732);
#877=VERTEX_POINT('',#2742);
#878=VERTEX_POINT('',#2771);
#879=VERTEX_POINT('',#2780);
#880=VERTEX_POINT('',#2787);
#881=VERTEX_POINT('',#3060);
#882=VERTEX_POINT('',#3127);
#883=VERTEX_POINT('',#3134);
#884=VERTEX_POINT('',#3135);
#885=VERTEX_POINT('',#3140);
#886=VERTEX_POINT('',#3142);
#887=VERTEX_POINT('',#3144);
#888=VERTEX_POINT('',#3168);
#889=VERTEX_POINT('',#3241);
#890=VERTEX_POINT('',#3267);
#891=VERTEX_POINT('',#3276);
#892=VERTEX_POINT('',#3283);
#893=VERTEX_POINT('',#3287);
#894=VERTEX_POINT('',#3466);
#895=VERTEX_POINT('',#3473);
#896=VERTEX_POINT('',#3486);
#897=VERTEX_POINT('',#3493);
#898=VERTEX_POINT('',#3662);
#899=VERTEX_POINT('',#3664);
#900=VERTEX_POINT('',#3672);
#901=VERTEX_POINT('',#3673);
#902=VERTEX_POINT('',#3683);
#903=VERTEX_POINT('',#3685);
#904=VERTEX_POINT('',#3688);
#905=VERTEX_POINT('',#3689);
#906=VERTEX_POINT('',#3691);
#907=VERTEX_POINT('',#3693);
#908=VERTEX_POINT('',#3697);
#909=VERTEX_POINT('',#3699);
#910=VERTEX_POINT('',#3703);
#911=VERTEX_POINT('',#3704);
#912=VERTEX_POINT('',#3706);
#913=VERTEX_POINT('',#3708);
#914=VERTEX_POINT('',#3712);
#915=VERTEX_POINT('',#3714);
#916=VERTEX_POINT('',#3718);
#917=VERTEX_POINT('',#3720);
#918=VERTEX_POINT('',#3727);
#919=VERTEX_POINT('',#3728);
#920=VERTEX_POINT('',#3730);
#921=VERTEX_POINT('',#3733);
#922=VERTEX_POINT('',#3735);
#923=VERTEX_POINT('',#3739);
#924=VERTEX_POINT('',#3740);
#925=VERTEX_POINT('',#3742);
#926=VERTEX_POINT('',#3744);
#927=VERTEX_POINT('',#3746);
#928=VERTEX_POINT('',#3748);
#929=VERTEX_POINT('',#3750);
#930=VERTEX_POINT('',#3752);
#931=VERTEX_POINT('',#3754);
#932=VERTEX_POINT('',#3756);
#933=VERTEX_POINT('',#3758);
#934=VERTEX_POINT('',#3760);
#935=VERTEX_POINT('',#3764);
#936=VERTEX_POINT('',#3768);
#937=VERTEX_POINT('',#3772);
#938=VERTEX_POINT('',#3776);
#939=VERTEX_POINT('',#3780);
#940=VERTEX_POINT('',#3810);
#941=VERTEX_POINT('',#3811);
#942=VERTEX_POINT('',#3816);
#943=VERTEX_POINT('',#3820);
#944=VERTEX_POINT('',#3821);
#945=VERTEX_POINT('',#3823);
#946=VERTEX_POINT('',#3825);
#947=VERTEX_POINT('',#3829);
#948=VERTEX_POINT('',#3831);
#949=VERTEX_POINT('',#3835);
#950=VERTEX_POINT('',#3836);
#951=VERTEX_POINT('',#3838);
#952=VERTEX_POINT('',#3840);
#953=VERTEX_POINT('',#3844);
#954=VERTEX_POINT('',#3846);
#955=VERTEX_POINT('',#3850);
#956=VERTEX_POINT('',#3852);
#957=VERTEX_POINT('',#3859);
#958=VERTEX_POINT('',#3860);
#959=VERTEX_POINT('',#3862);
#960=VERTEX_POINT('',#3865);
#961=VERTEX_POINT('',#3867);
#962=VERTEX_POINT('',#3871);
#963=VERTEX_POINT('',#3872);
#964=VERTEX_POINT('',#3874);
#965=VERTEX_POINT('',#3876);
#966=VERTEX_POINT('',#3878);
#967=VERTEX_POINT('',#3880);
#968=VERTEX_POINT('',#3882);
#969=VERTEX_POINT('',#3884);
#970=VERTEX_POINT('',#3886);
#971=VERTEX_POINT('',#3888);
#972=VERTEX_POINT('',#3890);
#973=VERTEX_POINT('',#3892);
#974=VERTEX_POINT('',#3896);
#975=VERTEX_POINT('',#3900);
#976=VERTEX_POINT('',#3904);
#977=VERTEX_POINT('',#3908);
#978=VERTEX_POINT('',#3912);
#979=VERTEX_POINT('',#3944);
#980=VERTEX_POINT('',#3945);
#981=VERTEX_POINT('',#3947);
#982=VERTEX_POINT('',#3949);
#983=VERTEX_POINT('',#3953);
#984=VERTEX_POINT('',#3955);
#985=VERTEX_POINT('',#3959);
#986=VERTEX_POINT('',#3960);
#987=VERTEX_POINT('',#3962);
#988=VERTEX_POINT('',#3964);
#989=VERTEX_POINT('',#3968);
#990=VERTEX_POINT('',#3970);
#991=VERTEX_POINT('',#3974);
#992=VERTEX_POINT('',#3976);
#993=VERTEX_POINT('',#3983);
#994=VERTEX_POINT('',#3984);
#995=VERTEX_POINT('',#3986);
#996=VERTEX_POINT('',#3989);
#997=VERTEX_POINT('',#3991);
#998=VERTEX_POINT('',#3995);
#999=VERTEX_POINT('',#3996);
#1000=VERTEX_POINT('',#3998);
#1001=VERTEX_POINT('',#4000);
#1002=VERTEX_POINT('',#4002);
#1003=VERTEX_POINT('',#4004);
#1004=VERTEX_POINT('',#4006);
#1005=VERTEX_POINT('',#4008);
#1006=VERTEX_POINT('',#4010);
#1007=VERTEX_POINT('',#4012);
#1008=VERTEX_POINT('',#4014);
#1009=VERTEX_POINT('',#4016);
#1010=VERTEX_POINT('',#4019);
#1011=VERTEX_POINT('',#4022);
#1012=VERTEX_POINT('',#4026);
#1013=VERTEX_POINT('',#4030);
#1014=VERTEX_POINT('',#4034);
#1015=VERTEX_POINT('',#4038);
#1016=LINE('',#2457,#1234);
#1017=LINE('',#2460,#1235);
#1018=LINE('',#2462,#1236);
#1019=LINE('',#2464,#1237);
#1020=LINE('',#2466,#1238);
#1021=LINE('',#2468,#1239);
#1022=LINE('',#2475,#1240);
#1023=LINE('',#2479,#1241);
#1024=LINE('',#2482,#1242);
#1025=LINE('',#2484,#1243);
#1026=LINE('',#2486,#1244);
#1027=LINE('',#2487,#1245);
#1028=LINE('',#2492,#1246);
#1029=LINE('',#2495,#1247);
#1030=LINE('',#2499,#1248);
#1031=LINE('',#2501,#1249);
#1032=LINE('',#2508,#1250);
#1033=LINE('',#2510,#1251);
#1034=LINE('',#2512,#1252);
#1035=LINE('',#2514,#1253);
#1036=LINE('',#3133,#1254);
#1037=LINE('',#3136,#1255);
#1038=LINE('',#3137,#1256);
#1039=LINE('',#3139,#1257);
#1040=LINE('',#3141,#1258);
#1041=LINE('',#3143,#1259);
#1042=LINE('',#3145,#1260);
#1043=LINE('',#3266,#1261);
#1044=LINE('',#3275,#1262);
#1045=LINE('',#3282,#1263);
#1046=LINE('',#3286,#1264);
#1047=LINE('',#3663,#1265);
#1048=LINE('',#3674,#1266);
#1049=LINE('',#3675,#1267);
#1050=LINE('',#3677,#1268);
#1051=LINE('',#3679,#1269);
#1052=LINE('',#3687,#1270);
#1053=LINE('',#3690,#1271);
#1054=LINE('',#3692,#1272);
#1055=LINE('',#3694,#1273);
#1056=LINE('',#3696,#1274);
#1057=LINE('',#3698,#1275);
#1058=LINE('',#3700,#1276);
#1059=LINE('',#3702,#1277);
#1060=LINE('',#3705,#1278);
#1061=LINE('',#3707,#1279);
#1062=LINE('',#3709,#1280);
#1063=LINE('',#3711,#1281);
#1064=LINE('',#3713,#1282);
#1065=LINE('',#3715,#1283);
#1066=LINE('',#3717,#1284);
#1067=LINE('',#3719,#1285);
#1068=LINE('',#3721,#1286);
#1069=LINE('',#3723,#1287);
#1070=LINE('',#3724,#1288);
#1071=LINE('',#3726,#1289);
#1072=LINE('',#3729,#1290);
#1073=LINE('',#3731,#1291);
#1074=LINE('',#3732,#1292);
#1075=LINE('',#3734,#1293);
#1076=LINE('',#3736,#1294);
#1077=LINE('',#3738,#1295);
#1078=LINE('',#3741,#1296);
#1079=LINE('',#3743,#1297);
#1080=LINE('',#3745,#1298);
#1081=LINE('',#3747,#1299);
#1082=LINE('',#3749,#1300);
#1083=LINE('',#3751,#1301);
#1084=LINE('',#3753,#1302);
#1085=LINE('',#3755,#1303);
#1086=LINE('',#3757,#1304);
#1087=LINE('',#3759,#1305);
#1088=LINE('',#3761,#1306);
#1089=LINE('',#3763,#1307);
#1090=LINE('',#3765,#1308);
#1091=LINE('',#3767,#1309);
#1092=LINE('',#3769,#1310);
#1093=LINE('',#3771,#1311);
#1094=LINE('',#3773,#1312);
#1095=LINE('',#3775,#1313);
#1096=LINE('',#3777,#1314);
#1097=LINE('',#3779,#1315);
#1098=LINE('',#3781,#1316);
#1099=LINE('',#3783,#1317);
#1100=LINE('',#3785,#1318);
#1101=LINE('',#3786,#1319);
#1102=LINE('',#3788,#1320);
#1103=LINE('',#3790,#1321);
#1104=LINE('',#3792,#1322);
#1105=LINE('',#3793,#1323);
#1106=LINE('',#3795,#1324);
#1107=LINE('',#3797,#1325);
#1108=LINE('',#3799,#1326);
#1109=LINE('',#3801,#1327);
#1110=LINE('',#3803,#1328);
#1111=LINE('',#3805,#1329);
#1112=LINE('',#3812,#1330);
#1113=LINE('',#3813,#1331);
#1114=LINE('',#3819,#1332);
#1115=LINE('',#3822,#1333);
#1116=LINE('',#3824,#1334);
#1117=LINE('',#3826,#1335);
#1118=LINE('',#3828,#1336);
#1119=LINE('',#3830,#1337);
#1120=LINE('',#3832,#1338);
#1121=LINE('',#3834,#1339);
#1122=LINE('',#3837,#1340);
#1123=LINE('',#3839,#1341);
#1124=LINE('',#3841,#1342);
#1125=LINE('',#3843,#1343);
#1126=LINE('',#3845,#1344);
#1127=LINE('',#3847,#1345);
#1128=LINE('',#3849,#1346);
#1129=LINE('',#3851,#1347);
#1130=LINE('',#3853,#1348);
#1131=LINE('',#3855,#1349);
#1132=LINE('',#3856,#1350);
#1133=LINE('',#3858,#1351);
#1134=LINE('',#3861,#1352);
#1135=LINE('',#3863,#1353);
#1136=LINE('',#3864,#1354);
#1137=LINE('',#3866,#1355);
#1138=LINE('',#3868,#1356);
#1139=LINE('',#3870,#1357);
#1140=LINE('',#3873,#1358);
#1141=LINE('',#3875,#1359);
#1142=LINE('',#3877,#1360);
#1143=LINE('',#3879,#1361);
#1144=LINE('',#3881,#1362);
#1145=LINE('',#3883,#1363);
#1146=LINE('',#3885,#1364);
#1147=LINE('',#3887,#1365);
#1148=LINE('',#3889,#1366);
#1149=LINE('',#3891,#1367);
#1150=LINE('',#3893,#1368);
#1151=LINE('',#3895,#1369);
#1152=LINE('',#3897,#1370);
#1153=LINE('',#3899,#1371);
#1154=LINE('',#3901,#1372);
#1155=LINE('',#3903,#1373);
#1156=LINE('',#3905,#1374);
#1157=LINE('',#3907,#1375);
#1158=LINE('',#3909,#1376);
#1159=LINE('',#3911,#1377);
#1160=LINE('',#3913,#1378);
#1161=LINE('',#3915,#1379);
#1162=LINE('',#3917,#1380);
#1163=LINE('',#3918,#1381);
#1164=LINE('',#3920,#1382);
#1165=LINE('',#3922,#1383);
#1166=LINE('',#3924,#1384);
#1167=LINE('',#3925,#1385);
#1168=LINE('',#3927,#1386);
#1169=LINE('',#3929,#1387);
#1170=LINE('',#3931,#1388);
#1171=LINE('',#3933,#1389);
#1172=LINE('',#3935,#1390);
#1173=LINE('',#3937,#1391);
#1174=LINE('',#3943,#1392);
#1175=LINE('',#3946,#1393);
#1176=LINE('',#3948,#1394);
#1177=LINE('',#3950,#1395);
#1178=LINE('',#3952,#1396);
#1179=LINE('',#3954,#1397);
#1180=LINE('',#3956,#1398);
#1181=LINE('',#3958,#1399);
#1182=LINE('',#3961,#1400);
#1183=LINE('',#3963,#1401);
#1184=LINE('',#3965,#1402);
#1185=LINE('',#3967,#1403);
#1186=LINE('',#3969,#1404);
#1187=LINE('',#3971,#1405);
#1188=LINE('',#3973,#1406);
#1189=LINE('',#3975,#1407);
#1190=LINE('',#3977,#1408);
#1191=LINE('',#3979,#1409);
#1192=LINE('',#3980,#1410);
#1193=LINE('',#3982,#1411);
#1194=LINE('',#3985,#1412);
#1195=LINE('',#3987,#1413);
#1196=LINE('',#3988,#1414);
#1197=LINE('',#3990,#1415);
#1198=LINE('',#3992,#1416);
#1199=LINE('',#3994,#1417);
#1200=LINE('',#3997,#1418);
#1201=LINE('',#3999,#1419);
#1202=LINE('',#4001,#1420);
#1203=LINE('',#4003,#1421);
#1204=LINE('',#4005,#1422);
#1205=LINE('',#4007,#1423);
#1206=LINE('',#4009,#1424);
#1207=LINE('',#4011,#1425);
#1208=LINE('',#4013,#1426);
#1209=LINE('',#4015,#1427);
#1210=LINE('',#4017,#1428);
#1211=LINE('',#4021,#1429);
#1212=LINE('',#4023,#1430);
#1213=LINE('',#4025,#1431);
#1214=LINE('',#4027,#1432);
#1215=LINE('',#4029,#1433);
#1216=LINE('',#4031,#1434);
#1217=LINE('',#4033,#1435);
#1218=LINE('',#4035,#1436);
#1219=LINE('',#4037,#1437);
#1220=LINE('',#4039,#1438);
#1221=LINE('',#4041,#1439);
#1222=LINE('',#4043,#1440);
#1223=LINE('',#4044,#1441);
#1224=LINE('',#4046,#1442);
#1225=LINE('',#4048,#1443);
#1226=LINE('',#4050,#1444);
#1227=LINE('',#4051,#1445);
#1228=LINE('',#4053,#1446);
#1229=LINE('',#4055,#1447);
#1230=LINE('',#4057,#1448);
#1231=LINE('',#4059,#1449);
#1232=LINE('',#4061,#1450);
#1233=LINE('',#4063,#1451);
#1234=VECTOR('',#2011,1.);
#1235=VECTOR('',#2012,1.);
#1236=VECTOR('',#2013,1.);
#1237=VECTOR('',#2014,1.);
#1238=VECTOR('',#2015,1.);
#1239=VECTOR('',#2016,1.);
#1240=VECTOR('',#2019,1.);
#1241=VECTOR('',#2024,1.);
#1242=VECTOR('',#2025,1.);
#1243=VECTOR('',#2026,1.);
#1244=VECTOR('',#2027,1.);
#1245=VECTOR('',#2028,1.);
#1246=VECTOR('',#2031,1.);
#1247=VECTOR('',#2034,1.);
#1248=VECTOR('',#2039,1.);
#1249=VECTOR('',#2040,1.);
#1250=VECTOR('',#2043,1.);
#1251=VECTOR('',#2046,1.);
#1252=VECTOR('',#2047,1.);
#1253=VECTOR('',#2048,1.);
#1254=VECTOR('',#2051,1.);
#1255=VECTOR('',#2052,1.);
#1256=VECTOR('',#2053,1.);
#1257=VECTOR('',#2056,1.);
#1258=VECTOR('',#2057,1.);
#1259=VECTOR('',#2058,1.);
#1260=VECTOR('',#2059,1.);
#1261=VECTOR('',#2064,1.);
#1262=VECTOR('',#2067,1.);
#1263=VECTOR('',#2070,1.);
#1264=VECTOR('',#2075,1.);
#1265=VECTOR('',#2076,1.);
#1266=VECTOR('',#2083,1.);
#1267=VECTOR('',#2084,1.);
#1268=VECTOR('',#2087,1.);
#1269=VECTOR('',#2090,1.);
#1270=VECTOR('',#2101,1.);
#1271=VECTOR('',#2102,1.);
#1272=VECTOR('',#2103,1.);
#1273=VECTOR('',#2104,1.);
#1274=VECTOR('',#2107,1.);
#1275=VECTOR('',#2108,1.);
#1276=VECTOR('',#2109,1.);
#1277=VECTOR('',#2112,1.);
#1278=VECTOR('',#2113,1.);
#1279=VECTOR('',#2114,1.);
#1280=VECTOR('',#2115,1.);
#1281=VECTOR('',#2118,1.);
#1282=VECTOR('',#2119,1.);
#1283=VECTOR('',#2120,1.);
#1284=VECTOR('',#2123,1.);
#1285=VECTOR('',#2124,1.);
#1286=VECTOR('',#2125,1.);
#1287=VECTOR('',#2128,1.);
#1288=VECTOR('',#2129,1.);
#1289=VECTOR('',#2132,1.);
#1290=VECTOR('',#2133,1.);
#1291=VECTOR('',#2134,1.);
#1292=VECTOR('',#2135,1.);
#1293=VECTOR('',#2136,1.);
#1294=VECTOR('',#2137,1.);
#1295=VECTOR('',#2140,1.);
#1296=VECTOR('',#2141,1.);
#1297=VECTOR('',#2142,1.);
#1298=VECTOR('',#2143,1.);
#1299=VECTOR('',#2144,1.);
#1300=VECTOR('',#2145,1.);
#1301=VECTOR('',#2146,1.);
#1302=VECTOR('',#2147,1.);
#1303=VECTOR('',#2148,1.);
#1304=VECTOR('',#2149,1.);
#1305=VECTOR('',#2150,1.);
#1306=VECTOR('',#2151,1.);
#1307=VECTOR('',#2154,1.);
#1308=VECTOR('',#2155,1.);
#1309=VECTOR('',#2158,1.);
#1310=VECTOR('',#2159,1.);
#1311=VECTOR('',#2162,1.);
#1312=VECTOR('',#2163,1.);
#1313=VECTOR('',#2166,1.);
#1314=VECTOR('',#2167,1.);
#1315=VECTOR('',#2170,1.);
#1316=VECTOR('',#2171,1.);
#1317=VECTOR('',#2174,1.);
#1318=VECTOR('',#2177,1.);
#1319=VECTOR('',#2178,1.);
#1320=VECTOR('',#2181,1.);
#1321=VECTOR('',#2184,1.);
#1322=VECTOR('',#2187,1.);
#1323=VECTOR('',#2188,1.);
#1324=VECTOR('',#2191,1.);
#1325=VECTOR('',#2194,1.);
#1326=VECTOR('',#2197,1.);
#1327=VECTOR('',#2200,1.);
#1328=VECTOR('',#2203,1.);
#1329=VECTOR('',#2206,1.);
#1330=VECTOR('',#2215,1.);
#1331=VECTOR('',#2216,1.);
#1332=VECTOR('',#2225,1.);
#1333=VECTOR('',#2226,1.);
#1334=VECTOR('',#2227,1.);
#1335=VECTOR('',#2228,1.);
#1336=VECTOR('',#2231,1.);
#1337=VECTOR('',#2232,1.);
#1338=VECTOR('',#2233,1.);
#1339=VECTOR('',#2236,1.);
#1340=VECTOR('',#2237,1.);
#1341=VECTOR('',#2238,1.);
#1342=VECTOR('',#2239,1.);
#1343=VECTOR('',#2242,1.);
#1344=VECTOR('',#2243,1.);
#1345=VECTOR('',#2244,1.);
#1346=VECTOR('',#2247,1.);
#1347=VECTOR('',#2248,1.);
#1348=VECTOR('',#2249,1.);
#1349=VECTOR('',#2252,1.);
#1350=VECTOR('',#2253,1.);
#1351=VECTOR('',#2256,1.);
#1352=VECTOR('',#2257,1.);
#1353=VECTOR('',#2258,1.);
#1354=VECTOR('',#2259,1.);
#1355=VECTOR('',#2260,1.);
#1356=VECTOR('',#2261,1.);
#1357=VECTOR('',#2264,1.);
#1358=VECTOR('',#2265,1.);
#1359=VECTOR('',#2266,1.);
#1360=VECTOR('',#2267,1.);
#1361=VECTOR('',#2268,1.);
#1362=VECTOR('',#2269,1.);
#1363=VECTOR('',#2270,1.);
#1364=VECTOR('',#2271,1.);
#1365=VECTOR('',#2272,1.);
#1366=VECTOR('',#2273,1.);
#1367=VECTOR('',#2274,1.);
#1368=VECTOR('',#2275,1.);
#1369=VECTOR('',#2278,1.);
#1370=VECTOR('',#2279,1.);
#1371=VECTOR('',#2282,1.);
#1372=VECTOR('',#2283,1.);
#1373=VECTOR('',#2286,1.);
#1374=VECTOR('',#2287,1.);
#1375=VECTOR('',#2290,1.);
#1376=VECTOR('',#2291,1.);
#1377=VECTOR('',#2294,1.);
#1378=VECTOR('',#2295,1.);
#1379=VECTOR('',#2298,1.);
#1380=VECTOR('',#2301,1.);
#1381=VECTOR('',#2302,1.);
#1382=VECTOR('',#2305,1.);
#1383=VECTOR('',#2308,1.);
#1384=VECTOR('',#2311,1.);
#1385=VECTOR('',#2312,1.);
#1386=VECTOR('',#2315,1.);
#1387=VECTOR('',#2318,1.);
#1388=VECTOR('',#2321,1.);
#1389=VECTOR('',#2324,1.);
#1390=VECTOR('',#2327,1.);
#1391=VECTOR('',#2330,1.);
#1392=VECTOR('',#2341,1.);
#1393=VECTOR('',#2342,1.);
#1394=VECTOR('',#2343,1.);
#1395=VECTOR('',#2344,1.);
#1396=VECTOR('',#2347,1.);
#1397=VECTOR('',#2348,1.);
#1398=VECTOR('',#2349,1.);
#1399=VECTOR('',#2352,1.);
#1400=VECTOR('',#2353,1.);
#1401=VECTOR('',#2354,1.);
#1402=VECTOR('',#2355,1.);
#1403=VECTOR('',#2358,1.);
#1404=VECTOR('',#2359,1.);
#1405=VECTOR('',#2360,1.);
#1406=VECTOR('',#2363,1.);
#1407=VECTOR('',#2364,1.);
#1408=VECTOR('',#2365,1.);
#1409=VECTOR('',#2368,1.);
#1410=VECTOR('',#2369,1.);
#1411=VECTOR('',#2372,1.);
#1412=VECTOR('',#2373,1.);
#1413=VECTOR('',#2374,1.);
#1414=VECTOR('',#2375,1.);
#1415=VECTOR('',#2376,1.);
#1416=VECTOR('',#2377,1.);
#1417=VECTOR('',#2380,1.);
#1418=VECTOR('',#2381,1.);
#1419=VECTOR('',#2382,1.);
#1420=VECTOR('',#2383,1.);
#1421=VECTOR('',#2384,1.);
#1422=VECTOR('',#2385,1.);
#1423=VECTOR('',#2386,1.);
#1424=VECTOR('',#2387,1.);
#1425=VECTOR('',#2388,1.);
#1426=VECTOR('',#2389,1.);
#1427=VECTOR('',#2390,1.);
#1428=VECTOR('',#2391,1.);
#1429=VECTOR('',#2396,1.);
#1430=VECTOR('',#2397,1.);
#1431=VECTOR('',#2400,1.);
#1432=VECTOR('',#2401,1.);
#1433=VECTOR('',#2404,1.);
#1434=VECTOR('',#2405,1.);
#1435=VECTOR('',#2408,1.);
#1436=VECTOR('',#2409,1.);
#1437=VECTOR('',#2412,1.);
#1438=VECTOR('',#2413,1.);
#1439=VECTOR('',#2416,1.);
#1440=VECTOR('',#2419,1.);
#1441=VECTOR('',#2420,1.);
#1442=VECTOR('',#2423,1.);
#1443=VECTOR('',#2426,1.);
#1444=VECTOR('',#2429,1.);
#1445=VECTOR('',#2430,1.);
#1446=VECTOR('',#2433,1.);
#1447=VECTOR('',#2436,1.);
#1448=VECTOR('',#2439,1.);
#1449=VECTOR('',#2442,1.);
#1450=VECTOR('',#2445,1.);
#1451=VECTOR('',#2448,1.);
#1452=EDGE_LOOP('',(#74,#75,#76,#77,#78,#79));
#1453=EDGE_LOOP('',(#80,#81,#82,#83));
#1454=EDGE_LOOP('',(#84,#85,#86,#87));
#1455=EDGE_LOOP('',(#88,#89,#90,#91,#92,#93,#94,#95));
#1456=EDGE_LOOP('',(#96,#97,#98,#99));
#1457=EDGE_LOOP('',(#100,#101,#102,#103));
#1458=EDGE_LOOP('',(#104,#105,#106,#107));
#1459=EDGE_LOOP('',(#108,#109,#110,#111,#112,#113,#114,#115,#116,#117,#118));
#1460=EDGE_LOOP('',(#119,#120,#121,#122,#123,#124,#125));
#1461=EDGE_LOOP('',(#126,#127,#128,#129));
#1462=EDGE_LOOP('',(#130,#131,#132,#133,#134,#135));
#1463=EDGE_LOOP('',(#136,#137,#138,#139));
#1464=EDGE_LOOP('',(#140,#141,#142,#143,#144));
#1465=EDGE_LOOP('',(#145,#146,#147));
#1466=EDGE_LOOP('',(#148,#149,#150,#151));
#1467=EDGE_LOOP('',(#152,#153,#154,#155));
#1468=EDGE_LOOP('',(#156,#157,#158,#159));
#1469=EDGE_LOOP('',(#160,#161,#162,#163));
#1470=EDGE_LOOP('',(#164,#165,#166,#167));
#1471=EDGE_LOOP('',(#168,#169,#170,#171,#172,#173,#174,#175));
#1472=EDGE_LOOP('',(#176,#177,#178,#179,#180,#181,#182,#183,#184,#185,#186,
#187));
#1473=EDGE_LOOP('',(#188,#189));
#1474=EDGE_LOOP('',(#190,#191,#192,#193,#194,#195));
#1475=EDGE_LOOP('',(#196,#197,#198,#199));
#1476=EDGE_LOOP('',(#200,#201,#202,#203));
#1477=EDGE_LOOP('',(#204,#205,#206,#207));
#1478=EDGE_LOOP('',(#208));
#1479=EDGE_LOOP('',(#209));
#1480=EDGE_LOOP('',(#210,#211,#212,#213));
#1481=EDGE_LOOP('',(#214,#215,#216,#217));
#1482=EDGE_LOOP('',(#218,#219,#220,#221));
#1483=EDGE_LOOP('',(#222,#223,#224,#225));
#1484=EDGE_LOOP('',(#226,#227,#228,#229));
#1485=EDGE_LOOP('',(#230,#231,#232,#233));
#1486=EDGE_LOOP('',(#234,#235,#236,#237,#238,#239,#240,#241,#242,#243,#244,
#245));
#1487=EDGE_LOOP('',(#246,#247,#248,#249,#250,#251,#252,#253,#254,#255,#256,
#257));
#1488=EDGE_LOOP('',(#258));
#1489=EDGE_LOOP('',(#259,#260,#261,#262));
#1490=EDGE_LOOP('',(#263,#264,#265,#266));
#1491=EDGE_LOOP('',(#267,#268,#269,#270));
#1492=EDGE_LOOP('',(#271,#272,#273,#274));
#1493=EDGE_LOOP('',(#275,#276,#277,#278));
#1494=EDGE_LOOP('',(#279,#280,#281,#282));
#1495=EDGE_LOOP('',(#283,#284,#285,#286));
#1496=EDGE_LOOP('',(#287,#288,#289,#290));
#1497=EDGE_LOOP('',(#291,#292,#293,#294));
#1498=EDGE_LOOP('',(#295,#296,#297,#298));
#1499=EDGE_LOOP('',(#299,#300,#301,#302));
#1500=EDGE_LOOP('',(#303,#304,#305,#306));
#1501=EDGE_LOOP('',(#307,#308,#309,#310));
#1502=EDGE_LOOP('',(#311,#312,#313,#314));
#1503=EDGE_LOOP('',(#315,#316,#317,#318));
#1504=EDGE_LOOP('',(#319,#320,#321,#322));
#1505=EDGE_LOOP('',(#323,#324,#325,#326));
#1506=EDGE_LOOP('',(#327,#328,#329,#330));
#1507=EDGE_LOOP('',(#331,#332,#333,#334,#335,#336));
#1508=EDGE_LOOP('',(#337));
#1509=EDGE_LOOP('',(#338,#339));
#1510=EDGE_LOOP('',(#340,#341,#342,#343));
#1511=EDGE_LOOP('',(#344,#345,#346,#347));
#1512=EDGE_LOOP('',(#348,#349,#350,#351));
#1513=EDGE_LOOP('',(#352,#353,#354,#355));
#1514=EDGE_LOOP('',(#356,#357,#358,#359));
#1515=EDGE_LOOP('',(#360,#361,#362,#363));
#1516=EDGE_LOOP('',(#364,#365,#366,#367,#368,#369,#370,#371,#372,#373,#374,
#375));
#1517=EDGE_LOOP('',(#376,#377,#378,#379,#380,#381,#382,#383,#384,#385,#386,
#387));
#1518=EDGE_LOOP('',(#388));
#1519=EDGE_LOOP('',(#389,#390,#391,#392));
#1520=EDGE_LOOP('',(#393,#394,#395,#396));
#1521=EDGE_LOOP('',(#397,#398,#399,#400));
#1522=EDGE_LOOP('',(#401,#402,#403,#404));
#1523=EDGE_LOOP('',(#405,#406,#407,#408));
#1524=EDGE_LOOP('',(#409,#410,#411,#412));
#1525=EDGE_LOOP('',(#413,#414,#415,#416));
#1526=EDGE_LOOP('',(#417,#418,#419,#420));
#1527=EDGE_LOOP('',(#421,#422,#423,#424));
#1528=EDGE_LOOP('',(#425,#426,#427,#428));
#1529=EDGE_LOOP('',(#429,#430,#431,#432));
#1530=EDGE_LOOP('',(#433,#434,#435,#436));
#1531=EDGE_LOOP('',(#437,#438,#439,#440));
#1532=EDGE_LOOP('',(#441,#442,#443,#444));
#1533=EDGE_LOOP('',(#445,#446,#447,#448));
#1534=EDGE_LOOP('',(#449,#450,#451,#452));
#1535=EDGE_LOOP('',(#453,#454,#455,#456));
#1536=EDGE_LOOP('',(#457,#458,#459,#460));
#1537=EDGE_LOOP('',(#461));
#1538=EDGE_LOOP('',(#462,#463,#464,#465,#466,#467,#468,#469));
#1539=EDGE_LOOP('',(#470,#471,#472,#473));
#1540=EDGE_LOOP('',(#474,#475,#476,#477));
#1541=EDGE_LOOP('',(#478,#479,#480,#481));
#1542=EDGE_LOOP('',(#482,#483,#484,#485));
#1543=EDGE_LOOP('',(#486,#487,#488,#489));
#1544=EDGE_LOOP('',(#490,#491,#492,#493));
#1545=EDGE_LOOP('',(#494,#495,#496,#497,#498,#499,#500,#501,#502,#503,#504,
#505));
#1546=EDGE_LOOP('',(#506,#507,#508,#509,#510,#511,#512,#513,#514,#515,#516,
#517));
#1547=EDGE_LOOP('',(#518));
#1548=EDGE_LOOP('',(#519,#520,#521,#522));
#1549=EDGE_LOOP('',(#523,#524,#525,#526));
#1550=EDGE_LOOP('',(#527,#528,#529,#530));
#1551=EDGE_LOOP('',(#531,#532,#533,#534));
#1552=EDGE_LOOP('',(#535,#536,#537,#538));
#1553=EDGE_LOOP('',(#539,#540,#541,#542));
#1554=EDGE_LOOP('',(#543,#544,#545,#546));
#1555=EDGE_LOOP('',(#547,#548,#549,#550));
#1556=EDGE_LOOP('',(#551,#552,#553,#554));
#1557=EDGE_LOOP('',(#555,#556,#557,#558));
#1558=EDGE_LOOP('',(#559,#560,#561,#562));
#1559=EDGE_LOOP('',(#563,#564,#565,#566));
#1560=EDGE_LOOP('',(#567,#568,#569,#570));
#1561=EDGE_LOOP('',(#571,#572,#573,#574));
#1562=EDGE_LOOP('',(#575,#576,#577,#578));
#1563=EDGE_LOOP('',(#579,#580,#581,#582));
#1564=EDGE_LOOP('',(#583,#584,#585,#586));
#1565=EDGE_LOOP('',(#587,#588,#589,#590));
#1566=EDGE_LOOP('',(#591,#592));
#1567=EDGE_LOOP('',(#593));
#1568=FACE_BOUND('',#1452,.T.);
#1569=FACE_BOUND('',#1453,.T.);
#1570=FACE_BOUND('',#1454,.T.);
#1571=FACE_BOUND('',#1455,.T.);
#1572=FACE_BOUND('',#1456,.T.);
#1573=FACE_BOUND('',#1457,.T.);
#1574=FACE_BOUND('',#1458,.T.);
#1575=FACE_BOUND('',#1459,.T.);
#1576=FACE_BOUND('',#1460,.T.);
#1577=FACE_BOUND('',#1461,.T.);
#1578=FACE_BOUND('',#1462,.T.);
#1579=FACE_BOUND('',#1463,.T.);
#1580=FACE_BOUND('',#1464,.T.);
#1581=FACE_BOUND('',#1465,.T.);
#1582=FACE_BOUND('',#1466,.T.);
#1583=FACE_BOUND('',#1467,.T.);
#1584=FACE_BOUND('',#1468,.T.);
#1585=FACE_BOUND('',#1469,.T.);
#1586=FACE_BOUND('',#1470,.T.);
#1587=FACE_BOUND('',#1471,.T.);
#1588=FACE_BOUND('',#1472,.T.);
#1589=FACE_BOUND('',#1473,.T.);
#1590=FACE_BOUND('',#1474,.T.);
#1591=FACE_BOUND('',#1475,.T.);
#1592=FACE_BOUND('',#1476,.T.);
#1593=FACE_BOUND('',#1477,.T.);
#1594=FACE_BOUND('',#1478,.T.);
#1595=FACE_BOUND('',#1479,.T.);
#1596=FACE_BOUND('',#1480,.T.);
#1597=FACE_BOUND('',#1481,.T.);
#1598=FACE_BOUND('',#1482,.T.);
#1599=FACE_BOUND('',#1483,.T.);
#1600=FACE_BOUND('',#1484,.T.);
#1601=FACE_BOUND('',#1485,.T.);
#1602=FACE_BOUND('',#1486,.T.);
#1603=FACE_BOUND('',#1487,.T.);
#1604=FACE_BOUND('',#1488,.T.);
#1605=FACE_BOUND('',#1489,.T.);
#1606=FACE_BOUND('',#1490,.T.);
#1607=FACE_BOUND('',#1491,.T.);
#1608=FACE_BOUND('',#1492,.T.);
#1609=FACE_BOUND('',#1493,.T.);
#1610=FACE_BOUND('',#1494,.T.);
#1611=FACE_BOUND('',#1495,.T.);
#1612=FACE_BOUND('',#1496,.T.);
#1613=FACE_BOUND('',#1497,.T.);
#1614=FACE_BOUND('',#1498,.T.);
#1615=FACE_BOUND('',#1499,.T.);
#1616=FACE_BOUND('',#1500,.T.);
#1617=FACE_BOUND('',#1501,.T.);
#1618=FACE_BOUND('',#1502,.T.);
#1619=FACE_BOUND('',#1503,.T.);
#1620=FACE_BOUND('',#1504,.T.);
#1621=FACE_BOUND('',#1505,.T.);
#1622=FACE_BOUND('',#1506,.T.);
#1623=FACE_BOUND('',#1507,.T.);
#1624=FACE_BOUND('',#1508,.T.);
#1625=FACE_BOUND('',#1509,.T.);
#1626=FACE_BOUND('',#1510,.T.);
#1627=FACE_BOUND('',#1511,.T.);
#1628=FACE_BOUND('',#1512,.T.);
#1629=FACE_BOUND('',#1513,.T.);
#1630=FACE_BOUND('',#1514,.T.);
#1631=FACE_BOUND('',#1515,.T.);
#1632=FACE_BOUND('',#1516,.T.);
#1633=FACE_BOUND('',#1517,.T.);
#1634=FACE_BOUND('',#1518,.T.);
#1635=FACE_BOUND('',#1519,.T.);
#1636=FACE_BOUND('',#1520,.T.);
#1637=FACE_BOUND('',#1521,.T.);
#1638=FACE_BOUND('',#1522,.T.);
#1639=FACE_BOUND('',#1523,.T.);
#1640=FACE_BOUND('',#1524,.T.);
#1641=FACE_BOUND('',#1525,.T.);
#1642=FACE_BOUND('',#1526,.T.);
#1643=FACE_BOUND('',#1527,.T.);
#1644=FACE_BOUND('',#1528,.T.);
#1645=FACE_BOUND('',#1529,.T.);
#1646=FACE_BOUND('',#1530,.T.);
#1647=FACE_BOUND('',#1531,.T.);
#1648=FACE_BOUND('',#1532,.T.);
#1649=FACE_BOUND('',#1533,.T.);
#1650=FACE_BOUND('',#1534,.T.);
#1651=FACE_BOUND('',#1535,.T.);
#1652=FACE_BOUND('',#1536,.T.);
#1653=FACE_BOUND('',#1537,.T.);
#1654=FACE_BOUND('',#1538,.T.);
#1655=FACE_BOUND('',#1539,.T.);
#1656=FACE_BOUND('',#1540,.T.);
#1657=FACE_BOUND('',#1541,.T.);
#1658=FACE_BOUND('',#1542,.T.);
#1659=FACE_BOUND('',#1543,.T.);
#1660=FACE_BOUND('',#1544,.T.);
#1661=FACE_BOUND('',#1545,.T.);
#1662=FACE_BOUND('',#1546,.T.);
#1663=FACE_BOUND('',#1547,.T.);
#1664=FACE_BOUND('',#1548,.T.);
#1665=FACE_BOUND('',#1549,.T.);
#1666=FACE_BOUND('',#1550,.T.);
#1667=FACE_BOUND('',#1551,.T.);
#1668=FACE_BOUND('',#1552,.T.);
#1669=FACE_BOUND('',#1553,.T.);
#1670=FACE_BOUND('',#1554,.T.);
#1671=FACE_BOUND('',#1555,.T.);
#1672=FACE_BOUND('',#1556,.T.);
#1673=FACE_BOUND('',#1557,.T.);
#1674=FACE_BOUND('',#1558,.T.);
#1675=FACE_BOUND('',#1559,.T.);
#1676=FACE_BOUND('',#1560,.T.);
#1677=FACE_BOUND('',#1561,.T.);
#1678=FACE_BOUND('',#1562,.T.);
#1679=FACE_BOUND('',#1563,.T.);
#1680=FACE_BOUND('',#1564,.T.);
#1681=FACE_BOUND('',#1565,.T.);
#1682=FACE_BOUND('',#1566,.T.);
#1683=FACE_BOUND('',#1567,.T.);
#1684=PLANE('',#1893);
#1685=PLANE('',#1896);
#1686=PLANE('',#1900);
#1687=PLANE('',#1902);
#1688=PLANE('',#1903);
#1689=PLANE('',#1904);
#1690=PLANE('',#1912);
#1691=PLANE('',#1915);
#1692=PLANE('',#1920);
#1693=PLANE('',#1921);
#1694=PLANE('',#1922);
#1695=PLANE('',#1923);
#1696=PLANE('',#1924);
#1697=PLANE('',#1925);
#1698=PLANE('',#1926);
#1699=PLANE('',#1927);
#1700=PLANE('',#1928);
#1701=PLANE('',#1929);
#1702=PLANE('',#1930);
#1703=PLANE('',#1931);
#1704=PLANE('',#1932);
#1705=PLANE('',#1933);
#1706=PLANE('',#1934);
#1707=PLANE('',#1935);
#1708=PLANE('',#1936);
#1709=PLANE('',#1937);
#1710=PLANE('',#1938);
#1711=PLANE('',#1939);
#1712=PLANE('',#1940);
#1713=PLANE('',#1941);
#1714=PLANE('',#1942);
#1715=PLANE('',#1943);
#1716=PLANE('',#1944);
#1717=PLANE('',#1945);
#1718=PLANE('',#1946);
#1719=PLANE('',#1951);
#1720=PLANE('',#1952);
#1721=PLANE('',#1953);
#1722=PLANE('',#1954);
#1723=PLANE('',#1955);
#1724=PLANE('',#1956);
#1725=PLANE('',#1957);
#1726=PLANE('',#1958);
#1727=PLANE('',#1959);
#1728=PLANE('',#1960);
#1729=PLANE('',#1961);
#1730=PLANE('',#1962);
#1731=PLANE('',#1963);
#1732=PLANE('',#1964);
#1733=PLANE('',#1965);
#1734=PLANE('',#1966);
#1735=PLANE('',#1967);
#1736=PLANE('',#1968);
#1737=PLANE('',#1969);
#1738=PLANE('',#1970);
#1739=PLANE('',#1971);
#1740=PLANE('',#1972);
#1741=PLANE('',#1973);
#1742=PLANE('',#1974);
#1743=PLANE('',#1975);
#1744=PLANE('',#1976);
#1745=PLANE('',#1977);
#1746=PLANE('',#1979);
#1747=PLANE('',#1980);
#1748=PLANE('',#1981);
#1749=PLANE('',#1982);
#1750=PLANE('',#1983);
#1751=PLANE('',#1984);
#1752=PLANE('',#1985);
#1753=PLANE('',#1986);
#1754=PLANE('',#1988);
#1755=PLANE('',#1989);
#1756=PLANE('',#1990);
#1757=PLANE('',#1991);
#1758=PLANE('',#1992);
#1759=PLANE('',#1993);
#1760=PLANE('',#1994);
#1761=PLANE('',#1995);
#1762=PLANE('',#1996);
#1763=PLANE('',#1997);
#1764=PLANE('',#1998);
#1765=PLANE('',#1999);
#1766=PLANE('',#2000);
#1767=PLANE('',#2001);
#1768=PLANE('',#2002);
#1769=PLANE('',#2003);
#1770=PLANE('',#2004);
#1771=PLANE('',#2005);
#1772=ADVANCED_FACE('',(#1568),#1684,.T.);
#1773=ADVANCED_FACE('',(#1569),#64,.T.);
#1774=ADVANCED_FACE('',(#1570,#1571),#1685,.F.);
#1775=ADVANCED_FACE('',(#1572),#1686,.T.);
#1776=ADVANCED_FACE('',(#1573),#65,.T.);
#1777=ADVANCED_FACE('',(#1574),#1687,.F.);
#1778=ADVANCED_FACE('',(#1575),#16,.F.);
#1779=ADVANCED_FACE('',(#1576),#17,.F.);
#1780=ADVANCED_FACE('',(#1577),#1688,.F.);
#1781=ADVANCED_FACE('',(#1578),#1689,.T.);
#1782=ADVANCED_FACE('',(#1579),#18,.F.);
#1783=ADVANCED_FACE('',(#1580),#19,.F.);
#1784=ADVANCED_FACE('',(#1581),#14,.F.);
#1785=ADVANCED_FACE('',(#1582),#20,.T.);
#1786=ADVANCED_FACE('',(#1583),#66,.T.);
#1787=ADVANCED_FACE('',(#1584),#67,.F.);
#1788=ADVANCED_FACE('',(#1585),#68,.T.);
#1789=ADVANCED_FACE('',(#1586),#21,.T.);
#1790=ADVANCED_FACE('',(#1587),#22,.F.);
#1791=ADVANCED_FACE('',(#1588),#23,.F.);
#1792=ADVANCED_FACE('',(#1589),#15,.F.);
#1793=ADVANCED_FACE('',(#1590),#1690,.F.);
#1794=ADVANCED_FACE('',(#1591),#69,.T.);
#1795=ADVANCED_FACE('',(#1592),#1691,.T.);
#1796=ADVANCED_FACE('',(#1593),#70,.T.);
#1797=ADVANCED_FACE('',(#1594,#1595),#71,.T.);
#1798=ADVANCED_FACE('',(#1596),#1692,.T.);
#1799=ADVANCED_FACE('',(#1597),#1693,.T.);
#1800=ADVANCED_FACE('',(#1598),#1694,.T.);
#1801=ADVANCED_FACE('',(#1599),#1695,.T.);
#1802=ADVANCED_FACE('',(#1600),#1696,.T.);
#1803=ADVANCED_FACE('',(#1601),#1697,.T.);
#1804=ADVANCED_FACE('',(#1602),#1698,.T.);
#1805=ADVANCED_FACE('',(#1603,#1604),#1699,.F.);
#1806=ADVANCED_FACE('',(#1605),#1700,.T.);
#1807=ADVANCED_FACE('',(#1606),#1701,.T.);
#1808=ADVANCED_FACE('',(#1607),#1702,.T.);
#1809=ADVANCED_FACE('',(#1608),#1703,.T.);
#1810=ADVANCED_FACE('',(#1609),#1704,.T.);
#1811=ADVANCED_FACE('',(#1610),#1705,.T.);
#1812=ADVANCED_FACE('',(#1611),#1706,.T.);
#1813=ADVANCED_FACE('',(#1612),#1707,.T.);
#1814=ADVANCED_FACE('',(#1613),#1708,.T.);
#1815=ADVANCED_FACE('',(#1614),#1709,.T.);
#1816=ADVANCED_FACE('',(#1615),#1710,.T.);
#1817=ADVANCED_FACE('',(#1616),#1711,.T.);
#1818=ADVANCED_FACE('',(#1617),#1712,.T.);
#1819=ADVANCED_FACE('',(#1618),#1713,.T.);
#1820=ADVANCED_FACE('',(#1619),#1714,.T.);
#1821=ADVANCED_FACE('',(#1620),#1715,.T.);
#1822=ADVANCED_FACE('',(#1621),#1716,.T.);
#1823=ADVANCED_FACE('',(#1622),#1717,.T.);
#1824=ADVANCED_FACE('',(#1623),#1718,.F.);
#1825=ADVANCED_FACE('',(#1624,#1625),#72,.T.);
#1826=ADVANCED_FACE('',(#1626),#1719,.T.);
#1827=ADVANCED_FACE('',(#1627),#1720,.T.);
#1828=ADVANCED_FACE('',(#1628),#1721,.T.);
#1829=ADVANCED_FACE('',(#1629),#1722,.T.);
#1830=ADVANCED_FACE('',(#1630),#1723,.T.);
#1831=ADVANCED_FACE('',(#1631),#1724,.T.);
#1832=ADVANCED_FACE('',(#1632),#1725,.T.);
#1833=ADVANCED_FACE('',(#1633,#1634),#1726,.F.);
#1834=ADVANCED_FACE('',(#1635),#1727,.T.);
#1835=ADVANCED_FACE('',(#1636),#1728,.T.);
#1836=ADVANCED_FACE('',(#1637),#1729,.T.);
#1837=ADVANCED_FACE('',(#1638),#1730,.T.);
#1838=ADVANCED_FACE('',(#1639),#1731,.T.);
#1839=ADVANCED_FACE('',(#1640),#1732,.T.);
#1840=ADVANCED_FACE('',(#1641),#1733,.T.);
#1841=ADVANCED_FACE('',(#1642),#1734,.T.);
#1842=ADVANCED_FACE('',(#1643),#1735,.T.);
#1843=ADVANCED_FACE('',(#1644),#1736,.T.);
#1844=ADVANCED_FACE('',(#1645),#1737,.T.);
#1845=ADVANCED_FACE('',(#1646),#1738,.T.);
#1846=ADVANCED_FACE('',(#1647),#1739,.T.);
#1847=ADVANCED_FACE('',(#1648),#1740,.T.);
#1848=ADVANCED_FACE('',(#1649),#1741,.T.);
#1849=ADVANCED_FACE('',(#1650),#1742,.T.);
#1850=ADVANCED_FACE('',(#1651),#1743,.T.);
#1851=ADVANCED_FACE('',(#1652),#1744,.T.);
#1852=ADVANCED_FACE('',(#1653,#1654),#1745,.F.);
#1853=ADVANCED_FACE('',(#1655),#1746,.T.);
#1854=ADVANCED_FACE('',(#1656),#1747,.T.);
#1855=ADVANCED_FACE('',(#1657),#1748,.T.);
#1856=ADVANCED_FACE('',(#1658),#1749,.T.);
#1857=ADVANCED_FACE('',(#1659),#1750,.T.);
#1858=ADVANCED_FACE('',(#1660),#1751,.T.);
#1859=ADVANCED_FACE('',(#1661),#1752,.T.);
#1860=ADVANCED_FACE('',(#1662,#1663),#1753,.F.);
#1861=ADVANCED_FACE('',(#1664),#1754,.T.);
#1862=ADVANCED_FACE('',(#1665),#1755,.T.);
#1863=ADVANCED_FACE('',(#1666),#1756,.T.);
#1864=ADVANCED_FACE('',(#1667),#1757,.T.);
#1865=ADVANCED_FACE('',(#1668),#1758,.T.);
#1866=ADVANCED_FACE('',(#1669),#1759,.T.);
#1867=ADVANCED_FACE('',(#1670),#1760,.T.);
#1868=ADVANCED_FACE('',(#1671),#1761,.T.);
#1869=ADVANCED_FACE('',(#1672),#1762,.T.);
#1870=ADVANCED_FACE('',(#1673),#1763,.T.);
#1871=ADVANCED_FACE('',(#1674),#1764,.T.);
#1872=ADVANCED_FACE('',(#1675),#1765,.T.);
#1873=ADVANCED_FACE('',(#1676),#1766,.T.);
#1874=ADVANCED_FACE('',(#1677),#1767,.T.);
#1875=ADVANCED_FACE('',(#1678),#1768,.T.);
#1876=ADVANCED_FACE('',(#1679),#1769,.T.);
#1877=ADVANCED_FACE('',(#1680),#1770,.T.);
#1878=ADVANCED_FACE('',(#1681),#1771,.T.);
#1879=ADVANCED_FACE('',(#1682,#1683),#73,.T.);
#1880=CLOSED_SHELL('',(#1772,#1773,#1774,#1775,#1776,#1777,#1778,#1779,
#1780,#1781,#1782,#1783,#1784,#1785,#1786,#1787,#1788,#1789,#1790,#1791,
#1792,#1793,#1794,#1795,#1796,#1797,#1798,#1799,#1800,#1801,#1802,#1803,
#1804,#1805,#1806,#1807,#1808,#1809,#1810,#1811,#1812,#1813,#1814,#1815,
#1816,#1817,#1818,#1819,#1820,#1821,#1822,#1823,#1824,#1825,#1826,#1827,
#1828,#1829,#1830,#1831,#1832,#1833,#1834,#1835,#1836,#1837,#1838,#1839,
#1840,#1841,#1842,#1843,#1844,#1845,#1846,#1847,#1848,#1849,#1850,#1851,
#1852,#1853,#1854,#1855,#1856,#1857,#1858,#1859,#1860,#1861,#1862,#1863,
#1864,#1865,#1866,#1867,#1868,#1869,#1870,#1871,#1872,#1873,#1874,#1875,
#1876,#1877,#1878,#1879));
#1881=STYLED_ITEM('',(#1882),#1889);
#1882=PRESENTATION_STYLE_ASSIGNMENT((#1883));
#1883=SURFACE_STYLE_USAGE(.BOTH.,#1884);
#1884=SURFACE_SIDE_STYLE('',(#1885));
#1885=SURFACE_STYLE_FILL_AREA(#1886);
#1886=FILL_AREA_STYLE('',(#1887));
#1887=FILL_AREA_STYLE_COLOUR('',#1888);
#1888=COLOUR_RGB('',0.627450980392157,0.627450980392157,0.627450980392157);
#1889=MANIFOLD_SOLID_BREP('DSA V4 1x2 v4',#1880);
#1890=SHAPE_DEFINITION_REPRESENTATION(#4073,#1891);
#1891=SHAPE_REPRESENTATION('DSA V4 1x2 v4',(#1892),#4068);
#1892=AXIS2_PLACEMENT_3D('',#2455,#2007,#2008);
#1893=AXIS2_PLACEMENT_3D('',#2456,#2009,#2010);
#1894=AXIS2_PLACEMENT_3D('',#2469,#2017,#2018);
#1895=AXIS2_PLACEMENT_3D('',#2477,#2020,#2021);
#1896=AXIS2_PLACEMENT_3D('',#2478,#2022,#2023);
#1897=AXIS2_PLACEMENT_3D('',#2490,#2029,#2030);
#1898=AXIS2_PLACEMENT_3D('',#2494,#2032,#2033);
#1899=AXIS2_PLACEMENT_3D('',#2497,#2035,#2036);
#1900=AXIS2_PLACEMENT_3D('',#2498,#2037,#2038);
#1901=AXIS2_PLACEMENT_3D('',#2502,#2041,#2042);
#1902=AXIS2_PLACEMENT_3D('',#2509,#2044,#2045);
#1903=AXIS2_PLACEMENT_3D('',#3132,#2049,#2050);
#1904=AXIS2_PLACEMENT_3D('',#3138,#2054,#2055);
#1905=AXIS2_PLACEMENT_3D('',#3252,#2060,#2061);
#1906=AXIS2_PLACEMENT_3D('',#3253,#2062,#2063);
#1907=AXIS2_PLACEMENT_3D('',#3274,#2065,#2066);
#1908=AXIS2_PLACEMENT_3D('',#3281,#2068,#2069);
#1909=AXIS2_PLACEMENT_3D('',#3284,#2071,#2072);
#1910=AXIS2_PLACEMENT_3D('',#3285,#2073,#2074);
#1911=AXIS2_PLACEMENT_3D('',#3669,#2077,#2078);
#1912=AXIS2_PLACEMENT_3D('',#3670,#2079,#2080);
#1913=AXIS2_PLACEMENT_3D('',#3671,#2081,#2082);
#1914=AXIS2_PLACEMENT_3D('',#3676,#2085,#2086);
#1915=AXIS2_PLACEMENT_3D('',#3678,#2088,#2089);
#1916=AXIS2_PLACEMENT_3D('',#3680,#2091,#2092);
#1917=AXIS2_PLACEMENT_3D('',#3681,#2093,#2094);
#1918=AXIS2_PLACEMENT_3D('',#3682,#2095,#2096);
#1919=AXIS2_PLACEMENT_3D('',#3684,#2097,#2098);
#1920=AXIS2_PLACEMENT_3D('',#3686,#2099,#2100);
#1921=AXIS2_PLACEMENT_3D('',#3695,#2105,#2106);
#1922=AXIS2_PLACEMENT_3D('',#3701,#2110,#2111);
#1923=AXIS2_PLACEMENT_3D('',#3710,#2116,#2117);
#1924=AXIS2_PLACEMENT_3D('',#3716,#2121,#2122);
#1925=AXIS2_PLACEMENT_3D('',#3722,#2126,#2127);
#1926=AXIS2_PLACEMENT_3D('',#3725,#2130,#2131);
#1927=AXIS2_PLACEMENT_3D('',#3737,#2138,#2139);
#1928=AXIS2_PLACEMENT_3D('',#3762,#2152,#2153);
#1929=AXIS2_PLACEMENT_3D('',#3766,#2156,#2157);
#1930=AXIS2_PLACEMENT_3D('',#3770,#2160,#2161);
#1931=AXIS2_PLACEMENT_3D('',#3774,#2164,#2165);
#1932=AXIS2_PLACEMENT_3D('',#3778,#2168,#2169);
#1933=AXIS2_PLACEMENT_3D('',#3782,#2172,#2173);
#1934=AXIS2_PLACEMENT_3D('',#3784,#2175,#2176);
#1935=AXIS2_PLACEMENT_3D('',#3787,#2179,#2180);
#1936=AXIS2_PLACEMENT_3D('',#3789,#2182,#2183);
#1937=AXIS2_PLACEMENT_3D('',#3791,#2185,#2186);
#1938=AXIS2_PLACEMENT_3D('',#3794,#2189,#2190);
#1939=AXIS2_PLACEMENT_3D('',#3796,#2192,#2193);
#1940=AXIS2_PLACEMENT_3D('',#3798,#2195,#2196);
#1941=AXIS2_PLACEMENT_3D('',#3800,#2198,#2199);
#1942=AXIS2_PLACEMENT_3D('',#3802,#2201,#2202);
#1943=AXIS2_PLACEMENT_3D('',#3804,#2204,#2205);
#1944=AXIS2_PLACEMENT_3D('',#3806,#2207,#2208);
#1945=AXIS2_PLACEMENT_3D('',#3807,#2209,#2210);
#1946=AXIS2_PLACEMENT_3D('',#3808,#2211,#2212);
#1947=AXIS2_PLACEMENT_3D('',#3809,#2213,#2214);
#1948=AXIS2_PLACEMENT_3D('',#3814,#2217,#2218);
#1949=AXIS2_PLACEMENT_3D('',#3815,#2219,#2220);
#1950=AXIS2_PLACEMENT_3D('',#3817,#2221,#2222);
#1951=AXIS2_PLACEMENT_3D('',#3818,#2223,#2224);
#1952=AXIS2_PLACEMENT_3D('',#3827,#2229,#2230);
#1953=AXIS2_PLACEMENT_3D('',#3833,#2234,#2235);
#1954=AXIS2_PLACEMENT_3D('',#3842,#2240,#2241);
#1955=AXIS2_PLACEMENT_3D('',#3848,#2245,#2246);
#1956=AXIS2_PLACEMENT_3D('',#3854,#2250,#2251);
#1957=AXIS2_PLACEMENT_3D('',#3857,#2254,#2255);
#1958=AXIS2_PLACEMENT_3D('',#3869,#2262,#2263);
#1959=AXIS2_PLACEMENT_3D('',#3894,#2276,#2277);
#1960=AXIS2_PLACEMENT_3D('',#3898,#2280,#2281);
#1961=AXIS2_PLACEMENT_3D('',#3902,#2284,#2285);
#1962=AXIS2_PLACEMENT_3D('',#3906,#2288,#2289);
#1963=AXIS2_PLACEMENT_3D('',#3910,#2292,#2293);
#1964=AXIS2_PLACEMENT_3D('',#3914,#2296,#2297);
#1965=AXIS2_PLACEMENT_3D('',#3916,#2299,#2300);
#1966=AXIS2_PLACEMENT_3D('',#3919,#2303,#2304);
#1967=AXIS2_PLACEMENT_3D('',#3921,#2306,#2307);
#1968=AXIS2_PLACEMENT_3D('',#3923,#2309,#2310);
#1969=AXIS2_PLACEMENT_3D('',#3926,#2313,#2314);
#1970=AXIS2_PLACEMENT_3D('',#3928,#2316,#2317);
#1971=AXIS2_PLACEMENT_3D('',#3930,#2319,#2320);
#1972=AXIS2_PLACEMENT_3D('',#3932,#2322,#2323);
#1973=AXIS2_PLACEMENT_3D('',#3934,#2325,#2326);
#1974=AXIS2_PLACEMENT_3D('',#3936,#2328,#2329);
#1975=AXIS2_PLACEMENT_3D('',#3938,#2331,#2332);
#1976=AXIS2_PLACEMENT_3D('',#3939,#2333,#2334);
#1977=AXIS2_PLACEMENT_3D('',#3940,#2335,#2336);
#1978=AXIS2_PLACEMENT_3D('',#3941,#2337,#2338);
#1979=AXIS2_PLACEMENT_3D('',#3942,#2339,#2340);
#1980=AXIS2_PLACEMENT_3D('',#3951,#2345,#2346);
#1981=AXIS2_PLACEMENT_3D('',#3957,#2350,#2351);
#1982=AXIS2_PLACEMENT_3D('',#3966,#2356,#2357);
#1983=AXIS2_PLACEMENT_3D('',#3972,#2361,#2362);
#1984=AXIS2_PLACEMENT_3D('',#3978,#2366,#2367);
#1985=AXIS2_PLACEMENT_3D('',#3981,#2370,#2371);
#1986=AXIS2_PLACEMENT_3D('',#3993,#2378,#2379);
#1987=AXIS2_PLACEMENT_3D('',#4018,#2392,#2393);
#1988=AXIS2_PLACEMENT_3D('',#4020,#2394,#2395);
#1989=AXIS2_PLACEMENT_3D('',#4024,#2398,#2399);
#1990=AXIS2_PLACEMENT_3D('',#4028,#2402,#2403);
#1991=AXIS2_PLACEMENT_3D('',#4032,#2406,#2407);
#1992=AXIS2_PLACEMENT_3D('',#4036,#2410,#2411);
#1993=AXIS2_PLACEMENT_3D('',#4040,#2414,#2415);
#1994=AXIS2_PLACEMENT_3D('',#4042,#2417,#2418);
#1995=AXIS2_PLACEMENT_3D('',#4045,#2421,#2422);
#1996=AXIS2_PLACEMENT_3D('',#4047,#2424,#2425);
#1997=AXIS2_PLACEMENT_3D('',#4049,#2427,#2428);
#1998=AXIS2_PLACEMENT_3D('',#4052,#2431,#2432);
#1999=AXIS2_PLACEMENT_3D('',#4054,#2434,#2435);
#2000=AXIS2_PLACEMENT_3D('',#4056,#2437,#2438);
#2001=AXIS2_PLACEMENT_3D('',#4058,#2440,#2441);
#2002=AXIS2_PLACEMENT_3D('',#4060,#2443,#2444);
#2003=AXIS2_PLACEMENT_3D('',#4062,#2446,#2447);
#2004=AXIS2_PLACEMENT_3D('',#4064,#2449,#2450);
#2005=AXIS2_PLACEMENT_3D('',#4065,#2451,#2452);
#2006=AXIS2_PLACEMENT_3D('',#4066,#2453,#2454);
#2007=DIRECTION('',(0.,0.,1.));
#2008=DIRECTION('',(1.,0.,0.));
#2009=DIRECTION('',(0.,0.,-1.));
#2010=DIRECTION('',(-1.,0.,0.));
#2011=DIRECTION('',(-1.,0.,0.));
#2012=DIRECTION('',(0.,1.,0.));
#2013=DIRECTION('',(-1.,0.,0.));
#2014=DIRECTION('',(0.,-1.,0.));
#2015=DIRECTION('',(-1.,0.,0.));
#2016=DIRECTION('',(-1.,0.,0.));
#2017=DIRECTION('',(0.,1.,0.));
#2018=DIRECTION('',(0.707106781186548,0.,-0.707106781186548));
#2019=DIRECTION('',(0.,-1.,0.));
#2020=DIRECTION('',(0.,1.,0.));
#2021=DIRECTION('',(0.707106781186548,0.,-0.707106781186548));
#2022=DIRECTION('',(0.,1.,0.));
#2023=DIRECTION('',(1.,0.,0.));
#2024=DIRECTION('',(-1.,0.,0.));
#2025=DIRECTION('',(0.,0.,-1.));
#2026=DIRECTION('',(-1.,0.,0.));
#2027=DIRECTION('',(0.,0.,1.));
#2028=DIRECTION('',(1.,0.,0.));
#2029=DIRECTION('',(0.,1.,0.));
#2030=DIRECTION('',(-0.707106781186548,0.,0.707106781186548));
#2031=DIRECTION('',(0.,0.,1.));
#2032=DIRECTION('',(0.,1.,0.));
#2033=DIRECTION('',(-0.707106781186548,0.,-0.707106781186548));
#2034=DIRECTION('',(0.,0.,-1.));
#2035=DIRECTION('',(0.,1.,0.));
#2036=DIRECTION('',(0.707106781186548,0.,0.707106781186548));
#2037=DIRECTION('',(1.,0.,0.));
#2038=DIRECTION('',(0.,0.,-1.));
#2039=DIRECTION('',(0.,1.,0.));
#2040=DIRECTION('',(0.,0.,-1.));
#2041=DIRECTION('',(0.,1.,0.));
#2042=DIRECTION('',(0.707106781186548,0.,0.707106781186548));
#2043=DIRECTION('',(0.,-1.,0.));
#2044=DIRECTION('',(0.,0.345705358827356,-0.93834311681711));
#2045=DIRECTION('',(-1.,0.,0.));
#2046=DIRECTION('',(-0.326732019606536,0.88684405321774,0.326732019606536));
#2047=DIRECTION('',(-1.,0.,0.));
#2048=DIRECTION('',(0.326732019606536,0.88684405321774,0.326732019606536));
#2049=DIRECTION('',(0.,0.345705358827356,0.93834311681711));
#2050=DIRECTION('',(1.,0.,0.));
#2051=DIRECTION('',(1.,0.,0.));
#2052=DIRECTION('',(-0.326732019606536,0.88684405321774,-0.326732019606536));
#2053=DIRECTION('',(0.326732019606536,0.886844053217739,-0.326732019606536));
#2054=DIRECTION('',(0.,0.,1.));
#2055=DIRECTION('',(1.,0.,0.));
#2056=DIRECTION('',(1.,0.,0.));
#2057=DIRECTION('',(-1.,0.,0.));
#2058=DIRECTION('',(1.,0.,0.));
#2059=DIRECTION('',(0.,1.,0.));
#2060=DIRECTION('',(4.58414668232323E-17,0.,1.));
#2061=DIRECTION('',(1.,0.,0.));
#2062=DIRECTION('',(-1.,0.,0.));
#2063=DIRECTION('',(0.,0.,1.));
#2064=DIRECTION('',(-1.,0.,0.));
#2065=DIRECTION('',(1.,0.,0.));
#2066=DIRECTION('',(0.,0.939041550850657,0.343803673302066));
#2067=DIRECTION('',(-1.,0.,0.));
#2068=DIRECTION('',(-1.,0.,0.));
#2069=DIRECTION('',(0.,0.,1.));
#2070=DIRECTION('',(-1.,0.,0.));
#2071=DIRECTION('',(1.,0.,0.));
#2072=DIRECTION('',(0.,0.,1.));
#2073=DIRECTION('',(1.,0.,0.));
#2074=DIRECTION('',(0.,0.93916312235952,-0.343471439278314));
#2075=DIRECTION('',(-1.,0.,0.));
#2076=DIRECTION('',(0.,0.,1.));
#2077=DIRECTION('',(4.58414668232323E-17,0.,1.));
#2078=DIRECTION('',(1.,0.,0.));
#2079=DIRECTION('',(-0.93834311681711,0.345705358827356,0.));
#2080=DIRECTION('',(0.,0.,1.));
#2081=DIRECTION('',(-0.93834311681711,0.345705358827356,0.));
#2082=DIRECTION('',(0.345705358827356,0.93834311681711,0.));
#2083=DIRECTION('',(0.,0.,1.));
#2084=DIRECTION('',(0.,0.,1.));
#2085=DIRECTION('',(0.,1.,0.));
#2086=DIRECTION('',(-0.707106781186548,0.,0.707106781186548));
#2087=DIRECTION('',(0.,-1.,0.));
#2088=DIRECTION('',(-1.,0.,0.));
#2089=DIRECTION('',(0.,0.,1.));
#2090=DIRECTION('',(0.,1.,0.));
#2091=DIRECTION('',(0.,1.,0.));
#2092=DIRECTION('',(-0.707106781186548,0.,-0.707106781186548));
#2093=DIRECTION('',(0.,1.,0.));
#2094=DIRECTION('',(1.,0.,0.));
#2095=DIRECTION('',(0.,1.,0.));
#2096=DIRECTION('',(0.,0.,1.));
#2097=DIRECTION('',(0.,1.,3.40180154444447E-33));
#2098=DIRECTION('',(1.,0.,0.));
#2099=DIRECTION('',(1.,0.,0.));
#2100=DIRECTION('',(0.,0.,-1.));
#2101=DIRECTION('',(0.,0.,1.));
#2102=DIRECTION('',(0.,1.,0.));
#2103=DIRECTION('',(0.,0.,1.));
#2104=DIRECTION('',(0.,1.,0.));
#2105=DIRECTION('',(0.,0.,1.));
#2106=DIRECTION('',(1.,0.,0.));
#2107=DIRECTION('',(-1.,0.,0.));
#2108=DIRECTION('',(0.,1.,0.));
#2109=DIRECTION('',(-1.,0.,0.));
#2110=DIRECTION('',(-1.,0.,0.));
#2111=DIRECTION('',(0.,0.,1.));
#2112=DIRECTION('',(0.,0.,-1.));
#2113=DIRECTION('',(0.,1.,0.));
#2114=DIRECTION('',(0.,0.,-1.));
#2115=DIRECTION('',(0.,1.,0.));
#2116=DIRECTION('',(0.,0.,-1.));
#2117=DIRECTION('',(-1.,0.,0.));
#2118=DIRECTION('',(1.,0.,0.));
#2119=DIRECTION('',(0.,1.,0.));
#2120=DIRECTION('',(1.,0.,0.));
#2121=DIRECTION('',(1.,0.,0.));
#2122=DIRECTION('',(0.,0.,-1.));
#2123=DIRECTION('',(0.,0.,1.));
#2124=DIRECTION('',(0.,1.,0.));
#2125=DIRECTION('',(0.,0.,1.));
#2126=DIRECTION('',(0.,0.,-1.));
#2127=DIRECTION('',(-1.,0.,0.));
#2128=DIRECTION('',(1.,0.,0.));
#2129=DIRECTION('',(1.,0.,0.));
#2130=DIRECTION('',(0.,-1.,0.));
#2131=DIRECTION('',(0.,0.,-1.));
#2132=DIRECTION('',(-1.,0.,0.));
#2133=DIRECTION('',(0.,0.,-1.));
#2134=DIRECTION('',(1.,0.,0.));
#2135=DIRECTION('',(0.,0.,1.));
#2136=DIRECTION('',(-1.,0.,0.));
#2137=DIRECTION('',(0.,0.,-1.));
#2138=DIRECTION('',(0.,1.,0.));
#2139=DIRECTION('',(1.,0.,0.));
#2140=DIRECTION('',(-1.,0.,0.));
#2141=DIRECTION('',(0.,0.,1.));
#2142=DIRECTION('',(1.,0.,0.));
#2143=DIRECTION('',(0.,0.,1.));
#2144=DIRECTION('',(1.,0.,0.));
#2145=DIRECTION('',(0.,0.,-1.));
#2146=DIRECTION('',(1.,0.,0.));
#2147=DIRECTION('',(0.,0.,-1.));
#2148=DIRECTION('',(-1.,0.,0.));
#2149=DIRECTION('',(0.,0.,-1.));
#2150=DIRECTION('',(-1.,0.,0.));
#2151=DIRECTION('',(0.,0.,1.));
#2152=DIRECTION('',(0.,0.,-1.));
#2153=DIRECTION('',(-1.,0.,0.));
#2154=DIRECTION('',(1.,0.,0.));
#2155=DIRECTION('',(0.,1.,0.));
#2156=DIRECTION('',(-1.,0.,0.));
#2157=DIRECTION('',(0.,0.,1.));
#2158=DIRECTION('',(0.,0.,-1.));
#2159=DIRECTION('',(0.,1.,0.));
#2160=DIRECTION('',(0.,0.,1.));
#2161=DIRECTION('',(1.,0.,0.));
#2162=DIRECTION('',(-1.,0.,0.));
#2163=DIRECTION('',(0.,1.,0.));
#2164=DIRECTION('',(-1.,0.,0.));
#2165=DIRECTION('',(0.,0.,1.));
#2166=DIRECTION('',(0.,0.,-1.));
#2167=DIRECTION('',(0.,1.,0.));
#2168=DIRECTION('',(0.,0.,1.));
#2169=DIRECTION('',(1.,0.,0.));
#2170=DIRECTION('',(-1.,0.,0.));
#2171=DIRECTION('',(0.,1.,0.));
#2172=DIRECTION('',(1.,0.,0.));
#2173=DIRECTION('',(0.,0.,-1.));
#2174=DIRECTION('',(0.,0.,1.));
#2175=DIRECTION('',(-0.707106781186548,-0.707106781186548,0.));
#2176=DIRECTION('',(0.,0.,1.));
#2177=DIRECTION('',(-0.577350269189626,0.577350269189626,0.577350269189626));
#2178=DIRECTION('',(-0.577350269189626,0.577350269189626,0.577350269189626));
#2179=DIRECTION('',(0.,-0.707106781186548,0.707106781186548));
#2180=DIRECTION('',(1.,0.,0.));
#2181=DIRECTION('',(0.577350269189626,0.577350269189626,0.577350269189626));
#2182=DIRECTION('',(0.707106781186548,-0.707106781186548,0.));
#2183=DIRECTION('',(0.,0.,-1.));
#2184=DIRECTION('',(0.577350269189626,0.577350269189626,0.577350269189626));
#2185=DIRECTION('',(-0.707106781186548,-0.707106781186548,0.));
#2186=DIRECTION('',(0.,0.,1.));
#2187=DIRECTION('',(0.577350269189626,-0.577350269189626,0.577350269189626));
#2188=DIRECTION('',(-0.577350269189626,0.577350269189626,0.577350269189626));
#2189=DIRECTION('',(0.,-0.707106781186548,0.707106781186548));
#2190=DIRECTION('',(1.,0.,0.));
#2191=DIRECTION('',(0.577350269189626,0.577350269189626,0.577350269189626));
#2192=DIRECTION('',(0.707106781186548,-0.707106781186548,0.));
#2193=DIRECTION('',(0.,0.,-1.));
#2194=DIRECTION('',(0.577350269189626,0.577350269189626,-0.577350269189626));
#2195=DIRECTION('',(0.,-0.707106781186548,-0.707106781186548));
#2196=DIRECTION('',(-1.,0.,0.));
#2197=DIRECTION('',(0.577350269189626,0.577350269189626,-0.577350269189626));
#2198=DIRECTION('',(0.707106781186548,-0.707106781186548,0.));
#2199=DIRECTION('',(0.,0.,-1.));
#2200=DIRECTION('',(0.577350269189626,0.577350269189626,-0.577350269189626));
#2201=DIRECTION('',(0.,-0.707106781186548,-0.707106781186548));
#2202=DIRECTION('',(-1.,0.,0.));
#2203=DIRECTION('',(-0.577350269189626,0.577350269189626,-0.577350269189626));
#2204=DIRECTION('',(-0.707106781186548,-0.707106781186548,0.));
#2205=DIRECTION('',(0.,0.,1.));
#2206=DIRECTION('',(-0.577350269189626,0.577350269189626,-0.577350269189626));
#2207=DIRECTION('',(0.,-0.707106781186548,-0.707106781186548));
#2208=DIRECTION('',(-1.,0.,0.));
#2209=DIRECTION('',(0.,-0.707106781186548,0.707106781186548));
#2210=DIRECTION('',(1.,0.,0.));
#2211=DIRECTION('',(0.93834311681711,0.345705358827356,0.));
#2212=DIRECTION('',(0.,0.,-1.));
#2213=DIRECTION('',(0.93834311681711,0.345705358827356,0.));
#2214=DIRECTION('',(0.345705358827356,-0.93834311681711,0.));
#2215=DIRECTION('',(0.,0.,-1.));
#2216=DIRECTION('',(0.,0.,-1.));
#2217=DIRECTION('',(0.,1.,0.));
#2218=DIRECTION('',(1.,0.,0.));
#2219=DIRECTION('',(0.,1.,0.));
#2220=DIRECTION('',(0.,0.,1.));
#2221=DIRECTION('',(0.,1.,3.40180154444447E-33));
#2222=DIRECTION('',(1.,0.,0.));
#2223=DIRECTION('',(1.,0.,0.));
#2224=DIRECTION('',(0.,0.,-1.));
#2225=DIRECTION('',(0.,0.,1.));
#2226=DIRECTION('',(0.,1.,0.));
#2227=DIRECTION('',(0.,0.,1.));
#2228=DIRECTION('',(0.,1.,0.));
#2229=DIRECTION('',(0.,0.,1.));
#2230=DIRECTION('',(1.,0.,0.));
#2231=DIRECTION('',(-1.,0.,0.));
#2232=DIRECTION('',(0.,1.,0.));
#2233=DIRECTION('',(-1.,0.,0.));
#2234=DIRECTION('',(-1.,0.,0.));
#2235=DIRECTION('',(0.,0.,1.));
#2236=DIRECTION('',(0.,0.,-1.));
#2237=DIRECTION('',(0.,1.,0.));
#2238=DIRECTION('',(0.,0.,-1.));
#2239=DIRECTION('',(0.,1.,0.));
#2240=DIRECTION('',(0.,0.,-1.));
#2241=DIRECTION('',(-1.,0.,0.));
#2242=DIRECTION('',(1.,0.,0.));
#2243=DIRECTION('',(0.,1.,0.));
#2244=DIRECTION('',(1.,0.,0.));
#2245=DIRECTION('',(1.,0.,0.));
#2246=DIRECTION('',(0.,0.,-1.));
#2247=DIRECTION('',(0.,0.,1.));
#2248=DIRECTION('',(0.,1.,0.));
#2249=DIRECTION('',(0.,0.,1.));
#2250=DIRECTION('',(0.,0.,-1.));
#2251=DIRECTION('',(-1.,0.,0.));
#2252=DIRECTION('',(1.,0.,0.));
#2253=DIRECTION('',(1.,0.,0.));
#2254=DIRECTION('',(0.,-1.,0.));
#2255=DIRECTION('',(0.,0.,-1.));
#2256=DIRECTION('',(-1.,0.,0.));
#2257=DIRECTION('',(0.,0.,-1.));
#2258=DIRECTION('',(1.,0.,0.));
#2259=DIRECTION('',(0.,0.,1.));
#2260=DIRECTION('',(-1.,0.,0.));
#2261=DIRECTION('',(0.,0.,-1.));
#2262=DIRECTION('',(0.,1.,0.));
#2263=DIRECTION('',(1.,0.,0.));
#2264=DIRECTION('',(-1.,0.,0.));
#2265=DIRECTION('',(0.,0.,1.));
#2266=DIRECTION('',(1.,0.,0.));
#2267=DIRECTION('',(0.,0.,1.));
#2268=DIRECTION('',(1.,0.,0.));
#2269=DIRECTION('',(0.,0.,-1.));
#2270=DIRECTION('',(1.,0.,0.));
#2271=DIRECTION('',(0.,0.,-1.));
#2272=DIRECTION('',(-1.,0.,0.));
#2273=DIRECTION('',(0.,0.,-1.));
#2274=DIRECTION('',(-1.,0.,0.));
#2275=DIRECTION('',(0.,0.,1.));
#2276=DIRECTION('',(0.,0.,-1.));
#2277=DIRECTION('',(-1.,0.,0.));
#2278=DIRECTION('',(1.,0.,0.));
#2279=DIRECTION('',(0.,1.,0.));
#2280=DIRECTION('',(-1.,0.,0.));
#2281=DIRECTION('',(0.,0.,1.));
#2282=DIRECTION('',(0.,0.,-1.));
#2283=DIRECTION('',(0.,1.,0.));
#2284=DIRECTION('',(0.,0.,1.));
#2285=DIRECTION('',(1.,0.,0.));
#2286=DIRECTION('',(-1.,0.,0.));
#2287=DIRECTION('',(0.,1.,0.));
#2288=DIRECTION('',(-1.,0.,0.));
#2289=DIRECTION('',(0.,0.,1.));
#2290=DIRECTION('',(0.,0.,-1.));
#2291=DIRECTION('',(0.,1.,0.));
#2292=DIRECTION('',(0.,0.,1.));
#2293=DIRECTION('',(1.,0.,0.));
#2294=DIRECTION('',(-1.,0.,0.));
#2295=DIRECTION('',(0.,1.,0.));
#2296=DIRECTION('',(1.,0.,0.));
#2297=DIRECTION('',(0.,0.,-1.));
#2298=DIRECTION('',(0.,0.,1.));
#2299=DIRECTION('',(-0.707106781186548,-0.707106781186548,0.));
#2300=DIRECTION('',(0.,0.,1.));
#2301=DIRECTION('',(-0.577350269189626,0.577350269189626,0.577350269189626));
#2302=DIRECTION('',(-0.577350269189626,0.577350269189626,0.577350269189626));
#2303=DIRECTION('',(0.,-0.707106781186548,0.707106781186548));
#2304=DIRECTION('',(1.,0.,0.));
#2305=DIRECTION('',(0.577350269189626,0.577350269189626,0.577350269189626));
#2306=DIRECTION('',(0.707106781186548,-0.707106781186548,0.));
#2307=DIRECTION('',(0.,0.,-1.));
#2308=DIRECTION('',(0.577350269189626,0.577350269189626,0.577350269189626));
#2309=DIRECTION('',(-0.707106781186548,-0.707106781186548,0.));
#2310=DIRECTION('',(0.,0.,1.));
#2311=DIRECTION('',(0.577350269189626,-0.577350269189626,0.577350269189626));
#2312=DIRECTION('',(-0.577350269189626,0.577350269189626,0.577350269189626));
#2313=DIRECTION('',(0.,-0.707106781186548,0.707106781186548));
#2314=DIRECTION('',(1.,0.,0.));
#2315=DIRECTION('',(0.577350269189626,0.577350269189626,0.577350269189626));
#2316=DIRECTION('',(0.707106781186548,-0.707106781186548,0.));
#2317=DIRECTION('',(0.,0.,-1.));
#2318=DIRECTION('',(0.577350269189626,0.577350269189626,-0.577350269189626));
#2319=DIRECTION('',(0.,-0.707106781186548,-0.707106781186548));
#2320=DIRECTION('',(-1.,0.,0.));
#2321=DIRECTION('',(0.577350269189626,0.577350269189626,-0.577350269189626));
#2322=DIRECTION('',(0.707106781186548,-0.707106781186548,0.));
#2323=DIRECTION('',(0.,0.,-1.));
#2324=DIRECTION('',(0.577350269189626,0.577350269189626,-0.577350269189626));
#2325=DIRECTION('',(0.,-0.707106781186548,-0.707106781186548));
#2326=DIRECTION('',(-1.,0.,0.));
#2327=DIRECTION('',(-0.577350269189626,0.577350269189626,-0.577350269189626));
#2328=DIRECTION('',(-0.707106781186548,-0.707106781186548,0.));
#2329=DIRECTION('',(0.,0.,1.));
#2330=DIRECTION('',(-0.577350269189626,0.577350269189626,-0.577350269189626));
#2331=DIRECTION('',(0.,-0.707106781186548,-0.707106781186548));
#2332=DIRECTION('',(-1.,0.,0.));
#2333=DIRECTION('',(0.,-0.707106781186548,0.707106781186548));
#2334=DIRECTION('',(1.,0.,0.));
#2335=DIRECTION('',(0.,1.,3.40180154444447E-33));
#2336=DIRECTION('',(0.,-3.40180154444447E-33,1.));
#2337=DIRECTION('',(0.,1.,3.40180154444447E-33));
#2338=DIRECTION('',(1.,0.,0.));
#2339=DIRECTION('',(1.,0.,0.));
#2340=DIRECTION('',(0.,0.,-1.));
#2341=DIRECTION('',(0.,0.,1.));
#2342=DIRECTION('',(0.,1.,0.));
#2343=DIRECTION('',(0.,0.,1.));
#2344=DIRECTION('',(0.,1.,0.));
#2345=DIRECTION('',(0.,0.,1.));
#2346=DIRECTION('',(1.,0.,0.));
#2347=DIRECTION('',(-1.,0.,0.));
#2348=DIRECTION('',(0.,1.,0.));
#2349=DIRECTION('',(-1.,0.,0.));
#2350=DIRECTION('',(-1.,0.,0.));
#2351=DIRECTION('',(0.,0.,1.));
#2352=DIRECTION('',(0.,0.,-1.));
#2353=DIRECTION('',(0.,1.,0.));
#2354=DIRECTION('',(0.,0.,-1.));
#2355=DIRECTION('',(0.,1.,0.));
#2356=DIRECTION('',(0.,0.,-1.));
#2357=DIRECTION('',(-1.,0.,0.));
#2358=DIRECTION('',(1.,0.,0.));
#2359=DIRECTION('',(0.,1.,0.));
#2360=DIRECTION('',(1.,0.,0.));
#2361=DIRECTION('',(1.,0.,0.));
#2362=DIRECTION('',(0.,0.,-1.));
#2363=DIRECTION('',(0.,0.,1.));
#2364=DIRECTION('',(0.,1.,0.));
#2365=DIRECTION('',(0.,0.,1.));
#2366=DIRECTION('',(0.,0.,-1.));
#2367=DIRECTION('',(-1.,0.,0.));
#2368=DIRECTION('',(1.,0.,0.));
#2369=DIRECTION('',(1.,0.,0.));
#2370=DIRECTION('',(0.,-1.,0.));
#2371=DIRECTION('',(0.,0.,-1.));
#2372=DIRECTION('',(-1.,0.,0.));
#2373=DIRECTION('',(0.,0.,-1.));
#2374=DIRECTION('',(1.,0.,0.));
#2375=DIRECTION('',(0.,0.,1.));
#2376=DIRECTION('',(-1.,0.,0.));
#2377=DIRECTION('',(0.,0.,-1.));
#2378=DIRECTION('',(0.,1.,0.));
#2379=DIRECTION('',(1.,0.,0.));
#2380=DIRECTION('',(-1.,0.,0.));
#2381=DIRECTION('',(0.,0.,1.));
#2382=DIRECTION('',(1.,0.,0.));
#2383=DIRECTION('',(0.,0.,1.));
#2384=DIRECTION('',(1.,0.,0.));
#2385=DIRECTION('',(0.,0.,-1.));
#2386=DIRECTION('',(1.,0.,0.));
#2387=DIRECTION('',(0.,0.,-1.));
#2388=DIRECTION('',(-1.,0.,0.));
#2389=DIRECTION('',(0.,0.,-1.));
#2390=DIRECTION('',(-1.,0.,0.));
#2391=DIRECTION('',(0.,0.,1.));
#2392=DIRECTION('',(0.,1.,0.));
#2393=DIRECTION('',(0.,0.,1.));
#2394=DIRECTION('',(0.,0.,-1.));
#2395=DIRECTION('',(-1.,0.,0.));
#2396=DIRECTION('',(1.,0.,0.));
#2397=DIRECTION('',(0.,1.,0.));
#2398=DIRECTION('',(-1.,0.,0.));
#2399=DIRECTION('',(0.,0.,1.));
#2400=DIRECTION('',(0.,0.,-1.));
#2401=DIRECTION('',(0.,1.,0.));
#2402=DIRECTION('',(0.,0.,1.));
#2403=DIRECTION('',(1.,0.,0.));
#2404=DIRECTION('',(-1.,0.,0.));
#2405=DIRECTION('',(0.,1.,0.));
#2406=DIRECTION('',(-1.,0.,0.));
#2407=DIRECTION('',(0.,0.,1.));
#2408=DIRECTION('',(0.,0.,-1.));
#2409=DIRECTION('',(0.,1.,0.));
#2410=DIRECTION('',(0.,0.,1.));
#2411=DIRECTION('',(1.,0.,0.));
#2412=DIRECTION('',(-1.,0.,0.));
#2413=DIRECTION('',(0.,1.,0.));
#2414=DIRECTION('',(1.,0.,0.));
#2415=DIRECTION('',(0.,0.,-1.));
#2416=DIRECTION('',(0.,0.,1.));
#2417=DIRECTION('',(-0.707106781186548,-0.707106781186548,0.));
#2418=DIRECTION('',(0.,0.,1.));
#2419=DIRECTION('',(-0.577350269189626,0.577350269189626,0.577350269189626));
#2420=DIRECTION('',(-0.577350269189626,0.577350269189626,0.577350269189626));
#2421=DIRECTION('',(0.,-0.707106781186548,0.707106781186548));
#2422=DIRECTION('',(1.,0.,0.));
#2423=DIRECTION('',(0.577350269189626,0.577350269189626,0.577350269189626));
#2424=DIRECTION('',(0.707106781186548,-0.707106781186548,0.));
#2425=DIRECTION('',(0.,0.,-1.));
#2426=DIRECTION('',(0.577350269189626,0.577350269189626,0.577350269189626));
#2427=DIRECTION('',(-0.707106781186548,-0.707106781186548,0.));
#2428=DIRECTION('',(0.,0.,1.));
#2429=DIRECTION('',(0.577350269189626,-0.577350269189626,0.577350269189626));
#2430=DIRECTION('',(-0.577350269189626,0.577350269189626,0.577350269189626));
#2431=DIRECTION('',(0.,-0.707106781186548,0.707106781186548));
#2432=DIRECTION('',(1.,0.,0.));
#2433=DIRECTION('',(0.577350269189626,0.577350269189626,0.577350269189626));
#2434=DIRECTION('',(0.707106781186548,-0.707106781186548,0.));
#2435=DIRECTION('',(0.,0.,-1.));
#2436=DIRECTION('',(0.577350269189626,0.577350269189626,-0.577350269189626));
#2437=DIRECTION('',(0.,-0.707106781186548,-0.707106781186548));
#2438=DIRECTION('',(-1.,0.,0.));
#2439=DIRECTION('',(0.577350269189626,0.577350269189626,-0.577350269189626));
#2440=DIRECTION('',(0.707106781186548,-0.707106781186548,0.));
#2441=DIRECTION('',(0.,0.,-1.));
#2442=DIRECTION('',(0.577350269189626,0.577350269189626,-0.577350269189626));
#2443=DIRECTION('',(0.,-0.707106781186548,-0.707106781186548));
#2444=DIRECTION('',(-1.,0.,0.));
#2445=DIRECTION('',(-0.577350269189626,0.577350269189626,-0.577350269189626));
#2446=DIRECTION('',(-0.707106781186548,-0.707106781186548,0.));
#2447=DIRECTION('',(0.,0.,1.));
#2448=DIRECTION('',(-0.577350269189626,0.577350269189626,-0.577350269189626));
#2449=DIRECTION('',(0.,-0.707106781186548,-0.707106781186548));
#2450=DIRECTION('',(-1.,0.,0.));
#2451=DIRECTION('',(0.,-0.707106781186548,0.707106781186548));
#2452=DIRECTION('',(1.,0.,0.));
#2453=DIRECTION('',(0.,1.,0.));
#2454=DIRECTION('',(1.,0.,0.));
#2455=CARTESIAN_POINT('',(0.,0.,0.));
#2456=CARTESIAN_POINT('',(0.0186,0.,-0.0091));
#2457=CARTESIAN_POINT('',(0.0186,0.001,-0.0091));
#2458=CARTESIAN_POINT('',(0.0184,0.001,-0.0091));
#2459=CARTESIAN_POINT('',(0.0095,0.001,-0.0091));
#2460=CARTESIAN_POINT('',(0.0184,0.,-0.0091));
#2461=CARTESIAN_POINT('',(0.0184,0.,-0.0091));
#2462=CARTESIAN_POINT('',(0.0186,0.,-0.0091));
#2463=CARTESIAN_POINT('',(-0.0184,0.,-0.0091));
#2464=CARTESIAN_POINT('',(-0.0184,0.,-0.0091));
#2465=CARTESIAN_POINT('',(-0.0184,0.001,-0.0091));
#2466=CARTESIAN_POINT('',(-0.0004,0.001,-0.0091));
#2467=CARTESIAN_POINT('',(-0.0095,0.001,-0.0091));
#2468=CARTESIAN_POINT('',(0.0095,0.001,-0.0091));
#2469=CARTESIAN_POINT('',(0.0184,0.,-0.0089));
#2470=CARTESIAN_POINT('',(0.0184,0.001,-0.0091));
#2471=CARTESIAN_POINT('',(0.0185047197551197,0.001,-0.0091));
#2472=CARTESIAN_POINT('',(0.0186,0.001,-0.00900471975511966));
#2473=CARTESIAN_POINT('',(0.0186,0.001,-0.0089));
#2474=CARTESIAN_POINT('',(0.0186,0.001,-0.0089));
#2475=CARTESIAN_POINT('',(0.0186,0.,-0.0089));
#2476=CARTESIAN_POINT('',(0.0186,0.,-0.0089));
#2477=CARTESIAN_POINT('',(0.0184,0.,-0.0089));
#2478=CARTESIAN_POINT('',(0.0095,0.,0.));
#2479=CARTESIAN_POINT('',(0.0095,0.,0.0073));
#2480=CARTESIAN_POINT('',(0.0168,0.,0.0073));
#2481=CARTESIAN_POINT('',(-0.0168,0.,0.0073));
#2482=CARTESIAN_POINT('',(0.0168,0.,0.00365));
#2483=CARTESIAN_POINT('',(0.0168,0.,-0.0073));
#2484=CARTESIAN_POINT('',(0.01315,0.,-0.0073));
#2485=CARTESIAN_POINT('',(-0.0168,0.,-0.0073));
#2486=CARTESIAN_POINT('',(-0.0168,0.,-0.00365));
#2487=CARTESIAN_POINT('',(0.0004,0.,0.0091));
#2488=CARTESIAN_POINT('',(-0.0184,0.,0.0091));
#2489=CARTESIAN_POINT('',(0.0184,0.,0.0091));
#2490=CARTESIAN_POINT('',(-0.0184,0.,0.0089));
#2491=CARTESIAN_POINT('',(-0.0186,0.,0.0089));
#2492=CARTESIAN_POINT('',(-0.0186,0.,-0.0091));
#2493=CARTESIAN_POINT('',(-0.0186,0.,-0.0089));
#2494=CARTESIAN_POINT('',(-0.0184,0.,-0.0089));
#2495=CARTESIAN_POINT('',(0.0186,0.,0.0091));
#2496=CARTESIAN_POINT('',(0.0186,0.,0.0089));
#2497=CARTESIAN_POINT('',(0.0184,0.,0.0089));
#2498=CARTESIAN_POINT('',(0.0186,0.,0.0091));
#2499=CARTESIAN_POINT('',(0.0186,0.,0.0089));
#2500=CARTESIAN_POINT('',(0.0186,0.001,0.0089));
#2501=CARTESIAN_POINT('',(0.0186,0.001,0.0091));
#2502=CARTESIAN_POINT('',(0.0184,0.,0.0089));
#2503=CARTESIAN_POINT('',(0.0186,0.001,0.0089));
#2504=CARTESIAN_POINT('',(0.0186,0.001,0.00900471975511966));
#2505=CARTESIAN_POINT('',(0.0185047197551197,0.001,0.0091));
#2506=CARTESIAN_POINT('',(0.0184,0.001,0.0091));
#2507=CARTESIAN_POINT('',(0.0184,0.001,0.0091));
#2508=CARTESIAN_POINT('',(0.0184,0.,0.0091));
#2509=CARTESIAN_POINT('',(0.0168,0.,-0.0073));
#2510=CARTESIAN_POINT('',(0.0168,0.,-0.0073));
#2511=CARTESIAN_POINT('',(0.0147,0.0057,-0.0052));
#2512=CARTESIAN_POINT('',(0.0147,0.0057,-0.0052));
#2513=CARTESIAN_POINT('',(-0.0147,0.0057,-0.0052));
#2514=CARTESIAN_POINT('',(-0.0168,0.,-0.0073));
#2515=CARTESIAN_POINT('',(0.0095,0.000973493181372497,-0.0091));
#2516=CARTESIAN_POINT('',(0.0095,0.000982328787581665,-0.0091));
#2517=CARTESIAN_POINT('',(0.0095,0.000991164393790832,-0.0091));
#2518=CARTESIAN_POINT('',(0.0095,0.001,-0.0091));
#2519=CARTESIAN_POINT('',(0.0095,0.00226222630050298,-0.0091));
#2520=CARTESIAN_POINT('',(0.0095,0.00509352233790519,-0.00848471452852954));
#2521=CARTESIAN_POINT('',(0.00949999999999901,0.00751611097235177,-0.00654967148816129));
#2522=CARTESIAN_POINT('',(0.00949999999999883,0.00784707227288958,-0.00624425557786299));
#2523=CARTESIAN_POINT('',(0.0114798414796235,0.000973493181372496,-0.00910000043311234));
#2524=CARTESIAN_POINT('',(0.0114789718082122,0.000982328787581664,-0.00910000028874156));
#2525=CARTESIAN_POINT('',(0.0114781021368009,0.000991164393790832,-0.00910000014437078));
#2526=CARTESIAN_POINT('',(0.0114772324653896,0.001,-0.0091));
#2527=CARTESIAN_POINT('',(0.0113529940031777,0.00226222630050302,-0.00909997937565446));
#2528=CARTESIAN_POINT('',(0.0110064940858779,0.00509352233790519,-0.00848470984714655));
#2529=CARTESIAN_POINT('',(0.0104245677534028,0.00751611097235177,-0.00654967077449724));
#2530=CARTESIAN_POINT('',(0.0103366313250888,0.00784707227288958,-0.00624425557786308));
#2531=CARTESIAN_POINT('',(0.0154395214671687,0.000973493181372514,-0.0090999995281704));
#2532=CARTESIAN_POINT('',(0.0154369135567391,0.000982328787581682,-0.00909999980991195));
#2533=CARTESIAN_POINT('',(0.0154343056463096,0.000991164393790851,-0.0091000000916535));
#2534=CARTESIAN_POINT('',(0.01543169773588,0.00100000000000002,-0.00910000037339505));
#2535=CARTESIAN_POINT('',(0.0150591400351811,0.00226222630050313,-0.00910004062208706));
#2536=CARTESIAN_POINT('',(0.0140194657433183,0.00509352233790534,-0.00841096033430591));
#2537=CARTESIAN_POINT('',(0.0122736830533387,0.00751611097235192,-0.00641941951773741));
#2538=CARTESIAN_POINT('',(0.0120098721891724,0.00784707227288972,-0.00610664194743205));
#2539=CARTESIAN_POINT('',(0.0179096857442686,0.000973493181372552,-0.00909999924857521));
#2540=CARTESIAN_POINT('',(0.0179079463882516,0.000982328787581721,-0.00909999895636252));
#2541=CARTESIAN_POINT('',(0.0179062070322346,0.000991164393790891,-0.00909999866414983));
#2542=CARTESIAN_POINT('',(0.0179044676762176,0.00100000000000006,-0.00909999837193714));
#2543=CARTESIAN_POINT('',(0.0176559888668845,0.00226222630050325,-0.00909995662737179));
#2544=CARTESIAN_POINT('',(0.0163849517036596,0.00509352233790565,-0.00819354395617788));
#2545=CARTESIAN_POINT('',(0.0139690241199103,0.00751611097235227,-0.00603355539924089));
#2546=CARTESIAN_POINT('',(0.0136005187719257,0.00784707227289008,-0.00569872308894923));
#2547=CARTESIAN_POINT('',(0.0184259033094432,0.000973493181372571,-0.00909999929424781));
#2548=CARTESIAN_POINT('',(0.0184259961459462,0.000982328787581741,-0.00909999987868427));
#2549=CARTESIAN_POINT('',(0.0184260889824491,0.000991164393790911,-0.00910000046312073));
#2550=CARTESIAN_POINT('',(0.018426181818952,0.00100000000000008,-0.0091000010475572));
#2551=CARTESIAN_POINT('',(0.0184394441433322,0.00226222630050331,-0.00910008453827172));
#2552=CARTESIAN_POINT('',(0.0172896215914737,0.00509352233790579,-0.00804389107029522));
#2553=CARTESIAN_POINT('',(0.0147807552533544,0.00751611097235242,-0.00576600038019396));
#2554=CARTESIAN_POINT('',(0.0143946060493703,0.00784707227289023,-0.00541570785000229));
#2555=CARTESIAN_POINT('',(0.018478035667656,0.000973493181372571,-0.00908981398078074));
#2556=CARTESIAN_POINT('',(0.018478198644746,0.000982328787581741,-0.00908973715137375));
#2557=CARTESIAN_POINT('',(0.018478361621836,0.000991164393790911,-0.00908966032196675));
#2558=CARTESIAN_POINT('',(0.0184785245989259,0.00100000000000008,-0.00908958349255975));
#2559=CARTESIAN_POINT('',(0.0185018069820979,0.00226222630050331,-0.00907860789044834));
#2560=CARTESIAN_POINT('',(0.0173803324851472,0.00509352233790579,-0.00803290604798507));
#2561=CARTESIAN_POINT('',(0.0148956419560806,0.00751611097235242,-0.0057243257696879));
#2562=CARTESIAN_POINT('',(0.0145127833863871,0.00784707227289023,-0.00536857436736317));
#2563=CARTESIAN_POINT('',(0.018545196182172,0.000973493181372571,-0.00904518755716325));
#2564=CARTESIAN_POINT('',(0.0185451733714006,0.000982328787581741,-0.00904516535742541));
#2565=CARTESIAN_POINT('',(0.0185451505606292,0.000991164393790911,-0.00904514315768757));
#2566=CARTESIAN_POINT('',(0.0185451277498578,0.00100000000000008,-0.00904512095794973));
#2567=CARTESIAN_POINT('',(0.0185418690763837,0.00226222630050332,-0.00904194957476398));
#2568=CARTESIAN_POINT('',(0.0174822833360848,0.0050935223379058,-0.00798226778139344));
#2569=CARTESIAN_POINT('',(0.0150874213716869,0.00751611097235243,-0.00558735418689286));
#2570=CARTESIAN_POINT('',(0.0147176878639477,0.00784707227289024,-0.00521762000302595));
#2571=CARTESIAN_POINT('',(0.0185823652381876,0.000973493181372571,-0.00898923151899048));
#2572=CARTESIAN_POINT('',(0.0185822971105423,0.000982328787581741,-0.00898936218850228));
#2573=CARTESIAN_POINT('',(0.018582228982897,0.000991164393790911,-0.00898949285801408));
#2574=CARTESIAN_POINT('',(0.0185821608552517,0.00100000000000008,-0.00898962352752588));
#2575=CARTESIAN_POINT('',(0.018572428358843,0.00226222630050331,-0.00900829055393719));
#2576=CARTESIAN_POINT('',(0.0175244423506878,0.0050935223379058,-0.00789728712353174));
#2577=CARTESIAN_POINT('',(0.0152014960108064,0.00751611097235243,-0.00542762227761552));
#2578=CARTESIAN_POINT('',(0.0148434147058458,0.00784707227289024,-0.0050469527964164));
#2579=CARTESIAN_POINT('',(0.0185974664141846,0.000973493181372571,-0.00893893048236431));
#2580=CARTESIAN_POINT('',(0.0185974497896257,0.000982328787581741,-0.00893904317459817));
#2581=CARTESIAN_POINT('',(0.0185974331650669,0.000991164393790911,-0.00893915586683203));
#2582=CARTESIAN_POINT('',(0.0185974165405081,0.00100000000000008,-0.00893926855906589));
#2583=CARTESIAN_POINT('',(0.0185950416094751,0.00226222630050331,-0.00895536740934002));
#2584=CARTESIAN_POINT('',(0.0175412252134877,0.0050935223379058,-0.00781232990413118));
#2585=CARTESIAN_POINT('',(0.0152557171848861,0.00751611097235243,-0.0053093886732098));
#2586=CARTESIAN_POINT('',(0.0149040569664987,0.00784707227289024,-0.00492405924393629));
#2587=CARTESIAN_POINT('',(0.0186000013383194,0.000973493181372571,-0.00891295262616505));
#2588=CARTESIAN_POINT('',(0.0186000010003493,0.000982328787581741,-0.00891299880755266));
#2589=CARTESIAN_POINT('',(0.0186000006623793,0.000991164393790911,-0.00891304498894027));
#2590=CARTESIAN_POINT('',(0.0186000003244092,0.00100000000000008,-0.00891309117032788));
#2591=CARTESIAN_POINT('',(0.0185999520430923,0.00226222630050331,-0.00891968849490899));
#2592=CARTESIAN_POINT('',(0.0175477012633929,0.0050935223379058,-0.007766916497301));
#2593=CARTESIAN_POINT('',(0.0152728806975663,0.00751611097235244,-0.00526038821022959));
#2594=CARTESIAN_POINT('',(0.0149229773404106,0.00784707227289024,-0.00487468257484071));
#2595=CARTESIAN_POINT('',(0.018599997211274,0.000973493181372571,-0.00877742096515088));
#2596=CARTESIAN_POINT('',(0.0185999973671714,0.000982328787581741,-0.00877698611141402));
#2597=CARTESIAN_POINT('',(0.0185999975230689,0.000991164393790911,-0.00877655125767716));
#2598=CARTESIAN_POINT('',(0.0185999976789663,0.00100000000000008,-0.0087761164039403));
#2599=CARTESIAN_POINT('',(0.0186000199499727,0.0022622263005033,-0.00871399459695369));
#2600=CARTESIAN_POINT('',(0.0175869443402971,0.00509352233790578,-0.00752938731869866));
#2601=CARTESIAN_POINT('',(0.0153430015203366,0.00751611097235241,-0.00504724959390857));
#2602=CARTESIAN_POINT('',(0.0149971559022499,0.00784707227289022,-0.00466617613249098));
#2603=CARTESIAN_POINT('',(0.0185999993216874,0.000973493181372562,-0.00843916657077088));
#2604=CARTESIAN_POINT('',(0.018599999265661,0.000982328787581731,-0.00843802548846461));
#2605=CARTESIAN_POINT('',(0.0185999992096347,0.0009911643937909,-0.00843688440615835));
#2606=CARTESIAN_POINT('',(0.0185999991536083,0.00100000000000007,-0.00843574332385208));
#2607=CARTESIAN_POINT('',(0.0185999911498606,0.00226222630050326,-0.00827273197365009));
#2608=CARTESIAN_POINT('',(0.0176538338596136,0.0050935223379057,-0.00705932384131495));
#2609=CARTESIAN_POINT('',(0.0154623599853921,0.00751611097235232,-0.00465215077058548));
#2610=CARTESIAN_POINT('',(0.0151233995381909,0.00784707227289013,-0.0042839044288835));
#2611=CARTESIAN_POINT('',(0.0185999997685623,0.000973493181372552,-0.00743682462229134));
#2612=CARTESIAN_POINT('',(0.0185999997845004,0.000982328787581722,-0.00743484113744367));
#2613=CARTESIAN_POINT('',(0.0185999998004385,0.000991164393790891,-0.00743285765259599));
#2614=CARTESIAN_POINT('',(0.0185999998163765,0.00100000000000006,-0.00743087416774832));
#2615=CARTESIAN_POINT('',(0.0186000020932358,0.00226222630050322,-0.00714751989843012));
#2616=CARTESIAN_POINT('',(0.0177705966099267,0.00509352233790563,-0.00597764988453849));
#2617=CARTESIAN_POINT('',(0.0156702209686586,0.00751611097235225,-0.00382842966918476));
#2618=CARTESIAN_POINT('',(0.0153431998417595,0.00784707227289006,-0.00350140897260639));
#2619=CARTESIAN_POINT('',(0.0185999975530946,0.000973493181372534,-0.00494960299278401));
#2620=CARTESIAN_POINT('',(0.0185999975606844,0.000982328787581703,-0.00494742947326552));
#2621=CARTESIAN_POINT('',(0.0185999975682743,0.000991164393790872,-0.00494525595374704));
#2622=CARTESIAN_POINT('',(0.0185999975758641,0.00100000000000004,-0.00494308243422855));
#2623=CARTESIAN_POINT('',(0.0185999986601248,0.00226222630050313,-0.00463258042271468));
#2624=CARTESIAN_POINT('',(0.0179293992930642,0.0050935223379055,-0.00376622784624697));
#2625=CARTESIAN_POINT('',(0.0159520035437321,0.00751611097235211,-0.00231140727476737));
#2626=CARTESIAN_POINT('',(0.0156410670200988,0.00784707227288992,-0.00209156528281771));
#2627=CARTESIAN_POINT('',(0.0186000132695481,0.000973493181372516,1.88614600106982E-9));
#2628=CARTESIAN_POINT('',(0.0186000132282665,0.000982328787581684,2.08981376526793E-9));
#2629=CARTESIAN_POINT('',(0.018600013186985,0.000991164393790852,2.29348152946604E-9));
#2630=CARTESIAN_POINT('',(0.0186000131457034,0.00100000000000002,2.49714929366415E-9));
#2631=CARTESIAN_POINT('',(0.0186000072483525,0.002262226300503,3.15924713858541E-8));
#2632=CARTESIAN_POINT('',(0.0180217111370852,0.00509352233790531,6.11901566645835E-8));
#2633=CARTESIAN_POINT('',(0.0161149502489121,0.00751611097235191,3.40226017461752E-8));
#2634=CARTESIAN_POINT('',(0.0158132150509667,0.00784707227288972,3.38145194946181E-8));
#2635=CARTESIAN_POINT('',(0.018599988655192,0.000973493181372508,0.00544455619116496));
#2636=CARTESIAN_POINT('',(0.0185999887328151,0.000982328787581674,0.00544216489423866));
#2637=CARTESIAN_POINT('',(0.0185999888104383,0.000991164393790839,0.00543977359731236));
#2638=CARTESIAN_POINT('',(0.0185999888880614,0.001,0.00543738230038607));
#2639=CARTESIAN_POINT('',(0.0185999999770529,0.00226222630050287,0.0050957693084502));
#2640=CARTESIAN_POINT('',(0.0179201539029955,0.0050935223379052,0.00414281960239117));
#2641=CARTESIAN_POINT('',(0.015935724898486,0.00751611097235182,0.00254260941068783));
#2642=CARTESIAN_POINT('',(0.0156238680931871,0.00784707227288963,0.00230078365475708));
#2643=CARTESIAN_POINT('',(0.0186000422342643,0.0009734931813725,0.00810091622821302));
#2644=CARTESIAN_POINT('',(0.0186000420561809,0.000982328787581667,0.00809906931235719));
#2645=CARTESIAN_POINT('',(0.0186000418780975,0.000991164393790833,0.00809722239650135));
#2646=CARTESIAN_POINT('',(0.0186000417000141,0.001,0.00809537548064552));
#2647=CARTESIAN_POINT('',(0.0186000162595905,0.00226222630050279,0.00783153101849295));
#2648=CARTESIAN_POINT('',(0.0177209389634202,0.00509352233790515,0.00658945101377538));
#2649=CARTESIAN_POINT('',(0.0155821093893122,0.00751611097235177,0.00425718741592454));
#2650=CARTESIAN_POINT('',(0.0152500338935738,0.00784707227288958,0.00390176775620424));
#2651=CARTESIAN_POINT('',(0.0186000100287464,0.000973493181372501,0.00877741887924662));
#2652=CARTESIAN_POINT('',(0.0186000102819773,0.000982328787581668,0.00877698322366665));
#2653=CARTESIAN_POINT('',(0.0186000105352083,0.000991164393790834,0.00877654756808668));
#2654=CARTESIAN_POINT('',(0.0186000107884392,0.001,0.00877611191250671));
#2655=CARTESIAN_POINT('',(0.0186000469641943,0.00226222630050275,0.00871387555679063));
#2656=CARTESIAN_POINT('',(0.0175870144412079,0.00509352233790513,0.0075294701426863));
#2657=CARTESIAN_POINT('',(0.0153432102305055,0.00751611097235177,0.00504738224160844));
#2658=CARTESIAN_POINT('',(0.0149973643841507,0.00784707227288958,0.00466630962220582));
#2659=CARTESIAN_POINT('',(0.018600073820104,0.000973493181372502,0.00893238671350768));
#2660=CARTESIAN_POINT('',(0.018600073029363,0.000982328787581668,0.0089325044289622));
#2661=CARTESIAN_POINT('',(0.018600072238622,0.000991164393790834,0.00893262214441672));
#2662=CARTESIAN_POINT('',(0.018600071447881,0.001,0.00893273985987123));
#2663=CARTESIAN_POINT('',(0.0185999584851634,0.00226222630050273,0.00894955631130088));
#2664=CARTESIAN_POINT('',(0.0175424446292506,0.00509352233790513,0.00780126972993369));
#2665=CARTESIAN_POINT('',(0.0152634647994976,0.00751611097235176,0.00529110248040659));
#2666=CARTESIAN_POINT('',(0.0149129807419905,0.00784707227288957,0.00490473012725558));
#2667=CARTESIAN_POINT('',(0.0185871229575935,0.000973493181372502,0.00898457816843361));
#2668=CARTESIAN_POINT('',(0.018587038596161,0.000982328787581668,0.00898472464183107));
#2669=CARTESIAN_POINT('',(0.0185869542347284,0.000991164393790834,0.00898487111522854));
#2670=CARTESIAN_POINT('',(0.0185868698732959,0.001,0.008985017588626));
#2671=CARTESIAN_POINT('',(0.0185748182702288,0.00226222630050273,0.00900594230734079));
#2672=CARTESIAN_POINT('',(0.0175313415326323,0.00509352233790513,0.00789127708056673));
#2673=CARTESIAN_POINT('',(0.0152162110037748,0.00751611097235177,0.00541416323292003));
#2674=CARTESIAN_POINT('',(0.0148592693045437,0.00784707227288958,0.00503235884097562));
#2675=CARTESIAN_POINT('',(0.0185395626495564,0.000973493181372502,0.00904889334957464));
#2676=CARTESIAN_POINT('',(0.0185395589012024,0.000982328787581668,0.00904886408785401));
#2677=CARTESIAN_POINT('',(0.0185395551528484,0.000991164393790834,0.00904883482613338));
#2678=CARTESIAN_POINT('',(0.0185395514044944,0.001,0.00904880556441275));
#2679=CARTESIAN_POINT('',(0.0185390159266902,0.00226222630050272,0.00904462532906685));
#2680=CARTESIAN_POINT('',(0.0174735833622046,0.00509352233790513,0.00798639774935267));
#2681=CARTESIAN_POINT('',(0.0150711857937537,0.00751611097235177,0.00559880997094481));
#2682=CARTESIAN_POINT('',(0.0147003529915473,0.00784707227288958,0.00523024328686015));
#2683=CARTESIAN_POINT('',(0.0184780699868031,0.000973493181372502,0.00908980919414372));
#2684=CARTESIAN_POINT('',(0.0184782290683674,0.000982328787581668,0.00908973372821497));
#2685=CARTESIAN_POINT('',(0.0184783881499316,0.000991164393790834,0.00908965826228622));
#2686=CARTESIAN_POINT('',(0.0184785472314959,0.001,0.00908958279635748));
#2687=CARTESIAN_POINT('',(0.01850127311239,0.00226222630050272,0.00907880197636578));
#2688=CARTESIAN_POINT('',(0.0173804806146615,0.00509352233790513,0.00803304682373929));
#2689=CARTESIAN_POINT('',(0.0148959835810077,0.00751611097235177,0.00572456457644783));
#2690=CARTESIAN_POINT('',(0.0145131306055554,0.00784707227288958,0.00536881212283472));
#2691=CARTESIAN_POINT('',(0.0184258879532668,0.000973493181372502,0.00909999528686065));
#2692=CARTESIAN_POINT('',(0.0184259852817708,0.000982328787581668,0.00909999685790715));
#2693=CARTESIAN_POINT('',(0.0184260826102749,0.000991164393790834,0.00909999842895365));
#2694=CARTESIAN_POINT('',(0.0184261799387789,0.001,0.00910000000000015));
#2695=CARTESIAN_POINT('',(0.0184400839759988,0.00226222630050272,0.00910022443465275));
#2696=CARTESIAN_POINT('',(0.0172895959953288,0.00509352233790513,0.00804394878278662));
#2697=CARTESIAN_POINT('',(0.0147807479197679,0.00751611097235177,0.0057661909005244));
#2698=CARTESIAN_POINT('',(0.0143945926792218,0.00784707227288958,0.00541589654852435));
#2699=CARTESIAN_POINT('',(0.0183999999999989,0.000973493181372502,0.0091));
#2700=CARTESIAN_POINT('',(0.0183999999999989,0.000982328787581668,0.0091));
#2701=CARTESIAN_POINT('',(0.0183999999999989,0.000991164393790834,0.0091));
#2702=CARTESIAN_POINT('',(0.0183999999999989,0.001,0.0091));
#2703=CARTESIAN_POINT('',(0.0183999999999983,0.00226222630050272,0.0091));
#2704=CARTESIAN_POINT('',(0.0172442117346292,0.00509352233790513,0.0080514518850664));
#2705=CARTESIAN_POINT('',(0.0147400038263303,0.00751611097235177,0.00577959763604316));
#2706=CARTESIAN_POINT('',(0.0143547410712074,0.00784707227288958,0.00543008159773189));
#2707=CARTESIAN_POINT('',(0.00949999999999896,0.0075991077969221,-0.00646534393149924));
#2708=CARTESIAN_POINT('',(0.00949999999999905,0.00711882135120702,-0.00687913480708261));
#2709=CARTESIAN_POINT('',(0.00950000000000167,0.00607842065823363,-0.00761313557621085));
#2710=CARTESIAN_POINT('',(0.00950000000000239,0.00464482572309776,-0.00829627073295465));
#2711=CARTESIAN_POINT('',(0.00950000000000265,0.00344252252165057,-0.00870576334521902));
#2712=CARTESIAN_POINT('',(0.00950000000000346,0.00219985682753155,-0.00901715021828381));
#2713=CARTESIAN_POINT('',(0.00949999999999991,0.00140761038994709,-0.00909999999999983));
#2714=CARTESIAN_POINT('',(0.0095,0.00100000000000187,-0.0091));
#2715=CARTESIAN_POINT('',(0.0095,0.0075991077969221,-0.00646534393149924));
#2716=CARTESIAN_POINT('',(0.00949999999999896,0.0075991077969221,-0.00646534393149923));
#2717=CARTESIAN_POINT('',(0.00988700804851323,0.00759910768902224,-0.00646534380626006));
#2718=CARTESIAN_POINT('',(0.0104968485912635,0.00760726132713273,-0.00644044086169946));
#2719=CARTESIAN_POINT('',(0.0112430589910301,0.00763142470248782,-0.00635496544266327));
#2720=CARTESIAN_POINT('',(0.0116662023010557,0.00764889160318342,-0.00629008258479115));
#2721=CARTESIAN_POINT('',(0.0120061339348155,0.00766520176317136,-0.00622743189174842));
#2722=CARTESIAN_POINT('',(0.0122646627342416,0.00767903992878265,-0.00617260879049716));
#2723=CARTESIAN_POINT('',(0.0125686042211165,0.0076964903634727,-0.00610057886034531));
#2724=CARTESIAN_POINT('',(0.0128762814691009,0.00771549987133137,-0.00601809105388358));
#2725=CARTESIAN_POINT('',(0.013218576988359,0.00773813748033346,-0.00591413396404002));
#2726=CARTESIAN_POINT('',(0.0134566699433061,0.00775478283520125,-0.00583248291084856));
#2727=CARTESIAN_POINT('',(0.0136349608527637,0.0077674634458923,-0.00576837045766083));
#2728=CARTESIAN_POINT('',(0.0139546492709518,0.00779076241931128,-0.00564523729177707));
#2729=CARTESIAN_POINT('',(0.0142297962413231,0.00781171557700561,-0.0055255469460281));
#2730=CARTESIAN_POINT('',(0.0143483287793308,0.00782139193814646,-0.00546980744946809));
#2731=CARTESIAN_POINT('',(0.014381481270389,0.00782433422788058,-0.0054537431599626));
#2732=CARTESIAN_POINT('',(0.0143815473023783,0.00782460615019204,-0.00545392923723404));
#2733=CARTESIAN_POINT('',(0.0143814812703903,0.00782433422788066,-0.00545374315996206));
#2734=CARTESIAN_POINT('',(0.0143998530415974,0.00782596472598498,-0.00544484097970396));
#2735=CARTESIAN_POINT('',(0.014467298120257,0.00783335886965099,-0.00540762769577054));
#2736=CARTESIAN_POINT('',(0.0145839429034085,0.00784446316683665,-0.00532301320608799));
#2737=CARTESIAN_POINT('',(0.0147092632142366,0.0078488783285794,-0.00521586438896259));
#2738=CARTESIAN_POINT('',(0.0148272043762556,0.00784351647258574,-0.0050787551056235));
#2739=CARTESIAN_POINT('',(0.014900718050055,0.00783518071866835,-0.00497618987086877));
#2740=CARTESIAN_POINT('',(0.014946814921134,0.00782590291077917,-0.00489501156131275));
#2741=CARTESIAN_POINT('',(0.0149539317642147,0.00782430523075756,-0.00488150879137374));
#2742=CARTESIAN_POINT('',(0.0149539160940859,0.00782428234166628,-0.00488150323872825));
#2743=CARTESIAN_POINT('',(0.0149539317649305,0.00782430523059689,-0.0048815087900157));
#2744=CARTESIAN_POINT('',(0.0149611074048611,0.0078226943510998,-0.00486789446489745));
#2745=CARTESIAN_POINT('',(0.0149936610310923,0.00781667908162379,-0.00480097727325361));
#2746=CARTESIAN_POINT('',(0.0150942882481947,0.0077991341948597,-0.00457654168618113));
#2747=CARTESIAN_POINT('',(0.0152133585303186,0.00777768081544762,-0.00428557191933475));
#2748=CARTESIAN_POINT('',(0.0153125839641407,0.00775846985425876,-0.00401426682159489));
#2749=CARTESIAN_POINT('',(0.0153689301100876,0.00774713466772904,-0.00385144187029014));
#2750=CARTESIAN_POINT('',(0.0154217426884533,0.0077360837312966,-0.00369041521356159));
#2751=CARTESIAN_POINT('',(0.0154398366708478,0.00773218682627714,-0.00363265510868584));
#2752=CARTESIAN_POINT('',(0.0154746823060836,0.00772467957175584,-0.00352019097293239));
#2753=CARTESIAN_POINT('',(0.0155273535971387,0.00771306626500777,-0.00334125545650727));
#2754=CARTESIAN_POINT('',(0.0155976508788578,0.00769700236173752,-0.00308142122890098));
#2755=CARTESIAN_POINT('',(0.0156699931914327,0.0076796189031675,-0.00277734115203275));
#2756=CARTESIAN_POINT('',(0.0157505477997012,0.00765933228462974,-0.00239704309801805));
#2757=CARTESIAN_POINT('',(0.015845343676884,0.00763413514229678,-0.00183706691468677));
#2758=CARTESIAN_POINT('',(0.0159397992063075,0.00760742584285116,-0.000995314349838689));
#2759=CARTESIAN_POINT('',(0.0159824520728549,0.00759362969335199,1.08897469646121E-5));
#2760=CARTESIAN_POINT('',(0.015939852482427,0.0076074732748187,0.00100205827026216));
#2761=CARTESIAN_POINT('',(0.015854097876833,0.00763171423599223,0.00175027290237393));
#2762=CARTESIAN_POINT('',(0.0157891014360539,0.00764922654777806,0.00217222041628323));
#2763=CARTESIAN_POINT('',(0.0157263681127942,0.0076655794447368,0.00251151798021567));
#2764=CARTESIAN_POINT('',(0.0156716922420846,0.00767941380627154,0.00276882748307137));
#2765=CARTESIAN_POINT('',(0.0155754586122927,0.00770272809582841,0.00317354042410819));
#2766=CARTESIAN_POINT('',(0.0154591950528693,0.00772920744197363,0.00358646512482263));
#2767=CARTESIAN_POINT('',(0.0152936628279208,0.00776291946779982,0.00407058632198364));
#2768=CARTESIAN_POINT('',(0.0151376093254788,0.00779235550858679,0.00447696207847503));
#2769=CARTESIAN_POINT('',(0.0150245500172716,0.00781219950748175,0.00473303052463147));
#2770=CARTESIAN_POINT('',(0.0149545947114791,0.00782416350153609,0.00488192184103985));
#2771=CARTESIAN_POINT('',(0.0149544249794204,0.00782392305396231,0.00488186141486252));
#2772=CARTESIAN_POINT('',(0.0149545879296085,0.00782416870558833,0.00488191954610651));
#2773=CARTESIAN_POINT('',(0.0149518288454291,0.00782463089212915,0.00488783186094917));
#2774=CARTESIAN_POINT('',(0.0149454846121012,0.00782657432065231,0.00490255494679634));
#2775=CARTESIAN_POINT('',(0.0148750590810272,0.00783807021615541,0.00501458914004064));
#2776=CARTESIAN_POINT('',(0.0148398318059475,0.00784154903809506,0.00506033448306855));
#2777=CARTESIAN_POINT('',(0.014741298350966,0.00784860450684874,0.0051834821622462));
#2778=CARTESIAN_POINT('',(0.0146555581415233,0.00784740188761997,0.00526400740365758));
#2779=CARTESIAN_POINT('',(0.0145762578998098,0.00784267902130915,0.00532642177786339));
#2780=CARTESIAN_POINT('',(0.0145762435873198,0.00784263966707391,0.00532640061529104));
#2781=CARTESIAN_POINT('',(0.0145762578998098,0.00784267902130915,0.00532642177786335));
#2782=CARTESIAN_POINT('',(0.014548045812904,0.00784099880051882,0.0053486264989489));
#2783=CARTESIAN_POINT('',(0.0145178035025316,0.00783921170674796,0.00537373267056256));
#2784=CARTESIAN_POINT('',(0.014399390853307,0.00782616840015191,0.00544595049457189));
#2785=CARTESIAN_POINT('',(0.0143867436862314,0.00782409849913488,0.0054523904128724));
#2786=CARTESIAN_POINT('',(0.0143821070722932,0.00782351054396574,0.00545489025447036));
#2787=CARTESIAN_POINT('',(0.0143821354530921,0.00782347357446552,0.00545493418392188));
#2788=CARTESIAN_POINT('',(0.0184,0.001,0.0091));
#2789=CARTESIAN_POINT('',(0.0184,0.00246760268596992,0.0091));
#2790=CARTESIAN_POINT('',(0.0170607118176974,0.00550961925819086,0.0078849780613073));
#2791=CARTESIAN_POINT('',(0.0143821354530921,0.00782347357446552,0.00545493418392188));
#2792=CARTESIAN_POINT('',(0.0095,0.00773303596998497,-0.00609934126980411));
#2793=CARTESIAN_POINT('',(0.00970363145971832,0.00773303596998497,-0.00609934126980412));
#2794=CARTESIAN_POINT('',(0.0100091994238333,0.00773445716254566,-0.00609295590562872));
#2795=CARTESIAN_POINT('',(0.0104160052289046,0.00773916203645587,-0.0060714756311683));
#2796=CARTESIAN_POINT('',(0.0108220587737453,0.00774570388079892,-0.00604120016465201));
#2797=CARTESIAN_POINT('',(0.0112266689731438,0.00775494929448636,-0.00599745754126814));
#2798=CARTESIAN_POINT('',(0.0116286005469707,0.00776670812710982,-0.00593952043720766));
#2799=CARTESIAN_POINT('',(0.0119288618738344,0.00777673820391882,-0.00588866742251202));
#2800=CARTESIAN_POINT('',(0.0122281649439521,0.00778794090327399,-0.00583003352439743));
#2801=CARTESIAN_POINT('',(0.012625081083657,0.00780434424756376,-0.00574114725627659));
#2802=CARTESIAN_POINT('',(0.0130179114034352,0.0078227970319829,-0.00563565382519346));
#2803=CARTESIAN_POINT('',(0.0134050060977106,0.00784300986101048,-0.00551257884363333));
#2804=CARTESIAN_POINT('',(0.0136917605425897,0.00785895555672671,-0.00541142658804665));
#2805=CARTESIAN_POINT('',(0.0139754767236741,0.00787569104278389,-0.00530099506384019));
#2806=CARTESIAN_POINT('',(0.0141613558621905,0.00788725898744691,-0.0052214617721907));
#2807=CARTESIAN_POINT('',(0.0143015972513129,0.00789624671497829,-0.00515885900163806));
#2808=CARTESIAN_POINT('',(0.0143916725827431,0.00790073182057518,-0.00510761175582384));
#2809=CARTESIAN_POINT('',(0.0145484128798838,0.00790356759769117,-0.00497557019057858));
#2810=CARTESIAN_POINT('',(0.014638250189956,0.00789922857528891,-0.00484796030021033));
#2811=CARTESIAN_POINT('',(0.0147005897747261,0.00789028361499859,-0.00470834430502205));
#2812=CARTESIAN_POINT('',(0.0147411512718785,0.00788443821165976,-0.00461568610788223));
#2813=CARTESIAN_POINT('',(0.0148192744596381,0.00787294126612162,-0.00442869031865104));
#2814=CARTESIAN_POINT('',(0.0149480644361409,0.00785343396175685,-0.00409791994651657));
#2815=CARTESIAN_POINT('',(0.0151094970137035,0.0078273858359115,-0.00361557594604208));
#2816=CARTESIAN_POINT('',(0.0152681655335,0.00779961958700612,-0.00302441927233726));
#2817=CARTESIAN_POINT('',(0.0153935545710635,0.00777595993426351,-0.00242418180098436));
#2818=CARTESIAN_POINT('',(0.0154878063199844,0.00775699611390437,-0.00181842216838272));
#2819=CARTESIAN_POINT('',(0.015553022091027,0.00774320064001767,-0.00121019647207316));
#2820=CARTESIAN_POINT('',(0.0155910999500247,0.00773486977924855,-0.000603414384049192));
#2821=CARTESIAN_POINT('',(0.0156035961334894,0.00773208876025718,6.55459899118158E-6));
#2822=CARTESIAN_POINT('',(0.0155905624174778,0.0077349888511133,0.00061679776577034));
#2823=CARTESIAN_POINT('',(0.0155517082297558,0.00774348464762341,0.00122583437454306));
#2824=CARTESIAN_POINT('',(0.0154859548830825,0.0077573770684142,0.00183195812624061));
#2825=CARTESIAN_POINT('',(0.0153919326641975,0.00777627224539708,0.00243265710435375));
#2826=CARTESIAN_POINT('',(0.0152669537621412,0.00779983405200893,0.003029237015023));
#2827=CARTESIAN_POINT('',(0.0151087516128727,0.00782750342044257,0.00361784303302813));
#2828=CARTESIAN_POINT('',(0.0149758974006259,0.0078489281158141,0.00401454947932872));
#2829=CARTESIAN_POINT('',(0.0148984455586266,0.00786085904401689,0.00422202356931495));
#2830=CARTESIAN_POINT('',(0.0148895232904142,0.00786222835422052,0.00424570642221894));
#2831=CARTESIAN_POINT('',(0.0148805514277183,0.00786360183872121,0.00426937616106379));
#2832=CARTESIAN_POINT('',(0.014869245065967,0.00786532630604787,0.00429893498950563));
#2833=CARTESIAN_POINT('',(0.0148418172328549,0.00786948891636283,0.0043697804798535));
#2834=CARTESIAN_POINT('',(0.0148136660145865,0.00787371010119596,0.00444036450522768));
#2835=CARTESIAN_POINT('',(0.0147848090884131,0.00787798380666339,0.00451061473507757));
#2836=CARTESIAN_POINT('',(0.01477024024353,0.00788013112235202,0.00454567219729907));
#2837=CARTESIAN_POINT('',(0.0147555312531915,0.00788228872333625,0.00458066036697089));
#2838=CARTESIAN_POINT('',(0.0147431568984598,0.00788409528982659,0.00460975968738156));
#2839=CARTESIAN_POINT('',(0.0147331868421451,0.00788554566762903,0.00463300514266916));
#2840=CARTESIAN_POINT('',(0.0147231695849128,0.0078869995038618,0.00465622846433571));
#2841=CARTESIAN_POINT('',(0.0147105590988137,0.00788882333335813,0.00468521701536098));
#2842=CARTESIAN_POINT('',(0.0146997379099883,0.00789038116027758,0.00470981431911814));
#2843=CARTESIAN_POINT('',(0.0146933378310732,0.00789130008357852,0.00472427040248976));
#2844=CARTESIAN_POINT('',(0.0146907747045252,0.00789166788116655,0.00473005171011431));
#2845=CARTESIAN_POINT('',(0.0146875650118651,0.00789212806805031,0.00473727630461602));
#2846=CARTESIAN_POINT('',(0.0146846692838402,0.00789254276487205,0.00474377606487312));
#2847=CARTESIAN_POINT('',(0.0146827358529682,0.00789281945031613,0.00474810828233182));
#2848=CARTESIAN_POINT('',(0.0146817685465607,0.00789295783701983,0.00475027420023811));
#2849=CARTESIAN_POINT('',(0.0146809619691562,0.00789307319767542,0.00475207898226995));
#2850=CARTESIAN_POINT('',(0.0146803971021674,0.00789315396824993,0.00475334224199687));
#2851=CARTESIAN_POINT('',(0.0146800742522042,0.00789320013046918,0.00475406409177499));
#2852=CARTESIAN_POINT('',(0.0146799127945425,0.00789322321036618,0.00475442499370266));
#2853=CARTESIAN_POINT('',(0.014664835316301,0.00789538010309533,0.00478813762310562));
#2854=CARTESIAN_POINT('',(0.0146303408746675,0.00789891773520128,0.00485321548368056));
#2855=CARTESIAN_POINT('',(0.0145440813936305,0.00790279237982461,0.00497313434010089));
#2856=CARTESIAN_POINT('',(0.0144633321972453,0.0079023119276995,0.00504969408208901));
#2857=CARTESIAN_POINT('',(0.0144039478882982,0.00790046971356935,0.00509309209245309));
#2858=CARTESIAN_POINT('',(0.0095,0.0077543943058974,-0.00623334240795128));
#2859=CARTESIAN_POINT('',(0.00970543804493659,0.0077543943058974,-0.00623334240795129));
#2860=CARTESIAN_POINT('',(0.0100137150933173,0.00775583395681219,-0.00622661527788419));
#2861=CARTESIAN_POINT('',(0.0104241423630743,0.00776040084900373,-0.00620392595418361));
#2862=CARTESIAN_POINT('',(0.0108338208589127,0.00776677995464742,-0.00617197646069202));
#2863=CARTESIAN_POINT('',(0.0112420626553364,0.00777580883375526,-0.00612586344188375));
#2864=CARTESIAN_POINT('',(0.0116476118349892,0.00778725883145926,-0.00606489901950111));
#2865=CARTESIAN_POINT('',(0.011950579834444,0.00779704375940319,-0.00601147346407171));
#2866=CARTESIAN_POINT('',(0.0122525712149707,0.00780798674505206,-0.00594999238524576));
#2867=CARTESIAN_POINT('',(0.0126530567260476,0.00782399698019308,-0.00585695773866586));
#2868=CARTESIAN_POINT('',(0.0130493465059923,0.00784211470895748,-0.00574697746193375));
#2869=CARTESIAN_POINT('',(0.0134399314800531,0.00786196464971396,-0.00561909028037696));
#2870=CARTESIAN_POINT('',(0.0137289715221764,0.0078776757204638,-0.00551455633246276));
#2871=CARTESIAN_POINT('',(0.0140156621041128,0.00789416040363225,-0.00540008891633122));
#2872=CARTESIAN_POINT('',(0.0142021876445115,0.00790562571141925,-0.00531910275138209));
#2873=CARTESIAN_POINT('',(0.0143462231090918,0.007914514251008,-0.00525249630979578));
#2874=CARTESIAN_POINT('',(0.0144497695737494,0.00791889187620697,-0.00518835939887798));
#2875=CARTESIAN_POINT('',(0.0146200901999105,0.0079216508550225,-0.00504247427641494));
#2876=CARTESIAN_POINT('',(0.0147255255422373,0.00791744630856177,-0.00489948604923315));
#2877=CARTESIAN_POINT('',(0.0147991658987315,0.00790860982771979,-0.00474771681993101));
#2878=CARTESIAN_POINT('',(0.0148381905605918,0.00790283150844989,-0.00465734056915229));
#2879=CARTESIAN_POINT('',(0.014920484595369,0.0078914818053159,-0.00446664821682892));
#2880=CARTESIAN_POINT('',(0.0150519246882645,0.00787224482427739,-0.00413476817680893));
#2881=CARTESIAN_POINT('',(0.015220173891107,0.00784659780037271,-0.00364729514622202));
#2882=CARTESIAN_POINT('',(0.0153850568413937,0.00781939940675366,-0.00305159212465145));
#2883=CARTESIAN_POINT('',(0.015516653071015,0.00779627747551754,-0.00244573730212054));
#2884=CARTESIAN_POINT('',(0.0156156531772218,0.00777776751212869,-0.00183466015554875));
#2885=CARTESIAN_POINT('',(0.0156844731774272,0.0077643674539208,-0.00122092853474655));
#2886=CARTESIAN_POINT('',(0.0157246467890214,0.00775622942589867,-0.000608770310082448));
#2887=CARTESIAN_POINT('',(0.0157378652543587,0.00775353465931321,6.61894532412228E-6));
#2888=CARTESIAN_POINT('',(0.0157240805746482,0.00775634697385597,0.000622270672647792));
#2889=CARTESIAN_POINT('',(0.015683060999813,0.0077646458790114,0.00123673887465494));
#2890=CARTESIAN_POINT('',(0.0156137130358582,0.00777814837029566,0.00184831200304291));
#2891=CARTESIAN_POINT('',(0.0155148353803257,0.00779658915882084,0.00245442779879453));
#2892=CARTESIAN_POINT('',(0.0153838070316806,0.0078196728693132,0.00305646767624731));
#2893=CARTESIAN_POINT('',(0.015218810269709,0.0078467565455228,0.00365029099207053));
#2894=CARTESIAN_POINT('',(0.0150808788847188,0.00786786149700582,0.00405063375790507));
#2895=CARTESIAN_POINT('',(0.0150008301155706,0.00787960067649113,0.00425989334461949));
#2896=CARTESIAN_POINT('',(0.0149916138713304,0.00788094669646778,0.00428377635774191));
#2897=CARTESIAN_POINT('',(0.0149823470117691,0.00788229770885643,0.0043076475767132));
#2898=CARTESIAN_POINT('',(0.0149706698113834,0.00788399472565742,0.00433746067592511));
#2899=CARTESIAN_POINT('',(0.0149423592506024,0.00788809139428051,0.00440890772299987));
#2900=CARTESIAN_POINT('',(0.0149132482663297,0.00789226549011149,0.00448018790397889));
#2901=CARTESIAN_POINT('',(0.0148835113620856,0.00789648060191684,0.00455104192284371));
#2902=CARTESIAN_POINT('',(0.0148685004685597,0.00789859970630423,0.00458640472940691));
#2903=CARTESIAN_POINT('',(0.014853354010432,0.00790072926382125,0.00462169391589616));
#2904=CARTESIAN_POINT('',(0.0148406134128762,0.00790251330609069,0.00465104712568981));
#2905=CARTESIAN_POINT('',(0.0148303551400916,0.0079039454899011,0.00467449071904336));
#2906=CARTESIAN_POINT('',(0.0148200488974282,0.00790538144385666,0.00469791355470659));
#2907=CARTESIAN_POINT('',(0.0148070743750114,0.00790718383843613,0.00472715578758077));
#2908=CARTESIAN_POINT('',(0.014795941312507,0.00790872419883392,0.00475197271736979));
#2909=CARTESIAN_POINT('',(0.0147893642280405,0.00790963241014922,0.00476655079489595));
#2910=CARTESIAN_POINT('',(0.0147867309329824,0.00790999587245003,0.00477238018752661));
#2911=CARTESIAN_POINT('',(0.0147834327909381,0.00791045074538001,0.00477966582638378));
#2912=CARTESIAN_POINT('',(0.0147804575468122,0.00791086068380994,0.00478622050293343));
#2913=CARTESIAN_POINT('',(0.0147784715317256,0.00791113417865043,0.00479058886558736));
#2914=CARTESIAN_POINT('',(0.0147774780670361,0.00791127096541953,0.00479277270754515));
#2915=CARTESIAN_POINT('',(0.0147766495275023,0.00791138500128289,0.00479459262052014));
#2916=CARTESIAN_POINT('',(0.0147760695470084,0.00791146483666705,0.00479586617539448));
#2917=CARTESIAN_POINT('',(0.0147757377494371,0.00791151047291916,0.0047965942662991));
#2918=CARTESIAN_POINT('',(0.0147755723081591,0.00791153327714623,0.00479695772638146));
#2919=CARTESIAN_POINT('',(0.0147599276848968,0.00791366949093348,0.00483113322311659));
#2920=CARTESIAN_POINT('',(0.0147167745783049,0.00791714638889563,0.0049053404449943));
#2921=CARTESIAN_POINT('',(0.0146188128569903,0.00792092242746698,0.00503688902606645));
#2922=CARTESIAN_POINT('',(0.0145279246729067,0.00792051658520419,0.00512382977278416));
#2923=CARTESIAN_POINT('',(0.0144621763896497,0.00791871932426374,0.0051735446057176));
#2924=CARTESIAN_POINT('',(0.0095,0.00770190909915414,-0.00637677545066615));
#2925=CARTESIAN_POINT('',(0.00970760684979519,0.00770190909915414,-0.00637677545066616));
#2926=CARTESIAN_POINT('',(0.010019129852103,0.00770367226253476,-0.00636965381265154));
#2927=CARTESIAN_POINT('',(0.0104338717964993,0.00770931238360515,-0.00634561810942968));
#2928=CARTESIAN_POINT('',(0.0108478369859818,0.00771716429343735,-0.00631179869772752));
#2929=CARTESIAN_POINT('',(0.0112603132021851,0.0077282333968335,-0.00626303683083375));
#2930=CARTESIAN_POINT('',(0.0116700060768935,0.00774217275208827,-0.00619870263893788));
#2931=CARTESIAN_POINT('',(0.011976032890613,0.00775401019161069,-0.00614241367281489));
#2932=CARTESIAN_POINT('',(0.0122810224857866,0.00776715002438007,-0.00607776550458264));
#2933=CARTESIAN_POINT('',(0.0126854309932237,0.00778622324642128,-0.00598013023208829));
#2934=CARTESIAN_POINT('',(0.0130854537820023,0.00780747354674812,-0.00586516672477593));
#2935=CARTESIAN_POINT('',(0.0134797270575863,0.00783038418025251,-0.00573197064339459));
#2936=CARTESIAN_POINT('',(0.0137711917904473,0.0078481821552104,-0.00562369152116377));
#2937=CARTESIAN_POINT('',(0.0140609353017318,0.00786688998815124,-0.00550482031996597));
#2938=CARTESIAN_POINT('',(0.0142482246658781,0.00787922873607469,-0.00542217933584514));
#2939=CARTESIAN_POINT('',(0.0143959714285214,0.00788999967581234,-0.00535131523696829));
#2940=CARTESIAN_POINT('',(0.0145125503283566,0.0078982938294962,-0.00527388612905934));
#2941=CARTESIAN_POINT('',(0.0146964122245732,0.00790208731531121,-0.00511396735690809));
#2942=CARTESIAN_POINT('',(0.0148177366703783,0.00789544761435865,-0.00495585120924899));
#2943=CARTESIAN_POINT('',(0.0149031866749651,0.00788179684626644,-0.00479239906943349));
#2944=CARTESIAN_POINT('',(0.0149406865899636,0.00787652950277166,-0.00470412745856575));
#2945=CARTESIAN_POINT('',(0.0150274440014065,0.00786317382296546,-0.00450977078259136));
#2946=CARTESIAN_POINT('',(0.015161892584603,0.00784221557262678,-0.00417657152091267));
#2947=CARTESIAN_POINT('',(0.0153376159475355,0.00781251646752059,-0.00368378194000136));
#2948=CARTESIAN_POINT('',(0.0155094277984016,0.00778084590195491,-0.00308309153789486));
#2949=CARTESIAN_POINT('',(0.0156479100620966,0.00775308623248992,-0.00247105079542548));
#2950=CARTESIAN_POINT('',(0.0157522123476909,0.00773065465261039,-0.00185389366531296));
#2951=CARTESIAN_POINT('',(0.0158250405378797,0.00771418592620647,-0.00123374694166742));
#2952=CARTESIAN_POINT('',(0.0158675614381902,0.00770416500091669,-0.000615194597079793));
#2953=CARTESIAN_POINT('',(0.0158815829685888,0.00770082407607981,6.69465724595594E-6));
#2954=CARTESIAN_POINT('',(0.0158669628183686,0.00770430946863761,0.000628835333086489));
#2955=CARTESIAN_POINT('',(0.0158235204707173,0.00771453946172702,0.00124975310600943));
#2956=CARTESIAN_POINT('',(0.0157501711763096,0.0077311150570756,0.00186767982978305));
#2957=CARTESIAN_POINT('',(0.0156458826832663,0.00775351007598871,0.00247995825254272));
#2958=CARTESIAN_POINT('',(0.0155081253143641,0.00778116095804008,0.00308802684707897));
#2959=CARTESIAN_POINT('',(0.0153356048868917,0.00781294828936056,0.00368747108110707));
#2960=CARTESIAN_POINT('',(0.0151920757973654,0.00783718033320696,0.00409162913332372));
#2961=CARTESIAN_POINT('',(0.0151091727856922,0.00785042938915179,0.00430275767270656));
#2962=CARTESIAN_POINT('',(0.015099633601564,0.00785194565660415,0.00432685037119834));
#2963=CARTESIAN_POINT('',(0.0150900426873808,0.00785346668332687,0.00435093244978224));
#2964=CARTESIAN_POINT('',(0.015077958283632,0.00785537580347842,0.00438101127946042));
#2965=CARTESIAN_POINT('',(0.0150486785181806,0.00785997416753328,0.00445308714875173));
#2966=CARTESIAN_POINT('',(0.0150185164077371,0.00786467239588488,0.00452508609034792));
#2967=CARTESIAN_POINT('',(0.0149878147621331,0.00786936638126954,0.0045965687694447));
#2968=CARTESIAN_POINT('',(0.0149723194801435,0.00787172360041444,0.00463224904647067));
#2969=CARTESIAN_POINT('',(0.0149566936900707,0.00787408711287532,0.00466785135946792));
#2970=CARTESIAN_POINT('',(0.0149435520170461,0.00787606499145936,0.00469746831349531));
#2971=CARTESIAN_POINT('',(0.0149329780520183,0.0078776491095251,0.00472111803849035));
#2972=CARTESIAN_POINT('',(0.0149223553708171,0.00787923658564141,0.00474474829035088));
#2973=CARTESIAN_POINT('',(0.0149089824317397,0.00788122820090769,0.00477425385694882));
#2974=CARTESIAN_POINT('',(0.014897508272937,0.00788292887165142,0.00479929840509907));
#2975=CARTESIAN_POINT('',(0.0148907374168785,0.00788392813839806,0.00481400341783002));
#2976=CARTESIAN_POINT('',(0.0148880272888395,0.0078843277085638,0.0048198828958719));
#2977=CARTESIAN_POINT('',(0.0148846323308214,0.00788482794362004,0.00482723204316636));
#2978=CARTESIAN_POINT('',(0.0148815700552976,0.00788527856795635,0.00483384385174641));
#2979=CARTESIAN_POINT('',(0.0148795264738993,0.00788557896358738,0.00483824985191484));
#2980=CARTESIAN_POINT('',(0.0148785043674097,0.00788572913629005,0.00484045236965792));
#2981=CARTESIAN_POINT('',(0.0148776517893042,0.00788585438775167,0.0048422880318654));
#2982=CARTESIAN_POINT('',(0.0148770552540403,0.00788594196255302,0.00484357232675353));
#2983=CARTESIAN_POINT('',(0.014876713671875,0.00788599214872046,0.00484430689782666));
#2984=CARTESIAN_POINT('',(0.0148765438498322,0.00788601702523885,0.0048446730593152));
#2985=CARTESIAN_POINT('',(0.01486028651787,0.00788842727747462,0.00487931534470081));
#2986=CARTESIAN_POINT('',(0.014808164596458,0.00789488275298925,0.00496232612261567));
#2987=CARTESIAN_POINT('',(0.0146982665959714,0.00790049613349892,0.00510534386899166));
#2988=CARTESIAN_POINT('',(0.014597160899341,0.00790046664439821,0.00520265779787005));
#2989=CARTESIAN_POINT('',(0.0145251513806088,0.00789758213583768,0.00525882010707863));
#2990=CARTESIAN_POINT('',(0.0095,0.0075991077969221,-0.00646534393149924));
#2991=CARTESIAN_POINT('',(0.00970915834027292,0.0075991077969221,-0.00646534393149925));
#2992=CARTESIAN_POINT('',(0.0100230239863357,0.00760127274449281,-0.00645817985323983));
#2993=CARTESIAN_POINT('',(0.0104408982903005,0.007608415708779,-0.0064340971229029));
#2994=CARTESIAN_POINT('',(0.0108580232002092,0.007618322426602,-0.00640016769536266));
#2995=CARTESIAN_POINT('',(0.0112737060327357,0.00763226370826625,-0.00635117668235156));
#2996=CARTESIAN_POINT('',(0.011686646913037,0.00764981137324657,-0.00628642651313728));
#2997=CARTESIAN_POINT('',(0.0119951366690383,0.00766465672200163,-0.00622968609432878));
#2998=CARTESIAN_POINT('',(0.0123026096779156,0.007681060474311,-0.00616442767129676));
#2999=CARTESIAN_POINT('',(0.0127103574605708,0.0077047820847737,-0.00606574655930206));
#3000=CARTESIAN_POINT('',(0.0131137087143932,0.00773084376568809,-0.00594932350549569));
#3001=CARTESIAN_POINT('',(0.0135113633992779,0.00775860663555812,-0.00581423598576976));
#3002=CARTESIAN_POINT('',(0.013805145351552,0.00777974573645085,-0.00570447804741069));
#3003=CARTESIAN_POINT('',(0.0140976933519933,0.00780207854965127,-0.005583659801652));
#3004=CARTESIAN_POINT('',(0.0142859051174305,0.00781585530826439,-0.00550021676538614));
#3005=CARTESIAN_POINT('',(0.0144367362648715,0.00782965373322456,-0.00542722405234428));
#3006=CARTESIAN_POINT('',(0.014563531666956,0.00784426214130687,-0.00534200481554756));
#3007=CARTESIAN_POINT('',(0.0147581245891903,0.00784986650059839,-0.00517176093307312));
#3008=CARTESIAN_POINT('',(0.0148901920202093,0.00783909122099813,-0.00500172956606044));
#3009=CARTESIAN_POINT('',(0.0149817031939779,0.00781781803073602,-0.00482910834149284));
#3010=CARTESIAN_POINT('',(0.0150183813275977,0.00781329655408706,-0.00474228669902431));
#3011=CARTESIAN_POINT('',(0.0151073230037802,0.00779669803029151,-0.00454480923561777));
#3012=CARTESIAN_POINT('',(0.0152429805125228,0.0077728925143614,-0.00421004390226788));
#3013=CARTESIAN_POINT('',(0.0154216709215498,0.00773676172471574,-0.00371243959305839));
#3014=CARTESIAN_POINT('',(0.0155953456628458,0.00769817440297108,-0.00310723081913835));
#3015=CARTESIAN_POINT('',(0.0157353273457031,0.00766347356283237,-0.00249000981733066));
#3016=CARTESIAN_POINT('',(0.0158403148794916,0.0076353681890552,-0.00186802412277875));
#3017=CARTESIAN_POINT('',(0.0159134622093999,0.00761452177412063,-0.00124303127255624));
#3018=CARTESIAN_POINT('',(0.0159560851839585,0.00760190504356745,-0.000619805533258573));
#3019=CARTESIAN_POINT('',(0.015970122596658,0.00759766287687872,6.74908400565557E-6));
#3020=CARTESIAN_POINT('',(0.0159554855861992,0.00760208522856232,0.00063354736048115));
#3021=CARTESIAN_POINT('',(0.0159119234158431,0.007614980611935,0.00125918279122423));
#3022=CARTESIAN_POINT('',(0.0158382611907526,0.00763593432010532,0.00188191436095878));
#3023=CARTESIAN_POINT('',(0.0157332196914867,0.00766406177939257,0.00249908673552284));
#3024=CARTESIAN_POINT('',(0.0155939996807258,0.00769849933759146,0.00311221374336973));
#3025=CARTESIAN_POINT('',(0.0154193170175986,0.00773758377814736,0.00371665405744582));
#3026=CARTESIAN_POINT('',(0.0152736411857446,0.00776677248599807,0.00412433593261713));
#3027=CARTESIAN_POINT('',(0.0151895506552967,0.00778248065321688,0.00433722870123966));
#3028=CARTESIAN_POINT('',(0.0151798771097532,0.00778427592118657,0.00436152012174808));
#3029=CARTESIAN_POINT('',(0.015170149964132,0.00778607517398822,0.00438580193549415));
#3030=CARTESIAN_POINT('',(0.0151578922916803,0.00778833138707145,0.0044161322886123));
#3031=CARTESIAN_POINT('',(0.0151281962262294,0.00779375297449071,0.00448880532900961));
#3032=CARTESIAN_POINT('',(0.0150975517839192,0.00779929715130528,0.00456147270667616));
#3033=CARTESIAN_POINT('',(0.0150664085078382,0.00780477994687493,0.00463355388171538));
#3034=CARTESIAN_POINT('',(0.0150506884259754,0.00780752926004347,0.00466953591639323));
#3035=CARTESIAN_POINT('',(0.0150348381475795,0.00781027890195301,0.00470543661456729));
#3036=CARTESIAN_POINT('',(0.0150215061793132,0.00781257660386145,0.00473530441820332));
#3037=CARTESIAN_POINT('',(0.0150107817102444,0.00781441215484664,0.00475915100387877));
#3038=CARTESIAN_POINT('',(0.0150000072149148,0.00781625035397571,0.00478297911114591));
#3039=CARTESIAN_POINT('',(0.0149864410947028,0.00781855466912965,0.00481273514511238));
#3040=CARTESIAN_POINT('',(0.0149747994728489,0.00782052006620515,0.00483799550905692));
#3041=CARTESIAN_POINT('',(0.0149679335106967,0.0078216705052683,0.00485282200266263));
#3042=CARTESIAN_POINT('',(0.0149651856834327,0.00782213010957311,0.00485874953214614));
#3043=CARTESIAN_POINT('',(0.0149617430471861,0.00782270567178027,0.00486615944618346));
#3044=CARTESIAN_POINT('',(0.0149586378023506,0.00782322387658523,0.00487282592143545));
#3045=CARTESIAN_POINT('',(0.0149565657864661,0.00782356900451069,0.0048772680101351));
#3046=CARTESIAN_POINT('',(0.0149555295314948,0.00782374144898518,0.00487948846081361));
#3047=CARTESIAN_POINT('',(0.0149546650623839,0.00782388534917436,0.00488133921036605));
#3048=CARTESIAN_POINT('',(0.0149540603465022,0.00782398581198962,0.00488263384673181));
#3049=CARTESIAN_POINT('',(0.0149537139150435,0.0078240435542712,0.00488337459080971));
#3050=CARTESIAN_POINT('',(0.0149535419412718,0.00782407190401064,0.00488374342468086));
#3051=CARTESIAN_POINT('',(0.0149369748859023,0.00782692762898974,0.00491880017430814));
#3052=CARTESIAN_POINT('',(0.014879785301516,0.00783814775946133,0.00500873489288507));
#3053=CARTESIAN_POINT('',(0.0147617634957769,0.00784684234717243,0.00516083006819692));
#3054=CARTESIAN_POINT('',(0.0146531681613005,0.00784731518824015,0.00526593533313176));
#3055=CARTESIAN_POINT('',(0.0145762435873198,0.00784263966707391,0.00532640061529104));
#3056=CARTESIAN_POINT('',(0.0095,0.00773303596998498,-0.00609934126980411));
#3057=CARTESIAN_POINT('',(0.0095,0.0077543943058974,-0.00623334240795128));
#3058=CARTESIAN_POINT('',(0.0095,0.00770190909915414,-0.00637677545066615));
#3059=CARTESIAN_POINT('',(0.0095,0.0075991077969221,-0.00646534393149924));
#3060=CARTESIAN_POINT('',(0.0095,0.00773303596998497,-0.00609934126980411));
#3061=CARTESIAN_POINT('',(0.0095,0.00773303596998497,-0.00609934126980411));
#3062=CARTESIAN_POINT('',(0.00970363145971833,0.00773303596998497,-0.00609934126980412));
#3063=CARTESIAN_POINT('',(0.0100091994238333,0.00773445716254566,-0.00609295590562872));
#3064=CARTESIAN_POINT('',(0.0104160052289046,0.00773916203645587,-0.0060714756311683));
#3065=CARTESIAN_POINT('',(0.0108220587737453,0.00774570388079892,-0.00604120016465201));
#3066=CARTESIAN_POINT('',(0.0112266689731438,0.00775494929448636,-0.00599745754126814));
#3067=CARTESIAN_POINT('',(0.0116286005469707,0.00776670812710982,-0.00593952043720766));
#3068=CARTESIAN_POINT('',(0.0119288618738344,0.00777673820391882,-0.00588866742251202));
#3069=CARTESIAN_POINT('',(0.0122281649439521,0.00778794090327399,-0.00583003352439743));
#3070=CARTESIAN_POINT('',(0.012625081083657,0.00780434424756376,-0.00574114725627659));
#3071=CARTESIAN_POINT('',(0.0130179114034352,0.0078227970319829,-0.00563565382519346));
#3072=CARTESIAN_POINT('',(0.0134050060977106,0.00784300986101048,-0.00551257884363333));
#3073=CARTESIAN_POINT('',(0.0136917605425897,0.00785895555672671,-0.00541142658804665));
#3074=CARTESIAN_POINT('',(0.0139754767236741,0.00787569104278389,-0.00530099506384019));
#3075=CARTESIAN_POINT('',(0.0141613558621905,0.00788725898744691,-0.0052214617721907));
#3076=CARTESIAN_POINT('',(0.0143015972513129,0.00789624671497829,-0.00515885900163806));
#3077=CARTESIAN_POINT('',(0.0143916725827431,0.00790073182057518,-0.00510761175582384));
#3078=CARTESIAN_POINT('',(0.0145484128798838,0.00790356759769117,-0.00497557019057858));
#3079=CARTESIAN_POINT('',(0.014638250189956,0.00789922857528891,-0.00484796030021033));
#3080=CARTESIAN_POINT('',(0.0147005897747261,0.00789028361499859,-0.00470834430502205));
#3081=CARTESIAN_POINT('',(0.0147411512718785,0.00788443821165976,-0.00461568610788223));
#3082=CARTESIAN_POINT('',(0.0148192744596381,0.00787294126612162,-0.00442869031865104));
#3083=CARTESIAN_POINT('',(0.0149480644361409,0.00785343396175685,-0.00409791994651657));
#3084=CARTESIAN_POINT('',(0.0151094970137035,0.0078273858359115,-0.00361557594604208));
#3085=CARTESIAN_POINT('',(0.0152681655335,0.00779961958700612,-0.00302441927233726));
#3086=CARTESIAN_POINT('',(0.0153935545710635,0.00777595993426351,-0.00242418180098436));
#3087=CARTESIAN_POINT('',(0.0154878063199844,0.00775699611390437,-0.00181842216838272));
#3088=CARTESIAN_POINT('',(0.015553022091027,0.00774320064001767,-0.00121019647207316));
#3089=CARTESIAN_POINT('',(0.0155910999500247,0.00773486977924855,-0.000603414384049192));
#3090=CARTESIAN_POINT('',(0.0156035961334894,0.00773208876025718,6.55459899118158E-6));
#3091=CARTESIAN_POINT('',(0.0155905624174778,0.0077349888511133,0.00061679776577034));
#3092=CARTESIAN_POINT('',(0.0155517082297558,0.00774348464762341,0.00122583437454306));
#3093=CARTESIAN_POINT('',(0.0154859548830825,0.0077573770684142,0.00183195812624061));
#3094=CARTESIAN_POINT('',(0.0153919326641975,0.00777627224539708,0.00243265710435375));
#3095=CARTESIAN_POINT('',(0.0152669537621412,0.00779983405200893,0.003029237015023));
#3096=CARTESIAN_POINT('',(0.0151087516128727,0.00782750342044257,0.00361784303302813));
#3097=CARTESIAN_POINT('',(0.0149758974006259,0.0078489281158141,0.00401454947932872));
#3098=CARTESIAN_POINT('',(0.0148984455586266,0.00786085904401689,0.00422202356931495));
#3099=CARTESIAN_POINT('',(0.0148895232904142,0.00786222835422052,0.00424570642221894));
#3100=CARTESIAN_POINT('',(0.0148805514277183,0.00786360183872121,0.00426937616106379));
#3101=CARTESIAN_POINT('',(0.014869245065967,0.00786532630604787,0.00429893498950563));
#3102=CARTESIAN_POINT('',(0.0148418172328549,0.00786948891636283,0.0043697804798535));
#3103=CARTESIAN_POINT('',(0.0148136660145865,0.00787371010119596,0.00444036450522768));
#3104=CARTESIAN_POINT('',(0.0147848090884131,0.00787798380666339,0.00451061473507757));
#3105=CARTESIAN_POINT('',(0.01477024024353,0.00788013112235202,0.00454567219729907));
#3106=CARTESIAN_POINT('',(0.0147555312531915,0.00788228872333625,0.00458066036697089));
#3107=CARTESIAN_POINT('',(0.0147431568984598,0.00788409528982659,0.00460975968738156));
#3108=CARTESIAN_POINT('',(0.0147331868421451,0.00788554566762903,0.00463300514266916));
#3109=CARTESIAN_POINT('',(0.0147231695849128,0.0078869995038618,0.00465622846433571));
#3110=CARTESIAN_POINT('',(0.0147105590988137,0.00788882333335813,0.00468521701536098));
#3111=CARTESIAN_POINT('',(0.0146997379099883,0.00789038116027758,0.00470981431911814));
#3112=CARTESIAN_POINT('',(0.0146933378310732,0.00789130008357852,0.00472427040248976));
#3113=CARTESIAN_POINT('',(0.0146907747045252,0.00789166788116655,0.00473005171011431));
#3114=CARTESIAN_POINT('',(0.0146875650118651,0.00789212806805031,0.00473727630461602));
#3115=CARTESIAN_POINT('',(0.0146846692838402,0.00789254276487205,0.00474377606487312));
#3116=CARTESIAN_POINT('',(0.0146827358529682,0.00789281945031613,0.00474810828233182));
#3117=CARTESIAN_POINT('',(0.0146817685465607,0.00789295783701983,0.00475027420023811));
#3118=CARTESIAN_POINT('',(0.0146809619691562,0.00789307319767542,0.00475207898226995));
#3119=CARTESIAN_POINT('',(0.0146803971021674,0.00789315396824993,0.00475334224199687));
#3120=CARTESIAN_POINT('',(0.0146800742522042,0.00789320013046918,0.00475406409177499));
#3121=CARTESIAN_POINT('',(0.0146799127945425,0.00789322321036618,0.00475442499370266));
#3122=CARTESIAN_POINT('',(0.014664835316301,0.00789538010309533,0.00478813762310562));
#3123=CARTESIAN_POINT('',(0.0146303408746675,0.00789891773520128,0.00485321548368056));
#3124=CARTESIAN_POINT('',(0.0145440813936305,0.00790279237982461,0.00497313434010089));
#3125=CARTESIAN_POINT('',(0.0144633321972453,0.0079023119276995,0.00504969408208901));
#3126=CARTESIAN_POINT('',(0.0144039478882982,0.00790046971356935,0.00509309209245309));
#3127=CARTESIAN_POINT('',(0.0144039478882982,0.00790046971356935,0.00509309209245309));
#3128=CARTESIAN_POINT('',(0.014403947890481,0.00790046971363707,0.0050930920908579));
#3129=CARTESIAN_POINT('',(0.0144621763920664,0.0079187193243298,0.00517354460389022));
#3130=CARTESIAN_POINT('',(0.0145251513832557,0.0078975821359437,0.00525882010501426));
#3131=CARTESIAN_POINT('',(0.0145762435901473,0.00784263966724577,0.00532640061306851));
#3132=CARTESIAN_POINT('',(0.0022,0.,0.0073));
#3133=CARTESIAN_POINT('',(0.0043,0.0057,0.0052));
#3134=CARTESIAN_POINT('',(-0.0147,0.0057,0.0052));
#3135=CARTESIAN_POINT('',(0.0147,0.0057,0.0052));
#3136=CARTESIAN_POINT('',(0.0168,0.,0.0073));
#3137=CARTESIAN_POINT('',(-0.0168,0.,0.0073));
#3138=CARTESIAN_POINT('',(0.0004,0.,0.0091));
#3139=CARTESIAN_POINT('',(0.0004,0.001,0.0091));
#3140=CARTESIAN_POINT('',(0.0095,0.001,0.0091));
#3141=CARTESIAN_POINT('',(0.0095,0.001,0.0091));
#3142=CARTESIAN_POINT('',(-0.0095,0.001,0.0091));
#3143=CARTESIAN_POINT('',(-0.0186,0.001,0.0091));
#3144=CARTESIAN_POINT('',(-0.0184,0.001,0.0091));
#3145=CARTESIAN_POINT('',(-0.0184,0.,0.0091));
#3146=CARTESIAN_POINT('',(0.0184000000000005,0.001,0.0091));
#3147=CARTESIAN_POINT('',(0.0184000000000008,0.00246760268596993,0.0091));
#3148=CARTESIAN_POINT('',(0.0170607118176983,0.00550961925819091,0.0078849780613071));
#3149=CARTESIAN_POINT('',(0.0143821354530928,0.00782347357446558,0.00545493418392153));
#3150=CARTESIAN_POINT('',(0.0174089298615598,0.001,0.0091));
#3151=CARTESIAN_POINT('',(0.0168312646351626,0.00246760268596993,0.0091));
#3152=CARTESIAN_POINT('',(0.0153186607563187,0.00550961925819091,0.00821413512972299));
#3153=CARTESIAN_POINT('',(0.0128711363703708,0.00782347357446558,0.00598982875239266));
#3154=CARTESIAN_POINT('',(0.0134544649307799,0.001,0.0091));
#3155=CARTESIAN_POINT('',(0.0131656323175813,0.00246760268596994,0.0091));
#3156=CARTESIAN_POINT('',(0.0124095242891033,0.00550961925819091,0.00838699865049024));
#3157=CARTESIAN_POINT('',(0.01118577325141,0.00782347357446558,0.00626596030270281));
#3158=CARTESIAN_POINT('',(0.0095,0.001,0.0091));
#3159=CARTESIAN_POINT('',(0.0095,0.00246760268596994,0.0091));
#3160=CARTESIAN_POINT('',(0.00949999999999988,0.00550961925819091,0.00838702809556896));
#3161=CARTESIAN_POINT('',(0.00949999999999989,0.00782347357446558,0.0062659603027028));
#3162=CARTESIAN_POINT('',(0.0095,0.001,0.0091));
#3163=CARTESIAN_POINT('',(0.00949999999999999,0.00138532129955675,0.00910000000000001));
#3164=CARTESIAN_POINT('',(0.00949999999999997,0.00236849145175652,0.00900545107361388));
#3165=CARTESIAN_POINT('',(0.00949999999999993,0.00490439655260161,0.00829286891594848));
#3166=CARTESIAN_POINT('',(0.00949999999999991,0.00661605147645213,0.00731229628509192));
#3167=CARTESIAN_POINT('',(0.00949999999999989,0.00759910779692266,0.00646534393150351));
#3168=CARTESIAN_POINT('',(0.0095,0.00759910779692266,0.00646534393150351));
#3169=CARTESIAN_POINT('',(0.0143821354530928,0.00782347357446558,0.00545493418392153));
#3170=CARTESIAN_POINT('',(0.0143803581629128,0.00782341892395483,0.00545564313624911));
#3171=CARTESIAN_POINT('',(0.0143345125022119,0.0078178632251384,0.00547988788307171));
#3172=CARTESIAN_POINT('',(0.0142957107278462,0.0078152229971716,0.0054970879309755));
#3173=CARTESIAN_POINT('',(0.0142335776166993,0.00781066358829412,0.00552488586497036));
#3174=CARTESIAN_POINT('',(0.0141659096127661,0.0078060584846191,0.00555409381169883));
#3175=CARTESIAN_POINT('',(0.0140730380880661,0.00779797861978679,0.00559555543627877));
#3176=CARTESIAN_POINT('',(0.0140841541556187,0.00779909636862869,0.00559037347925134));
#3177=CARTESIAN_POINT('',(0.0140211541856668,0.00779430181086184,0.0056171659048641));
#3178=CARTESIAN_POINT('',(0.0139379208005835,0.00778812460325855,0.00565174977272986));
#3179=CARTESIAN_POINT('',(0.0137466195574315,0.00777401042552043,0.0057280619751903));
#3180=CARTESIAN_POINT('',(0.0136113639097492,0.00776420999949239,0.00577850917914768));
#3181=CARTESIAN_POINT('',(0.0134425678757211,0.00775211938717576,0.00583924025932972));
#3182=CARTESIAN_POINT('',(0.0133023989604501,0.00774231161660519,0.00588652417401109));
#3183=CARTESIAN_POINT('',(0.0132295616013986,0.00773725446815036,0.00591069269918237));
#3184=CARTESIAN_POINT('',(0.0130395380969126,0.00772449725490674,0.00597041286705988));
#3185=CARTESIAN_POINT('',(0.012832289753217,0.00771110365129012,0.00603098547720538));
#3186=CARTESIAN_POINT('',(0.0125683790606336,0.00769480936996231,0.00610202753009187));
#3187=CARTESIAN_POINT('',(0.0122680525971342,0.00767770098304161,0.00617287338042911));
#3188=CARTESIAN_POINT('',(0.0119115036728517,0.00765877939966428,0.00624832859350487));
#3189=CARTESIAN_POINT('',(0.0113443896045215,0.00763352212689082,0.00634476556614394));
#3190=CARTESIAN_POINT('',(0.0105117773281187,0.00760744697789256,0.00643854865415176));
#3191=CARTESIAN_POINT('',(0.00989188378312694,0.00759910751197125,0.00646534360076084));
#3192=CARTESIAN_POINT('',(0.00949999999999989,0.00759910779692265,0.00646534393150351));
#3193=CARTESIAN_POINT('',(0.0144039478882982,0.00790046971356934,0.00509309209245308));
#3194=CARTESIAN_POINT('',(0.0143573756874687,0.00789902495538387,0.00512712702339886));
#3195=CARTESIAN_POINT('',(0.0143071535339727,0.0078965998956585,0.00515635679616673));
#3196=CARTESIAN_POINT('',(0.0142177102933481,0.00789086959216449,0.00519630046996944));
#3197=CARTESIAN_POINT('',(0.0141436940636702,0.00788618692827663,0.00522884336600533));
#3198=CARTESIAN_POINT('',(0.0139946169925958,0.00787695069151598,0.00529203447887126));
#3199=CARTESIAN_POINT('',(0.0137317110120303,0.00786117726817878,0.00539733325187205));
#3200=CARTESIAN_POINT('',(0.0131977595435375,0.00783131910324792,0.00558811007207951));
#3201=CARTESIAN_POINT('',(0.0117806533591319,0.00776323643668642,0.00597509033320204));
#3202=CARTESIAN_POINT('',(0.0104748345742805,0.00773303596998563,0.00609934126980825));
#3203=CARTESIAN_POINT('',(0.0095,0.00773303596998563,0.00609934126980824));
#3204=CARTESIAN_POINT('',(0.0144621763896497,0.00791871932426373,0.00517354460571759));
#3205=CARTESIAN_POINT('',(0.0144106132359087,0.00791730982066007,0.00521253351077742));
#3206=CARTESIAN_POINT('',(0.0143543978441479,0.00791495018011875,0.00524766452160202));
#3207=CARTESIAN_POINT('',(0.0142559288135673,0.00790928811885153,0.00529592363835948));
#3208=CARTESIAN_POINT('',(0.0141832951688375,0.00790465697670447,0.00532762095488367));
#3209=CARTESIAN_POINT('',(0.0140319837123608,0.00789553887713856,0.0053935048095824));
#3210=CARTESIAN_POINT('',(0.0137676604463979,0.00787998458296346,0.00550137114882161));
#3211=CARTESIAN_POINT('',(0.0132290623408712,0.0078505826209353,0.00569882724519871));
#3212=CARTESIAN_POINT('',(0.0118003312509703,0.00778409023006746,0.00610189420466094));
#3213=CARTESIAN_POINT('',(0.0104834831482022,0.00775439430589808,0.00623334240795547));
#3214=CARTESIAN_POINT('',(0.0095,0.00775439430589808,0.00623334240795547));
#3215=CARTESIAN_POINT('',(0.0145251513806088,0.00789758213583768,0.00525882010707862));
#3216=CARTESIAN_POINT('',(0.0144686778469853,0.00789531995725285,0.00530286545154563));
#3217=CARTESIAN_POINT('',(0.0144066525682864,0.00789124006185881,0.00534408579475741));
#3218=CARTESIAN_POINT('',(0.0142995088890133,0.0078821450484461,0.00540101077698732));
#3219=CARTESIAN_POINT('',(0.0142281399095114,0.00787774188210038,0.00543188917652274));
#3220=CARTESIAN_POINT('',(0.0140745868146485,0.00786730551935804,0.00550067157211662));
#3221=CARTESIAN_POINT('',(0.0138087134721403,0.00785020867566504,0.00561140261624384));
#3222=CARTESIAN_POINT('',(0.0132652355826447,0.00781684636058415,0.00581621220350533));
#3223=CARTESIAN_POINT('',(0.0118239560375837,0.00773894782880311,0.00623713862851231));
#3224=CARTESIAN_POINT('',(0.0104938657578636,0.00770190909915478,0.00637677545067042));
#3225=CARTESIAN_POINT('',(0.0095,0.00770190909915478,0.00637677545067042));
#3226=CARTESIAN_POINT('',(0.0145762435873198,0.00784263966707391,0.00532640061529103));
#3227=CARTESIAN_POINT('',(0.0145159154169382,0.00783897288514788,0.00537382057039135));
#3228=CARTESIAN_POINT('',(0.0144492524944822,0.0078320788922362,0.00541870556654964));
#3229=CARTESIAN_POINT('',(0.0143353856342742,0.00781756668040033,0.0054800838579718));
#3230=CARTESIAN_POINT('',(0.0142648437735348,0.00781347657215831,0.00551051146541735));
#3231=CARTESIAN_POINT('',(0.0141093330852245,0.00780089157798082,0.00558070210968114));
#3232=CARTESIAN_POINT('',(0.0138418279779928,0.00778124497982757,0.00569265823989808));
#3233=CARTESIAN_POINT('',(0.0132937789921493,0.0077414927897181,0.00590046946470278));
#3234=CARTESIAN_POINT('',(0.0118410670417366,0.00764576522701872,0.00632621739323593));
#3235=CARTESIAN_POINT('',(0.0105012931296531,0.00759910779692266,0.00646534393150351));
#3236=CARTESIAN_POINT('',(0.0095,0.00759910779692266,0.00646534393150351));
#3237=CARTESIAN_POINT('',(0.0095,0.00759910779692266,0.00646534393150351));
#3238=CARTESIAN_POINT('',(0.0095,0.00770190909915478,0.00637677545067041));
#3239=CARTESIAN_POINT('',(0.0095,0.00775439430589808,0.00623334240795547));
#3240=CARTESIAN_POINT('',(0.0095,0.00773303596998563,0.00609934126980824));
#3241=CARTESIAN_POINT('',(0.0095,0.00773303596998563,0.00609934126980824));
#3242=CARTESIAN_POINT('',(0.00949999999999999,0.00773303596998563,0.00609934126980824));
#3243=CARTESIAN_POINT('',(0.00994087798387839,0.00773303596998563,0.00609934126980824));
#3244=CARTESIAN_POINT('',(0.0105837679475015,0.00773981537788259,0.00607137469416704));
#3245=CARTESIAN_POINT('',(0.0114162948201617,0.007759866683673,0.00597518913183741));
#3246=CARTESIAN_POINT('',(0.0120044484456727,0.00777884323952515,0.00587941616154894));
#3247=CARTESIAN_POINT('',(0.0126523134448368,0.00780503750063519,0.00573661090386395));
#3248=CARTESIAN_POINT('',(0.0132397555217204,0.00783424649559628,0.00557462164195286));
#3249=CARTESIAN_POINT('',(0.0138328455815001,0.00786496562041518,0.00535217098027987));
#3250=CARTESIAN_POINT('',(0.0142342264484839,0.00789520463193151,0.00521712439887681));
#3251=CARTESIAN_POINT('',(0.0144039478882983,0.00790046971356935,0.00509309209245309));
#3252=CARTESIAN_POINT('',(0.0095,0.046,0.));
#3253=CARTESIAN_POINT('',(0.0095,0.046,0.));
#3254=CARTESIAN_POINT('',(0.0095,0.001,0.0091));
#3255=CARTESIAN_POINT('',(-0.0095,0.001,0.0091));
#3256=CARTESIAN_POINT('',(0.0095,0.00138532129955685,0.0091));
#3257=CARTESIAN_POINT('',(-0.0095,0.00138532129955685,0.0091));
#3258=CARTESIAN_POINT('',(0.0095,0.00236849145175693,0.00900545107361383));
#3259=CARTESIAN_POINT('',(-0.0095,0.00236849145175693,0.00900545107361383));
#3260=CARTESIAN_POINT('',(0.00949999999999999,0.00490439655260271,0.00829286891594807));
#3261=CARTESIAN_POINT('',(-0.00950000000000001,0.00490439655260271,0.00829286891594807));
#3262=CARTESIAN_POINT('',(0.0095,0.0066160514764535,0.00731229628509107));
#3263=CARTESIAN_POINT('',(-0.0095,0.0066160514764535,0.00731229628509107));
#3264=CARTESIAN_POINT('',(0.0095,0.00759910779692411,0.00646534393150226));
#3265=CARTESIAN_POINT('',(-0.0095,0.00759910779692411,0.00646534393150226));
#3266=CARTESIAN_POINT('',(0.0095,0.00759910779692266,0.00646534393150351));
#3267=CARTESIAN_POINT('',(-0.0095,0.00759910779692266,0.00646534393150351));
#3268=CARTESIAN_POINT('',(-0.0095,0.00759910779692266,0.00646534393150351));
#3269=CARTESIAN_POINT('',(-0.00949999999999997,0.00661605147645213,0.00731229628509192));
#3270=CARTESIAN_POINT('',(-0.00949999999999992,0.00490439655260161,0.00829286891594848));
#3271=CARTESIAN_POINT('',(-0.00949999999999984,0.00236849145175652,0.00900545107361388));
#3272=CARTESIAN_POINT('',(-0.00949999999999981,0.00138532129955675,0.0091));
#3273=CARTESIAN_POINT('',(-0.00949999999999979,0.001,0.0091));
#3274=CARTESIAN_POINT('',(0.0095,0.00733802214774032,0.0061623022119482));
#3275=CARTESIAN_POINT('',(0.0095,0.00773303596998563,0.00609934126980824));
#3276=CARTESIAN_POINT('',(-0.0095,0.00773303596998563,0.00609934126980824));
#3277=CARTESIAN_POINT('',(-0.0095,0.00773303596998563,0.00609934126980824));
#3278=CARTESIAN_POINT('',(-0.0095,0.00775439430589808,0.00623334240795547));
#3279=CARTESIAN_POINT('',(-0.0095,0.00770190909915478,0.00637677545067041));
#3280=CARTESIAN_POINT('',(-0.0095,0.00759910779692266,0.00646534393150351));
#3281=CARTESIAN_POINT('',(0.0095,0.046,0.));
#3282=CARTESIAN_POINT('',(0.0095,0.00773303596998497,-0.00609934126980411));
#3283=CARTESIAN_POINT('',(-0.0095,0.00773303596998497,-0.00609934126980411));
#3284=CARTESIAN_POINT('',(-0.0095,0.046,0.));
#3285=CARTESIAN_POINT('',(0.0095,0.00733802214773966,-0.00616230221194402));
#3286=CARTESIAN_POINT('',(0.0095,0.0075991077969221,-0.00646534393149924));
#3287=CARTESIAN_POINT('',(-0.0095,0.0075991077969221,-0.00646534393149924));
#3288=CARTESIAN_POINT('',(-0.0095,0.0075991077969221,-0.00646534393149924));
#3289=CARTESIAN_POINT('',(-0.0095,0.00770190909915414,-0.00637677545066615));
#3290=CARTESIAN_POINT('',(-0.0095,0.0077543943058974,-0.00623334240795128));
#3291=CARTESIAN_POINT('',(-0.0095,0.00773303596998498,-0.00609934126980411));
#3292=CARTESIAN_POINT('',(0.00949999999999896,0.00759910779692389,-0.0064653439314977));
#3293=CARTESIAN_POINT('',(-0.00949999999999499,0.00759910779692389,-0.0064653439314977));
#3294=CARTESIAN_POINT('',(0.00949999999999896,0.00711882135117417,-0.00687913480711111));
#3295=CARTESIAN_POINT('',(-0.00949999999999499,0.00711882135117417,-0.00687913480711111));
#3296=CARTESIAN_POINT('',(0.00950000000000141,0.00607842065812031,-0.00761313557628564));
#3297=CARTESIAN_POINT('',(-0.00949999999999254,0.00607842065812031,-0.00761313557628564));
#3298=CARTESIAN_POINT('',(0.00950000000000191,0.00464482572286724,-0.0082962707330547));
#3299=CARTESIAN_POINT('',(-0.00949999999999204,0.00464482572286724,-0.0082962707330547));
#3300=CARTESIAN_POINT('',(0.00950000000000199,0.00344252252132209,-0.00870576334531843));
#3301=CARTESIAN_POINT('',(-0.00949999999999196,0.00344252252132209,-0.00870576334531843));
#3302=CARTESIAN_POINT('',(0.00950000000000264,0.002199856827115,-0.00901715021836074));
#3303=CARTESIAN_POINT('',(-0.00949999999999131,0.002199856827115,-0.00901715021836074));
#3304=CARTESIAN_POINT('',(0.00949999999999896,0.00140761038955685,-0.0091000000000314));
#3305=CARTESIAN_POINT('',(-0.00949999999999499,0.00140761038955685,-0.0091000000000314));
#3306=CARTESIAN_POINT('',(0.00949999999999896,0.000999999999649611,-0.0091));
#3307=CARTESIAN_POINT('',(-0.00949999999999499,0.000999999999649611,-0.0091));
#3308=CARTESIAN_POINT('',(-0.00949999999999499,0.00100000000000187,-0.0091));
#3309=CARTESIAN_POINT('',(-0.0094999999999953,0.00140761038994709,-0.00909999999999983));
#3310=CARTESIAN_POINT('',(-0.00949999999999208,0.00219985682753155,-0.00901715021828381));
#3311=CARTESIAN_POINT('',(-0.00949999999999333,0.00344252252165057,-0.00870576334521902));
#3312=CARTESIAN_POINT('',(-0.00949999999999404,0.00464482572309776,-0.00829627073295465));
#3313=CARTESIAN_POINT('',(-0.0094999999999953,0.00607842065823363,-0.00761313557621085));
#3314=CARTESIAN_POINT('',(-0.00949999999999836,0.00711882135120702,-0.00687913480708261));
#3315=CARTESIAN_POINT('',(-0.00949999999999867,0.0075991077969221,-0.00646534393149924));
#3316=CARTESIAN_POINT('',(-0.0095,0.00773303596998563,0.00609934126980824));
#3317=CARTESIAN_POINT('',(-0.0103139974839973,0.00773303596998563,0.00609934126980824));
#3318=CARTESIAN_POINT('',(-0.0115381190158534,0.00775651072487617,0.00600052054296908));
#3319=CARTESIAN_POINT('',(-0.0129224633091445,0.00781700296119748,0.0056742015913203));
#3320=CARTESIAN_POINT('',(-0.0135977804105703,0.00785340955109802,0.00544805159978376));
#3321=CARTESIAN_POINT('',(-0.0139757859524733,0.00787571541011505,0.00530089089184433));
#3322=CARTESIAN_POINT('',(-0.0141621509501772,0.00788732038422522,0.0052211947397095));
#3323=CARTESIAN_POINT('',(-0.0142779208355702,0.00789472605637296,0.00516940858573628));
#3324=CARTESIAN_POINT('',(-0.014323664403011,0.00789735802458618,0.00514640437881498));
#3325=CARTESIAN_POINT('',(-0.0144104230898251,0.00790105673179922,0.0050917011863761));
#3326=CARTESIAN_POINT('',(-0.0145285339341192,0.00790322247983898,0.00499245082267832));
#3327=CARTESIAN_POINT('',(-0.0146232697458386,0.00789998399479201,0.00486950243329665));
#3328=CARTESIAN_POINT('',(-0.0146693878435937,0.00789472789290786,0.00477795893489906));
#3329=CARTESIAN_POINT('',(-0.0147005076689182,0.00789027650934866,0.00470838107542565));
#3330=CARTESIAN_POINT('',(-0.014741069463358,0.00788442466269549,0.00461566264334121));
#3331=CARTESIAN_POINT('',(-0.0148192191620283,0.00787293372162208,0.00442871923248044));
#3332=CARTESIAN_POINT('',(-0.0149480076062127,0.00785342006175136,0.0040977588769086));
#3333=CARTESIAN_POINT('',(-0.0151742588197659,0.00781698350545067,0.00342328407657));
#3334=CARTESIAN_POINT('',(-0.0155026929179487,0.00775613826489906,0.00202548550889111));
#3335=CARTESIAN_POINT('',(-0.0156636378276393,0.00771719686500225,-6.61019086377603E-6));
#3336=CARTESIAN_POINT('',(-0.0154676646532746,0.00776470474183149,-0.00244868722556396));
#3337=CARTESIAN_POINT('',(-0.0150129792182332,0.00784575109902791,-0.00401120800775945));
#3338=CARTESIAN_POINT('',(-0.0146744918384835,0.00789398471171921,-0.00476643080896603));
#3339=CARTESIAN_POINT('',(-0.0146524375580838,0.00789682959894935,-0.00481305193493012));
#3340=CARTESIAN_POINT('',(-0.0145993063711523,0.00790090201345991,-0.0049014659609975));
#3341=CARTESIAN_POINT('',(-0.014475634484563,0.00790358342727286,-0.00504847809605383));
#3342=CARTESIAN_POINT('',(-0.0143478912267464,0.00789922939250718,-0.00513832548431316));
#3343=CARTESIAN_POINT('',(-0.0142084606442349,0.00789029835978647,-0.00520059941165334));
#3344=CARTESIAN_POINT('',(-0.0141158691955379,0.00788445647888843,-0.0052411249289767));
#3345=CARTESIAN_POINT('',(-0.0139291664636164,0.00787297761252451,-0.0053191562447049));
#3346=CARTESIAN_POINT('',(-0.0135986264109807,0.00785347960632194,-0.00544777072906399));
#3347=CARTESIAN_POINT('',(-0.0129250170478924,0.00781710447795045,-0.00567380174446749));
#3348=CARTESIAN_POINT('',(-0.011529790556268,0.00775621211702848,-0.00600205930659036));
#3349=CARTESIAN_POINT('',(-0.0103122576298191,0.00773303596998496,-0.00609934126980405));
#3350=CARTESIAN_POINT('',(-0.0095,0.00773303596998497,-0.00609934126980411));
#3351=CARTESIAN_POINT('',(-0.0095,0.00775439430589808,0.00623334240795547));
#3352=CARTESIAN_POINT('',(-0.0103212191373918,0.00775439430589808,0.00623334240795547));
#3353=CARTESIAN_POINT('',(-0.0115563604034786,0.00777737831392859,0.00612848005607488));
#3354=CARTESIAN_POINT('',(-0.0129533744180415,0.00783645154041557,0.00578658168322621));
#3355=CARTESIAN_POINT('',(-0.0136346235773606,0.00787222210963883,0.00555201205628772));
#3356=CARTESIAN_POINT('',(-0.0140159831068089,0.0078941973486121,0.00540002360537007));
#3357=CARTESIAN_POINT('',(-0.0142039060036836,0.00790567914381351,0.00531806318529081));
#3358=CARTESIAN_POINT('',(-0.0143209713496808,0.00791300528562158,0.00526459195503283));
#3359=CARTESIAN_POINT('',(-0.0143729519844367,0.00791558466095755,0.00523571646795868));
#3360=CARTESIAN_POINT('',(-0.0144684663905537,0.00791919804636748,0.00517233919499502));
#3361=CARTESIAN_POINT('',(-0.0145995042473403,0.00792130639439356,0.00506015988658621));
#3362=CARTESIAN_POINT('',(-0.0147063341256002,0.00791815558633458,0.00492521840552311));
#3363=CARTESIAN_POINT('',(-0.014762876106183,0.0079130062319687,0.00482278282734299));
#3364=CARTESIAN_POINT('',(-0.0147994201831508,0.00790860509210767,0.00474735972758766));
#3365=CARTESIAN_POINT('',(-0.0148385610733581,0.00790282335398058,0.00465680262139284));
#3366=CARTESIAN_POINT('',(-0.0149207770028503,0.00789148249315953,0.00446627501449012));
#3367=CARTESIAN_POINT('',(-0.0150523256740967,0.00787225095606545,0.00413406459498205));
#3368=CARTESIAN_POINT('',(-0.0152876120654089,0.00783644833937709,0.00345312416267404));
#3369=CARTESIAN_POINT('',(-0.0156303653867563,0.00777692804382527,0.00204363107663495));
#3370=CARTESIAN_POINT('',(-0.0158024207796573,0.00773921908329577,-6.40809324769528E-6));
#3371=CARTESIAN_POINT('',(-0.0155927077325525,0.00778516848718651,-0.00247130414475232));
#3372=CARTESIAN_POINT('',(-0.0151193956906765,0.0078645633485943,-0.00404568048709297));
#3373=CARTESIAN_POINT('',(-0.0147700889233963,0.00791228895593685,-0.00480904691347962));
#3374=CARTESIAN_POINT('',(-0.0147425418878406,0.00791508465133543,-0.0048615748824815));
#3375=CARTESIAN_POINT('',(-0.0146801667367633,0.00791906341223545,-0.00495932147106574));
#3376=CARTESIAN_POINT('',(-0.0145415161378127,0.00792166297981632,-0.00512133884211969));
#3377=CARTESIAN_POINT('',(-0.0143996010024964,0.00791744804380378,-0.00522540147163961));
#3378=CARTESIAN_POINT('',(-0.0142477749785152,0.00790862598473524,-0.00529924614983033));
#3379=CARTESIAN_POINT('',(-0.0141575147914539,0.00790285154439466,-0.0053381730251122));
#3380=CARTESIAN_POINT('',(-0.0139670721613898,0.00789152291623816,-0.00542042132623591));
#3381=CARTESIAN_POINT('',(-0.0136353151481718,0.00787230108411484,-0.00555176431505899));
#3382=CARTESIAN_POINT('',(-0.0129550330576055,0.00783653078919767,-0.00578690452541758));
#3383=CARTESIAN_POINT('',(-0.0115483253216637,0.00777710172013637,-0.00612975979590085));
#3384=CARTESIAN_POINT('',(-0.0103194638475101,0.00775439430589739,-0.00623334240795123));
#3385=CARTESIAN_POINT('',(-0.0095,0.0077543943058974,-0.00623334240795128));
#3386=CARTESIAN_POINT('',(-0.0095,0.00770190909915478,0.00637677545067042));
#3387=CARTESIAN_POINT('',(-0.01032988872951,0.00770190909915478,0.00637677545067042));
#3388=CARTESIAN_POINT('',(-0.0115781447253203,0.00773069688194472,0.00626511626811384));
#3389=CARTESIAN_POINT('',(-0.0129889158847934,0.00780130510524118,0.00590592317170581));
#3390=CARTESIAN_POINT('',(-0.0136764095085934,0.0078423453581123,0.00566206065004105));
#3391=CARTESIAN_POINT('',(-0.0140612581122296,0.00786708417629219,0.00550476872256601));
#3392=CARTESIAN_POINT('',(-0.0142508030986612,0.00787982247750798,0.00542031199746065));
#3393=CARTESIAN_POINT('',(-0.0143691878383588,0.00788799734989427,0.00536500924332948));
#3394=CARTESIAN_POINT('',(-0.0144271704990728,0.00789270816853013,0.00533004682555477));
#3395=CARTESIAN_POINT('',(-0.0145312388559867,0.00789840184712246,0.00525775401853016));
#3396=CARTESIAN_POINT('',(-0.0146751035125105,0.00790174315100422,0.00513247617760994));
#3397=CARTESIAN_POINT('',(-0.0147942506379729,0.00789697393067702,0.00498567391606471));
#3398=CARTESIAN_POINT('',(-0.0148615946259417,0.00788819766451434,0.00487273295657109));
#3399=CARTESIAN_POINT('',(-0.0149037994450215,0.00788154382274407,0.00479168189879347));
#3400=CARTESIAN_POINT('',(-0.0149415400530276,0.00787619496087897,0.0047031183804138));
#3401=CARTESIAN_POINT('',(-0.0150281051085795,0.00786292242127727,0.00450903044780915));
#3402=CARTESIAN_POINT('',(-0.0151627745489301,0.00784192266972575,0.00417536807234237));
#3403=CARTESIAN_POINT('',(-0.0154079769027597,0.00780072816951702,0.00348766038243718));
#3404=CARTESIAN_POINT('',(-0.0157667330313253,0.00773029538261651,0.00206532095735054));
#3405=CARTESIAN_POINT('',(-0.0159511087482765,0.00768245301575719,-6.22450596907284E-6));
#3406=CARTESIAN_POINT('',(-0.0157261864759422,0.0077408696598713,-0.0024981821013111));
#3407=CARTESIAN_POINT('',(-0.0152320128525011,0.00783394759599231,-0.00408516987181311));
#3408=CARTESIAN_POINT('',(-0.0148709573096966,0.00788692212545106,-0.00485686378714816));
#3409=CARTESIAN_POINT('',(-0.0148376982839267,0.00789189413177361,-0.00491506226811113));
#3410=CARTESIAN_POINT('',(-0.0147658223420696,0.00789814355341356,-0.00502191548741675));
#3411=CARTESIAN_POINT('',(-0.0146119428367667,0.00790255647242115,-0.00519878903395723));
#3412=CARTESIAN_POINT('',(-0.0144561537999051,0.00789538007127828,-0.00531742555751118));
#3413=CARTESIAN_POINT('',(-0.0142923955767566,0.00788184354454088,-0.00540333503420704));
#3414=CARTESIAN_POINT('',(-0.0142042928582987,0.00787654558706908,-0.00544067936109799));
#3415=CARTESIAN_POINT('',(-0.0140101421819946,0.00786323234371603,-0.00552743285101614));
#3416=CARTESIAN_POINT('',(-0.0136769681733671,0.00784221642598872,-0.00566186743941812));
#3417=CARTESIAN_POINT('',(-0.012989731216717,0.0078009995322754,-0.00590700830405293));
#3418=CARTESIAN_POINT('',(-0.0115703794726356,0.00773046048830913,-0.00626613491926776));
#3419=CARTESIAN_POINT('',(-0.0103281149090722,0.00770190909915412,-0.00637677545066611));
#3420=CARTESIAN_POINT('',(-0.0095,0.00770190909915414,-0.00637677545066615));
#3421=CARTESIAN_POINT('',(-0.0095,0.00759910779692266,0.00646534393150351));
#3422=CARTESIAN_POINT('',(-0.0103360906658271,0.00759910779692266,0.00646534393150351));
#3423=CARTESIAN_POINT('',(-0.011593873093682,0.00763562135542066,0.00635382081420418));
#3424=CARTESIAN_POINT('',(-0.0130165918648633,0.00772376333417144,0.00599060816122378));
#3425=CARTESIAN_POINT('',(-0.0137099249183749,0.00777325729271265,0.00574323985402718));
#3426=CARTESIAN_POINT('',(-0.0140980836167378,0.00780250634240466,0.00558364698184726));
#3427=CARTESIAN_POINT('',(-0.0142892109604137,0.00781730328440671,0.00549799335928333));
#3428=CARTESIAN_POINT('',(-0.0144088056538347,0.00782687122731913,0.0054417778492672));
#3429=CARTESIAN_POINT('',(-0.0144714732040358,0.00783498560953041,0.00540348355310298));
#3430=CARTESIAN_POINT('',(-0.0145823644795766,0.00784409602836809,0.00532553721600283));
#3431=CARTESIAN_POINT('',(-0.0147361402051061,0.00784950208810363,0.00519100713784944));
#3432=CARTESIAN_POINT('',(-0.014863977008415,0.00784198731974725,0.00503470423812175));
#3433=CARTESIAN_POINT('',(-0.014937347824715,0.00782738280321344,0.00491351649423662));
#3434=CARTESIAN_POINT('',(-0.0149824604212558,0.00781717136708497,0.00482808613039758));
#3435=CARTESIAN_POINT('',(-0.0150194405589048,0.00781243937842928,0.00474086762940139));
#3436=CARTESIAN_POINT('',(-0.0151081302714008,0.00779604130339679,0.00454375931407442));
#3437=CARTESIAN_POINT('',(-0.0152440565054083,0.00777211256068409,0.0042084290059844));
#3438=CARTESIAN_POINT('',(-0.0154931150752432,0.00772228240746417,0.00351452527347578));
#3439=CARTESIAN_POINT('',(-0.0158553423767196,0.00763535411478697,0.00208094399534486));
#3440=CARTESIAN_POINT('',(-0.0160395025217926,0.00757372107916938,-6.10861929514845E-6));
#3441=CARTESIAN_POINT('',(-0.0158148819706008,0.00764911663698938,-0.00251751659403675));
#3442=CARTESIAN_POINT('',(-0.0153149495192209,0.00776355465182771,-0.00411677285340826));
#3443=CARTESIAN_POINT('',(-0.0149478791109358,0.00782520925092492,-0.00489611601848242));
#3444=CARTESIAN_POINT('',(-0.0149116091499453,0.00783363707486942,-0.00495873390041721));
#3445=CARTESIAN_POINT('',(-0.0148337947229746,0.00784361330181491,-0.00507280229975105));
#3446=CARTESIAN_POINT('',(-0.0146691940543942,0.00785105030261302,-0.00526137949943023));
#3447=CARTESIAN_POINT('',(-0.014502121662975,0.00783891276643099,-0.00538974863962852));
#3448=CARTESIAN_POINT('',(-0.0143290721408111,0.00781790976968359,-0.00548190911392545));
#3449=CARTESIAN_POINT('',(-0.0142424425433944,0.00781330380708829,-0.00551838288042182));
#3450=CARTESIAN_POINT('',(-0.0140451529133262,0.00779677793085675,-0.00560735062300951));
#3451=CARTESIAN_POINT('',(-0.0137103328679159,0.00777280158942858,-0.005743010494494));
#3452=CARTESIAN_POINT('',(-0.0130167352151498,0.00772287092894526,-0.00599208597715607));
#3453=CARTESIAN_POINT('',(-0.0115863020622575,0.00763544377274971,-0.00635465119417687));
#3454=CARTESIAN_POINT('',(-0.010334303589249,0.00759910779692207,-0.0064653439314992));
#3455=CARTESIAN_POINT('',(-0.0095,0.0075991077969221,-0.00646534393149924));
#3456=CARTESIAN_POINT('',(-0.0095,0.0075991077969221,-0.00646534393149924));
#3457=CARTESIAN_POINT('',(-0.00991678108904773,0.00759910779692209,-0.00646534393149922));
#3458=CARTESIAN_POINT('',(-0.0107504306204306,0.00761116767232698,-0.00642859106053737));
#3459=CARTESIAN_POINT('',(-0.0117860065358639,0.00765221613850731,-0.00628074419459308));
#3460=CARTESIAN_POINT('',(-0.0126048726529655,0.0076975826581835,-0.00609673392991957));
#3461=CARTESIAN_POINT('',(-0.01321339973406,0.00773747574439241,-0.00592051270950347));
#3462=CARTESIAN_POINT('',(-0.0137017269986927,0.00777089256801549,-0.00574859613492036));
#3463=CARTESIAN_POINT('',(-0.0140979353657559,0.00780279385729931,-0.00558221816663873));
#3464=CARTESIAN_POINT('',(-0.0142685714545646,0.00781090396274849,-0.00551357759670133));
#3465=CARTESIAN_POINT('',(-0.0143815264832148,0.00782428323217187,-0.00545396205927287));
#3466=CARTESIAN_POINT('',(-0.0143815264832148,0.00782428323217186,-0.0054539620592729));
#3467=CARTESIAN_POINT('',(-0.0143815264843274,0.00782428323230365,-0.00545396205868566));
#3468=CARTESIAN_POINT('',(-0.0144969056763528,0.00783794963851116,-0.00539306709334226));
#3469=CARTESIAN_POINT('',(-0.0146706990618072,0.0078501334134418,-0.00525963999735317));
#3470=CARTESIAN_POINT('',(-0.0148410699063607,0.00784496423631995,-0.00506494702222416));
#3471=CARTESIAN_POINT('',(-0.0149315619674877,0.00782795168469781,-0.00493079041469643));
#3472=CARTESIAN_POINT('',(-0.0149545676910037,0.00782408577205298,-0.00488191452345444));
#3473=CARTESIAN_POINT('',(-0.0149545676909027,0.00782408577206994,-0.0048819145236689));
#3474=CARTESIAN_POINT('',(-0.0149545676909027,0.00782408577206994,-0.00488191452366889));
#3475=CARTESIAN_POINT('',(-0.0153155522870943,0.00776342543622039,-0.00411499911455032));
#3476=CARTESIAN_POINT('',(-0.0158149928378804,0.0076490743049407,-0.00251652872595779));
#3477=CARTESIAN_POINT('',(-0.0160019786626618,0.00758631870111523,-0.000424715538293595));
#3478=CARTESIAN_POINT('',(-0.0159291403779804,0.00761065257713681,0.00124509035550554));
#3479=CARTESIAN_POINT('',(-0.0157814178207202,0.00765195702735846,0.0022819023882797));
#3480=CARTESIAN_POINT('',(-0.0155974399098617,0.00769719142258905,0.00310261406414557));
#3481=CARTESIAN_POINT('',(-0.0154212801424072,0.00773691412676498,0.00371225558444252));
#3482=CARTESIAN_POINT('',(-0.0152489897949623,0.00777034013700398,0.00420122089079583));
#3483=CARTESIAN_POINT('',(-0.015082762535121,0.00780205780524076,0.00459756559834359));
#3484=CARTESIAN_POINT('',(-0.0150132165893763,0.00781034468044134,0.00476920347346629));
#3485=CARTESIAN_POINT('',(-0.0149541410832413,0.00782358343512276,0.00488170606464674));
#3486=CARTESIAN_POINT('',(-0.0149541410832487,0.00782358343512113,0.00488170606463275));
#3487=CARTESIAN_POINT('',(-0.0149541410828028,0.00782358343522103,0.00488170606548177));
#3488=CARTESIAN_POINT('',(-0.0148938655683943,0.0078370911104473,0.00499649393594052));
#3489=CARTESIAN_POINT('',(-0.0147577912208871,0.00785026303943705,0.00517265817002799));
#3490=CARTESIAN_POINT('',(-0.0145598569859592,0.00784449886031942,0.00534534159175976));
#3491=CARTESIAN_POINT('',(-0.01443046975441,0.00782860196312348,0.00543161552385428));
#3492=CARTESIAN_POINT('',(-0.0143818155874013,0.00782471201453857,0.00545446389492729));
#3493=CARTESIAN_POINT('',(-0.0143818155873751,0.00782471201453648,0.00545446389493959));
#3494=CARTESIAN_POINT('',(-0.0143818155873751,0.00782471201453648,0.00545446389493957));
#3495=CARTESIAN_POINT('',(-0.0128547729596933,0.00770262345205911,0.00617157485883837));
#3496=CARTESIAN_POINT('',(-0.0111711254671509,0.00759910779692266,0.00646534393150351));
#3497=CARTESIAN_POINT('',(-0.0095,0.00759910779692266,0.00646534393150351));
#3498=CARTESIAN_POINT('',(-0.00950000000000001,0.00773303596998497,-0.00609934126980411));
#3499=CARTESIAN_POINT('',(-0.00995152051086335,0.00773303596998497,-0.00609934126980411));
#3500=CARTESIAN_POINT('',(-0.0106106609773428,0.00774010593327189,-0.00606975295637667));
#3501=CARTESIAN_POINT('',(-0.0114656381445878,0.00776116598604984,-0.00596805935588369));
#3502=CARTESIAN_POINT('',(-0.0120706439023425,0.00778117771189493,-0.00586667371236505));
#3503=CARTESIAN_POINT('',(-0.0127368994540175,0.00780889809736304,-0.00571599294159518));
#3504=CARTESIAN_POINT('',(-0.0133397770757397,0.00783931714266855,-0.00554156418510681));
#3505=CARTESIAN_POINT('',(-0.0139434513207418,0.00787212431683051,-0.00531367070401393));
#3506=CARTESIAN_POINT('',(-0.0145742713706075,0.00791740417498448,-0.00506687342177917));
#3507=CARTESIAN_POINT('',(-0.014818459645151,0.00787112465568051,-0.00442931298657653));
#3508=CARTESIAN_POINT('',(-0.0150455220844778,0.00783861119108709,-0.00382684596820288));
#3509=CARTESIAN_POINT('',(-0.0152180113561166,0.00780837857232724,-0.00322684693207309));
#3510=CARTESIAN_POINT('',(-0.0153673620397882,0.00778106411943068,-0.0025668773923899));
#3511=CARTESIAN_POINT('',(-0.015467657595275,0.00776123284074997,-0.001967387192466));
#3512=CARTESIAN_POINT('',(-0.0155689360024448,0.00774014345717743,-0.00111755833854782));
#3513=CARTESIAN_POINT('',(-0.0156185845075119,0.00772817129302283,-1.19283426825132E-6));
#3514=CARTESIAN_POINT('',(-0.0155692198370445,0.00774007683624723,0.00111461473316014));
#3515=CARTESIAN_POINT('',(-0.0154674412844821,0.00776120709311281,0.00196761682647515));
#3516=CARTESIAN_POINT('',(-0.0153670050068267,0.00778107359686647,0.00256841998269209));
#3517=CARTESIAN_POINT('',(-0.0152155892955578,0.00780894188122373,0.00323821667329149));
#3518=CARTESIAN_POINT('',(-0.0150418056311289,0.00783925138870191,0.00383863885776003));
#3519=CARTESIAN_POINT('',(-0.0148139338190971,0.00787206219143573,0.00444270148785585));
#3520=CARTESIAN_POINT('',(-0.0145665731430268,0.00791735789465106,0.00507413191500485));
#3521=CARTESIAN_POINT('',(-0.0139329578872771,0.00787134366851434,0.00531684979754191));
#3522=CARTESIAN_POINT('',(-0.0133305048262992,0.00783883340081186,0.00554467340056477));
#3523=CARTESIAN_POINT('',(-0.0127274396894411,0.00780846349522532,0.00571818494665923));
#3524=CARTESIAN_POINT('',(-0.011854913427373,0.00777224694028305,0.0059152539439412));
#3525=CARTESIAN_POINT('',(-0.0108400641900088,0.00774290186028613,0.00605708533167633));
#3526=CARTESIAN_POINT('',(-0.0099508569327914,0.00773303596998563,0.00609934126980824));
#3527=CARTESIAN_POINT('',(-0.00950000000000001,0.00773303596998563,0.00609934126980824));
#3528=CARTESIAN_POINT('',(-0.00949999999999979,0.001,0.0091));
#3529=CARTESIAN_POINT('',(-0.00949999999999985,0.00226222877493814,0.0091));
#3530=CARTESIAN_POINT('',(-0.0095,0.0050935330263018,0.00848471211615097));
#3531=CARTESIAN_POINT('',(-0.0095,0.00751612436355132,0.00654966030895992));
#3532=CARTESIAN_POINT('',(-0.0095,0.0078470858978464,0.00624424300453499));
#3533=CARTESIAN_POINT('',(-0.0134544649307789,0.001,0.0091));
#3534=CARTESIAN_POINT('',(-0.0132061162077727,0.00226222877493815,0.00910003538575201));
#3535=CARTESIAN_POINT('',(-0.0125129776022743,0.0050935330263018,0.00848467583054763));
#3536=CARTESIAN_POINT('',(-0.0113491294666168,0.00751612436355132,0.00654965692640487));
#3537=CARTESIAN_POINT('',(-0.0111732554098435,0.0078470858978464,0.00624424300453499));
#3538=CARTESIAN_POINT('',(-0.0174089334905155,0.001,0.00909999599325378));
#3539=CARTESIAN_POINT('',(-0.0169119691806647,0.00226222877493816,0.00909992245692019));
#3540=CARTESIAN_POINT('',(-0.0155257047252966,0.00509353302630187,0.00833589305310491));
#3541=CARTESIAN_POINT('',(-0.0131980436739616,0.00751612436355139,0.0062878969897742));
#3542=CARTESIAN_POINT('',(-0.0128462950229483,0.00784708589784648,0.00596774963027327));
#3543=CARTESIAN_POINT('',(-0.0184261746036063,0.001,0.00910000034764048));
#3544=CARTESIAN_POINT('',(-0.0184394240951448,0.00226222877493816,0.00910006683202183));
#3545=CARTESIAN_POINT('',(-0.0172896008642279,0.00509353302630189,0.00804387881611366));
#3546=CARTESIAN_POINT('',(-0.0147807355607408,0.00751612436355142,0.00576602597718119));
#3547=CARTESIAN_POINT('',(-0.0143945849380415,0.00784708589784651,0.0054157321159096));
#3548=CARTESIAN_POINT('',(-0.018478520534534,0.001,0.00908958292507264));
#3549=CARTESIAN_POINT('',(-0.0185018597591805,0.00226222877493817,0.00907870030570163));
#3550=CARTESIAN_POINT('',(-0.0173803158896642,0.00509353302630189,0.00803289972750942));
#3551=CARTESIAN_POINT('',(-0.0148956194951866,0.00751612436355142,0.00572434050472912));
#3552=CARTESIAN_POINT('',(-0.0145127588778356,0.00784708589784651,0.00536858697136324));
#3553=CARTESIAN_POINT('',(-0.0185451174660353,0.001,0.00904512013898698));
#3554=CARTESIAN_POINT('',(-0.0185417650473378,0.00226222877493816,0.0090417927063667));
#3555=CARTESIAN_POINT('',(-0.0174822595004815,0.00509353302630189,0.00798225316688713));
#3556=CARTESIAN_POINT('',(-0.0150874053677541,0.00751612436355142,0.00558739335801171));
#3557=CARTESIAN_POINT('',(-0.0147176712704487,0.00784708589784651,0.0052176589708285));
#3558=CARTESIAN_POINT('',(-0.0185895735805926,0.001,0.0089785239398629));
#3559=CARTESIAN_POINT('',(-0.0185787143305367,0.00226222877493817,0.00900183165990665));
#3560=CARTESIAN_POINT('',(-0.0175328729268229,0.00509353302630189,0.00788030105093319));
#3561=CARTESIAN_POINT('',(-0.0152242811740271,0.00751612436355142,0.00539564317979781));
#3562=CARTESIAN_POINT('',(-0.0148685272850378,0.00784708589784651,0.0050127828390846));
#3563=CARTESIAN_POINT('',(-0.0186000089573479,0.001,0.00892618123331224));
#3564=CARTESIAN_POINT('',(-0.018600161911896,0.00226222877493816,0.00893955663515611));
#3565=CARTESIAN_POINT('',(-0.0175439489377167,0.00509353302630189,0.00778963400420275));
#3566=CARTESIAN_POINT('',(-0.015266138108347,0.00751612436355142,0.00528071719414825));
#3567=CARTESIAN_POINT('',(-0.0149158436018527,0.00784708589784651,0.00489456551494075));
#3568=CARTESIAN_POINT('',(-0.0186000057679924,0.001,0.00883805978270603));
#3569=CARTESIAN_POINT('',(-0.018599909510586,0.00226222877493817,0.00880686083418727));
#3570=CARTESIAN_POINT('',(-0.0175692200309927,0.00509353302630189,0.00763683080922368));
#3571=CARTESIAN_POINT('',(-0.0153113025609821,0.00751612436355142,0.00514361477933481));
#3572=CARTESIAN_POINT('',(-0.0149636212081875,0.0078470858978465,0.00476044633912821));
#3573=CARTESIAN_POINT('',(-0.0186000067632518,0.001,0.00869102427290496));
#3574=CARTESIAN_POINT('',(-0.0186000458916247,0.00226222877493816,0.00860375174120589));
#3575=CARTESIAN_POINT('',(-0.0176036908183645,0.00509353302630188,0.00741189846861709));
#3576=CARTESIAN_POINT('',(-0.0153728586096269,0.00751612436355141,0.00494845115541815));
#3577=CARTESIAN_POINT('',(-0.0150287330987073,0.0078470858978465,0.00457058249508361));
#3578=CARTESIAN_POINT('',(-0.018600005932887,0.001,0.00831013550655644));
#3579=CARTESIAN_POINT('',(-0.0185999936411694,0.00226222877493816,0.00813205248104136));
#3580=CARTESIAN_POINT('',(-0.0176684338804993,0.00509353302630188,0.00692413671642289));
#3581=CARTESIAN_POINT('',(-0.0154883234591228,0.00751612436355141,0.00454916370069168));
#3582=CARTESIAN_POINT('',(-0.015150853475959,0.00784708589784649,0.00418606932456792));
#3583=CARTESIAN_POINT('',(-0.0186000049936515,0.001,0.0064260065016403));
#3584=CARTESIAN_POINT('',(-0.0186000155912159,0.00226222877493816,0.00602235736956105));
#3585=CARTESIAN_POINT('',(-0.0178875563934502,0.00509353302630187,0.00489604102812036));
#3586=CARTESIAN_POINT('',(-0.0158783139276572,0.00751612436355139,0.00300474059133172));
#3587=CARTESIAN_POINT('',(-0.0155632334273313,0.00784708589784647,0.00271894462173904));
#3588=CARTESIAN_POINT('',(-0.0186000025529492,0.001,0.000988616285381792));
#3589=CARTESIAN_POINT('',(-0.0185999986970074,0.00226222877493816,0.000926491336680202));
#3590=CARTESIAN_POINT('',(-0.0180402877374174,0.00509353302630186,0.000753275810250138));
#3591=CARTESIAN_POINT('',(-0.0161476157891464,0.00751612436355139,0.000462320216859803));
#3592=CARTESIAN_POINT('',(-0.0158477204819201,0.00784708589784647,0.000418352059986952));
#3593=CARTESIAN_POINT('',(-0.0186000037563158,0.00100000000000002,-0.00494308196609253));
#3594=CARTESIAN_POINT('',(-0.0186000012568355,0.00226222877493817,-0.00463255015893338));
#3595=CARTESIAN_POINT('',(-0.017929373186593,0.00509353302630192,-0.00376624081199633));
#3596=CARTESIAN_POINT('',(-0.0159519558509655,0.00751612436355145,-0.00231140908558777));
#3597=CARTESIAN_POINT('',(-0.0156410175790186,0.00784708589784653,-0.0020915666319144));
#3598=CARTESIAN_POINT('',(-0.0186000050431568,0.00100000000000002,-0.00743087513360376));
#3599=CARTESIAN_POINT('',(-0.018600013541879,0.00226222877493817,-0.00714754538203397));
#3600=CARTESIAN_POINT('',(-0.0177706192389868,0.00509353302630195,-0.00597767124529982));
#3601=CARTESIAN_POINT('',(-0.0156702316890117,0.00751612436355149,-0.00382841000337984));
#3602=CARTESIAN_POINT('',(-0.0153432092851035,0.00784708589784657,-0.00350138788514695));
#3603=CARTESIAN_POINT('',(-0.0186000054916461,0.00100000000000003,-0.00831013540800102));
#3604=CARTESIAN_POINT('',(-0.0185999847235375,0.00226222877493818,-0.00813203948125647));
#3605=CARTESIAN_POINT('',(-0.0176684425586717,0.00509353302630198,-0.00692413697510403));
#3606=CARTESIAN_POINT('',(-0.0154883405378577,0.00751612436355152,-0.00454916698634613));
#3607=CARTESIAN_POINT('',(-0.0151508711728189,0.0078470858978466,-0.00418607284233237));
#3608=CARTESIAN_POINT('',(-0.0186000063985181,0.00100000000000003,-0.00869102417921736));
#3609=CARTESIAN_POINT('',(-0.0186000513128101,0.00226222877493818,-0.00860376036180705));
#3610=CARTESIAN_POINT('',(-0.0176036889470895,0.00509353302630198,-0.00741189583139541));
#3611=CARTESIAN_POINT('',(-0.0153728546528533,0.00751612436355153,-0.00494844944477927));
#3612=CARTESIAN_POINT('',(-0.015028728725016,0.00784708589784661,-0.00457058062848292));
#3613=CARTESIAN_POINT('',(-0.0186000054151792,0.00100000000000003,-0.0088380596962727));
#3614=CARTESIAN_POINT('',(-0.0185999058947837,0.00226222877493818,-0.00880685584780517));
#3615=CARTESIAN_POINT('',(-0.0175692187338988,0.005093533026302,-0.00763682879945353));
#3616=CARTESIAN_POINT('',(-0.0153113046243755,0.00751612436355154,-0.00514361452589456));
#3617=CARTESIAN_POINT('',(-0.0149636235059116,0.00784708589784662,-0.00476044617325268));
#3618=CARTESIAN_POINT('',(-0.0186000086127999,0.00100000000000003,-0.00892618114861071));
#3619=CARTESIAN_POINT('',(-0.0186001624970284,0.00226222877493818,-0.00893955794611058));
#3620=CARTESIAN_POINT('',(-0.0175439496793038,0.005093533026302,-0.00778963235007367));
#3621=CARTESIAN_POINT('',(-0.0152661399623116,0.00751612436355154,-0.00528071694241705));
#3622=CARTESIAN_POINT('',(-0.0149158453890755,0.00784708589784663,-0.00489456523827225));
#3623=CARTESIAN_POINT('',(-0.018589573237326,0.00100000000000003,-0.00897852385551765));
#3624=CARTESIAN_POINT('',(-0.0185787133432361,0.00226222877493818,-0.00900183060874807));
#3625=CARTESIAN_POINT('',(-0.0175328728037152,0.005093533026302,-0.00788029926137039));
#3626=CARTESIAN_POINT('',(-0.0152242829726634,0.00751612436355154,-0.00539564290302918));
#3627=CARTESIAN_POINT('',(-0.014868529129908,0.00784708589784663,-0.00501278257959059));
#3628=CARTESIAN_POINT('',(-0.0185451171247142,0.00100000000000003,-0.009045120055095));
#3629=CARTESIAN_POINT('',(-0.0185417650852061,0.00226222877493818,-0.00904179319170348));
#3630=CARTESIAN_POINT('',(-0.0174822599404635,0.005093533026302,-0.00798225148008019));
#3631=CARTESIAN_POINT('',(-0.0150874071907844,0.00751612436355154,-0.0055873931004648));
#3632=CARTESIAN_POINT('',(-0.014717673066258,0.00784708589784663,-0.00521765870311088));
#3633=CARTESIAN_POINT('',(-0.0184785201956193,0.00100000000000003,-0.00908958284178155));
#3634=CARTESIAN_POINT('',(-0.0185018591958254,0.00226222877493818,-0.0090786998854871));
#3635=CARTESIAN_POINT('',(-0.0173803159880399,0.00509353302630199,-0.00803289799625613));
#3636=CARTESIAN_POINT('',(-0.0148956212769479,0.00751612436355154,-0.00572434023657643));
#3637=CARTESIAN_POINT('',(-0.0145127606757089,0.00784708589784662,-0.00536858670923055));
#3638=CARTESIAN_POINT('',(-0.0184261742640546,0.00100000000000003,-0.00910000026418801));
#3639=CARTESIAN_POINT('',(-0.0184394237905536,0.00226222877493818,-0.00910006680105095));
#3640=CARTESIAN_POINT('',(-0.0172896011081045,0.005093533026302,-0.00804387710570653));
#3641=CARTESIAN_POINT('',(-0.014780737356952,0.00751612436355154,-0.00576602571359752));
#3642=CARTESIAN_POINT('',(-0.0143945867317429,0.00784708589784663,-0.0054157318513882));
#3643=CARTESIAN_POINT('',(-0.0174089332479958,0.00100000000000002,-0.00909999593365698));
#3644=CARTESIAN_POINT('',(-0.0169119688994164,0.00226222877493825,-0.00909992233918548));
#3645=CARTESIAN_POINT('',(-0.0155257048729089,0.00509353302630195,-0.00833589182782172));
#3646=CARTESIAN_POINT('',(-0.0131980449645089,0.00751612436355147,-0.00628789680286858));
#3647=CARTESIAN_POINT('',(-0.0128462963162759,0.00784708589784656,-0.00596774944440636));
#3648=CARTESIAN_POINT('',(-0.0134544649307757,0.001,-0.0091));
#3649=CARTESIAN_POINT('',(-0.0132061162264235,0.00226222877493831,-0.00910003541375434));
#3650=CARTESIAN_POINT('',(-0.0125129776131781,0.00509353302630184,-0.00848467583239263));
#3651=CARTESIAN_POINT('',(-0.0113491294679544,0.00751612436355132,-0.00654965692690046));
#3652=CARTESIAN_POINT('',(-0.0111732554098422,0.0078470858978464,-0.0062442430045301));
#3653=CARTESIAN_POINT('',(-0.00949999999999499,0.001,-0.0091));
#3654=CARTESIAN_POINT('',(-0.00949999999999537,0.0022622287749384,-0.0091));
#3655=CARTESIAN_POINT('',(-0.00949999999999613,0.00509353302630186,-0.0084847121161481));
#3656=CARTESIAN_POINT('',(-0.00949999999999865,0.00751612436355132,-0.00654966030895521));
#3657=CARTESIAN_POINT('',(-0.00949999999999905,0.0078470858978464,-0.00624424300453006));
#3658=CARTESIAN_POINT('',(-0.0186,0.001,-0.0089));
#3659=CARTESIAN_POINT('',(-0.0186,0.001,-0.00900471975511966));
#3660=CARTESIAN_POINT('',(-0.0185047197551197,0.001,-0.0091));
#3661=CARTESIAN_POINT('',(-0.0184,0.001,-0.0091));
#3662=CARTESIAN_POINT('',(-0.0186,0.001,-0.0089));
#3663=CARTESIAN_POINT('',(-0.0186,0.001,-0.0091));
#3664=CARTESIAN_POINT('',(-0.0186,0.001,0.0089));
#3665=CARTESIAN_POINT('',(-0.0184,0.001,0.0091));
#3666=CARTESIAN_POINT('',(-0.0185047197551197,0.001,0.0091));
#3667=CARTESIAN_POINT('',(-0.0186,0.001,0.00900471975511966));
#3668=CARTESIAN_POINT('',(-0.0186,0.001,0.0089));
#3669=CARTESIAN_POINT('',(-0.0095,0.046,0.));
#3670=CARTESIAN_POINT('',(-0.0168,0.,-0.0073));
#3671=CARTESIAN_POINT('',(-0.012,0.0130285714285714,0.));
#3672=CARTESIAN_POINT('',(-0.0147,0.0057,-0.000741619848709565));
#3673=CARTESIAN_POINT('',(-0.0147,0.0057,0.000741619848709565));
#3674=CARTESIAN_POINT('',(-0.0147,0.0057,-0.0052));
#3675=CARTESIAN_POINT('',(-0.0147,0.0057,-0.0052));
#3676=CARTESIAN_POINT('',(-0.0184,0.,0.0089));
#3677=CARTESIAN_POINT('',(-0.0186,0.,0.0089));
#3678=CARTESIAN_POINT('',(-0.0186,0.,-0.0091));
#3679=CARTESIAN_POINT('',(-0.0186,0.,-0.0089));
#3680=CARTESIAN_POINT('',(-0.0184,0.,-0.0089));
#3681=CARTESIAN_POINT('',(0.,0.,0.));
#3682=CARTESIAN_POINT('',(0.,0.,0.));
#3683=CARTESIAN_POINT('',(0.,0.,0.0028));
#3684=CARTESIAN_POINT('',(0.,0.0057,0.));
#3685=CARTESIAN_POINT('',(0.0028,0.0057,0.));
#3686=CARTESIAN_POINT('',(-0.00205,0.,0.000585));
#3687=CARTESIAN_POINT('',(-0.00205,0.0003,0.0002925));
#3688=CARTESIAN_POINT('',(-0.00205,0.0003,-0.000585));
#3689=CARTESIAN_POINT('',(-0.00205,0.0003,0.000585));
#3690=CARTESIAN_POINT('',(-0.00205,0.,-0.000585));
#3691=CARTESIAN_POINT('',(-0.00205,0.0047,-0.000585));
#3692=CARTESIAN_POINT('',(-0.00205,0.0047,0.000585));
#3693=CARTESIAN_POINT('',(-0.00205,0.0047,0.000585));
#3694=CARTESIAN_POINT('',(-0.00205,0.,0.000585));
#3695=CARTESIAN_POINT('',(-0.01405,0.,-0.000585));
#3696=CARTESIAN_POINT('',(-0.013025,0.0003,-0.000585));
#3697=CARTESIAN_POINT('',(-0.000585,0.0003,-0.000585));
#3698=CARTESIAN_POINT('',(-0.000585,0.,-0.000585));
#3699=CARTESIAN_POINT('',(-0.000585,0.0047,-0.000585));
#3700=CARTESIAN_POINT('',(-0.01405,0.0047,-0.000585));
#3701=CARTESIAN_POINT('',(0.000585,0.,0.000585));
#3702=CARTESIAN_POINT('',(0.000585,0.0003,0.0002925));
#3703=CARTESIAN_POINT('',(0.000585,0.0003,0.00205));
#3704=CARTESIAN_POINT('',(0.000585,0.0003,0.000585));
#3705=CARTESIAN_POINT('',(0.000585,0.,0.00205));
#3706=CARTESIAN_POINT('',(0.000585,0.0047,0.00205));
#3707=CARTESIAN_POINT('',(0.000585,0.0047,0.000585));
#3708=CARTESIAN_POINT('',(0.000585,0.0047,0.000585));
#3709=CARTESIAN_POINT('',(0.000585,0.,0.000585));
#3710=CARTESIAN_POINT('',(-0.011415,0.,0.00205));
#3711=CARTESIAN_POINT('',(-0.0117075,0.0003,0.00205));
#3712=CARTESIAN_POINT('',(-0.000585,0.0003,0.00205));
#3713=CARTESIAN_POINT('',(-0.000585,0.,0.00205));
#3714=CARTESIAN_POINT('',(-0.000585,0.0047,0.00205));
#3715=CARTESIAN_POINT('',(-0.011415,0.0047,0.00205));
#3716=CARTESIAN_POINT('',(-0.000585,0.,0.00205));
#3717=CARTESIAN_POINT('',(-0.000585,0.0003,0.001025));
#3718=CARTESIAN_POINT('',(-0.000585,0.0003,0.000585));
#3719=CARTESIAN_POINT('',(-0.000585,0.,0.000585));
#3720=CARTESIAN_POINT('',(-0.000585,0.0047,0.000585));
#3721=CARTESIAN_POINT('',(-0.000585,0.0047,0.00205));
#3722=CARTESIAN_POINT('',(-0.012585,0.,0.000585));
#3723=CARTESIAN_POINT('',(-0.0122925,0.0003,0.000585));
#3724=CARTESIAN_POINT('',(-0.012585,0.0047,0.000585));
#3725=CARTESIAN_POINT('',(-0.012,0.0047,0.));
#3726=CARTESIAN_POINT('',(-0.01405,0.0047,-0.000585));
#3727=CARTESIAN_POINT('',(0.00205,0.0047,-0.000585));
#3728=CARTESIAN_POINT('',(0.000585,0.0047,-0.000585));
#3729=CARTESIAN_POINT('',(0.00205,0.0047,-0.000585));
#3730=CARTESIAN_POINT('',(0.00205,0.0047,0.000585));
#3731=CARTESIAN_POINT('',(-0.012585,0.0047,0.000585));
#3732=CARTESIAN_POINT('',(-0.000585,0.0047,0.00205));
#3733=CARTESIAN_POINT('',(-0.000585,0.0047,-0.00205));
#3734=CARTESIAN_POINT('',(-0.012585,0.0047,-0.00205));
#3735=CARTESIAN_POINT('',(0.000585,0.0047,-0.00205));
#3736=CARTESIAN_POINT('',(0.000585,0.0047,0.000585));
#3737=CARTESIAN_POINT('',(0.0095,0.,0.));
#3738=CARTESIAN_POINT('',(-0.0122925,0.,0.000885));
#3739=CARTESIAN_POINT('',(0.00235,1.35525271560688E-20,0.000885));
#3740=CARTESIAN_POINT('',(0.000885,-1.20466908053945E-20,0.000885));
#3741=CARTESIAN_POINT('',(0.00235,0.,-0.0002925));
#3742=CARTESIAN_POINT('',(0.00235,3.61400724161835E-20,-0.000885));
#3743=CARTESIAN_POINT('',(-0.013025,0.,-0.000885));
#3744=CARTESIAN_POINT('',(0.000885,-1.20466908053945E-20,-0.000885));
#3745=CARTESIAN_POINT('',(0.000885,0.,0.0002925));
#3746=CARTESIAN_POINT('',(0.000885,2.71050543121376E-20,-0.00235));
#3747=CARTESIAN_POINT('',(-0.0122925,0.,-0.00235));
#3748=CARTESIAN_POINT('',(-0.000885,3.61400724161835E-20,-0.00235));
#3749=CARTESIAN_POINT('',(-0.000885,0.,0.001025));
#3750=CARTESIAN_POINT('',(-0.000885,-1.20466908053945E-20,-0.000885));
#3751=CARTESIAN_POINT('',(-0.013025,0.,-0.000885));
#3752=CARTESIAN_POINT('',(-0.00235,2.71050543121376E-20,-0.000885));
#3753=CARTESIAN_POINT('',(-0.00235,0.,0.0002925));
#3754=CARTESIAN_POINT('',(-0.00235,3.61400724161835E-20,0.000885));
#3755=CARTESIAN_POINT('',(-0.0122925,0.,0.000885));
#3756=CARTESIAN_POINT('',(-0.000885,-1.20466908053945E-20,0.000885));
#3757=CARTESIAN_POINT('',(-0.000885,0.,0.001025));
#3758=CARTESIAN_POINT('',(-0.000885,2.71050543121376E-20,0.00235));
#3759=CARTESIAN_POINT('',(-0.0117075,0.,0.00235));
#3760=CARTESIAN_POINT('',(0.000885,3.61400724161835E-20,0.00235));
#3761=CARTESIAN_POINT('',(0.000885,0.,0.0002925));
#3762=CARTESIAN_POINT('',(-0.012585,0.,0.000585));
#3763=CARTESIAN_POINT('',(-0.0122925,0.0003,0.000585));
#3764=CARTESIAN_POINT('',(0.00205,0.0003,0.000585));
#3765=CARTESIAN_POINT('',(0.00205,0.,0.000585));
#3766=CARTESIAN_POINT('',(0.00205,0.,-0.000585));
#3767=CARTESIAN_POINT('',(0.00205,0.0003,-0.0002925));
#3768=CARTESIAN_POINT('',(0.00205,0.0003,-0.000585));
#3769=CARTESIAN_POINT('',(0.00205,0.,-0.000585));
#3770=CARTESIAN_POINT('',(-0.01405,0.,-0.000585));
#3771=CARTESIAN_POINT('',(-0.013025,0.0003,-0.000585));
#3772=CARTESIAN_POINT('',(0.000585,0.0003,-0.000585));
#3773=CARTESIAN_POINT('',(0.000585,0.,-0.000585));
#3774=CARTESIAN_POINT('',(0.000585,0.,0.000585));
#3775=CARTESIAN_POINT('',(0.000585,0.0003,0.0002925));
#3776=CARTESIAN_POINT('',(0.000585,0.0003,-0.00205));
#3777=CARTESIAN_POINT('',(0.000585,0.,-0.00205));
#3778=CARTESIAN_POINT('',(-0.012585,0.,-0.00205));
#3779=CARTESIAN_POINT('',(-0.0122925,0.0003,-0.00205));
#3780=CARTESIAN_POINT('',(-0.000585,0.0003,-0.00205));
#3781=CARTESIAN_POINT('',(-0.000585,0.,-0.00205));
#3782=CARTESIAN_POINT('',(-0.000585,0.,0.00205));
#3783=CARTESIAN_POINT('',(-0.000585,0.0003,0.001025));
#3784=CARTESIAN_POINT('',(0.000735,0.00015,0.0002925));
#3785=CARTESIAN_POINT('',(-0.0036075,0.0044925,0.0021425));
#3786=CARTESIAN_POINT('',(0.0003925,0.0004925,-0.0003925));
#3787=CARTESIAN_POINT('',(-0.0122925,0.00015,-0.0022));
#3788=CARTESIAN_POINT('',(0.00034,0.001225,-0.001125));
#3789=CARTESIAN_POINT('',(-0.000735,0.00015,0.001025));
#3790=CARTESIAN_POINT('',(-0.00483166666666667,-0.00394666666666666,-0.00483166666666667));
#3791=CARTESIAN_POINT('',(0.0022,0.00015,-0.0002925));
#3792=CARTESIAN_POINT('',(-0.00263083333333333,0.00498083333333333,-0.00409583333333334));
#3793=CARTESIAN_POINT('',(-0.002875,0.005225,0.00434));
#3794=CARTESIAN_POINT('',(-0.013025,0.00015,-0.000735));
#3795=CARTESIAN_POINT('',(-0.0018575,0.0004925,-0.0003925));
#3796=CARTESIAN_POINT('',(-0.0022,0.00015,0.0002925));
#3797=CARTESIAN_POINT('',(-0.00556416666666667,-0.00321416666666667,0.00409916666666667));
#3798=CARTESIAN_POINT('',(-0.0122925,0.00015,0.000735));
#3799=CARTESIAN_POINT('',(-0.000831666666666667,5.33333333333334E-5,0.000831666666666667));
#3800=CARTESIAN_POINT('',(-0.000735,0.00015,0.001025));
#3801=CARTESIAN_POINT('',(-0.0043925,-0.0035075,0.0058575));
#3802=CARTESIAN_POINT('',(-0.0117075,0.00015,0.0022));
#3803=CARTESIAN_POINT('',(9.91666666666667E-5,0.000785833333333333,0.00156416666666667));
#3804=CARTESIAN_POINT('',(0.000735,0.00015,0.0002925));
#3805=CARTESIAN_POINT('',(-0.0036075,0.0044925,-0.0036075));
#3806=CARTESIAN_POINT('',(-0.0122925,0.00015,0.000735));
#3807=CARTESIAN_POINT('',(-0.013025,0.00015,-0.000735));
#3808=CARTESIAN_POINT('',(0.0168,0.,0.0073));
#3809=CARTESIAN_POINT('',(0.012,0.0130285714285714,0.));
#3810=CARTESIAN_POINT('',(0.0147,0.0057,0.000741619848709581));
#3811=CARTESIAN_POINT('',(0.0147,0.0057,-0.000741619848709581));
#3812=CARTESIAN_POINT('',(0.0147,0.0057,0.0052));
#3813=CARTESIAN_POINT('',(0.0147,0.0057,0.0052));
#3814=CARTESIAN_POINT('',(0.012,0.,0.));
#3815=CARTESIAN_POINT('',(0.012,0.,0.));
#3816=CARTESIAN_POINT('',(0.012,0.,0.0028));
#3817=CARTESIAN_POINT('',(0.012,0.0057,0.));
#3818=CARTESIAN_POINT('',(0.00995,0.,0.000585));
#3819=CARTESIAN_POINT('',(0.00995,0.0003,0.0002925));
#3820=CARTESIAN_POINT('',(0.00995,0.0003,-0.000585));
#3821=CARTESIAN_POINT('',(0.00995,0.0003,0.000585));
#3822=CARTESIAN_POINT('',(0.00995,0.,-0.000585));
#3823=CARTESIAN_POINT('',(0.00995,0.0047,-0.000585));
#3824=CARTESIAN_POINT('',(0.00995,0.0047,0.000585));
#3825=CARTESIAN_POINT('',(0.00995,0.0047,0.000585));
#3826=CARTESIAN_POINT('',(0.00995,0.,0.000585));
#3827=CARTESIAN_POINT('',(-0.01405,0.,-0.000585));
#3828=CARTESIAN_POINT('',(-0.013025,0.0003,-0.000585));
#3829=CARTESIAN_POINT('',(0.011415,0.0003,-0.000585));
#3830=CARTESIAN_POINT('',(0.011415,0.,-0.000585));
#3831=CARTESIAN_POINT('',(0.011415,0.0047,-0.000585));
#3832=CARTESIAN_POINT('',(-0.01405,0.0047,-0.000585));
#3833=CARTESIAN_POINT('',(0.012585,0.,0.000585));
#3834=CARTESIAN_POINT('',(0.012585,0.0003,0.0002925));
#3835=CARTESIAN_POINT('',(0.012585,0.0003,0.00205));
#3836=CARTESIAN_POINT('',(0.012585,0.0003,0.000585));
#3837=CARTESIAN_POINT('',(0.012585,0.,0.00205));
#3838=CARTESIAN_POINT('',(0.012585,0.0047,0.00205));
#3839=CARTESIAN_POINT('',(0.012585,0.0047,0.000585));
#3840=CARTESIAN_POINT('',(0.012585,0.0047,0.000585));
#3841=CARTESIAN_POINT('',(0.012585,0.,0.000585));
#3842=CARTESIAN_POINT('',(-0.011415,0.,0.00205));
#3843=CARTESIAN_POINT('',(-0.0117075,0.0003,0.00205));
#3844=CARTESIAN_POINT('',(0.011415,0.0003,0.00205));
#3845=CARTESIAN_POINT('',(0.011415,0.,0.00205));
#3846=CARTESIAN_POINT('',(0.011415,0.0047,0.00205));
#3847=CARTESIAN_POINT('',(-0.011415,0.0047,0.00205));
#3848=CARTESIAN_POINT('',(0.011415,0.,0.00205));
#3849=CARTESIAN_POINT('',(0.011415,0.0003,0.001025));
#3850=CARTESIAN_POINT('',(0.011415,0.0003,0.000585));
#3851=CARTESIAN_POINT('',(0.011415,0.,0.000585));
#3852=CARTESIAN_POINT('',(0.011415,0.0047,0.000585));
#3853=CARTESIAN_POINT('',(0.011415,0.0047,0.00205));
#3854=CARTESIAN_POINT('',(-0.012585,0.,0.000585));
#3855=CARTESIAN_POINT('',(-0.0122925,0.0003,0.000585));
#3856=CARTESIAN_POINT('',(-0.012585,0.0047,0.000585));
#3857=CARTESIAN_POINT('',(-0.012,0.0047,0.));
#3858=CARTESIAN_POINT('',(-0.01405,0.0047,-0.000585));
#3859=CARTESIAN_POINT('',(0.01405,0.0047,-0.000585));
#3860=CARTESIAN_POINT('',(0.012585,0.0047,-0.000585));
#3861=CARTESIAN_POINT('',(0.01405,0.0047,-0.000585));
#3862=CARTESIAN_POINT('',(0.01405,0.0047,0.000585));
#3863=CARTESIAN_POINT('',(-0.012585,0.0047,0.000585));
#3864=CARTESIAN_POINT('',(0.011415,0.0047,0.00205));
#3865=CARTESIAN_POINT('',(0.011415,0.0047,-0.00205));
#3866=CARTESIAN_POINT('',(-0.012585,0.0047,-0.00205));
#3867=CARTESIAN_POINT('',(0.012585,0.0047,-0.00205));
#3868=CARTESIAN_POINT('',(0.012585,0.0047,0.000585));
#3869=CARTESIAN_POINT('',(0.0095,0.,0.));
#3870=CARTESIAN_POINT('',(-0.0122925,0.,0.000885));
#3871=CARTESIAN_POINT('',(0.01435,1.35525271560688E-20,0.000885));
#3872=CARTESIAN_POINT('',(0.012885,0.,0.000885));
#3873=CARTESIAN_POINT('',(0.01435,0.,-0.0002925));
#3874=CARTESIAN_POINT('',(0.01435,1.92747052886312E-19,-0.000885));
#3875=CARTESIAN_POINT('',(-0.013025,0.,-0.000885));
#3876=CARTESIAN_POINT('',(0.012885,-1.20466908053945E-20,-0.000885));
#3877=CARTESIAN_POINT('',(0.012885,0.,0.0002925));
#3878=CARTESIAN_POINT('',(0.012885,0.,-0.00235));
#3879=CARTESIAN_POINT('',(-0.0122925,0.,-0.00235));
#3880=CARTESIAN_POINT('',(0.011115,3.61400724161835E-20,-0.00235));
#3881=CARTESIAN_POINT('',(0.011115,0.,0.001025));
#3882=CARTESIAN_POINT('',(0.011115,0.,-0.000885));
#3883=CARTESIAN_POINT('',(-0.013025,0.,-0.000885));
#3884=CARTESIAN_POINT('',(0.00965,2.71050543121376E-20,-0.000885));
#3885=CARTESIAN_POINT('',(0.00965,0.,0.0002925));
#3886=CARTESIAN_POINT('',(0.00965,1.92747052886312E-19,0.000885));
#3887=CARTESIAN_POINT('',(-0.0122925,0.,0.000885));
#3888=CARTESIAN_POINT('',(0.011115,-1.20466908053945E-20,0.000885));
#3889=CARTESIAN_POINT('',(0.011115,0.,0.001025));
#3890=CARTESIAN_POINT('',(0.011115,0.,0.00235));
#3891=CARTESIAN_POINT('',(-0.0117075,0.,0.00235));
#3892=CARTESIAN_POINT('',(0.012885,3.61400724161835E-20,0.00235));
#3893=CARTESIAN_POINT('',(0.012885,0.,0.0002925));
#3894=CARTESIAN_POINT('',(-0.012585,0.,0.000585));
#3895=CARTESIAN_POINT('',(-0.0122925,0.0003,0.000585));
#3896=CARTESIAN_POINT('',(0.01405,0.0003,0.000585));
#3897=CARTESIAN_POINT('',(0.01405,0.,0.000585));
#3898=CARTESIAN_POINT('',(0.01405,0.,-0.000585));
#3899=CARTESIAN_POINT('',(0.01405,0.0003,-0.0002925));
#3900=CARTESIAN_POINT('',(0.01405,0.0003,-0.000585));
#3901=CARTESIAN_POINT('',(0.01405,0.,-0.000585));
#3902=CARTESIAN_POINT('',(-0.01405,0.,-0.000585));
#3903=CARTESIAN_POINT('',(-0.013025,0.0003,-0.000585));
#3904=CARTESIAN_POINT('',(0.012585,0.0003,-0.000585));
#3905=CARTESIAN_POINT('',(0.012585,0.,-0.000585));
#3906=CARTESIAN_POINT('',(0.012585,0.,0.000585));
#3907=CARTESIAN_POINT('',(0.012585,0.0003,0.0002925));
#3908=CARTESIAN_POINT('',(0.012585,0.0003,-0.00205));
#3909=CARTESIAN_POINT('',(0.012585,0.,-0.00205));
#3910=CARTESIAN_POINT('',(-0.012585,0.,-0.00205));
#3911=CARTESIAN_POINT('',(-0.0122925,0.0003,-0.00205));
#3912=CARTESIAN_POINT('',(0.011415,0.0003,-0.00205));
#3913=CARTESIAN_POINT('',(0.011415,0.,-0.00205));
#3914=CARTESIAN_POINT('',(0.011415,0.,0.00205));
#3915=CARTESIAN_POINT('',(0.011415,0.0003,0.001025));
#3916=CARTESIAN_POINT('',(0.012735,0.00015,0.0002925));
#3917=CARTESIAN_POINT('',(0.0043925,0.0084925,0.0061425));
#3918=CARTESIAN_POINT('',(0.0123925,0.0004925,-0.0003925));
#3919=CARTESIAN_POINT('',(-0.0122925,0.00015,-0.0022));
#3920=CARTESIAN_POINT('',(0.01234,0.001225,-0.001125));
#3921=CARTESIAN_POINT('',(0.011265,0.00015,0.001025));
#3922=CARTESIAN_POINT('',(0.00316833333333334,-0.00794666666666667,-0.00883166666666667));
#3923=CARTESIAN_POINT('',(0.0142,0.00015,-0.0002925));
#3924=CARTESIAN_POINT('',(0.00536916666666667,0.00898083333333333,-0.00809583333333333));
#3925=CARTESIAN_POINT('',(0.005125,0.009225,0.00834));
#3926=CARTESIAN_POINT('',(-0.013025,0.00015,-0.000735));
#3927=CARTESIAN_POINT('',(0.0101425,0.0004925,-0.0003925));
#3928=CARTESIAN_POINT('',(0.0098,0.00015,0.0002925));
#3929=CARTESIAN_POINT('',(0.00243583333333333,-0.00721416666666667,0.00809916666666667));
#3930=CARTESIAN_POINT('',(-0.0122925,0.00015,0.000735));
#3931=CARTESIAN_POINT('',(0.0111683333333333,5.33333333333334E-5,0.000831666666666667));
#3932=CARTESIAN_POINT('',(0.011265,0.00015,0.001025));
#3933=CARTESIAN_POINT('',(0.0036075,-0.0075075,0.0098575));
#3934=CARTESIAN_POINT('',(-0.0117075,0.00015,0.0022));
#3935=CARTESIAN_POINT('',(0.0120991666666667,0.000785833333333333,0.00156416666666667));
#3936=CARTESIAN_POINT('',(0.012735,0.00015,0.0002925));
#3937=CARTESIAN_POINT('',(0.0043925,0.0084925,-0.0076075));
#3938=CARTESIAN_POINT('',(-0.0122925,0.00015,0.000735));
#3939=CARTESIAN_POINT('',(-0.013025,0.00015,-0.000735));
#3940=CARTESIAN_POINT('',(0.0095,0.0057,7.56970244062607E-20));
#3941=CARTESIAN_POINT('',(-0.012,0.0057,0.));
#3942=CARTESIAN_POINT('',(-0.01405,0.,0.000585));
#3943=CARTESIAN_POINT('',(-0.01405,0.0003,0.0002925));
#3944=CARTESIAN_POINT('',(-0.01405,0.0003,-0.000585));
#3945=CARTESIAN_POINT('',(-0.01405,0.0003,0.000585));
#3946=CARTESIAN_POINT('',(-0.01405,0.,-0.000585));
#3947=CARTESIAN_POINT('',(-0.01405,0.0047,-0.000585));
#3948=CARTESIAN_POINT('',(-0.01405,0.0047,0.0002925));
#3949=CARTESIAN_POINT('',(-0.01405,0.0047,0.000585));
#3950=CARTESIAN_POINT('',(-0.01405,0.,0.000585));
#3951=CARTESIAN_POINT('',(-0.01405,0.,-0.000585));
#3952=CARTESIAN_POINT('',(-0.013025,0.0003,-0.000585));
#3953=CARTESIAN_POINT('',(-0.012585,0.0003,-0.000585));
#3954=CARTESIAN_POINT('',(-0.012585,0.,-0.000585));
#3955=CARTESIAN_POINT('',(-0.012585,0.0047,-0.000585));
#3956=CARTESIAN_POINT('',(-0.013025,0.0047,-0.000585));
#3957=CARTESIAN_POINT('',(-0.011415,0.,0.000585));
#3958=CARTESIAN_POINT('',(-0.011415,0.0003,0.0002925));
#3959=CARTESIAN_POINT('',(-0.011415,0.0003,0.00205));
#3960=CARTESIAN_POINT('',(-0.011415,0.0003,0.000585));
#3961=CARTESIAN_POINT('',(-0.011415,0.,0.00205));
#3962=CARTESIAN_POINT('',(-0.011415,0.0047,0.00205));
#3963=CARTESIAN_POINT('',(-0.011415,0.0047,0.0002925));
#3964=CARTESIAN_POINT('',(-0.011415,0.0047,0.000585));
#3965=CARTESIAN_POINT('',(-0.011415,0.,0.000585));
#3966=CARTESIAN_POINT('',(-0.011415,0.,0.00205));
#3967=CARTESIAN_POINT('',(-0.0117075,0.0003,0.00205));
#3968=CARTESIAN_POINT('',(-0.012585,0.0003,0.00205));
#3969=CARTESIAN_POINT('',(-0.012585,0.,0.00205));
#3970=CARTESIAN_POINT('',(-0.012585,0.0047,0.00205));
#3971=CARTESIAN_POINT('',(-0.0117075,0.0047,0.00205));
#3972=CARTESIAN_POINT('',(-0.012585,0.,0.00205));
#3973=CARTESIAN_POINT('',(-0.012585,0.0003,0.001025));
#3974=CARTESIAN_POINT('',(-0.012585,0.0003,0.000585));
#3975=CARTESIAN_POINT('',(-0.012585,0.,0.000585));
#3976=CARTESIAN_POINT('',(-0.012585,0.0047,0.000585));
#3977=CARTESIAN_POINT('',(-0.012585,0.0047,0.001025));
#3978=CARTESIAN_POINT('',(-0.012585,0.,0.000585));
#3979=CARTESIAN_POINT('',(-0.0122925,0.0003,0.000585));
#3980=CARTESIAN_POINT('',(-0.0122925,0.0047,0.000585));
#3981=CARTESIAN_POINT('',(-0.012,0.0047,0.));
#3982=CARTESIAN_POINT('',(-0.01405,0.0047,-0.000585));
#3983=CARTESIAN_POINT('',(-0.00995,0.0047,-0.000585));
#3984=CARTESIAN_POINT('',(-0.011415,0.0047,-0.000585));
#3985=CARTESIAN_POINT('',(-0.00995,0.0047,-0.0002925));
#3986=CARTESIAN_POINT('',(-0.00995,0.0047,0.000585));
#3987=CARTESIAN_POINT('',(-0.012585,0.0047,0.000585));
#3988=CARTESIAN_POINT('',(-0.012585,0.0047,0.00205));
#3989=CARTESIAN_POINT('',(-0.012585,0.0047,-0.00205));
#3990=CARTESIAN_POINT('',(-0.0122925,0.0047,-0.00205));
#3991=CARTESIAN_POINT('',(-0.011415,0.0047,-0.00205));
#3992=CARTESIAN_POINT('',(-0.011415,0.0047,0.000585));
#3993=CARTESIAN_POINT('',(0.0095,0.,0.));
#3994=CARTESIAN_POINT('',(-0.0122925,0.,0.000885));
#3995=CARTESIAN_POINT('',(-0.00965,1.35525271560688E-20,0.000885));
#3996=CARTESIAN_POINT('',(-0.011115,0.,0.000885));
#3997=CARTESIAN_POINT('',(-0.00965,0.,-0.0002925));
#3998=CARTESIAN_POINT('',(-0.00965,1.92747052886312E-19,-0.000885));
#3999=CARTESIAN_POINT('',(-0.013025,0.,-0.000885));
#4000=CARTESIAN_POINT('',(-0.011115,-1.20466908053945E-20,-0.000885));
#4001=CARTESIAN_POINT('',(-0.011115,0.,0.0002925));
#4002=CARTESIAN_POINT('',(-0.011115,0.,-0.00235));
#4003=CARTESIAN_POINT('',(-0.0122925,0.,-0.00235));
#4004=CARTESIAN_POINT('',(-0.012885,3.61400724161835E-20,-0.00235));
#4005=CARTESIAN_POINT('',(-0.012885,0.,0.001025));
#4006=CARTESIAN_POINT('',(-0.012885,0.,-0.000885));
#4007=CARTESIAN_POINT('',(-0.013025,0.,-0.000885));
#4008=CARTESIAN_POINT('',(-0.01435,2.71050543121376E-20,-0.000885));
#4009=CARTESIAN_POINT('',(-0.01435,0.,0.0002925));
#4010=CARTESIAN_POINT('',(-0.01435,1.92747052886312E-19,0.000885));
#4011=CARTESIAN_POINT('',(-0.0122925,0.,0.000885));
#4012=CARTESIAN_POINT('',(-0.012885,-1.20466908053945E-20,0.000885));
#4013=CARTESIAN_POINT('',(-0.012885,0.,0.001025));
#4014=CARTESIAN_POINT('',(-0.012885,0.,0.00235));
#4015=CARTESIAN_POINT('',(-0.0117075,0.,0.00235));
#4016=CARTESIAN_POINT('',(-0.011115,3.61400724161835E-20,0.00235));
#4017=CARTESIAN_POINT('',(-0.011115,0.,0.0002925));
#4018=CARTESIAN_POINT('',(-0.012,0.,0.));
#4019=CARTESIAN_POINT('',(-0.012,0.,0.0028));
#4020=CARTESIAN_POINT('',(-0.012585,0.,0.000585));
#4021=CARTESIAN_POINT('',(-0.0122925,0.0003,0.000585));
#4022=CARTESIAN_POINT('',(-0.00995,0.0003,0.000585));
#4023=CARTESIAN_POINT('',(-0.00995,0.,0.000585));
#4024=CARTESIAN_POINT('',(-0.00995,0.,-0.000585));
#4025=CARTESIAN_POINT('',(-0.00995,0.0003,-0.0002925));
#4026=CARTESIAN_POINT('',(-0.00995,0.0003,-0.000585));
#4027=CARTESIAN_POINT('',(-0.00995,0.,-0.000585));
#4028=CARTESIAN_POINT('',(-0.01405,0.,-0.000585));
#4029=CARTESIAN_POINT('',(-0.013025,0.0003,-0.000585));
#4030=CARTESIAN_POINT('',(-0.011415,0.0003,-0.000585));
#4031=CARTESIAN_POINT('',(-0.011415,0.,-0.000585));
#4032=CARTESIAN_POINT('',(-0.011415,0.,0.000585));
#4033=CARTESIAN_POINT('',(-0.011415,0.0003,0.0002925));
#4034=CARTESIAN_POINT('',(-0.011415,0.0003,-0.00205));
#4035=CARTESIAN_POINT('',(-0.011415,0.,-0.00205));
#4036=CARTESIAN_POINT('',(-0.012585,0.,-0.00205));
#4037=CARTESIAN_POINT('',(-0.0122925,0.0003,-0.00205));
#4038=CARTESIAN_POINT('',(-0.012585,0.0003,-0.00205));
#4039=CARTESIAN_POINT('',(-0.012585,0.,-0.00205));
#4040=CARTESIAN_POINT('',(-0.012585,0.,0.00205));
#4041=CARTESIAN_POINT('',(-0.012585,0.0003,0.001025));
#4042=CARTESIAN_POINT('',(-0.011265,0.00015,0.0002925));
#4043=CARTESIAN_POINT('',(-0.0116075,0.0004925,-0.0018575));
#4044=CARTESIAN_POINT('',(-0.0116075,0.0004925,-0.0003925));
#4045=CARTESIAN_POINT('',(-0.0122925,0.00015,-0.0022));
#4046=CARTESIAN_POINT('',(-0.01166,0.001225,-0.001125));
#4047=CARTESIAN_POINT('',(-0.012735,0.00015,0.001025));
#4048=CARTESIAN_POINT('',(-0.0128316666666667,5.33333333333332E-5,-0.000831666666666667));
#4049=CARTESIAN_POINT('',(-0.0098,0.00015,-0.0002925));
#4050=CARTESIAN_POINT('',(-0.0106308333333333,0.000980833333333333,-9.58333333333328E-5));
#4051=CARTESIAN_POINT('',(-0.010875,0.001225,0.00034));
#4052=CARTESIAN_POINT('',(-0.013025,0.00015,-0.000735));
#4053=CARTESIAN_POINT('',(-0.01435,0.,-0.000885));
#4054=CARTESIAN_POINT('',(-0.0142,0.00015,0.0002925));
#4055=CARTESIAN_POINT('',(-0.01435,0.,0.000885));
#4056=CARTESIAN_POINT('',(-0.0122925,0.00015,0.000735));
#4057=CARTESIAN_POINT('',(-0.012885,0.,0.000885));
#4058=CARTESIAN_POINT('',(-0.012735,0.00015,0.001025));
#4059=CARTESIAN_POINT('',(-0.012885,0.,0.00235));
#4060=CARTESIAN_POINT('',(-0.0117075,0.00015,0.0022));
#4061=CARTESIAN_POINT('',(-0.011115,0.,0.00235));
#4062=CARTESIAN_POINT('',(-0.011265,0.00015,0.0002925));
#4063=CARTESIAN_POINT('',(-0.0116075,0.0004925,0.0003925));
#4064=CARTESIAN_POINT('',(-0.0122925,0.00015,0.000735));
#4065=CARTESIAN_POINT('',(-0.013025,0.00015,-0.000735));
#4066=CARTESIAN_POINT('',(-0.012,0.,0.));
#4067=MECHANICAL_DESIGN_GEOMETRIC_PRESENTATION_REPRESENTATION('',(#1881),
#4068);
#4068=(
GEOMETRIC_REPRESENTATION_CONTEXT(3)
GLOBAL_UNCERTAINTY_ASSIGNED_CONTEXT((#4069))
GLOBAL_UNIT_ASSIGNED_CONTEXT((#4072,#4071,#4070))
REPRESENTATION_CONTEXT('DSA V4 1x2 v4','TOP_LEVEL_ASSEMBLY_PART')
);
#4069=UNCERTAINTY_MEASURE_WITH_UNIT(LENGTH_MEASURE(2.E-5),#4072,
'DISTANCE_ACCURACY_VALUE','Maximum Tolerance applied to model');
#4070=(
NAMED_UNIT(*)
SI_UNIT($,.STERADIAN.)
SOLID_ANGLE_UNIT()
);
#4071=(
NAMED_UNIT(*)
PLANE_ANGLE_UNIT()
SI_UNIT($,.RADIAN.)
);
#4072=(
LENGTH_UNIT()
NAMED_UNIT(*)
SI_UNIT($,.METRE.)
);
#4073=PRODUCT_DEFINITION_SHAPE('','',#4074);
#4074=PRODUCT_DEFINITION('','',#4076,#4075);
#4075=PRODUCT_DEFINITION_CONTEXT('',#4082,'design');
#4076=PRODUCT_DEFINITION_FORMATION_WITH_SPECIFIED_SOURCE('','',#4078,
 .NOT_KNOWN.);
#4077=PRODUCT_RELATED_PRODUCT_CATEGORY('','',(#4078));
#4078=PRODUCT('DSA V4 1x2 v4','DSA V4 1x2 v4','DSA V4 1x2 v4',(#4080));
#4079=PRODUCT_CATEGORY('','');
#4080=PRODUCT_CONTEXT('',#4082,'mechanical');
#4081=APPLICATION_PROTOCOL_DEFINITION('international standard',
'ap242_managed_model_based_3d_engineering',2020,#4082);
#4082=APPLICATION_CONTEXT('managed model based 3d engineering');
ENDSEC;
END-ISO-10303-21;
