ISO-10303-21;
HEADER;
/* Generated by software containing ST-Developer
 * from STEP Tools, Inc. (www.steptools.com) 
 */
/* OPTION: using custom renumber hook */

FILE_DESCRIPTION(
/* description */ ('STEP AP242 Edition 2',
'CAx-IF Rec.Pracs.---Representation and Presentation of Product Manufa
cturing Information (PMI)---4.0---2014-10-13',
'CAx-IF Rec.Pracs.---3D Tessellated Geometry---0.4---2014-09-14','2;1',
'CAx-IF Rec.Pracs.---User Defined Attributes---1.5---2016-08-15'),
/* implementation_level */ '2;1');

FILE_NAME(
/* name */ 'DSA 1u',
/* time_stamp */ '2026-06-08T00:58:01Z',
/* author */ (''),
/* organization */ (''),
/* preprocessor_version */ 'ST-DEVELOPER v20',
/* originating_system */ 'ONSHAPE BY PTC INC, 1.216',
/* authorisation */ '  ');

FILE_SCHEMA (('AP242_MANAGED_MODEL_BASED_3D_ENGINEERING_MIM_LF { 1 0 10303 442 3 1 4 }'));
ENDSEC;

DATA;
#10=SHAPE_REPRESENTATION_RELATIONSHIP('','',#1276,#12);
#11=SHAPE_REPRESENTATION_RELATIONSHIP('','',#1277,#13);
#12=ADVANCED_BREP_SHAPE_REPRESENTATION('',(#1272),#2837);
#13=ADVANCED_BREP_SHAPE_REPRESENTATION('',(#1273),#2838);
#14=B_SPLINE_SURFACE_WITH_KNOTS('',3,3,((#1828,#1829,#1830,#1831,#1832),
(#1833,#1834,#1835,#1836,#1837),(#1838,#1839,#1840,#1841,#1842),(#1843,
#1844,#1845,#1846,#1847),(#1848,#1849,#1850,#1851,#1852),(#1853,#1854,#1855,
#1856,#1857),(#1858,#1859,#1860,#1861,#1862),(#1863,#1864,#1865,#1866,#1867),
(#1868,#1869,#1870,#1871,#1872),(#1873,#1874,#1875,#1876,#1877),(#1878,
#1879,#1880,#1881,#1882),(#1883,#1884,#1885,#1886,#1887),(#1888,#1889,#1890,
#1891,#1892),(#1893,#1894,#1895,#1896,#1897),(#1898,#1899,#1900,#1901,#1902),
(#1903,#1904,#1905,#1906,#1907),(#1908,#1909,#1910,#1911,#1912),(#1913,
#1914,#1915,#1916,#1917),(#1918,#1919,#1920,#1921,#1922),(#1923,#1924,#1925,
#1926,#1927),(#1928,#1929,#1930,#1931,#1932),(#1933,#1934,#1935,#1936,#1937),
(#1938,#1939,#1940,#1941,#1942),(#1943,#1944,#1945,#1946,#1947),(#1948,
#1949,#1950,#1951,#1952),(#1953,#1954,#1955,#1956,#1957),(#1958,#1959,#1960,
#1961,#1962),(#1963,#1964,#1965,#1966,#1967),(#1968,#1969,#1970,#1971,#1972),
(#1973,#1974,#1975,#1976,#1977),(#1978,#1979,#1980,#1981,#1982),(#1983,
#1984,#1985,#1986,#1987),(#1988,#1989,#1990,#1991,#1992),(#1993,#1994,#1995,
#1996,#1997),(#1998,#1999,#2000,#2001,#2002),(#2003,#2004,#2005,#2006,#2007),
(#2008,#2009,#2010,#2011,#2012),(#2013,#2014,#2015,#2016,#2017),(#2018,
#2019,#2020,#2021,#2022),(#2023,#2024,#2025,#2026,#2027),(#2028,#2029,#2030,
#2031,#2032),(#2033,#2034,#2035,#2036,#2037),(#2038,#2039,#2040,#2041,#2042),
(#2043,#2044,#2045,#2046,#2047),(#2048,#2049,#2050,#2051,#2052),(#2053,
#2054,#2055,#2056,#2057),(#2058,#2059,#2060,#2061,#2062),(#2063,#2064,#2065,
#2066,#2067)),.UNSPECIFIED.,.T.,.F.,.F.,(4,1,1,1,2,1,1,1,1,2,1,1,1,2,1,
1,1,1,1,2,1,1,1,2,1,1,1,1,1,2,1,1,1,2,1,1,1,1,4),(4,1,4),(-1.7765509801171E-14,
0.00313628350468166,0.00627256700938109,0.00940885051408052,0.01254513401878,
0.0422269922664267,0.0719088505140735,0.131272567009367,0.190636283504661,
0.249999999999954,0.253136283504649,0.256272567009344,0.259408850514039,
0.262545134018734,0.321908850514045,0.381272567009357,0.440636283504668,
0.470318141752323,0.485159070876151,0.499999999999979,0.504704425257021,
0.507056637885543,0.509408850514064,0.512545134018759,0.519965598580673,
0.527386063142587,0.542226992266414,0.57190885051407,0.690636283504693,
0.75,0.753136283504699,0.756272567009394,0.759408850514089,0.762545134018783,
0.821908850514103,0.881272567009424,0.940636283504744,0.970318141752404,
1.00000000000006),(0.0216817800081223,0.161441525721248,1.),
 .UNSPECIFIED.);
#15=B_SPLINE_SURFACE_WITH_KNOTS('',3,3,((#2205,#2206,#2207,#2208,#2209,
#2210,#2211,#2212,#2213,#2214,#2215,#2216,#2217,#2218,#2219,#2220,#2221,
#2222,#2223,#2224,#2225,#2226,#2227,#2228,#2229,#2230,#2231,#2232,#2233,
#2234,#2235,#2236,#2237,#2238,#2239,#2240,#2241,#2242,#2243,#2244,#2245,
#2246,#2247,#2248,#2249,#2250,#2251),(#2252,#2253,#2254,#2255,#2256,#2257,
#2258,#2259,#2260,#2261,#2262,#2263,#2264,#2265,#2266,#2267,#2268,#2269,
#2270,#2271,#2272,#2273,#2274,#2275,#2276,#2277,#2278,#2279,#2280,#2281,
#2282,#2283,#2284,#2285,#2286,#2287,#2288,#2289,#2290,#2291,#2292,#2293,
#2294,#2295,#2296,#2297,#2298),(#2299,#2300,#2301,#2302,#2303,#2304,#2305,
#2306,#2307,#2308,#2309,#2310,#2311,#2312,#2313,#2314,#2315,#2316,#2317,
#2318,#2319,#2320,#2321,#2322,#2323,#2324,#2325,#2326,#2327,#2328,#2329,
#2330,#2331,#2332,#2333,#2334,#2335,#2336,#2337,#2338,#2339,#2340,#2341,
#2342,#2343,#2344,#2345),(#2346,#2347,#2348,#2349,#2350,#2351,#2352,#2353,
#2354,#2355,#2356,#2357,#2358,#2359,#2360,#2361,#2362,#2363,#2364,#2365,
#2366,#2367,#2368,#2369,#2370,#2371,#2372,#2373,#2374,#2375,#2376,#2377,
#2378,#2379,#2380,#2381,#2382,#2383,#2384,#2385,#2386,#2387,#2388,#2389,
#2390,#2391,#2392),(#2393,#2394,#2395,#2396,#2397,#2398,#2399,#2400,#2401,
#2402,#2403,#2404,#2405,#2406,#2407,#2408,#2409,#2410,#2411,#2412,#2413,
#2414,#2415,#2416,#2417,#2418,#2419,#2420,#2421,#2422,#2423,#2424,#2425,
#2426,#2427,#2428,#2429,#2430,#2431,#2432,#2433,#2434,#2435,#2436,#2437,
#2438,#2439),(#2440,#2441,#2442,#2443,#2444,#2445,#2446,#2447,#2448,#2449,
#2450,#2451,#2452,#2453,#2454,#2455,#2456,#2457,#2458,#2459,#2460,#2461,
#2462,#2463,#2464,#2465,#2466,#2467,#2468,#2469,#2470,#2471,#2472,#2473,
#2474,#2475,#2476,#2477,#2478,#2479,#2480,#2481,#2482,#2483,#2484,#2485,
#2486),(#2487,#2488,#2489,#2490,#2491,#2492,#2493,#2494,#2495,#2496,#2497,
#2498,#2499,#2500,#2501,#2502,#2503,#2504,#2505,#2506,#2507,#2508,#2509,
#2510,#2511,#2512,#2513,#2514,#2515,#2516,#2517,#2518,#2519,#2520,#2521,
#2522,#2523,#2524,#2525,#2526,#2527,#2528,#2529,#2530,#2531,#2532,#2533),
(#2534,#2535,#2536,#2537,#2538,#2539,#2540,#2541,#2542,#2543,#2544,#2545,
#2546,#2547,#2548,#2549,#2550,#2551,#2552,#2553,#2554,#2555,#2556,#2557,
#2558,#2559,#2560,#2561,#2562,#2563,#2564,#2565,#2566,#2567,#2568,#2569,
#2570,#2571,#2572,#2573,#2574,#2575,#2576,#2577,#2578,#2579,#2580)),
 .UNSPECIFIED.,.F.,.T.,.F.,(4,1,3,4),(4,2,1,1,1,2,1,1,2,1,1,1,1,1,1,2,1,
1,2,1,1,1,1,2,1,1,2,1,1,1,1,2,1,2,1,4),(0.,0.5,1.,1.01),(-0.41241377129979,
-0.39681578462303,0.104231234336593,0.354754743816405,0.855801762776029,
1.35684878173565,1.41522913174609,1.4359424919888,1.46757997609006,1.65715330860742,
1.94561009540703,1.96872824805956,2.29683476433925,2.46987652002906,3.03281665956374,
3.22159892798331,3.25317785653833,3.27520164057318,3.3321251779259,3.36562394825104,
3.83319189791349,4.08372525790729,4.89697222385209,5.08585869788248,5.11744496617803,
5.14007881884216,5.19641063691692,5.23179111876038,5.36159448930308,5.69747680938011,
6.1985429818433,6.95014224053808,6.98983067541086,7.02951911028365,7.03402600337825,
7.04511709696041),.UNSPECIFIED.);
#16=SPHERICAL_SURFACE('',#1298,0.03875);
#17=CIRCLE('',#1282,0.0002);
#18=CIRCLE('',#1284,0.0002);
#19=CIRCLE('',#1287,0.0002);
#20=CIRCLE('',#1289,0.0002);
#21=CIRCLE('',#1297,0.0028);
#22=CIRCLE('',#1300,0.0028);
#23=CIRCLE('',#1329,0.0028);
#24=CIRCLE('',#1331,0.0028);
#25=B_SPLINE_CURVE_WITH_KNOTS('',3,(#1685,#1686,#1687,#1688),
 .UNSPECIFIED.,.F.,.F.,(4,4),(0.,1.),.UNSPECIFIED.);
#26=B_SPLINE_CURVE_WITH_KNOTS('',3,(#1694,#1695,#1696,#1697),
 .UNSPECIFIED.,.F.,.F.,(4,4),(0.,1.),.UNSPECIFIED.);
#27=B_SPLINE_CURVE_WITH_KNOTS('',3,(#1706,#1707,#1708,#1709),
 .UNSPECIFIED.,.F.,.F.,(4,4),(0.,1.),.UNSPECIFIED.);
#28=B_SPLINE_CURVE_WITH_KNOTS('',3,(#1712,#1713,#1714,#1715),
 .UNSPECIFIED.,.F.,.F.,(4,4),(0.,1.),.UNSPECIFIED.);
#29=B_SPLINE_CURVE_WITH_KNOTS('',3,(#1734,#1735,#1736,#1737),
 .UNSPECIFIED.,.F.,.F.,(4,4),(0.,1.),.UNSPECIFIED.);
#30=B_SPLINE_CURVE_WITH_KNOTS('',3,(#1758,#1759,#1760,#1761,#1762,#1763,
#1764,#1765,#1766,#1767,#1768,#1769,#1770,#1771,#1772,#1773,#1774,#1775,
#1776,#1777,#1778,#1779,#1780,#1781,#1782,#1783,#1784,#1785,#1786,#1787,
#1788,#1789,#1790,#1791,#1792,#1793,#1794,#1795,#1796,#1797,#1798,#1799,
#1800,#1801,#1802,#1803,#1804,#1805,#1806,#1807,#1808,#1809,#1810,#1811,
#1812,#1813,#1814,#1815,#1816,#1817,#1818,#1819,#1820,#1821,#1822,#1823,
#1824,#1825,#1826),.UNSPECIFIED.,.T.,.F.,(1,1,1,1,1,1,1,1,1,1,1,1,1,1,1,
1,1,1,1,1,1,1,1,1,1,1,1,1,1,1,1,1,1,1,1,1,1,1,1,1,1,1,1,1,1,1,1,1,1,1,1,
1,1,1,1,1,1,1,1,1,1,1,1,1,1,1,1,1,1,1,1,1,1),(-0.00973067482971979,-0.00493965874148594,
-0.00247354543707434,0.,0.007421875,0.0096484375,0.011615234375,0.01542451171875,
0.0304587255859375,0.0608979362792969,0.0921073968139648,0.123355369840698,
0.153824069166367,0.184292768492035,0.217027138424602,0.23350760692123,
0.240269130346061,0.245060331517303,0.247526454075865,0.249876322703793,
0.25741569113519,0.259648128306759,0.261615218915338,0.265424510945767,
0.280458725547288,0.310897936277364,0.341346416545616,0.371794896813868,
0.404527244840693,0.420189303541364,0.435851362242035,0.467105068112102,
0.483511503405605,0.49026932517028,0.495060341258514,0.497526454562926,
0.499876322728146,0.507415691136407,0.50964812830682,0.511615218915341,
0.515424510945767,0.530458725547288,0.560897936277364,0.592107396813868,
0.623355369840693,0.653824069166364,0.684292768492035,0.717027138424602,
0.73350760692123,0.740269130346061,0.745060331517303,0.747526454075865,
0.749876322703793,0.75741569113519,0.759648128306759,0.761615218915338,
0.765424510945767,0.780458725547288,0.810897936277364,0.841346416545616,
0.871794896813868,0.904527244840693,0.920189303541364,0.935851362242035,
0.967105068112102,0.983511503405605,0.99026932517028,0.995060341258514,
0.997526454562926,1.,1.007421875,1.0096484375,1.011615234375),
 .UNSPECIFIED.);
#31=B_SPLINE_CURVE_WITH_KNOTS('',3,(#2068,#2069,#2070,#2071,#2072,#2073,
#2074,#2075,#2076,#2077,#2078,#2079,#2080,#2081,#2082,#2083,#2084,#2085,
#2086,#2087,#2088,#2089,#2090,#2091,#2092,#2093,#2094),.UNSPECIFIED.,.F.,
 .F.,(4,1,1,1,1,1,1,1,1,1,1,1,1,1,1,1,1,1,1,1,1,1,1,1,4),(0.,0.00390625,
0.0078125,0.015625,0.03125,0.046875,0.0625,0.09375,0.125,0.1875,0.21875,
0.25,0.28125,0.3125,0.375,0.5,0.625,0.6875,0.71875,0.75,0.78125,0.8125,
0.875,0.9375,1.),.UNSPECIFIED.);
#32=B_SPLINE_CURVE_WITH_KNOTS('',3,(#2097,#2098,#2099,#2100,#2101,#2102,
#2103,#2104),.UNSPECIFIED.,.F.,.F.,(4,1,1,1,1,4),(0.,0.125,0.25,0.5,0.75,
1.),.UNSPECIFIED.);
#33=B_SPLINE_CURVE_WITH_KNOTS('',3,(#2106,#2107,#2108,#2109,#2110,#2111,
#2112,#2113,#2114,#2115,#2116,#2117),.UNSPECIFIED.,.F.,.F.,(4,1,1,1,1,1,
1,1,1,4),(0.,0.125,0.25,0.375,0.4375,0.5,0.625,0.75,0.875,1.),
 .UNSPECIFIED.);
#34=B_SPLINE_CURVE_WITH_KNOTS('',3,(#2119,#2120,#2121,#2122,#2123,#2124,
#2125,#2126,#2127,#2128),.UNSPECIFIED.,.F.,.F.,(4,1,1,1,1,1,1,4),(0.,0.125,
0.1875,0.25,0.375,0.5,0.75,1.),.UNSPECIFIED.);
#35=B_SPLINE_CURVE_WITH_KNOTS('',3,(#2130,#2131,#2132,#2133,#2134,#2135,
#2136,#2137,#2138,#2139,#2140,#2141,#2142,#2143,#2144,#2145,#2146,#2147,
#2148,#2149,#2150,#2151,#2152,#2153),.UNSPECIFIED.,.F.,.F.,(4,1,1,1,1,1,
1,1,1,1,1,1,1,1,1,1,1,1,1,1,1,4),(0.,0.03125,0.0625,0.09375,0.109375,0.125,
0.140625,0.15625,0.1875,0.21875,0.25,0.28125,0.3125,0.375,0.4375,0.5,0.53125,
0.5625,0.625,0.75,0.875,1.),.UNSPECIFIED.);
#36=B_SPLINE_CURVE_WITH_KNOTS('',3,(#2155,#2156,#2157,#2158,#2159,#2160,
#2161,#2162,#2163,#2164,#2165),.UNSPECIFIED.,.F.,.F.,(4,1,1,1,1,1,1,1,4),
(0.,0.125,0.1875,0.25,0.375,0.5,0.75,0.875,1.),.UNSPECIFIED.);
#37=B_SPLINE_CURVE_WITH_KNOTS('',3,(#2167,#2168,#2169,#2170,#2171,#2172,
#2173,#2174,#2175,#2176,#2177,#2178,#2179,#2180,#2181,#2182,#2183,#2184,
#2185,#2186,#2187,#2188,#2189,#2190,#2191,#2192),.UNSPECIFIED.,.F.,.F.,
(4,1,1,1,1,1,1,1,1,1,1,1,1,1,1,1,1,1,1,1,1,1,1,4),(0.,0.03125,0.0625,0.09375,
0.109375,0.125,0.140625,0.15625,0.1875,0.21875,0.25,0.28125,0.3125,0.375,
0.5,0.625,0.6875,0.71875,0.75,0.78125,0.8125,0.875,0.9375,1.),
 .UNSPECIFIED.);
#38=B_SPLINE_CURVE_WITH_KNOTS('',3,(#2194,#2195,#2196,#2197,#2198,#2199),
 .UNSPECIFIED.,.F.,.F.,(4,1,1,4),(0.,0.25,0.5,1.),.UNSPECIFIED.);
#39=B_SPLINE_CURVE_WITH_KNOTS('',3,(#2201,#2202,#2203,#2204),
 .UNSPECIFIED.,.F.,.F.,(4,4),(0.,1.),.UNSPECIFIED.);
#40=CYLINDRICAL_SURFACE('',#1281,0.0002);
#41=CYLINDRICAL_SURFACE('',#1283,0.0002);
#42=CYLINDRICAL_SURFACE('',#1286,0.0002);
#43=CYLINDRICAL_SURFACE('',#1291,0.0002);
#44=CYLINDRICAL_SURFACE('',#1299,0.0028);
#45=CYLINDRICAL_SURFACE('',#1330,0.0028);
#46=ORIENTED_EDGE('',*,*,#386,.F.);
#47=ORIENTED_EDGE('',*,*,#387,.F.);
#48=ORIENTED_EDGE('',*,*,#388,.F.);
#49=ORIENTED_EDGE('',*,*,#389,.T.);
#50=ORIENTED_EDGE('',*,*,#390,.F.);
#51=ORIENTED_EDGE('',*,*,#391,.F.);
#52=ORIENTED_EDGE('',*,*,#392,.F.);
#53=ORIENTED_EDGE('',*,*,#393,.T.);
#54=ORIENTED_EDGE('',*,*,#394,.T.);
#55=ORIENTED_EDGE('',*,*,#395,.T.);
#56=ORIENTED_EDGE('',*,*,#396,.T.);
#57=ORIENTED_EDGE('',*,*,#388,.T.);
#58=ORIENTED_EDGE('',*,*,#397,.T.);
#59=ORIENTED_EDGE('',*,*,#386,.T.);
#60=ORIENTED_EDGE('',*,*,#398,.T.);
#61=ORIENTED_EDGE('',*,*,#399,.T.);
#62=ORIENTED_EDGE('',*,*,#400,.F.);
#63=ORIENTED_EDGE('',*,*,#401,.F.);
#64=ORIENTED_EDGE('',*,*,#399,.F.);
#65=ORIENTED_EDGE('',*,*,#402,.T.);
#66=ORIENTED_EDGE('',*,*,#403,.T.);
#67=ORIENTED_EDGE('',*,*,#400,.T.);
#68=ORIENTED_EDGE('',*,*,#404,.T.);
#69=ORIENTED_EDGE('',*,*,#392,.T.);
#70=ORIENTED_EDGE('',*,*,#405,.T.);
#71=ORIENTED_EDGE('',*,*,#406,.T.);
#72=ORIENTED_EDGE('',*,*,#407,.T.);
#73=ORIENTED_EDGE('',*,*,#408,.T.);
#74=ORIENTED_EDGE('',*,*,#409,.F.);
#75=ORIENTED_EDGE('',*,*,#393,.F.);
#76=ORIENTED_EDGE('',*,*,#404,.F.);
#77=ORIENTED_EDGE('',*,*,#402,.F.);
#78=ORIENTED_EDGE('',*,*,#398,.F.);
#79=ORIENTED_EDGE('',*,*,#389,.F.);
#80=ORIENTED_EDGE('',*,*,#396,.F.);
#81=ORIENTED_EDGE('',*,*,#410,.F.);
#82=ORIENTED_EDGE('',*,*,#411,.F.);
#83=ORIENTED_EDGE('',*,*,#410,.T.);
#84=ORIENTED_EDGE('',*,*,#395,.F.);
#85=ORIENTED_EDGE('',*,*,#412,.F.);
#86=ORIENTED_EDGE('',*,*,#413,.T.);
#87=ORIENTED_EDGE('',*,*,#390,.T.);
#88=ORIENTED_EDGE('',*,*,#409,.T.);
#89=ORIENTED_EDGE('',*,*,#411,.T.);
#90=ORIENTED_EDGE('',*,*,#408,.F.);
#91=ORIENTED_EDGE('',*,*,#414,.T.);
#92=ORIENTED_EDGE('',*,*,#415,.T.);
#93=ORIENTED_EDGE('',*,*,#416,.F.);
#94=ORIENTED_EDGE('',*,*,#407,.F.);
#95=ORIENTED_EDGE('',*,*,#417,.T.);
#96=ORIENTED_EDGE('',*,*,#418,.T.);
#97=ORIENTED_EDGE('',*,*,#414,.F.);
#98=ORIENTED_EDGE('',*,*,#406,.F.);
#99=ORIENTED_EDGE('',*,*,#419,.T.);
#100=ORIENTED_EDGE('',*,*,#420,.T.);
#101=ORIENTED_EDGE('',*,*,#417,.F.);
#102=ORIENTED_EDGE('',*,*,#405,.F.);
#103=ORIENTED_EDGE('',*,*,#416,.T.);
#104=ORIENTED_EDGE('',*,*,#421,.T.);
#105=ORIENTED_EDGE('',*,*,#419,.F.);
#106=ORIENTED_EDGE('',*,*,#422,.T.);
#107=ORIENTED_EDGE('',*,*,#421,.F.);
#108=ORIENTED_EDGE('',*,*,#415,.F.);
#109=ORIENTED_EDGE('',*,*,#418,.F.);
#110=ORIENTED_EDGE('',*,*,#420,.F.);
#111=ORIENTED_EDGE('',*,*,#423,.F.);
#112=ORIENTED_EDGE('',*,*,#412,.T.);
#113=ORIENTED_EDGE('',*,*,#394,.F.);
#114=ORIENTED_EDGE('',*,*,#387,.T.);
#115=ORIENTED_EDGE('',*,*,#397,.F.);
#116=ORIENTED_EDGE('',*,*,#401,.T.);
#117=ORIENTED_EDGE('',*,*,#403,.F.);
#118=ORIENTED_EDGE('',*,*,#391,.T.);
#119=ORIENTED_EDGE('',*,*,#413,.F.);
#120=ORIENTED_EDGE('',*,*,#424,.F.);
#121=ORIENTED_EDGE('',*,*,#425,.F.);
#122=ORIENTED_EDGE('',*,*,#426,.F.);
#123=ORIENTED_EDGE('',*,*,#427,.F.);
#124=ORIENTED_EDGE('',*,*,#428,.F.);
#125=ORIENTED_EDGE('',*,*,#429,.F.);
#126=ORIENTED_EDGE('',*,*,#430,.F.);
#127=ORIENTED_EDGE('',*,*,#431,.F.);
#128=ORIENTED_EDGE('',*,*,#432,.F.);
#129=ORIENTED_EDGE('',*,*,#423,.T.);
#130=ORIENTED_EDGE('',*,*,#432,.T.);
#131=ORIENTED_EDGE('',*,*,#431,.T.);
#132=ORIENTED_EDGE('',*,*,#430,.T.);
#133=ORIENTED_EDGE('',*,*,#429,.T.);
#134=ORIENTED_EDGE('',*,*,#428,.T.);
#135=ORIENTED_EDGE('',*,*,#427,.T.);
#136=ORIENTED_EDGE('',*,*,#426,.T.);
#137=ORIENTED_EDGE('',*,*,#425,.T.);
#138=ORIENTED_EDGE('',*,*,#424,.T.);
#139=ORIENTED_EDGE('',*,*,#433,.T.);
#140=ORIENTED_EDGE('',*,*,#422,.F.);
#141=ORIENTED_EDGE('',*,*,#434,.F.);
#142=ORIENTED_EDGE('',*,*,#435,.T.);
#143=ORIENTED_EDGE('',*,*,#436,.T.);
#144=ORIENTED_EDGE('',*,*,#437,.F.);
#145=ORIENTED_EDGE('',*,*,#438,.F.);
#146=ORIENTED_EDGE('',*,*,#439,.T.);
#147=ORIENTED_EDGE('',*,*,#440,.T.);
#148=ORIENTED_EDGE('',*,*,#435,.F.);
#149=ORIENTED_EDGE('',*,*,#441,.F.);
#150=ORIENTED_EDGE('',*,*,#442,.T.);
#151=ORIENTED_EDGE('',*,*,#443,.T.);
#152=ORIENTED_EDGE('',*,*,#444,.F.);
#153=ORIENTED_EDGE('',*,*,#445,.F.);
#154=ORIENTED_EDGE('',*,*,#446,.T.);
#155=ORIENTED_EDGE('',*,*,#447,.T.);
#156=ORIENTED_EDGE('',*,*,#442,.F.);
#157=ORIENTED_EDGE('',*,*,#448,.F.);
#158=ORIENTED_EDGE('',*,*,#449,.T.);
#159=ORIENTED_EDGE('',*,*,#450,.T.);
#160=ORIENTED_EDGE('',*,*,#446,.F.);
#161=ORIENTED_EDGE('',*,*,#451,.F.);
#162=ORIENTED_EDGE('',*,*,#437,.T.);
#163=ORIENTED_EDGE('',*,*,#452,.T.);
#164=ORIENTED_EDGE('',*,*,#449,.F.);
#165=ORIENTED_EDGE('',*,*,#453,.F.);
#166=ORIENTED_EDGE('',*,*,#454,.F.);
#167=ORIENTED_EDGE('',*,*,#455,.F.);
#168=ORIENTED_EDGE('',*,*,#443,.F.);
#169=ORIENTED_EDGE('',*,*,#447,.F.);
#170=ORIENTED_EDGE('',*,*,#450,.F.);
#171=ORIENTED_EDGE('',*,*,#452,.F.);
#172=ORIENTED_EDGE('',*,*,#436,.F.);
#173=ORIENTED_EDGE('',*,*,#440,.F.);
#174=ORIENTED_EDGE('',*,*,#456,.F.);
#175=ORIENTED_EDGE('',*,*,#457,.F.);
#176=ORIENTED_EDGE('',*,*,#458,.F.);
#177=ORIENTED_EDGE('',*,*,#459,.F.);
#178=ORIENTED_EDGE('',*,*,#460,.F.);
#179=ORIENTED_EDGE('',*,*,#461,.F.);
#180=ORIENTED_EDGE('',*,*,#462,.F.);
#181=ORIENTED_EDGE('',*,*,#463,.F.);
#182=ORIENTED_EDGE('',*,*,#464,.F.);
#183=ORIENTED_EDGE('',*,*,#465,.F.);
#184=ORIENTED_EDGE('',*,*,#466,.F.);
#185=ORIENTED_EDGE('',*,*,#467,.F.);
#186=ORIENTED_EDGE('',*,*,#468,.F.);
#187=ORIENTED_EDGE('',*,*,#469,.F.);
#188=ORIENTED_EDGE('',*,*,#470,.F.);
#189=ORIENTED_EDGE('',*,*,#433,.F.);
#190=ORIENTED_EDGE('',*,*,#471,.F.);
#191=ORIENTED_EDGE('',*,*,#444,.T.);
#192=ORIENTED_EDGE('',*,*,#455,.T.);
#193=ORIENTED_EDGE('',*,*,#472,.F.);
#194=ORIENTED_EDGE('',*,*,#473,.F.);
#195=ORIENTED_EDGE('',*,*,#472,.T.);
#196=ORIENTED_EDGE('',*,*,#454,.T.);
#197=ORIENTED_EDGE('',*,*,#474,.F.);
#198=ORIENTED_EDGE('',*,*,#475,.F.);
#199=ORIENTED_EDGE('',*,*,#474,.T.);
#200=ORIENTED_EDGE('',*,*,#453,.T.);
#201=ORIENTED_EDGE('',*,*,#476,.F.);
#202=ORIENTED_EDGE('',*,*,#477,.F.);
#203=ORIENTED_EDGE('',*,*,#476,.T.);
#204=ORIENTED_EDGE('',*,*,#458,.T.);
#205=ORIENTED_EDGE('',*,*,#478,.F.);
#206=ORIENTED_EDGE('',*,*,#479,.F.);
#207=ORIENTED_EDGE('',*,*,#478,.T.);
#208=ORIENTED_EDGE('',*,*,#457,.T.);
#209=ORIENTED_EDGE('',*,*,#480,.F.);
#210=ORIENTED_EDGE('',*,*,#481,.F.);
#211=ORIENTED_EDGE('',*,*,#480,.T.);
#212=ORIENTED_EDGE('',*,*,#456,.T.);
#213=ORIENTED_EDGE('',*,*,#439,.F.);
#214=ORIENTED_EDGE('',*,*,#477,.T.);
#215=ORIENTED_EDGE('',*,*,#482,.F.);
#216=ORIENTED_EDGE('',*,*,#462,.T.);
#217=ORIENTED_EDGE('',*,*,#483,.T.);
#218=ORIENTED_EDGE('',*,*,#479,.T.);
#219=ORIENTED_EDGE('',*,*,#484,.F.);
#220=ORIENTED_EDGE('',*,*,#463,.T.);
#221=ORIENTED_EDGE('',*,*,#482,.T.);
#222=ORIENTED_EDGE('',*,*,#481,.T.);
#223=ORIENTED_EDGE('',*,*,#485,.F.);
#224=ORIENTED_EDGE('',*,*,#464,.T.);
#225=ORIENTED_EDGE('',*,*,#484,.T.);
#226=ORIENTED_EDGE('',*,*,#460,.T.);
#227=ORIENTED_EDGE('',*,*,#486,.F.);
#228=ORIENTED_EDGE('',*,*,#473,.T.);
#229=ORIENTED_EDGE('',*,*,#487,.F.);
#230=ORIENTED_EDGE('',*,*,#438,.T.);
#231=ORIENTED_EDGE('',*,*,#488,.F.);
#232=ORIENTED_EDGE('',*,*,#465,.T.);
#233=ORIENTED_EDGE('',*,*,#485,.T.);
#234=ORIENTED_EDGE('',*,*,#434,.T.);
#235=ORIENTED_EDGE('',*,*,#489,.F.);
#236=ORIENTED_EDGE('',*,*,#466,.T.);
#237=ORIENTED_EDGE('',*,*,#488,.T.);
#238=ORIENTED_EDGE('',*,*,#451,.T.);
#239=ORIENTED_EDGE('',*,*,#490,.F.);
#240=ORIENTED_EDGE('',*,*,#467,.T.);
#241=ORIENTED_EDGE('',*,*,#489,.T.);
#242=ORIENTED_EDGE('',*,*,#448,.T.);
#243=ORIENTED_EDGE('',*,*,#491,.F.);
#244=ORIENTED_EDGE('',*,*,#468,.T.);
#245=ORIENTED_EDGE('',*,*,#490,.T.);
#246=ORIENTED_EDGE('',*,*,#469,.T.);
#247=ORIENTED_EDGE('',*,*,#491,.T.);
#248=ORIENTED_EDGE('',*,*,#445,.T.);
#249=ORIENTED_EDGE('',*,*,#492,.F.);
#250=ORIENTED_EDGE('',*,*,#470,.T.);
#251=ORIENTED_EDGE('',*,*,#492,.T.);
#252=ORIENTED_EDGE('',*,*,#441,.T.);
#253=ORIENTED_EDGE('',*,*,#493,.F.);
#254=ORIENTED_EDGE('',*,*,#459,.T.);
#255=ORIENTED_EDGE('',*,*,#493,.T.);
#256=ORIENTED_EDGE('',*,*,#471,.T.);
#257=ORIENTED_EDGE('',*,*,#486,.T.);
#258=ORIENTED_EDGE('',*,*,#461,.T.);
#259=ORIENTED_EDGE('',*,*,#487,.T.);
#260=ORIENTED_EDGE('',*,*,#475,.T.);
#261=ORIENTED_EDGE('',*,*,#483,.F.);
#262=ORIENTED_EDGE('',*,*,#494,.T.);
#263=ORIENTED_EDGE('',*,*,#495,.T.);
#264=ORIENTED_EDGE('',*,*,#494,.F.);
#265=ORIENTED_EDGE('',*,*,#496,.F.);
#266=ORIENTED_EDGE('',*,*,#497,.T.);
#267=ORIENTED_EDGE('',*,*,#498,.T.);
#268=ORIENTED_EDGE('',*,*,#499,.F.);
#269=ORIENTED_EDGE('',*,*,#500,.F.);
#270=ORIENTED_EDGE('',*,*,#501,.T.);
#271=ORIENTED_EDGE('',*,*,#502,.T.);
#272=ORIENTED_EDGE('',*,*,#497,.F.);
#273=ORIENTED_EDGE('',*,*,#503,.F.);
#274=ORIENTED_EDGE('',*,*,#504,.T.);
#275=ORIENTED_EDGE('',*,*,#505,.T.);
#276=ORIENTED_EDGE('',*,*,#506,.F.);
#277=ORIENTED_EDGE('',*,*,#507,.F.);
#278=ORIENTED_EDGE('',*,*,#508,.T.);
#279=ORIENTED_EDGE('',*,*,#509,.T.);
#280=ORIENTED_EDGE('',*,*,#504,.F.);
#281=ORIENTED_EDGE('',*,*,#510,.F.);
#282=ORIENTED_EDGE('',*,*,#511,.T.);
#283=ORIENTED_EDGE('',*,*,#512,.T.);
#284=ORIENTED_EDGE('',*,*,#508,.F.);
#285=ORIENTED_EDGE('',*,*,#513,.F.);
#286=ORIENTED_EDGE('',*,*,#499,.T.);
#287=ORIENTED_EDGE('',*,*,#514,.T.);
#288=ORIENTED_EDGE('',*,*,#511,.F.);
#289=ORIENTED_EDGE('',*,*,#515,.F.);
#290=ORIENTED_EDGE('',*,*,#516,.F.);
#291=ORIENTED_EDGE('',*,*,#517,.F.);
#292=ORIENTED_EDGE('',*,*,#505,.F.);
#293=ORIENTED_EDGE('',*,*,#509,.F.);
#294=ORIENTED_EDGE('',*,*,#512,.F.);
#295=ORIENTED_EDGE('',*,*,#514,.F.);
#296=ORIENTED_EDGE('',*,*,#498,.F.);
#297=ORIENTED_EDGE('',*,*,#502,.F.);
#298=ORIENTED_EDGE('',*,*,#518,.F.);
#299=ORIENTED_EDGE('',*,*,#519,.F.);
#300=ORIENTED_EDGE('',*,*,#520,.F.);
#301=ORIENTED_EDGE('',*,*,#521,.F.);
#302=ORIENTED_EDGE('',*,*,#522,.F.);
#303=ORIENTED_EDGE('',*,*,#523,.F.);
#304=ORIENTED_EDGE('',*,*,#524,.F.);
#305=ORIENTED_EDGE('',*,*,#525,.F.);
#306=ORIENTED_EDGE('',*,*,#526,.F.);
#307=ORIENTED_EDGE('',*,*,#527,.F.);
#308=ORIENTED_EDGE('',*,*,#528,.F.);
#309=ORIENTED_EDGE('',*,*,#529,.F.);
#310=ORIENTED_EDGE('',*,*,#530,.F.);
#311=ORIENTED_EDGE('',*,*,#531,.F.);
#312=ORIENTED_EDGE('',*,*,#532,.F.);
#313=ORIENTED_EDGE('',*,*,#495,.F.);
#314=ORIENTED_EDGE('',*,*,#533,.F.);
#315=ORIENTED_EDGE('',*,*,#506,.T.);
#316=ORIENTED_EDGE('',*,*,#517,.T.);
#317=ORIENTED_EDGE('',*,*,#534,.F.);
#318=ORIENTED_EDGE('',*,*,#535,.F.);
#319=ORIENTED_EDGE('',*,*,#534,.T.);
#320=ORIENTED_EDGE('',*,*,#516,.T.);
#321=ORIENTED_EDGE('',*,*,#536,.F.);
#322=ORIENTED_EDGE('',*,*,#537,.F.);
#323=ORIENTED_EDGE('',*,*,#536,.T.);
#324=ORIENTED_EDGE('',*,*,#515,.T.);
#325=ORIENTED_EDGE('',*,*,#538,.F.);
#326=ORIENTED_EDGE('',*,*,#539,.F.);
#327=ORIENTED_EDGE('',*,*,#538,.T.);
#328=ORIENTED_EDGE('',*,*,#520,.T.);
#329=ORIENTED_EDGE('',*,*,#540,.F.);
#330=ORIENTED_EDGE('',*,*,#541,.F.);
#331=ORIENTED_EDGE('',*,*,#540,.T.);
#332=ORIENTED_EDGE('',*,*,#519,.T.);
#333=ORIENTED_EDGE('',*,*,#542,.F.);
#334=ORIENTED_EDGE('',*,*,#543,.F.);
#335=ORIENTED_EDGE('',*,*,#542,.T.);
#336=ORIENTED_EDGE('',*,*,#518,.T.);
#337=ORIENTED_EDGE('',*,*,#501,.F.);
#338=ORIENTED_EDGE('',*,*,#539,.T.);
#339=ORIENTED_EDGE('',*,*,#544,.F.);
#340=ORIENTED_EDGE('',*,*,#524,.T.);
#341=ORIENTED_EDGE('',*,*,#545,.T.);
#342=ORIENTED_EDGE('',*,*,#541,.T.);
#343=ORIENTED_EDGE('',*,*,#546,.F.);
#344=ORIENTED_EDGE('',*,*,#525,.T.);
#345=ORIENTED_EDGE('',*,*,#544,.T.);
#346=ORIENTED_EDGE('',*,*,#543,.T.);
#347=ORIENTED_EDGE('',*,*,#547,.F.);
#348=ORIENTED_EDGE('',*,*,#526,.T.);
#349=ORIENTED_EDGE('',*,*,#546,.T.);
#350=ORIENTED_EDGE('',*,*,#522,.T.);
#351=ORIENTED_EDGE('',*,*,#548,.F.);
#352=ORIENTED_EDGE('',*,*,#535,.T.);
#353=ORIENTED_EDGE('',*,*,#549,.F.);
#354=ORIENTED_EDGE('',*,*,#500,.T.);
#355=ORIENTED_EDGE('',*,*,#550,.F.);
#356=ORIENTED_EDGE('',*,*,#527,.T.);
#357=ORIENTED_EDGE('',*,*,#547,.T.);
#358=ORIENTED_EDGE('',*,*,#496,.T.);
#359=ORIENTED_EDGE('',*,*,#551,.F.);
#360=ORIENTED_EDGE('',*,*,#528,.T.);
#361=ORIENTED_EDGE('',*,*,#550,.T.);
#362=ORIENTED_EDGE('',*,*,#513,.T.);
#363=ORIENTED_EDGE('',*,*,#552,.F.);
#364=ORIENTED_EDGE('',*,*,#529,.T.);
#365=ORIENTED_EDGE('',*,*,#551,.T.);
#366=ORIENTED_EDGE('',*,*,#510,.T.);
#367=ORIENTED_EDGE('',*,*,#553,.F.);
#368=ORIENTED_EDGE('',*,*,#530,.T.);
#369=ORIENTED_EDGE('',*,*,#552,.T.);
#370=ORIENTED_EDGE('',*,*,#531,.T.);
#371=ORIENTED_EDGE('',*,*,#553,.T.);
#372=ORIENTED_EDGE('',*,*,#507,.T.);
#373=ORIENTED_EDGE('',*,*,#554,.F.);
#374=ORIENTED_EDGE('',*,*,#532,.T.);
#375=ORIENTED_EDGE('',*,*,#554,.T.);
#376=ORIENTED_EDGE('',*,*,#503,.T.);
#377=ORIENTED_EDGE('',*,*,#555,.F.);
#378=ORIENTED_EDGE('',*,*,#521,.T.);
#379=ORIENTED_EDGE('',*,*,#555,.T.);
#380=ORIENTED_EDGE('',*,*,#533,.T.);
#381=ORIENTED_EDGE('',*,*,#548,.T.);
#382=ORIENTED_EDGE('',*,*,#523,.T.);
#383=ORIENTED_EDGE('',*,*,#549,.T.);
#384=ORIENTED_EDGE('',*,*,#537,.T.);
#385=ORIENTED_EDGE('',*,*,#545,.F.);
#386=EDGE_CURVE('',#556,#557,#666,.T.);
#387=EDGE_CURVE('',#558,#556,#667,.T.);
#388=EDGE_CURVE('',#559,#558,#668,.T.);
#389=EDGE_CURVE('',#559,#557,#669,.T.);
#390=EDGE_CURVE('',#560,#561,#670,.T.);
#391=EDGE_CURVE('',#562,#560,#671,.T.);
#392=EDGE_CURVE('',#563,#562,#672,.T.);
#393=EDGE_CURVE('',#563,#561,#673,.T.);
#394=EDGE_CURVE('',#558,#564,#25,.T.);
#395=EDGE_CURVE('',#564,#565,#674,.T.);
#396=EDGE_CURVE('',#565,#559,#17,.T.);
#397=EDGE_CURVE('',#566,#556,#26,.T.);
#398=EDGE_CURVE('',#557,#567,#18,.T.);
#399=EDGE_CURVE('',#567,#566,#675,.T.);
#400=EDGE_CURVE('',#568,#569,#676,.T.);
#401=EDGE_CURVE('',#566,#568,#27,.F.);
#402=EDGE_CURVE('',#567,#569,#677,.T.);
#403=EDGE_CURVE('',#562,#568,#28,.T.);
#404=EDGE_CURVE('',#569,#563,#19,.T.);
#405=EDGE_CURVE('',#570,#571,#678,.T.);
#406=EDGE_CURVE('',#571,#572,#679,.T.);
#407=EDGE_CURVE('',#572,#573,#680,.T.);
#408=EDGE_CURVE('',#573,#570,#681,.T.);
#409=EDGE_CURVE('',#561,#574,#20,.T.);
#410=EDGE_CURVE('',#574,#565,#682,.T.);
#411=EDGE_CURVE('',#574,#575,#683,.T.);
#412=EDGE_CURVE('',#575,#564,#684,.T.);
#413=EDGE_CURVE('',#575,#560,#29,.T.);
#414=EDGE_CURVE('',#573,#576,#685,.T.);
#415=EDGE_CURVE('',#576,#577,#686,.T.);
#416=EDGE_CURVE('',#570,#577,#687,.T.);
#417=EDGE_CURVE('',#572,#578,#688,.T.);
#418=EDGE_CURVE('',#578,#576,#689,.T.);
#419=EDGE_CURVE('',#571,#579,#690,.T.);
#420=EDGE_CURVE('',#579,#578,#691,.T.);
#421=EDGE_CURVE('',#577,#579,#692,.T.);
#422=EDGE_CURVE('',#580,#580,#21,.T.);
#423=EDGE_CURVE('',#581,#581,#30,.F.);
#424=EDGE_CURVE('',#582,#583,#31,.F.);
#425=EDGE_CURVE('',#584,#582,#32,.F.);
#426=EDGE_CURVE('',#585,#584,#33,.F.);
#427=EDGE_CURVE('',#586,#585,#34,.F.);
#428=EDGE_CURVE('',#587,#586,#35,.F.);
#429=EDGE_CURVE('',#588,#587,#36,.F.);
#430=EDGE_CURVE('',#589,#588,#37,.F.);
#431=EDGE_CURVE('',#590,#589,#38,.F.);
#432=EDGE_CURVE('',#583,#590,#39,.F.);
#433=EDGE_CURVE('',#591,#591,#22,.T.);
#434=EDGE_CURVE('',#592,#593,#693,.T.);
#435=EDGE_CURVE('',#592,#594,#694,.T.);
#436=EDGE_CURVE('',#594,#595,#695,.T.);
#437=EDGE_CURVE('',#593,#595,#696,.T.);
#438=EDGE_CURVE('',#596,#592,#697,.T.);
#439=EDGE_CURVE('',#596,#597,#698,.T.);
#440=EDGE_CURVE('',#597,#594,#699,.T.);
#441=EDGE_CURVE('',#598,#599,#700,.T.);
#442=EDGE_CURVE('',#598,#600,#701,.T.);
#443=EDGE_CURVE('',#600,#601,#702,.T.);
#444=EDGE_CURVE('',#599,#601,#703,.T.);
#445=EDGE_CURVE('',#602,#598,#704,.T.);
#446=EDGE_CURVE('',#602,#603,#705,.T.);
#447=EDGE_CURVE('',#603,#600,#706,.T.);
#448=EDGE_CURVE('',#604,#602,#707,.T.);
#449=EDGE_CURVE('',#604,#605,#708,.T.);
#450=EDGE_CURVE('',#605,#603,#709,.T.);
#451=EDGE_CURVE('',#593,#604,#710,.T.);
#452=EDGE_CURVE('',#595,#605,#711,.T.);
#453=EDGE_CURVE('',#606,#607,#712,.T.);
#454=EDGE_CURVE('',#608,#606,#713,.T.);
#455=EDGE_CURVE('',#601,#608,#714,.T.);
#456=EDGE_CURVE('',#609,#597,#715,.T.);
#457=EDGE_CURVE('',#610,#609,#716,.T.);
#458=EDGE_CURVE('',#607,#610,#717,.T.);
#459=EDGE_CURVE('',#611,#612,#718,.T.);
#460=EDGE_CURVE('',#613,#611,#719,.T.);
#461=EDGE_CURVE('',#614,#613,#720,.T.);
#462=EDGE_CURVE('',#615,#614,#721,.T.);
#463=EDGE_CURVE('',#616,#615,#722,.T.);
#464=EDGE_CURVE('',#617,#616,#723,.T.);
#465=EDGE_CURVE('',#618,#617,#724,.T.);
#466=EDGE_CURVE('',#619,#618,#725,.T.);
#467=EDGE_CURVE('',#620,#619,#726,.T.);
#468=EDGE_CURVE('',#621,#620,#727,.T.);
#469=EDGE_CURVE('',#622,#621,#728,.T.);
#470=EDGE_CURVE('',#612,#622,#729,.T.);
#471=EDGE_CURVE('',#599,#623,#730,.T.);
#472=EDGE_CURVE('',#623,#608,#731,.T.);
#473=EDGE_CURVE('',#623,#624,#732,.T.);
#474=EDGE_CURVE('',#624,#606,#733,.T.);
#475=EDGE_CURVE('',#624,#625,#734,.T.);
#476=EDGE_CURVE('',#625,#607,#735,.T.);
#477=EDGE_CURVE('',#625,#626,#736,.T.);
#478=EDGE_CURVE('',#626,#610,#737,.T.);
#479=EDGE_CURVE('',#626,#627,#738,.T.);
#480=EDGE_CURVE('',#627,#609,#739,.T.);
#481=EDGE_CURVE('',#627,#596,#740,.T.);
#482=EDGE_CURVE('',#615,#626,#741,.T.);
#483=EDGE_CURVE('',#614,#625,#742,.T.);
#484=EDGE_CURVE('',#616,#627,#743,.T.);
#485=EDGE_CURVE('',#617,#596,#744,.T.);
#486=EDGE_CURVE('',#623,#611,#745,.T.);
#487=EDGE_CURVE('',#613,#624,#746,.T.);
#488=EDGE_CURVE('',#618,#592,#747,.T.);
#489=EDGE_CURVE('',#619,#593,#748,.T.);
#490=EDGE_CURVE('',#620,#604,#749,.T.);
#491=EDGE_CURVE('',#621,#602,#750,.T.);
#492=EDGE_CURVE('',#622,#598,#751,.T.);
#493=EDGE_CURVE('',#612,#599,#752,.T.);
#494=EDGE_CURVE('',#628,#628,#23,.T.);
#495=EDGE_CURVE('',#629,#629,#24,.T.);
#496=EDGE_CURVE('',#630,#631,#753,.T.);
#497=EDGE_CURVE('',#630,#632,#754,.T.);
#498=EDGE_CURVE('',#632,#633,#755,.T.);
#499=EDGE_CURVE('',#631,#633,#756,.T.);
#500=EDGE_CURVE('',#634,#630,#757,.T.);
#501=EDGE_CURVE('',#634,#635,#758,.T.);
#502=EDGE_CURVE('',#635,#632,#759,.T.);
#503=EDGE_CURVE('',#636,#637,#760,.T.);
#504=EDGE_CURVE('',#636,#638,#761,.T.);
#505=EDGE_CURVE('',#638,#639,#762,.T.);
#506=EDGE_CURVE('',#637,#639,#763,.T.);
#507=EDGE_CURVE('',#640,#636,#764,.T.);
#508=EDGE_CURVE('',#640,#641,#765,.T.);
#509=EDGE_CURVE('',#641,#638,#766,.T.);
#510=EDGE_CURVE('',#642,#640,#767,.T.);
#511=EDGE_CURVE('',#642,#643,#768,.T.);
#512=EDGE_CURVE('',#643,#641,#769,.T.);
#513=EDGE_CURVE('',#631,#642,#770,.T.);
#514=EDGE_CURVE('',#633,#643,#771,.T.);
#515=EDGE_CURVE('',#644,#645,#772,.T.);
#516=EDGE_CURVE('',#646,#644,#773,.T.);
#517=EDGE_CURVE('',#639,#646,#774,.T.);
#518=EDGE_CURVE('',#647,#635,#775,.T.);
#519=EDGE_CURVE('',#648,#647,#776,.T.);
#520=EDGE_CURVE('',#645,#648,#777,.T.);
#521=EDGE_CURVE('',#649,#650,#778,.T.);
#522=EDGE_CURVE('',#651,#649,#779,.T.);
#523=EDGE_CURVE('',#652,#651,#780,.T.);
#524=EDGE_CURVE('',#653,#652,#781,.T.);
#525=EDGE_CURVE('',#654,#653,#782,.T.);
#526=EDGE_CURVE('',#655,#654,#783,.T.);
#527=EDGE_CURVE('',#656,#655,#784,.T.);
#528=EDGE_CURVE('',#657,#656,#785,.T.);
#529=EDGE_CURVE('',#658,#657,#786,.T.);
#530=EDGE_CURVE('',#659,#658,#787,.T.);
#531=EDGE_CURVE('',#660,#659,#788,.T.);
#532=EDGE_CURVE('',#650,#660,#789,.T.);
#533=EDGE_CURVE('',#637,#661,#790,.T.);
#534=EDGE_CURVE('',#661,#646,#791,.T.);
#535=EDGE_CURVE('',#661,#662,#792,.T.);
#536=EDGE_CURVE('',#662,#644,#793,.T.);
#537=EDGE_CURVE('',#662,#663,#794,.T.);
#538=EDGE_CURVE('',#663,#645,#795,.T.);
#539=EDGE_CURVE('',#663,#664,#796,.T.);
#540=EDGE_CURVE('',#664,#648,#797,.T.);
#541=EDGE_CURVE('',#664,#665,#798,.T.);
#542=EDGE_CURVE('',#665,#647,#799,.T.);
#543=EDGE_CURVE('',#665,#634,#800,.T.);
#544=EDGE_CURVE('',#653,#664,#801,.T.);
#545=EDGE_CURVE('',#652,#663,#802,.T.);
#546=EDGE_CURVE('',#654,#665,#803,.T.);
#547=EDGE_CURVE('',#655,#634,#804,.T.);
#548=EDGE_CURVE('',#661,#649,#805,.T.);
#549=EDGE_CURVE('',#651,#662,#806,.T.);
#550=EDGE_CURVE('',#656,#630,#807,.T.);
#551=EDGE_CURVE('',#657,#631,#808,.T.);
#552=EDGE_CURVE('',#658,#642,#809,.T.);
#553=EDGE_CURVE('',#659,#640,#810,.T.);
#554=EDGE_CURVE('',#660,#636,#811,.T.);
#555=EDGE_CURVE('',#650,#637,#812,.T.);
#556=VERTEX_POINT('',#1668);
#557=VERTEX_POINT('',#1669);
#558=VERTEX_POINT('',#1671);
#559=VERTEX_POINT('',#1673);
#560=VERTEX_POINT('',#1677);
#561=VERTEX_POINT('',#1678);
#562=VERTEX_POINT('',#1680);
#563=VERTEX_POINT('',#1682);
#564=VERTEX_POINT('',#1689);
#565=VERTEX_POINT('',#1691);
#566=VERTEX_POINT('',#1698);
#567=VERTEX_POINT('',#1700);
#568=VERTEX_POINT('',#1704);
#569=VERTEX_POINT('',#1705);
#570=VERTEX_POINT('',#1719);
#571=VERTEX_POINT('',#1720);
#572=VERTEX_POINT('',#1722);
#573=VERTEX_POINT('',#1724);
#574=VERTEX_POINT('',#1727);
#575=VERTEX_POINT('',#1731);
#576=VERTEX_POINT('',#1740);
#577=VERTEX_POINT('',#1742);
#578=VERTEX_POINT('',#1746);
#579=VERTEX_POINT('',#1750);
#580=VERTEX_POINT('',#1756);
#581=VERTEX_POINT('',#1827);
#582=VERTEX_POINT('',#2095);
#583=VERTEX_POINT('',#2096);
#584=VERTEX_POINT('',#2105);
#585=VERTEX_POINT('',#2118);
#586=VERTEX_POINT('',#2129);
#587=VERTEX_POINT('',#2154);
#588=VERTEX_POINT('',#2166);
#589=VERTEX_POINT('',#2193);
#590=VERTEX_POINT('',#2200);
#591=VERTEX_POINT('',#2583);
#592=VERTEX_POINT('',#2586);
#593=VERTEX_POINT('',#2587);
#594=VERTEX_POINT('',#2589);
#595=VERTEX_POINT('',#2591);
#596=VERTEX_POINT('',#2595);
#597=VERTEX_POINT('',#2597);
#598=VERTEX_POINT('',#2601);
#599=VERTEX_POINT('',#2602);
#600=VERTEX_POINT('',#2604);
#601=VERTEX_POINT('',#2606);
#602=VERTEX_POINT('',#2610);
#603=VERTEX_POINT('',#2612);
#604=VERTEX_POINT('',#2616);
#605=VERTEX_POINT('',#2618);
#606=VERTEX_POINT('',#2625);
#607=VERTEX_POINT('',#2626);
#608=VERTEX_POINT('',#2628);
#609=VERTEX_POINT('',#2631);
#610=VERTEX_POINT('',#2633);
#611=VERTEX_POINT('',#2637);
#612=VERTEX_POINT('',#2638);
#613=VERTEX_POINT('',#2640);
#614=VERTEX_POINT('',#2642);
#615=VERTEX_POINT('',#2644);
#616=VERTEX_POINT('',#2646);
#617=VERTEX_POINT('',#2648);
#618=VERTEX_POINT('',#2650);
#619=VERTEX_POINT('',#2652);
#620=VERTEX_POINT('',#2654);
#621=VERTEX_POINT('',#2656);
#622=VERTEX_POINT('',#2658);
#623=VERTEX_POINT('',#2662);
#624=VERTEX_POINT('',#2666);
#625=VERTEX_POINT('',#2670);
#626=VERTEX_POINT('',#2674);
#627=VERTEX_POINT('',#2678);
#628=VERTEX_POINT('',#2709);
#629=VERTEX_POINT('',#2712);
#630=VERTEX_POINT('',#2715);
#631=VERTEX_POINT('',#2716);
#632=VERTEX_POINT('',#2718);
#633=VERTEX_POINT('',#2720);
#634=VERTEX_POINT('',#2724);
#635=VERTEX_POINT('',#2726);
#636=VERTEX_POINT('',#2730);
#637=VERTEX_POINT('',#2731);
#638=VERTEX_POINT('',#2733);
#639=VERTEX_POINT('',#2735);
#640=VERTEX_POINT('',#2739);
#641=VERTEX_POINT('',#2741);
#642=VERTEX_POINT('',#2745);
#643=VERTEX_POINT('',#2747);
#644=VERTEX_POINT('',#2754);
#645=VERTEX_POINT('',#2755);
#646=VERTEX_POINT('',#2757);
#647=VERTEX_POINT('',#2760);
#648=VERTEX_POINT('',#2762);
#649=VERTEX_POINT('',#2766);
#650=VERTEX_POINT('',#2767);
#651=VERTEX_POINT('',#2769);
#652=VERTEX_POINT('',#2771);
#653=VERTEX_POINT('',#2773);
#654=VERTEX_POINT('',#2775);
#655=VERTEX_POINT('',#2777);
#656=VERTEX_POINT('',#2779);
#657=VERTEX_POINT('',#2781);
#658=VERTEX_POINT('',#2783);
#659=VERTEX_POINT('',#2785);
#660=VERTEX_POINT('',#2787);
#661=VERTEX_POINT('',#2791);
#662=VERTEX_POINT('',#2795);
#663=VERTEX_POINT('',#2799);
#664=VERTEX_POINT('',#2803);
#665=VERTEX_POINT('',#2807);
#666=LINE('',#1667,#813);
#667=LINE('',#1670,#814);
#668=LINE('',#1672,#815);
#669=LINE('',#1674,#816);
#670=LINE('',#1676,#817);
#671=LINE('',#1679,#818);
#672=LINE('',#1681,#819);
#673=LINE('',#1683,#820);
#674=LINE('',#1690,#821);
#675=LINE('',#1701,#822);
#676=LINE('',#1703,#823);
#677=LINE('',#1710,#824);
#678=LINE('',#1718,#825);
#679=LINE('',#1721,#826);
#680=LINE('',#1723,#827);
#681=LINE('',#1725,#828);
#682=LINE('',#1728,#829);
#683=LINE('',#1730,#830);
#684=LINE('',#1732,#831);
#685=LINE('',#1739,#832);
#686=LINE('',#1741,#833);
#687=LINE('',#1743,#834);
#688=LINE('',#1745,#835);
#689=LINE('',#1747,#836);
#690=LINE('',#1749,#837);
#691=LINE('',#1751,#838);
#692=LINE('',#1753,#839);
#693=LINE('',#2585,#840);
#694=LINE('',#2588,#841);
#695=LINE('',#2590,#842);
#696=LINE('',#2592,#843);
#697=LINE('',#2594,#844);
#698=LINE('',#2596,#845);
#699=LINE('',#2598,#846);
#700=LINE('',#2600,#847);
#701=LINE('',#2603,#848);
#702=LINE('',#2605,#849);
#703=LINE('',#2607,#850);
#704=LINE('',#2609,#851);
#705=LINE('',#2611,#852);
#706=LINE('',#2613,#853);
#707=LINE('',#2615,#854);
#708=LINE('',#2617,#855);
#709=LINE('',#2619,#856);
#710=LINE('',#2621,#857);
#711=LINE('',#2622,#858);
#712=LINE('',#2624,#859);
#713=LINE('',#2627,#860);
#714=LINE('',#2629,#861);
#715=LINE('',#2630,#862);
#716=LINE('',#2632,#863);
#717=LINE('',#2634,#864);
#718=LINE('',#2636,#865);
#719=LINE('',#2639,#866);
#720=LINE('',#2641,#867);
#721=LINE('',#2643,#868);
#722=LINE('',#2645,#869);
#723=LINE('',#2647,#870);
#724=LINE('',#2649,#871);
#725=LINE('',#2651,#872);
#726=LINE('',#2653,#873);
#727=LINE('',#2655,#874);
#728=LINE('',#2657,#875);
#729=LINE('',#2659,#876);
#730=LINE('',#2661,#877);
#731=LINE('',#2663,#878);
#732=LINE('',#2665,#879);
#733=LINE('',#2667,#880);
#734=LINE('',#2669,#881);
#735=LINE('',#2671,#882);
#736=LINE('',#2673,#883);
#737=LINE('',#2675,#884);
#738=LINE('',#2677,#885);
#739=LINE('',#2679,#886);
#740=LINE('',#2681,#887);
#741=LINE('',#2683,#888);
#742=LINE('',#2684,#889);
#743=LINE('',#2686,#890);
#744=LINE('',#2688,#891);
#745=LINE('',#2690,#892);
#746=LINE('',#2691,#893);
#747=LINE('',#2693,#894);
#748=LINE('',#2695,#895);
#749=LINE('',#2697,#896);
#750=LINE('',#2699,#897);
#751=LINE('',#2701,#898);
#752=LINE('',#2703,#899);
#753=LINE('',#2714,#900);
#754=LINE('',#2717,#901);
#755=LINE('',#2719,#902);
#756=LINE('',#2721,#903);
#757=LINE('',#2723,#904);
#758=LINE('',#2725,#905);
#759=LINE('',#2727,#906);
#760=LINE('',#2729,#907);
#761=LINE('',#2732,#908);
#762=LINE('',#2734,#909);
#763=LINE('',#2736,#910);
#764=LINE('',#2738,#911);
#765=LINE('',#2740,#912);
#766=LINE('',#2742,#913);
#767=LINE('',#2744,#914);
#768=LINE('',#2746,#915);
#769=LINE('',#2748,#916);
#770=LINE('',#2750,#917);
#771=LINE('',#2751,#918);
#772=LINE('',#2753,#919);
#773=LINE('',#2756,#920);
#774=LINE('',#2758,#921);
#775=LINE('',#2759,#922);
#776=LINE('',#2761,#923);
#777=LINE('',#2763,#924);
#778=LINE('',#2765,#925);
#779=LINE('',#2768,#926);
#780=LINE('',#2770,#927);
#781=LINE('',#2772,#928);
#782=LINE('',#2774,#929);
#783=LINE('',#2776,#930);
#784=LINE('',#2778,#931);
#785=LINE('',#2780,#932);
#786=LINE('',#2782,#933);
#787=LINE('',#2784,#934);
#788=LINE('',#2786,#935);
#789=LINE('',#2788,#936);
#790=LINE('',#2790,#937);
#791=LINE('',#2792,#938);
#792=LINE('',#2794,#939);
#793=LINE('',#2796,#940);
#794=LINE('',#2798,#941);
#795=LINE('',#2800,#942);
#796=LINE('',#2802,#943);
#797=LINE('',#2804,#944);
#798=LINE('',#2806,#945);
#799=LINE('',#2808,#946);
#800=LINE('',#2810,#947);
#801=LINE('',#2812,#948);
#802=LINE('',#2813,#949);
#803=LINE('',#2815,#950);
#804=LINE('',#2817,#951);
#805=LINE('',#2819,#952);
#806=LINE('',#2820,#953);
#807=LINE('',#2822,#954);
#808=LINE('',#2824,#955);
#809=LINE('',#2826,#956);
#810=LINE('',#2828,#957);
#811=LINE('',#2830,#958);
#812=LINE('',#2832,#959);
#813=VECTOR('',#1362,1.);
#814=VECTOR('',#1363,1.);
#815=VECTOR('',#1364,1.);
#816=VECTOR('',#1365,1.);
#817=VECTOR('',#1368,1.);
#818=VECTOR('',#1369,1.);
#819=VECTOR('',#1370,1.);
#820=VECTOR('',#1371,1.);
#821=VECTOR('',#1374,1.);
#822=VECTOR('',#1381,1.);
#823=VECTOR('',#1384,1.);
#824=VECTOR('',#1385,1.);
#825=VECTOR('',#1392,1.);
#826=VECTOR('',#1393,1.);
#827=VECTOR('',#1394,1.);
#828=VECTOR('',#1395,1.);
#829=VECTOR('',#1398,1.);
#830=VECTOR('',#1401,1.);
#831=VECTOR('',#1402,1.);
#832=VECTOR('',#1407,1.);
#833=VECTOR('',#1408,1.);
#834=VECTOR('',#1409,1.);
#835=VECTOR('',#1412,1.);
#836=VECTOR('',#1413,1.);
#837=VECTOR('',#1416,1.);
#838=VECTOR('',#1417,1.);
#839=VECTOR('',#1420,1.);
#840=VECTOR('',#1433,1.);
#841=VECTOR('',#1434,1.);
#842=VECTOR('',#1435,1.);
#843=VECTOR('',#1436,1.);
#844=VECTOR('',#1439,1.);
#845=VECTOR('',#1440,1.);
#846=VECTOR('',#1441,1.);
#847=VECTOR('',#1444,1.);
#848=VECTOR('',#1445,1.);
#849=VECTOR('',#1446,1.);
#850=VECTOR('',#1447,1.);
#851=VECTOR('',#1450,1.);
#852=VECTOR('',#1451,1.);
#853=VECTOR('',#1452,1.);
#854=VECTOR('',#1455,1.);
#855=VECTOR('',#1456,1.);
#856=VECTOR('',#1457,1.);
#857=VECTOR('',#1460,1.);
#858=VECTOR('',#1461,1.);
#859=VECTOR('',#1464,1.);
#860=VECTOR('',#1465,1.);
#861=VECTOR('',#1466,1.);
#862=VECTOR('',#1467,1.);
#863=VECTOR('',#1468,1.);
#864=VECTOR('',#1469,1.);
#865=VECTOR('',#1472,1.);
#866=VECTOR('',#1473,1.);
#867=VECTOR('',#1474,1.);
#868=VECTOR('',#1475,1.);
#869=VECTOR('',#1476,1.);
#870=VECTOR('',#1477,1.);
#871=VECTOR('',#1478,1.);
#872=VECTOR('',#1479,1.);
#873=VECTOR('',#1480,1.);
#874=VECTOR('',#1481,1.);
#875=VECTOR('',#1482,1.);
#876=VECTOR('',#1483,1.);
#877=VECTOR('',#1486,1.);
#878=VECTOR('',#1487,1.);
#879=VECTOR('',#1490,1.);
#880=VECTOR('',#1491,1.);
#881=VECTOR('',#1494,1.);
#882=VECTOR('',#1495,1.);
#883=VECTOR('',#1498,1.);
#884=VECTOR('',#1499,1.);
#885=VECTOR('',#1502,1.);
#886=VECTOR('',#1503,1.);
#887=VECTOR('',#1506,1.);
#888=VECTOR('',#1509,1.);
#889=VECTOR('',#1510,1.);
#890=VECTOR('',#1513,1.);
#891=VECTOR('',#1516,1.);
#892=VECTOR('',#1519,1.);
#893=VECTOR('',#1520,1.);
#894=VECTOR('',#1523,1.);
#895=VECTOR('',#1526,1.);
#896=VECTOR('',#1529,1.);
#897=VECTOR('',#1532,1.);
#898=VECTOR('',#1535,1.);
#899=VECTOR('',#1538,1.);
#900=VECTOR('',#1555,1.);
#901=VECTOR('',#1556,1.);
#902=VECTOR('',#1557,1.);
#903=VECTOR('',#1558,1.);
#904=VECTOR('',#1561,1.);
#905=VECTOR('',#1562,1.);
#906=VECTOR('',#1563,1.);
#907=VECTOR('',#1566,1.);
#908=VECTOR('',#1567,1.);
#909=VECTOR('',#1568,1.);
#910=VECTOR('',#1569,1.);
#911=VECTOR('',#1572,1.);
#912=VECTOR('',#1573,1.);
#913=VECTOR('',#1574,1.);
#914=VECTOR('',#1577,1.);
#915=VECTOR('',#1578,1.);
#916=VECTOR('',#1579,1.);
#917=VECTOR('',#1582,1.);
#918=VECTOR('',#1583,1.);
#919=VECTOR('',#1586,1.);
#920=VECTOR('',#1587,1.);
#921=VECTOR('',#1588,1.);
#922=VECTOR('',#1589,1.);
#923=VECTOR('',#1590,1.);
#924=VECTOR('',#1591,1.);
#925=VECTOR('',#1594,1.);
#926=VECTOR('',#1595,1.);
#927=VECTOR('',#1596,1.);
#928=VECTOR('',#1597,1.);
#929=VECTOR('',#1598,1.);
#930=VECTOR('',#1599,1.);
#931=VECTOR('',#1600,1.);
#932=VECTOR('',#1601,1.);
#933=VECTOR('',#1602,1.);
#934=VECTOR('',#1603,1.);
#935=VECTOR('',#1604,1.);
#936=VECTOR('',#1605,1.);
#937=VECTOR('',#1608,1.);
#938=VECTOR('',#1609,1.);
#939=VECTOR('',#1612,1.);
#940=VECTOR('',#1613,1.);
#941=VECTOR('',#1616,1.);
#942=VECTOR('',#1617,1.);
#943=VECTOR('',#1620,1.);
#944=VECTOR('',#1621,1.);
#945=VECTOR('',#1624,1.);
#946=VECTOR('',#1625,1.);
#947=VECTOR('',#1628,1.);
#948=VECTOR('',#1631,1.);
#949=VECTOR('',#1632,1.);
#950=VECTOR('',#1635,1.);
#951=VECTOR('',#1638,1.);
#952=VECTOR('',#1641,1.);
#953=VECTOR('',#1642,1.);
#954=VECTOR('',#1645,1.);
#955=VECTOR('',#1648,1.);
#956=VECTOR('',#1651,1.);
#957=VECTOR('',#1654,1.);
#958=VECTOR('',#1657,1.);
#959=VECTOR('',#1660,1.);
#960=EDGE_LOOP('',(#46,#47,#48,#49));
#961=EDGE_LOOP('',(#50,#51,#52,#53));
#962=EDGE_LOOP('',(#54,#55,#56,#57));
#963=EDGE_LOOP('',(#58,#59,#60,#61));
#964=EDGE_LOOP('',(#62,#63,#64,#65));
#965=EDGE_LOOP('',(#66,#67,#68,#69));
#966=EDGE_LOOP('',(#70,#71,#72,#73));
#967=EDGE_LOOP('',(#74,#75,#76,#77,#78,#79,#80,#81));
#968=EDGE_LOOP('',(#82,#83,#84,#85));
#969=EDGE_LOOP('',(#86,#87,#88,#89));
#970=EDGE_LOOP('',(#90,#91,#92,#93));
#971=EDGE_LOOP('',(#94,#95,#96,#97));
#972=EDGE_LOOP('',(#98,#99,#100,#101));
#973=EDGE_LOOP('',(#102,#103,#104,#105));
#974=EDGE_LOOP('',(#106));
#975=EDGE_LOOP('',(#107,#108,#109,#110));
#976=EDGE_LOOP('',(#111));
#977=EDGE_LOOP('',(#112,#113,#114,#115,#116,#117,#118,#119));
#978=EDGE_LOOP('',(#120,#121,#122,#123,#124,#125,#126,#127,#128));
#979=EDGE_LOOP('',(#129));
#980=EDGE_LOOP('',(#130,#131,#132,#133,#134,#135,#136,#137,#138));
#981=EDGE_LOOP('',(#139));
#982=EDGE_LOOP('',(#140));
#983=EDGE_LOOP('',(#141,#142,#143,#144));
#984=EDGE_LOOP('',(#145,#146,#147,#148));
#985=EDGE_LOOP('',(#149,#150,#151,#152));
#986=EDGE_LOOP('',(#153,#154,#155,#156));
#987=EDGE_LOOP('',(#157,#158,#159,#160));
#988=EDGE_LOOP('',(#161,#162,#163,#164));
#989=EDGE_LOOP('',(#165,#166,#167,#168,#169,#170,#171,#172,#173,#174,#175,
#176));
#990=EDGE_LOOP('',(#177,#178,#179,#180,#181,#182,#183,#184,#185,#186,#187,
#188));
#991=EDGE_LOOP('',(#189));
#992=EDGE_LOOP('',(#190,#191,#192,#193));
#993=EDGE_LOOP('',(#194,#195,#196,#197));
#994=EDGE_LOOP('',(#198,#199,#200,#201));
#995=EDGE_LOOP('',(#202,#203,#204,#205));
#996=EDGE_LOOP('',(#206,#207,#208,#209));
#997=EDGE_LOOP('',(#210,#211,#212,#213));
#998=EDGE_LOOP('',(#214,#215,#216,#217));
#999=EDGE_LOOP('',(#218,#219,#220,#221));
#1000=EDGE_LOOP('',(#222,#223,#224,#225));
#1001=EDGE_LOOP('',(#226,#227,#228,#229));
#1002=EDGE_LOOP('',(#230,#231,#232,#233));
#1003=EDGE_LOOP('',(#234,#235,#236,#237));
#1004=EDGE_LOOP('',(#238,#239,#240,#241));
#1005=EDGE_LOOP('',(#242,#243,#244,#245));
#1006=EDGE_LOOP('',(#246,#247,#248,#249));
#1007=EDGE_LOOP('',(#250,#251,#252,#253));
#1008=EDGE_LOOP('',(#254,#255,#256,#257));
#1009=EDGE_LOOP('',(#258,#259,#260,#261));
#1010=EDGE_LOOP('',(#262));
#1011=EDGE_LOOP('',(#263));
#1012=EDGE_LOOP('',(#264));
#1013=EDGE_LOOP('',(#265,#266,#267,#268));
#1014=EDGE_LOOP('',(#269,#270,#271,#272));
#1015=EDGE_LOOP('',(#273,#274,#275,#276));
#1016=EDGE_LOOP('',(#277,#278,#279,#280));
#1017=EDGE_LOOP('',(#281,#282,#283,#284));
#1018=EDGE_LOOP('',(#285,#286,#287,#288));
#1019=EDGE_LOOP('',(#289,#290,#291,#292,#293,#294,#295,#296,#297,#298,#299,
#300));
#1020=EDGE_LOOP('',(#301,#302,#303,#304,#305,#306,#307,#308,#309,#310,#311,
#312));
#1021=EDGE_LOOP('',(#313));
#1022=EDGE_LOOP('',(#314,#315,#316,#317));
#1023=EDGE_LOOP('',(#318,#319,#320,#321));
#1024=EDGE_LOOP('',(#322,#323,#324,#325));
#1025=EDGE_LOOP('',(#326,#327,#328,#329));
#1026=EDGE_LOOP('',(#330,#331,#332,#333));
#1027=EDGE_LOOP('',(#334,#335,#336,#337));
#1028=EDGE_LOOP('',(#338,#339,#340,#341));
#1029=EDGE_LOOP('',(#342,#343,#344,#345));
#1030=EDGE_LOOP('',(#346,#347,#348,#349));
#1031=EDGE_LOOP('',(#350,#351,#352,#353));
#1032=EDGE_LOOP('',(#354,#355,#356,#357));
#1033=EDGE_LOOP('',(#358,#359,#360,#361));
#1034=EDGE_LOOP('',(#362,#363,#364,#365));
#1035=EDGE_LOOP('',(#366,#367,#368,#369));
#1036=EDGE_LOOP('',(#370,#371,#372,#373));
#1037=EDGE_LOOP('',(#374,#375,#376,#377));
#1038=EDGE_LOOP('',(#378,#379,#380,#381));
#1039=EDGE_LOOP('',(#382,#383,#384,#385));
#1040=FACE_BOUND('',#960,.T.);
#1041=FACE_BOUND('',#961,.T.);
#1042=FACE_BOUND('',#962,.T.);
#1043=FACE_BOUND('',#963,.T.);
#1044=FACE_BOUND('',#964,.T.);
#1045=FACE_BOUND('',#965,.T.);
#1046=FACE_BOUND('',#966,.T.);
#1047=FACE_BOUND('',#967,.T.);
#1048=FACE_BOUND('',#968,.T.);
#1049=FACE_BOUND('',#969,.T.);
#1050=FACE_BOUND('',#970,.T.);
#1051=FACE_BOUND('',#971,.T.);
#1052=FACE_BOUND('',#972,.T.);
#1053=FACE_BOUND('',#973,.T.);
#1054=FACE_BOUND('',#974,.T.);
#1055=FACE_BOUND('',#975,.T.);
#1056=FACE_BOUND('',#976,.T.);
#1057=FACE_BOUND('',#977,.T.);
#1058=FACE_BOUND('',#978,.T.);
#1059=FACE_BOUND('',#979,.T.);
#1060=FACE_BOUND('',#980,.T.);
#1061=FACE_BOUND('',#981,.T.);
#1062=FACE_BOUND('',#982,.T.);
#1063=FACE_BOUND('',#983,.T.);
#1064=FACE_BOUND('',#984,.T.);
#1065=FACE_BOUND('',#985,.T.);
#1066=FACE_BOUND('',#986,.T.);
#1067=FACE_BOUND('',#987,.T.);
#1068=FACE_BOUND('',#988,.T.);
#1069=FACE_BOUND('',#989,.T.);
#1070=FACE_BOUND('',#990,.T.);
#1071=FACE_BOUND('',#991,.T.);
#1072=FACE_BOUND('',#992,.T.);
#1073=FACE_BOUND('',#993,.T.);
#1074=FACE_BOUND('',#994,.T.);
#1075=FACE_BOUND('',#995,.T.);
#1076=FACE_BOUND('',#996,.T.);
#1077=FACE_BOUND('',#997,.T.);
#1078=FACE_BOUND('',#998,.T.);
#1079=FACE_BOUND('',#999,.T.);
#1080=FACE_BOUND('',#1000,.T.);
#1081=FACE_BOUND('',#1001,.T.);
#1082=FACE_BOUND('',#1002,.T.);
#1083=FACE_BOUND('',#1003,.T.);
#1084=FACE_BOUND('',#1004,.T.);
#1085=FACE_BOUND('',#1005,.T.);
#1086=FACE_BOUND('',#1006,.T.);
#1087=FACE_BOUND('',#1007,.T.);
#1088=FACE_BOUND('',#1008,.T.);
#1089=FACE_BOUND('',#1009,.T.);
#1090=FACE_BOUND('',#1010,.T.);
#1091=FACE_BOUND('',#1011,.T.);
#1092=FACE_BOUND('',#1012,.T.);
#1093=FACE_BOUND('',#1013,.T.);
#1094=FACE_BOUND('',#1014,.T.);
#1095=FACE_BOUND('',#1015,.T.);
#1096=FACE_BOUND('',#1016,.T.);
#1097=FACE_BOUND('',#1017,.T.);
#1098=FACE_BOUND('',#1018,.T.);
#1099=FACE_BOUND('',#1019,.T.);
#1100=FACE_BOUND('',#1020,.T.);
#1101=FACE_BOUND('',#1021,.T.);
#1102=FACE_BOUND('',#1022,.T.);
#1103=FACE_BOUND('',#1023,.T.);
#1104=FACE_BOUND('',#1024,.T.);
#1105=FACE_BOUND('',#1025,.T.);
#1106=FACE_BOUND('',#1026,.T.);
#1107=FACE_BOUND('',#1027,.T.);
#1108=FACE_BOUND('',#1028,.T.);
#1109=FACE_BOUND('',#1029,.T.);
#1110=FACE_BOUND('',#1030,.T.);
#1111=FACE_BOUND('',#1031,.T.);
#1112=FACE_BOUND('',#1032,.T.);
#1113=FACE_BOUND('',#1033,.T.);
#1114=FACE_BOUND('',#1034,.T.);
#1115=FACE_BOUND('',#1035,.T.);
#1116=FACE_BOUND('',#1036,.T.);
#1117=FACE_BOUND('',#1037,.T.);
#1118=FACE_BOUND('',#1038,.T.);
#1119=FACE_BOUND('',#1039,.T.);
#1120=PLANE('',#1279);
#1121=PLANE('',#1280);
#1122=PLANE('',#1285);
#1123=PLANE('',#1288);
#1124=PLANE('',#1290);
#1125=PLANE('',#1292);
#1126=PLANE('',#1293);
#1127=PLANE('',#1294);
#1128=PLANE('',#1295);
#1129=PLANE('',#1296);
#1130=PLANE('',#1301);
#1131=PLANE('',#1302);
#1132=PLANE('',#1303);
#1133=PLANE('',#1304);
#1134=PLANE('',#1305);
#1135=PLANE('',#1306);
#1136=PLANE('',#1307);
#1137=PLANE('',#1308);
#1138=PLANE('',#1309);
#1139=PLANE('',#1310);
#1140=PLANE('',#1311);
#1141=PLANE('',#1312);
#1142=PLANE('',#1313);
#1143=PLANE('',#1314);
#1144=PLANE('',#1315);
#1145=PLANE('',#1316);
#1146=PLANE('',#1317);
#1147=PLANE('',#1318);
#1148=PLANE('',#1319);
#1149=PLANE('',#1320);
#1150=PLANE('',#1321);
#1151=PLANE('',#1322);
#1152=PLANE('',#1323);
#1153=PLANE('',#1324);
#1154=PLANE('',#1325);
#1155=PLANE('',#1326);
#1156=PLANE('',#1328);
#1157=PLANE('',#1332);
#1158=PLANE('',#1333);
#1159=PLANE('',#1334);
#1160=PLANE('',#1335);
#1161=PLANE('',#1336);
#1162=PLANE('',#1337);
#1163=PLANE('',#1338);
#1164=PLANE('',#1339);
#1165=PLANE('',#1340);
#1166=PLANE('',#1341);
#1167=PLANE('',#1342);
#1168=PLANE('',#1343);
#1169=PLANE('',#1344);
#1170=PLANE('',#1345);
#1171=PLANE('',#1346);
#1172=PLANE('',#1347);
#1173=PLANE('',#1348);
#1174=PLANE('',#1349);
#1175=PLANE('',#1350);
#1176=PLANE('',#1351);
#1177=PLANE('',#1352);
#1178=PLANE('',#1353);
#1179=PLANE('',#1354);
#1180=PLANE('',#1355);
#1181=PLANE('',#1356);
#1182=PLANE('',#1357);
#1183=ADVANCED_FACE('',(#1040),#1120,.T.);
#1184=ADVANCED_FACE('',(#1041),#1121,.T.);
#1185=ADVANCED_FACE('',(#1042),#40,.T.);
#1186=ADVANCED_FACE('',(#1043),#41,.T.);
#1187=ADVANCED_FACE('',(#1044),#1122,.T.);
#1188=ADVANCED_FACE('',(#1045),#42,.T.);
#1189=ADVANCED_FACE('',(#1046,#1047),#1123,.F.);
#1190=ADVANCED_FACE('',(#1048),#1124,.T.);
#1191=ADVANCED_FACE('',(#1049),#43,.T.);
#1192=ADVANCED_FACE('',(#1050),#1125,.F.);
#1193=ADVANCED_FACE('',(#1051),#1126,.F.);
#1194=ADVANCED_FACE('',(#1052),#1127,.F.);
#1195=ADVANCED_FACE('',(#1053),#1128,.F.);
#1196=ADVANCED_FACE('',(#1054,#1055),#1129,.F.);
#1197=ADVANCED_FACE('',(#1056),#16,.F.);
#1198=ADVANCED_FACE('',(#1057,#1058),#14,.F.);
#1199=ADVANCED_FACE('',(#1059,#1060),#15,.F.);
#1200=ADVANCED_FACE('',(#1061,#1062),#44,.T.);
#1201=ADVANCED_FACE('',(#1063),#1130,.T.);
#1202=ADVANCED_FACE('',(#1064),#1131,.T.);
#1203=ADVANCED_FACE('',(#1065),#1132,.T.);
#1204=ADVANCED_FACE('',(#1066),#1133,.T.);
#1205=ADVANCED_FACE('',(#1067),#1134,.T.);
#1206=ADVANCED_FACE('',(#1068),#1135,.T.);
#1207=ADVANCED_FACE('',(#1069),#1136,.T.);
#1208=ADVANCED_FACE('',(#1070,#1071),#1137,.F.);
#1209=ADVANCED_FACE('',(#1072),#1138,.T.);
#1210=ADVANCED_FACE('',(#1073),#1139,.T.);
#1211=ADVANCED_FACE('',(#1074),#1140,.T.);
#1212=ADVANCED_FACE('',(#1075),#1141,.T.);
#1213=ADVANCED_FACE('',(#1076),#1142,.T.);
#1214=ADVANCED_FACE('',(#1077),#1143,.T.);
#1215=ADVANCED_FACE('',(#1078),#1144,.T.);
#1216=ADVANCED_FACE('',(#1079),#1145,.T.);
#1217=ADVANCED_FACE('',(#1080),#1146,.T.);
#1218=ADVANCED_FACE('',(#1081),#1147,.T.);
#1219=ADVANCED_FACE('',(#1082),#1148,.T.);
#1220=ADVANCED_FACE('',(#1083),#1149,.T.);
#1221=ADVANCED_FACE('',(#1084),#1150,.T.);
#1222=ADVANCED_FACE('',(#1085),#1151,.T.);
#1223=ADVANCED_FACE('',(#1086),#1152,.T.);
#1224=ADVANCED_FACE('',(#1087),#1153,.T.);
#1225=ADVANCED_FACE('',(#1088),#1154,.T.);
#1226=ADVANCED_FACE('',(#1089),#1155,.T.);
#1227=ADVANCED_FACE('',(#1090),#1156,.T.);
#1228=ADVANCED_FACE('',(#1091,#1092),#45,.T.);
#1229=ADVANCED_FACE('',(#1093),#1157,.T.);
#1230=ADVANCED_FACE('',(#1094),#1158,.T.);
#1231=ADVANCED_FACE('',(#1095),#1159,.T.);
#1232=ADVANCED_FACE('',(#1096),#1160,.T.);
#1233=ADVANCED_FACE('',(#1097),#1161,.T.);
#1234=ADVANCED_FACE('',(#1098),#1162,.T.);
#1235=ADVANCED_FACE('',(#1099),#1163,.T.);
#1236=ADVANCED_FACE('',(#1100,#1101),#1164,.F.);
#1237=ADVANCED_FACE('',(#1102),#1165,.T.);
#1238=ADVANCED_FACE('',(#1103),#1166,.T.);
#1239=ADVANCED_FACE('',(#1104),#1167,.T.);
#1240=ADVANCED_FACE('',(#1105),#1168,.T.);
#1241=ADVANCED_FACE('',(#1106),#1169,.T.);
#1242=ADVANCED_FACE('',(#1107),#1170,.T.);
#1243=ADVANCED_FACE('',(#1108),#1171,.T.);
#1244=ADVANCED_FACE('',(#1109),#1172,.T.);
#1245=ADVANCED_FACE('',(#1110),#1173,.T.);
#1246=ADVANCED_FACE('',(#1111),#1174,.T.);
#1247=ADVANCED_FACE('',(#1112),#1175,.T.);
#1248=ADVANCED_FACE('',(#1113),#1176,.T.);
#1249=ADVANCED_FACE('',(#1114),#1177,.T.);
#1250=ADVANCED_FACE('',(#1115),#1178,.T.);
#1251=ADVANCED_FACE('',(#1116),#1179,.T.);
#1252=ADVANCED_FACE('',(#1117),#1180,.T.);
#1253=ADVANCED_FACE('',(#1118),#1181,.T.);
#1254=ADVANCED_FACE('',(#1119),#1182,.T.);
#1255=CLOSED_SHELL('',(#1183,#1184,#1185,#1186,#1187,#1188,#1189,#1190,
#1191,#1192,#1193,#1194,#1195,#1196,#1197,#1198,#1199,#1200,#1201,#1202,
#1203,#1204,#1205,#1206,#1207,#1208,#1209,#1210,#1211,#1212,#1213,#1214,
#1215,#1216,#1217,#1218,#1219,#1220,#1221,#1222,#1223,#1224,#1225,#1226));
#1256=CLOSED_SHELL('',(#1227,#1228,#1229,#1230,#1231,#1232,#1233,#1234,
#1235,#1236,#1237,#1238,#1239,#1240,#1241,#1242,#1243,#1244,#1245,#1246,
#1247,#1248,#1249,#1250,#1251,#1252,#1253,#1254));
#1257=STYLED_ITEM('',(#1259),#1272);
#1258=STYLED_ITEM('',(#1260),#1273);
#1259=PRESENTATION_STYLE_ASSIGNMENT((#1261));
#1260=PRESENTATION_STYLE_ASSIGNMENT((#1262));
#1261=SURFACE_STYLE_USAGE(.BOTH.,#1263);
#1262=SURFACE_STYLE_USAGE(.BOTH.,#1264);
#1263=SURFACE_SIDE_STYLE('',(#1265));
#1264=SURFACE_SIDE_STYLE('',(#1266));
#1265=SURFACE_STYLE_FILL_AREA(#1267);
#1266=SURFACE_STYLE_FILL_AREA(#1268);
#1267=FILL_AREA_STYLE('',(#1269));
#1268=FILL_AREA_STYLE('',(#1270));
#1269=FILL_AREA_STYLE_COLOUR('',#1271);
#1270=FILL_AREA_STYLE_COLOUR('',#1271);
#1271=COLOUR_RGB('',0.627450980392157,0.627450980392157,0.627450980392157);
#1272=MANIFOLD_SOLID_BREP('DSA V4 1x1 v4',#1255);
#1273=MANIFOLD_SOLID_BREP('MX Mount v1',#1256);
#1274=SHAPE_DEFINITION_REPRESENTATION(#2847,#1276);
#1275=SHAPE_DEFINITION_REPRESENTATION(#2848,#1277);
#1276=SHAPE_REPRESENTATION('DSA V4 1x1 v4',(#1278),#2837);
#1277=SHAPE_REPRESENTATION('MX Mount v1',(#1327),#2838);
#1278=AXIS2_PLACEMENT_3D('',#1665,#1358,#1359);
#1279=AXIS2_PLACEMENT_3D('',#1666,#1360,#1361);
#1280=AXIS2_PLACEMENT_3D('',#1675,#1366,#1367);
#1281=AXIS2_PLACEMENT_3D('',#1684,#1372,#1373);
#1282=AXIS2_PLACEMENT_3D('',#1692,#1375,#1376);
#1283=AXIS2_PLACEMENT_3D('',#1693,#1377,#1378);
#1284=AXIS2_PLACEMENT_3D('',#1699,#1379,#1380);
#1285=AXIS2_PLACEMENT_3D('',#1702,#1382,#1383);
#1286=AXIS2_PLACEMENT_3D('',#1711,#1386,#1387);
#1287=AXIS2_PLACEMENT_3D('',#1716,#1388,#1389);
#1288=AXIS2_PLACEMENT_3D('',#1717,#1390,#1391);
#1289=AXIS2_PLACEMENT_3D('',#1726,#1396,#1397);
#1290=AXIS2_PLACEMENT_3D('',#1729,#1399,#1400);
#1291=AXIS2_PLACEMENT_3D('',#1733,#1403,#1404);
#1292=AXIS2_PLACEMENT_3D('',#1738,#1405,#1406);
#1293=AXIS2_PLACEMENT_3D('',#1744,#1410,#1411);
#1294=AXIS2_PLACEMENT_3D('',#1748,#1414,#1415);
#1295=AXIS2_PLACEMENT_3D('',#1752,#1418,#1419);
#1296=AXIS2_PLACEMENT_3D('',#1754,#1421,#1422);
#1297=AXIS2_PLACEMENT_3D('',#1755,#1423,#1424);
#1298=AXIS2_PLACEMENT_3D('',#1757,#1425,#1426);
#1299=AXIS2_PLACEMENT_3D('',#2581,#1427,#1428);
#1300=AXIS2_PLACEMENT_3D('',#2582,#1429,#1430);
#1301=AXIS2_PLACEMENT_3D('',#2584,#1431,#1432);
#1302=AXIS2_PLACEMENT_3D('',#2593,#1437,#1438);
#1303=AXIS2_PLACEMENT_3D('',#2599,#1442,#1443);
#1304=AXIS2_PLACEMENT_3D('',#2608,#1448,#1449);
#1305=AXIS2_PLACEMENT_3D('',#2614,#1453,#1454);
#1306=AXIS2_PLACEMENT_3D('',#2620,#1458,#1459);
#1307=AXIS2_PLACEMENT_3D('',#2623,#1462,#1463);
#1308=AXIS2_PLACEMENT_3D('',#2635,#1470,#1471);
#1309=AXIS2_PLACEMENT_3D('',#2660,#1484,#1485);
#1310=AXIS2_PLACEMENT_3D('',#2664,#1488,#1489);
#1311=AXIS2_PLACEMENT_3D('',#2668,#1492,#1493);
#1312=AXIS2_PLACEMENT_3D('',#2672,#1496,#1497);
#1313=AXIS2_PLACEMENT_3D('',#2676,#1500,#1501);
#1314=AXIS2_PLACEMENT_3D('',#2680,#1504,#1505);
#1315=AXIS2_PLACEMENT_3D('',#2682,#1507,#1508);
#1316=AXIS2_PLACEMENT_3D('',#2685,#1511,#1512);
#1317=AXIS2_PLACEMENT_3D('',#2687,#1514,#1515);
#1318=AXIS2_PLACEMENT_3D('',#2689,#1517,#1518);
#1319=AXIS2_PLACEMENT_3D('',#2692,#1521,#1522);
#1320=AXIS2_PLACEMENT_3D('',#2694,#1524,#1525);
#1321=AXIS2_PLACEMENT_3D('',#2696,#1527,#1528);
#1322=AXIS2_PLACEMENT_3D('',#2698,#1530,#1531);
#1323=AXIS2_PLACEMENT_3D('',#2700,#1533,#1534);
#1324=AXIS2_PLACEMENT_3D('',#2702,#1536,#1537);
#1325=AXIS2_PLACEMENT_3D('',#2704,#1539,#1540);
#1326=AXIS2_PLACEMENT_3D('',#2705,#1541,#1542);
#1327=AXIS2_PLACEMENT_3D('',#2706,#1543,#1544);
#1328=AXIS2_PLACEMENT_3D('',#2707,#1545,#1546);
#1329=AXIS2_PLACEMENT_3D('',#2708,#1547,#1548);
#1330=AXIS2_PLACEMENT_3D('',#2710,#1549,#1550);
#1331=AXIS2_PLACEMENT_3D('',#2711,#1551,#1552);
#1332=AXIS2_PLACEMENT_3D('',#2713,#1553,#1554);
#1333=AXIS2_PLACEMENT_3D('',#2722,#1559,#1560);
#1334=AXIS2_PLACEMENT_3D('',#2728,#1564,#1565);
#1335=AXIS2_PLACEMENT_3D('',#2737,#1570,#1571);
#1336=AXIS2_PLACEMENT_3D('',#2743,#1575,#1576);
#1337=AXIS2_PLACEMENT_3D('',#2749,#1580,#1581);
#1338=AXIS2_PLACEMENT_3D('',#2752,#1584,#1585);
#1339=AXIS2_PLACEMENT_3D('',#2764,#1592,#1593);
#1340=AXIS2_PLACEMENT_3D('',#2789,#1606,#1607);
#1341=AXIS2_PLACEMENT_3D('',#2793,#1610,#1611);
#1342=AXIS2_PLACEMENT_3D('',#2797,#1614,#1615);
#1343=AXIS2_PLACEMENT_3D('',#2801,#1618,#1619);
#1344=AXIS2_PLACEMENT_3D('',#2805,#1622,#1623);
#1345=AXIS2_PLACEMENT_3D('',#2809,#1626,#1627);
#1346=AXIS2_PLACEMENT_3D('',#2811,#1629,#1630);
#1347=AXIS2_PLACEMENT_3D('',#2814,#1633,#1634);
#1348=AXIS2_PLACEMENT_3D('',#2816,#1636,#1637);
#1349=AXIS2_PLACEMENT_3D('',#2818,#1639,#1640);
#1350=AXIS2_PLACEMENT_3D('',#2821,#1643,#1644);
#1351=AXIS2_PLACEMENT_3D('',#2823,#1646,#1647);
#1352=AXIS2_PLACEMENT_3D('',#2825,#1649,#1650);
#1353=AXIS2_PLACEMENT_3D('',#2827,#1652,#1653);
#1354=AXIS2_PLACEMENT_3D('',#2829,#1655,#1656);
#1355=AXIS2_PLACEMENT_3D('',#2831,#1658,#1659);
#1356=AXIS2_PLACEMENT_3D('',#2833,#1661,#1662);
#1357=AXIS2_PLACEMENT_3D('',#2834,#1663,#1664);
#1358=DIRECTION('',(0.,0.,1.));
#1359=DIRECTION('',(1.,0.,0.));
#1360=DIRECTION('',(0.,0.,-1.));
#1361=DIRECTION('',(-1.,0.,0.));
#1362=DIRECTION('',(0.,-1.,0.));
#1363=DIRECTION('',(-1.,0.,0.));
#1364=DIRECTION('',(0.,1.,0.));
#1365=DIRECTION('',(-1.,0.,0.));
#1366=DIRECTION('',(0.,0.,1.));
#1367=DIRECTION('',(1.,0.,0.));
#1368=DIRECTION('',(0.,-1.,0.));
#1369=DIRECTION('',(1.,0.,0.));
#1370=DIRECTION('',(0.,1.,0.));
#1371=DIRECTION('',(1.,0.,0.));
#1372=DIRECTION('',(0.,1.,0.));
#1373=DIRECTION('',(0.707106781186548,0.,-0.707106781186548));
#1374=DIRECTION('',(0.,-1.,0.));
#1375=DIRECTION('',(0.,1.,0.));
#1376=DIRECTION('',(0.707106781186548,0.,-0.707106781186548));
#1377=DIRECTION('',(0.,1.,0.));
#1378=DIRECTION('',(-0.707106781186548,0.,-0.707106781186548));
#1379=DIRECTION('',(0.,1.,0.));
#1380=DIRECTION('',(-0.707106781186548,0.,-0.707106781186548));
#1381=DIRECTION('',(0.,1.,0.));
#1382=DIRECTION('',(-1.,0.,0.));
#1383=DIRECTION('',(0.,0.,1.));
#1384=DIRECTION('',(0.,-1.,0.));
#1385=DIRECTION('',(0.,0.,1.));
#1386=DIRECTION('',(0.,1.,0.));
#1387=DIRECTION('',(-0.707106781186548,0.,0.707106781186548));
#1388=DIRECTION('',(0.,1.,0.));
#1389=DIRECTION('',(-0.707106781186548,0.,0.707106781186548));
#1390=DIRECTION('',(0.,1.,0.));
#1391=DIRECTION('',(1.,0.,0.));
#1392=DIRECTION('',(1.,0.,0.));
#1393=DIRECTION('',(0.,0.,-1.));
#1394=DIRECTION('',(-1.,0.,0.));
#1395=DIRECTION('',(0.,0.,1.));
#1396=DIRECTION('',(0.,1.,0.));
#1397=DIRECTION('',(0.707106781186548,0.,0.707106781186548));
#1398=DIRECTION('',(0.,0.,-1.));
#1399=DIRECTION('',(1.,0.,0.));
#1400=DIRECTION('',(0.,0.,-1.));
#1401=DIRECTION('',(0.,1.,0.));
#1402=DIRECTION('',(0.,0.,-1.));
#1403=DIRECTION('',(0.,1.,0.));
#1404=DIRECTION('',(0.707106781186548,0.,0.707106781186548));
#1405=DIRECTION('',(-0.93834311681711,0.345705358827356,0.));
#1406=DIRECTION('',(0.,0.,1.));
#1407=DIRECTION('',(0.326732019606536,0.88684405321774,0.326732019606536));
#1408=DIRECTION('',(0.,0.,1.));
#1409=DIRECTION('',(0.326732019606536,0.886844053217739,-0.326732019606536));
#1410=DIRECTION('',(0.,0.345705358827356,-0.93834311681711));
#1411=DIRECTION('',(-1.,0.,0.));
#1412=DIRECTION('',(-0.326732019606536,0.88684405321774,0.326732019606536));
#1413=DIRECTION('',(-1.,0.,0.));
#1414=DIRECTION('',(0.93834311681711,0.345705358827356,0.));
#1415=DIRECTION('',(0.,0.,-1.));
#1416=DIRECTION('',(-0.326732019606536,0.88684405321774,-0.326732019606536));
#1417=DIRECTION('',(0.,0.,-1.));
#1418=DIRECTION('',(0.,0.345705358827356,0.93834311681711));
#1419=DIRECTION('',(1.,0.,0.));
#1420=DIRECTION('',(1.,0.,0.));
#1421=DIRECTION('',(0.,1.,3.40180154444447E-33));
#1422=DIRECTION('',(0.,-3.40180154444447E-33,1.));
#1423=DIRECTION('',(0.,1.,3.40180154444447E-33));
#1424=DIRECTION('',(1.,0.,0.));
#1425=DIRECTION('',(6.12323399573677E-17,0.,1.));
#1426=DIRECTION('',(1.,0.,0.));
#1427=DIRECTION('',(0.,1.,0.));
#1428=DIRECTION('',(1.,0.,0.));
#1429=DIRECTION('',(0.,1.,0.));
#1430=DIRECTION('',(1.,0.,0.));
#1431=DIRECTION('',(1.,0.,0.));
#1432=DIRECTION('',(0.,0.,-1.));
#1433=DIRECTION('',(0.,0.,1.));
#1434=DIRECTION('',(0.,1.,0.));
#1435=DIRECTION('',(0.,0.,1.));
#1436=DIRECTION('',(0.,1.,0.));
#1437=DIRECTION('',(0.,0.,1.));
#1438=DIRECTION('',(1.,0.,0.));
#1439=DIRECTION('',(-1.,0.,0.));
#1440=DIRECTION('',(0.,1.,0.));
#1441=DIRECTION('',(-1.,0.,0.));
#1442=DIRECTION('',(-1.,0.,0.));
#1443=DIRECTION('',(0.,0.,1.));
#1444=DIRECTION('',(0.,0.,-1.));
#1445=DIRECTION('',(0.,1.,0.));
#1446=DIRECTION('',(0.,0.,-1.));
#1447=DIRECTION('',(0.,1.,0.));
#1448=DIRECTION('',(0.,0.,-1.));
#1449=DIRECTION('',(-1.,0.,0.));
#1450=DIRECTION('',(1.,0.,0.));
#1451=DIRECTION('',(0.,1.,0.));
#1452=DIRECTION('',(1.,0.,0.));
#1453=DIRECTION('',(1.,0.,0.));
#1454=DIRECTION('',(0.,0.,-1.));
#1455=DIRECTION('',(0.,0.,1.));
#1456=DIRECTION('',(0.,1.,0.));
#1457=DIRECTION('',(0.,0.,1.));
#1458=DIRECTION('',(0.,0.,-1.));
#1459=DIRECTION('',(-1.,0.,0.));
#1460=DIRECTION('',(1.,0.,0.));
#1461=DIRECTION('',(1.,0.,0.));
#1462=DIRECTION('',(0.,-1.,0.));
#1463=DIRECTION('',(0.,0.,-1.));
#1464=DIRECTION('',(-1.,0.,0.));
#1465=DIRECTION('',(0.,0.,-1.));
#1466=DIRECTION('',(1.,0.,0.));
#1467=DIRECTION('',(0.,0.,1.));
#1468=DIRECTION('',(-1.,0.,0.));
#1469=DIRECTION('',(0.,0.,-1.));
#1470=DIRECTION('',(0.,1.,0.));
#1471=DIRECTION('',(1.,0.,0.));
#1472=DIRECTION('',(-1.,0.,0.));
#1473=DIRECTION('',(0.,0.,1.));
#1474=DIRECTION('',(1.,0.,0.));
#1475=DIRECTION('',(0.,0.,1.));
#1476=DIRECTION('',(1.,0.,0.));
#1477=DIRECTION('',(0.,0.,-1.));
#1478=DIRECTION('',(1.,0.,0.));
#1479=DIRECTION('',(0.,0.,-1.));
#1480=DIRECTION('',(-1.,0.,0.));
#1481=DIRECTION('',(0.,0.,-1.));
#1482=DIRECTION('',(-1.,0.,0.));
#1483=DIRECTION('',(0.,0.,1.));
#1484=DIRECTION('',(0.,0.,-1.));
#1485=DIRECTION('',(-1.,0.,0.));
#1486=DIRECTION('',(1.,0.,0.));
#1487=DIRECTION('',(0.,1.,0.));
#1488=DIRECTION('',(-1.,0.,0.));
#1489=DIRECTION('',(0.,0.,1.));
#1490=DIRECTION('',(0.,0.,-1.));
#1491=DIRECTION('',(0.,1.,0.));
#1492=DIRECTION('',(0.,0.,1.));
#1493=DIRECTION('',(1.,0.,0.));
#1494=DIRECTION('',(-1.,0.,0.));
#1495=DIRECTION('',(0.,1.,0.));
#1496=DIRECTION('',(-1.,0.,0.));
#1497=DIRECTION('',(0.,0.,1.));
#1498=DIRECTION('',(0.,0.,-1.));
#1499=DIRECTION('',(0.,1.,0.));
#1500=DIRECTION('',(0.,0.,1.));
#1501=DIRECTION('',(1.,0.,0.));
#1502=DIRECTION('',(-1.,0.,0.));
#1503=DIRECTION('',(0.,1.,0.));
#1504=DIRECTION('',(1.,0.,0.));
#1505=DIRECTION('',(0.,0.,-1.));
#1506=DIRECTION('',(0.,0.,1.));
#1507=DIRECTION('',(-0.707106781186548,-0.707106781186548,0.));
#1508=DIRECTION('',(0.,0.,1.));
#1509=DIRECTION('',(-0.577350269189626,0.577350269189626,0.577350269189626));
#1510=DIRECTION('',(-0.577350269189626,0.577350269189626,0.577350269189626));
#1511=DIRECTION('',(0.,-0.707106781186548,0.707106781186548));
#1512=DIRECTION('',(1.,0.,0.));
#1513=DIRECTION('',(0.577350269189626,0.577350269189626,0.577350269189626));
#1514=DIRECTION('',(0.707106781186548,-0.707106781186548,0.));
#1515=DIRECTION('',(0.,0.,-1.));
#1516=DIRECTION('',(0.577350269189626,0.577350269189626,0.577350269189626));
#1517=DIRECTION('',(-0.707106781186548,-0.707106781186548,0.));
#1518=DIRECTION('',(0.,0.,1.));
#1519=DIRECTION('',(0.577350269189626,-0.577350269189626,0.577350269189626));
#1520=DIRECTION('',(-0.577350269189626,0.577350269189626,0.577350269189626));
#1521=DIRECTION('',(0.,-0.707106781186548,0.707106781186548));
#1522=DIRECTION('',(1.,0.,0.));
#1523=DIRECTION('',(0.577350269189626,0.577350269189626,0.577350269189626));
#1524=DIRECTION('',(0.707106781186548,-0.707106781186548,0.));
#1525=DIRECTION('',(0.,0.,-1.));
#1526=DIRECTION('',(0.577350269189626,0.577350269189626,-0.577350269189626));
#1527=DIRECTION('',(0.,-0.707106781186548,-0.707106781186548));
#1528=DIRECTION('',(-1.,0.,0.));
#1529=DIRECTION('',(0.577350269189626,0.577350269189626,-0.577350269189626));
#1530=DIRECTION('',(0.707106781186548,-0.707106781186548,0.));
#1531=DIRECTION('',(0.,0.,-1.));
#1532=DIRECTION('',(0.577350269189626,0.577350269189626,-0.577350269189626));
#1533=DIRECTION('',(0.,-0.707106781186548,-0.707106781186548));
#1534=DIRECTION('',(-1.,0.,0.));
#1535=DIRECTION('',(-0.577350269189626,0.577350269189626,-0.577350269189626));
#1536=DIRECTION('',(-0.707106781186548,-0.707106781186548,0.));
#1537=DIRECTION('',(0.,0.,1.));
#1538=DIRECTION('',(-0.577350269189626,0.577350269189626,-0.577350269189626));
#1539=DIRECTION('',(0.,-0.707106781186548,-0.707106781186548));
#1540=DIRECTION('',(-1.,0.,0.));
#1541=DIRECTION('',(0.,-0.707106781186548,0.707106781186548));
#1542=DIRECTION('',(1.,0.,0.));
#1543=DIRECTION('',(0.,0.,1.));
#1544=DIRECTION('',(1.,0.,0.));
#1545=DIRECTION('',(0.,1.,0.));
#1546=DIRECTION('',(1.,0.,0.));
#1547=DIRECTION('',(0.,1.,0.));
#1548=DIRECTION('',(1.,0.,0.));
#1549=DIRECTION('',(0.,1.,0.));
#1550=DIRECTION('',(1.,0.,0.));
#1551=DIRECTION('',(0.,1.,0.));
#1552=DIRECTION('',(1.,0.,0.));
#1553=DIRECTION('',(1.,0.,0.));
#1554=DIRECTION('',(0.,0.,-1.));
#1555=DIRECTION('',(0.,0.,1.));
#1556=DIRECTION('',(0.,1.,0.));
#1557=DIRECTION('',(0.,0.,1.));
#1558=DIRECTION('',(0.,1.,0.));
#1559=DIRECTION('',(0.,0.,1.));
#1560=DIRECTION('',(1.,0.,0.));
#1561=DIRECTION('',(-1.,0.,0.));
#1562=DIRECTION('',(0.,1.,0.));
#1563=DIRECTION('',(-1.,0.,0.));
#1564=DIRECTION('',(-1.,0.,0.));
#1565=DIRECTION('',(0.,0.,1.));
#1566=DIRECTION('',(0.,0.,-1.));
#1567=DIRECTION('',(0.,1.,0.));
#1568=DIRECTION('',(0.,0.,-1.));
#1569=DIRECTION('',(0.,1.,0.));
#1570=DIRECTION('',(0.,0.,-1.));
#1571=DIRECTION('',(-1.,0.,0.));
#1572=DIRECTION('',(1.,0.,0.));
#1573=DIRECTION('',(0.,1.,0.));
#1574=DIRECTION('',(1.,0.,0.));
#1575=DIRECTION('',(1.,0.,0.));
#1576=DIRECTION('',(0.,0.,-1.));
#1577=DIRECTION('',(0.,0.,1.));
#1578=DIRECTION('',(0.,1.,0.));
#1579=DIRECTION('',(0.,0.,1.));
#1580=DIRECTION('',(0.,0.,-1.));
#1581=DIRECTION('',(-1.,0.,0.));
#1582=DIRECTION('',(1.,0.,0.));
#1583=DIRECTION('',(1.,0.,0.));
#1584=DIRECTION('',(0.,-1.,0.));
#1585=DIRECTION('',(0.,0.,-1.));
#1586=DIRECTION('',(-1.,0.,0.));
#1587=DIRECTION('',(0.,0.,-1.));
#1588=DIRECTION('',(1.,0.,0.));
#1589=DIRECTION('',(0.,0.,1.));
#1590=DIRECTION('',(-1.,0.,0.));
#1591=DIRECTION('',(0.,0.,-1.));
#1592=DIRECTION('',(0.,1.,0.));
#1593=DIRECTION('',(1.,0.,0.));
#1594=DIRECTION('',(-1.,0.,0.));
#1595=DIRECTION('',(0.,0.,1.));
#1596=DIRECTION('',(1.,0.,0.));
#1597=DIRECTION('',(0.,0.,1.));
#1598=DIRECTION('',(1.,0.,0.));
#1599=DIRECTION('',(0.,0.,-1.));
#1600=DIRECTION('',(1.,0.,0.));
#1601=DIRECTION('',(0.,0.,-1.));
#1602=DIRECTION('',(-1.,0.,0.));
#1603=DIRECTION('',(0.,0.,-1.));
#1604=DIRECTION('',(-1.,0.,0.));
#1605=DIRECTION('',(0.,0.,1.));
#1606=DIRECTION('',(0.,0.,-1.));
#1607=DIRECTION('',(-1.,0.,0.));
#1608=DIRECTION('',(1.,0.,0.));
#1609=DIRECTION('',(0.,1.,0.));
#1610=DIRECTION('',(-1.,0.,0.));
#1611=DIRECTION('',(0.,0.,1.));
#1612=DIRECTION('',(0.,0.,-1.));
#1613=DIRECTION('',(0.,1.,0.));
#1614=DIRECTION('',(0.,0.,1.));
#1615=DIRECTION('',(1.,0.,0.));
#1616=DIRECTION('',(-1.,0.,0.));
#1617=DIRECTION('',(0.,1.,0.));
#1618=DIRECTION('',(-1.,0.,0.));
#1619=DIRECTION('',(0.,0.,1.));
#1620=DIRECTION('',(0.,0.,-1.));
#1621=DIRECTION('',(0.,1.,0.));
#1622=DIRECTION('',(0.,0.,1.));
#1623=DIRECTION('',(1.,0.,0.));
#1624=DIRECTION('',(-1.,0.,0.));
#1625=DIRECTION('',(0.,1.,0.));
#1626=DIRECTION('',(1.,0.,0.));
#1627=DIRECTION('',(0.,0.,-1.));
#1628=DIRECTION('',(0.,0.,1.));
#1629=DIRECTION('',(-0.707106781186548,-0.707106781186548,0.));
#1630=DIRECTION('',(0.,0.,1.));
#1631=DIRECTION('',(-0.577350269189626,0.577350269189626,0.577350269189626));
#1632=DIRECTION('',(-0.577350269189626,0.577350269189626,0.577350269189626));
#1633=DIRECTION('',(0.,-0.707106781186548,0.707106781186548));
#1634=DIRECTION('',(1.,0.,0.));
#1635=DIRECTION('',(0.577350269189626,0.577350269189626,0.577350269189626));
#1636=DIRECTION('',(0.707106781186548,-0.707106781186548,0.));
#1637=DIRECTION('',(0.,0.,-1.));
#1638=DIRECTION('',(0.577350269189626,0.577350269189626,0.577350269189626));
#1639=DIRECTION('',(-0.707106781186548,-0.707106781186548,0.));
#1640=DIRECTION('',(0.,0.,1.));
#1641=DIRECTION('',(0.577350269189626,-0.577350269189626,0.577350269189626));
#1642=DIRECTION('',(-0.577350269189626,0.577350269189626,0.577350269189626));
#1643=DIRECTION('',(0.,-0.707106781186548,0.707106781186548));
#1644=DIRECTION('',(1.,0.,0.));
#1645=DIRECTION('',(0.577350269189626,0.577350269189626,0.577350269189626));
#1646=DIRECTION('',(0.707106781186548,-0.707106781186548,0.));
#1647=DIRECTION('',(0.,0.,-1.));
#1648=DIRECTION('',(0.577350269189626,0.577350269189626,-0.577350269189626));
#1649=DIRECTION('',(0.,-0.707106781186548,-0.707106781186548));
#1650=DIRECTION('',(-1.,0.,0.));
#1651=DIRECTION('',(0.577350269189626,0.577350269189626,-0.577350269189626));
#1652=DIRECTION('',(0.707106781186548,-0.707106781186548,0.));
#1653=DIRECTION('',(0.,0.,-1.));
#1654=DIRECTION('',(0.577350269189626,0.577350269189626,-0.577350269189626));
#1655=DIRECTION('',(0.,-0.707106781186548,-0.707106781186548));
#1656=DIRECTION('',(-1.,0.,0.));
#1657=DIRECTION('',(-0.577350269189626,0.577350269189626,-0.577350269189626));
#1658=DIRECTION('',(-0.707106781186548,-0.707106781186548,0.));
#1659=DIRECTION('',(0.,0.,1.));
#1660=DIRECTION('',(-0.577350269189626,0.577350269189626,-0.577350269189626));
#1661=DIRECTION('',(0.,-0.707106781186548,-0.707106781186548));
#1662=DIRECTION('',(-1.,0.,0.));
#1663=DIRECTION('',(0.,-0.707106781186548,0.707106781186548));
#1664=DIRECTION('',(1.,0.,0.));
#1665=CARTESIAN_POINT('',(0.,0.,0.));
#1666=CARTESIAN_POINT('',(0.0091,0.,-0.0091));
#1667=CARTESIAN_POINT('',(-0.0089,0.,-0.0091));
#1668=CARTESIAN_POINT('',(-0.0089,0.001,-0.0091));
#1669=CARTESIAN_POINT('',(-0.0089,0.,-0.0091));
#1670=CARTESIAN_POINT('',(0.0091,0.001,-0.0091));
#1671=CARTESIAN_POINT('',(0.0089,0.001,-0.0091));
#1672=CARTESIAN_POINT('',(0.0089,0.,-0.0091));
#1673=CARTESIAN_POINT('',(0.0089,0.,-0.0091));
#1674=CARTESIAN_POINT('',(0.0091,0.,-0.0091));
#1675=CARTESIAN_POINT('',(-0.0091,0.,0.0091));
#1676=CARTESIAN_POINT('',(0.0089,0.,0.0091));
#1677=CARTESIAN_POINT('',(0.0089,0.001,0.0091));
#1678=CARTESIAN_POINT('',(0.0089,0.,0.0091));
#1679=CARTESIAN_POINT('',(-0.0091,0.001,0.0091));
#1680=CARTESIAN_POINT('',(-0.0089,0.001,0.0091));
#1681=CARTESIAN_POINT('',(-0.0089,0.,0.0091));
#1682=CARTESIAN_POINT('',(-0.0089,0.,0.0091));
#1683=CARTESIAN_POINT('',(-0.0091,0.,0.0091));
#1684=CARTESIAN_POINT('',(0.0089,0.,-0.0089));
#1685=CARTESIAN_POINT('',(0.0089,0.001,-0.0091));
#1686=CARTESIAN_POINT('',(0.00900471975511966,0.001,-0.0091));
#1687=CARTESIAN_POINT('',(0.0091,0.001,-0.00900471975511966));
#1688=CARTESIAN_POINT('',(0.0091,0.001,-0.0089));
#1689=CARTESIAN_POINT('',(0.0091,0.001,-0.0089));
#1690=CARTESIAN_POINT('',(0.0091,0.,-0.0089));
#1691=CARTESIAN_POINT('',(0.0091,0.,-0.0089));
#1692=CARTESIAN_POINT('',(0.0089,0.,-0.0089));
#1693=CARTESIAN_POINT('',(-0.0089,0.,-0.0089));
#1694=CARTESIAN_POINT('',(-0.0091,0.001,-0.0089));
#1695=CARTESIAN_POINT('',(-0.0091,0.001,-0.00900471975511966));
#1696=CARTESIAN_POINT('',(-0.00900471975511966,0.001,-0.0091));
#1697=CARTESIAN_POINT('',(-0.0089,0.001,-0.0091));
#1698=CARTESIAN_POINT('',(-0.0091,0.001,-0.0089));
#1699=CARTESIAN_POINT('',(-0.0089,0.,-0.0089));
#1700=CARTESIAN_POINT('',(-0.0091,0.,-0.0089));
#1701=CARTESIAN_POINT('',(-0.0091,0.,-0.0089));
#1702=CARTESIAN_POINT('',(-0.0091,0.,-0.0091));
#1703=CARTESIAN_POINT('',(-0.0091,0.,0.0089));
#1704=CARTESIAN_POINT('',(-0.0091,0.001,0.0089));
#1705=CARTESIAN_POINT('',(-0.0091,0.,0.0089));
#1706=CARTESIAN_POINT('',(-0.0091,0.001,0.0089));
#1707=CARTESIAN_POINT('',(-0.0091,0.001,0.00296666666666666));
#1708=CARTESIAN_POINT('',(-0.0091,0.001,-0.00296666666666667));
#1709=CARTESIAN_POINT('',(-0.0091,0.001,-0.0089));
#1710=CARTESIAN_POINT('',(-0.0091,0.,-0.0091));
#1711=CARTESIAN_POINT('',(-0.0089,0.,0.0089));
#1712=CARTESIAN_POINT('',(-0.0089,0.001,0.0091));
#1713=CARTESIAN_POINT('',(-0.00900471975511966,0.001,0.0091));
#1714=CARTESIAN_POINT('',(-0.0091,0.001,0.00900471975511966));
#1715=CARTESIAN_POINT('',(-0.0091,0.001,0.0089));
#1716=CARTESIAN_POINT('',(-0.0089,0.,0.0089));
#1717=CARTESIAN_POINT('',(0.,0.,0.));
#1718=CARTESIAN_POINT('',(-0.00365,0.,0.0073));
#1719=CARTESIAN_POINT('',(-0.0073,0.,0.0073));
#1720=CARTESIAN_POINT('',(0.0073,0.,0.0073));
#1721=CARTESIAN_POINT('',(0.0073,0.,0.00365));
#1722=CARTESIAN_POINT('',(0.0073,0.,-0.0073));
#1723=CARTESIAN_POINT('',(0.00365,0.,-0.0073));
#1724=CARTESIAN_POINT('',(-0.0073,0.,-0.0073));
#1725=CARTESIAN_POINT('',(-0.0073,0.,-0.00365));
#1726=CARTESIAN_POINT('',(0.0089,0.,0.0089));
#1727=CARTESIAN_POINT('',(0.0091,0.,0.0089));
#1728=CARTESIAN_POINT('',(0.0091,0.,0.0091));
#1729=CARTESIAN_POINT('',(0.0091,0.,0.0091));
#1730=CARTESIAN_POINT('',(0.0091,0.,0.0089));
#1731=CARTESIAN_POINT('',(0.0091,0.001,0.0089));
#1732=CARTESIAN_POINT('',(0.0091,0.001,0.0091));
#1733=CARTESIAN_POINT('',(0.0089,0.,0.0089));
#1734=CARTESIAN_POINT('',(0.0091,0.001,0.0089));
#1735=CARTESIAN_POINT('',(0.0091,0.001,0.00900471975511966));
#1736=CARTESIAN_POINT('',(0.00900471975511966,0.001,0.0091));
#1737=CARTESIAN_POINT('',(0.0089,0.001,0.0091));
#1738=CARTESIAN_POINT('',(-0.0073,0.,-0.0073));
#1739=CARTESIAN_POINT('',(-0.0073,0.,-0.0073));
#1740=CARTESIAN_POINT('',(-0.0052,0.0057,-0.0052));
#1741=CARTESIAN_POINT('',(-0.0052,0.0057,-0.0052));
#1742=CARTESIAN_POINT('',(-0.0052,0.0057,0.0052));
#1743=CARTESIAN_POINT('',(-0.0073,0.,0.0073));
#1744=CARTESIAN_POINT('',(0.0073,0.,-0.0073));
#1745=CARTESIAN_POINT('',(0.0073,0.,-0.0073));
#1746=CARTESIAN_POINT('',(0.0052,0.0057,-0.0052));
#1747=CARTESIAN_POINT('',(0.0052,0.0057,-0.0052));
#1748=CARTESIAN_POINT('',(0.0073,0.,0.0073));
#1749=CARTESIAN_POINT('',(0.0073,0.,0.0073));
#1750=CARTESIAN_POINT('',(0.0052,0.0057,0.0052));
#1751=CARTESIAN_POINT('',(0.0052,0.0057,0.0052));
#1752=CARTESIAN_POINT('',(-0.0073,0.,0.0073));
#1753=CARTESIAN_POINT('',(-0.0052,0.0057,0.0052));
#1754=CARTESIAN_POINT('',(0.,0.0057,7.56970244062607E-20));
#1755=CARTESIAN_POINT('',(0.,0.0057,0.));
#1756=CARTESIAN_POINT('',(0.0028,0.0057,0.));
#1757=CARTESIAN_POINT('',(0.,0.046,0.));
#1758=CARTESIAN_POINT('',(0.00514960478846927,0.00789735014029075,-0.00482033712032249));
#1759=CARTESIAN_POINT('',(0.00505814436644309,0.00790306676028594,-0.0049614566944399));
#1760=CARTESIAN_POINT('',(0.00493590641477514,0.00790261786347491,-0.00507977467372284));
#1761=CARTESIAN_POINT('',(0.00479525169921722,0.00789588870011404,-0.00516209072566374));
#1762=CARTESIAN_POINT('',(0.00469734748407596,0.00788953541804516,-0.00520526241051998));
#1763=CARTESIAN_POINT('',(0.00442488802926504,0.00787252900282107,-0.00532348029045268));
#1764=CARTESIAN_POINT('',(0.00379654238770699,0.00783575720257234,-0.00556214896136049));
#1765=CARTESIAN_POINT('',(0.00277364494635858,0.00778655455113134,-0.00584417947632299));
#1766=CARTESIAN_POINT('',(0.00150405855697458,0.00774603027568662,-0.00603985084033284));
#1767=CARTESIAN_POINT('',(0.000229161443882311,0.00772900335638543,-0.00611666339743565));
#1768=CARTESIAN_POINT('',(-0.00109019085459729,0.00773842678511084,-0.00607975508589473));
#1769=CARTESIAN_POINT('',(-0.00234225761145431,0.00777003596494467,-0.00592474072364518));
#1770=CARTESIAN_POINT('',(-0.00343114060083384,0.00781664137225495,-0.00567335359971597));
#1771=CARTESIAN_POINT('',(-0.00416094258384139,0.00785686771271427,-0.00542512557037776));
#1772=CARTESIAN_POINT('',(-0.00452020069910611,0.00787842791322248,-0.00528157900302086));
#1773=CARTESIAN_POINT('',(-0.00469674249660942,0.00788957150844943,-0.00520637518923682));
#1774=CARTESIAN_POINT('',(-0.00481908259170021,0.0078972619961857,-0.00515010845900746));
#1775=CARTESIAN_POINT('',(-0.00496013249098456,0.00790303635952365,-0.00505922053075062));
#1776=CARTESIAN_POINT('',(-0.00507906237394654,0.00790265797123912,-0.00493699595718492));
#1777=CARTESIAN_POINT('',(-0.00516232910041653,0.00789586275401598,-0.00479478833168264));
#1778=CARTESIAN_POINT('',(-0.0052054336336128,0.00788950628122869,-0.0046969238817457));
#1779=CARTESIAN_POINT('',(-0.00532383237371981,0.00787251074289404,-0.00442425857513104));
#1780=CARTESIAN_POINT('',(-0.00556297929493607,0.00783593976300998,-0.00379839071509514));
#1781=CARTESIAN_POINT('',(-0.00584632461846484,0.0077872570431877,-0.00276897072946377));
#1782=CARTESIAN_POINT('',(-0.00603512720947898,0.00774900052698416,-0.00159159225366342));
#1783=CARTESIAN_POINT('',(-0.00611609621304793,0.00772854771754607,-0.00023203915201909));
#1784=CARTESIAN_POINT('',(-0.00608425802585462,0.00773495536917271,0.00083668052825988));
#1785=CARTESIAN_POINT('',(-0.00599668258800833,0.00775530512888255,0.00175759661771088));
#1786=CARTESIAN_POINT('',(-0.0058737278777734,0.00778088901968874,0.00258243347268897));
#1787=CARTESIAN_POINT('',(-0.00566838485781597,0.00781813173066577,0.00345286737924478));
#1788=CARTESIAN_POINT('',(-0.00542518060194336,0.00785702845274331,0.00416226984777487));
#1789=CARTESIAN_POINT('',(-0.00528143952248598,0.00787847071985127,0.00452072912537923));
#1790=CARTESIAN_POINT('',(-0.00520616512567907,0.00788960638759643,0.00469725751966121));
#1791=CARTESIAN_POINT('',(-0.0051498652043267,0.00789728558250736,0.00481952899580847));
#1792=CARTESIAN_POINT('',(-0.00505888443797402,0.00790304650463943,0.00496055366766291));
#1793=CARTESIAN_POINT('',(-0.00493655269717074,0.00790264901539129,0.005079428573752));
#1794=CARTESIAN_POINT('',(-0.00479413352199714,0.00789582451796016,0.00516265563550338));
#1795=CARTESIAN_POINT('',(-0.00469635383638797,0.00788946863379873,0.00520566829399169));
#1796=CARTESIAN_POINT('',(-0.00442393998441149,0.00787247724455279,0.00532389603552849));
#1797=CARTESIAN_POINT('',(-0.00379625657276486,0.00783573335321025,0.0055621230446913));
#1798=CARTESIAN_POINT('',(-0.00277366431213424,0.00778653980171841,0.00584406125579042));
#1799=CARTESIAN_POINT('',(-0.00150445311984403,0.00774603020587285,0.00603971656741819));
#1800=CARTESIAN_POINT('',(-0.000230146500474585,0.00772902313667556,0.00611670214638008));
#1801=CARTESIAN_POINT('',(0.0010885162599671,0.00773841564783761,0.00607994115385744));
#1802=CARTESIAN_POINT('',(0.00234036048905592,0.00776996306008723,0.00592505003896411));
#1803=CARTESIAN_POINT('',(0.00343005354100254,0.00781657438604456,0.00567360841687596));
#1804=CARTESIAN_POINT('',(0.00416034689374884,0.00785682995823728,0.00542532494777954));
#1805=CARTESIAN_POINT('',(0.00451979499834536,0.00787840230376681,0.00528174231616591));
#1806=CARTESIAN_POINT('',(0.00469638311121232,0.00788954893479407,0.0052065350240369));
#1807=CARTESIAN_POINT('',(0.00481879612479607,0.00789724313298973,0.00515023703469666));
#1808=CARTESIAN_POINT('',(0.00495986239004129,0.00790299292834662,0.00505916270837378));
#1809=CARTESIAN_POINT('',(0.00507912275825952,0.00790267189627465,0.00493702478240457));
#1810=CARTESIAN_POINT('',(0.00516184304229403,0.00789591183311788,0.00479569819664553));
#1811=CARTESIAN_POINT('',(0.00520475393224149,0.00788961515684273,0.00469855160061176));
#1812=CARTESIAN_POINT('',(0.005321975882815,0.00787271215883976,0.00442813074821553));
#1813=CARTESIAN_POINT('',(0.00555946624783512,0.00783595819026452,0.00380332777933869));
#1814=CARTESIAN_POINT('',(0.00584020728203252,0.00778660427991217,0.00277542919030069));
#1815=CARTESIAN_POINT('',(0.00603410154240834,0.00774817394662347,0.0015756114558322));
#1816=CARTESIAN_POINT('',(0.00611834407575097,0.00772906394121669,0.000235903886784058));
#1817=CARTESIAN_POINT('',(0.00608708762914951,0.00773548454645444,-0.000838306381996027));
#1818=CARTESIAN_POINT('',(0.0059974284981411,0.00775513084594619,-0.00175117188408971));
#1819=CARTESIAN_POINT('',(0.00587161215151678,0.00778064302972279,-0.00258484030045005));
#1820=CARTESIAN_POINT('',(0.00566721071612169,0.00781800602703494,-0.00345301990064363));
#1821=CARTESIAN_POINT('',(0.00542507749650509,0.0078569597059516,-0.00416177012218593));
#1822=CARTESIAN_POINT('',(0.00528173464914891,0.00787842397611997,-0.00451998330294708));
#1823=CARTESIAN_POINT('',(0.00520651860288013,0.00788953858971187,-0.00469631596099731));
#1824=CARTESIAN_POINT('',(0.00514960478846927,0.00789735014029075,-0.00482033712032249));
#1825=CARTESIAN_POINT('',(0.00505814436644309,0.00790306676028594,-0.0049614566944399));
#1826=CARTESIAN_POINT('',(0.00493590641477514,0.00790261786347491,-0.00507977467372284));
#1827=CARTESIAN_POINT('',(0.00509309574810779,0.00790046955838413,-0.00490394288598383));
#1828=CARTESIAN_POINT('',(0.00542995314298368,0.00784708499703263,-0.00485474420326345));
#1829=CARTESIAN_POINT('',(0.00577947081269231,0.00751612347819228,-0.00524000898125828));
#1830=CARTESIAN_POINT('',(0.0080514255586523,0.005093532319638,-0.00774420951671748));
#1831=CARTESIAN_POINT('',(0.00910003939691074,0.00226222861134119,-0.00890007277046153));
#1832=CARTESIAN_POINT('',(0.00910000097607766,0.001,-0.0088999994995048));
#1833=CARTESIAN_POINT('',(0.00541575928764406,0.00784708499703263,-0.00489459337585745));
#1834=CARTESIAN_POINT('',(0.00576605276030828,0.00751612347819228,-0.00528074356832152));
#1835=CARTESIAN_POINT('',(0.00804391873739214,0.005093532319638,-0.00778960557103488));
#1836=CARTESIAN_POINT('',(0.0091000469633439,0.00226222861134119,-0.00893939093963836));
#1837=CARTESIAN_POINT('',(0.00910000104303391,0.001,-0.00892617927921481));
#1838=CARTESIAN_POINT('',(0.00536860321260729,0.00784708499703262,-0.00501277739887579));
#1839=CARTESIAN_POINT('',(0.00572435681604619,0.00751612347819228,-0.00539563797667232));
#1840=CARTESIAN_POINT('',(0.00803293564332686,0.005093532319638,-0.00788032263693908));
#1841=CARTESIAN_POINT('',(0.00907871389089249,0.0022622286113412,-0.00900187750076596));
#1842=CARTESIAN_POINT('',(0.00908958396350702,0.001,-0.00897852642429979));
#1843=CARTESIAN_POINT('',(0.00521768330287839,0.00784708499703262,-0.00521766792146063));
#1844=CARTESIAN_POINT('',(0.00558741752030938,0.00751612347819228,-0.00558740206329886));
#1845=CARTESIAN_POINT('',(0.00798225584298821,0.005093532319638,-0.00798225318264276));
#1846=CARTESIAN_POINT('',(0.00904178599348069,0.00226222861134124,-0.00904177622905249));
#1847=CARTESIAN_POINT('',(0.00904512052241903,0.001,-0.00904512086708308));
#1848=CARTESIAN_POINT('',(0.0050127921637489,0.00784708499703262,-0.00536859012565955));
#1849=CARTESIAN_POINT('',(0.00539565250088831,0.00751612347819227,-0.00572434366190031));
#1850=CARTESIAN_POINT('',(0.00788032910756105,0.00509353231963801,-0.00803293296338147));
#1851=CARTESIAN_POINT('',(0.00900184777870717,0.00226222861134127,-0.00907870795481817));
#1852=CARTESIAN_POINT('',(0.00897852613756783,0.001,-0.00908958426605947));
#1853=CARTESIAN_POINT('',(0.0048946072955377,0.00784708499703262,-0.00541574091050563));
#1854=CARTESIAN_POINT('',(0.0052807579498243,0.00751612347819227,-0.00576603463600977));
#1855=CARTESIAN_POINT('',(0.00778960360576547,0.00509353231963801,-0.0080439118590064));
#1856=CARTESIAN_POINT('',(0.0089394459345992,0.00226222861134129,-0.00910007475051846));
#1857=CARTESIAN_POINT('',(0.00892617889352198,0.001,-0.00910000139678642));
#1858=CARTESIAN_POINT('',(0.0044776454849936,0.00784708499703261,-0.00556434949535906));
#1859=CARTESIAN_POINT('',(0.00485453064751589,0.00751612347819226,-0.0059065249354563));
#1860=CARTESIAN_POINT('',(0.00731458509349046,0.00509353231963801,-0.00812248452496274));
#1861=CARTESIAN_POINT('',(0.00852796190199588,0.00226222861134129,-0.00909996616467247));
#1862=CARTESIAN_POINT('',(0.00865223461772755,0.001,-0.009100000029217));
#1863=CARTESIAN_POINT('',(0.00370280797011799,0.00784708499703259,-0.00580062295834531));
#1864=CARTESIAN_POINT('',(0.00404514140778843,0.00751612347819225,-0.00612994328283931));
#1865=CARTESIAN_POINT('',(0.00629357152764653,0.00509353231963799,-0.00824790538632607));
#1866=CARTESIAN_POINT('',(0.00750683695680884,0.00226222861134129,-0.00910001369327129));
#1867=CARTESIAN_POINT('',(0.00778627255677955,0.001,-0.00910000072365474));
#1868=CARTESIAN_POINT('',(0.00209158229501575,0.00784708499703258,-0.00614107604838831));
#1869=CARTESIAN_POINT('',(0.00231142473289633,0.00751612347819223,-0.00645201379907776));
#1870=CARTESIAN_POINT('',(0.00376622616436544,0.00509353231963798,-0.00842941111686237));
#1871=CARTESIAN_POINT('',(0.00463254596926084,0.00226222861134129,-0.00909999480300934));
#1872=CARTESIAN_POINT('',(0.00494308242316906,0.001,-0.00909999960126661));
#1873=CARTESIAN_POINT('',(-3.20381853479669E-8,0.00784708499703257,-0.00631314711284258));
#1874=CARTESIAN_POINT('',(-3.18706313849362E-8,0.00751612347819223,-0.00661488370063402));
#1875=CARTESIAN_POINT('',(-1.42896095385377E-8,0.00509353231963798,-0.00852165168492817));
#1876=CARTESIAN_POINT('',(1.74194804706146E-8,0.0022622286113413,-0.00910000079378594));
#1877=CARTESIAN_POINT('',(-2.86732939167088E-9,0.001,-0.00910000205373814));
#1878=CARTESIAN_POINT('',(-0.00250981814251691,0.00784708499703257,-0.00610662082432895));
#1879=CARTESIAN_POINT('',(-0.00277362946332094,0.00751612347819222,-0.0064193989489453));
#1880=CARTESIAN_POINT('',(-0.00451944971958363,0.00509353231963797,-0.00841096462051478));
#1881=CARTESIAN_POINT('',(-0.00555909808471064,0.00226222861134128,-0.00910000693432372));
#1882=CARTESIAN_POINT('',(-0.00593169386819112,0.001,-0.00909999866508045));
#1883=CARTESIAN_POINT('',(-0.00410056159095805,0.00784708499703258,-0.00569894221827521));
#1884=CARTESIAN_POINT('',(-0.00446906845119096,0.00751612347819223,-0.00603377620092625));
#1885=CARTESIAN_POINT('',(-0.00688500164866928,0.00509353231963797,-0.00819362033471415));
#1886=CARTESIAN_POINT('',(-0.0081560184727831,0.00226222861134123,-0.00909998476419075));
#1887=CARTESIAN_POINT('',(-0.00840447610584104,0.001,-0.00910000910235702));
#1888=CARTESIAN_POINT('',(-0.00489447244264288,0.00784708499703258,-0.00541586003366976));
#1889=CARTESIAN_POINT('',(-0.00528062278317103,0.00751612347819224,-0.0057661536819189));
#1890=CARTESIAN_POINT('',(-0.00778960135033372,0.00509353231963797,-0.00804393848636573));
#1891=CARTESIAN_POINT('',(-0.00893940970630456,0.00226222861134119,-0.00910007315638688));
#1892=CARTESIAN_POINT('',(-0.0089261768970593,0.001,-0.00910000629074406));
#1893=CARTESIAN_POINT('',(-0.00501283309530883,0.00784708499703258,-0.0053688878681082));
#1894=CARTESIAN_POINT('',(-0.00539569459857124,0.00751612347819223,-0.00572464164827102));
#1895=CARTESIAN_POINT('',(-0.0078804055080359,0.00509353231963795,-0.00803305308041988));
#1896=CARTESIAN_POINT('',(-0.00900197783518088,0.00226222861134113,-0.00907874045374547));
#1897=CARTESIAN_POINT('',(-0.00897853507954679,0.001,-0.00908959942592248));
#1898=CARTESIAN_POINT('',(-0.00521726292546295,0.00784708499703258,-0.00521726376559346));
#1899=CARTESIAN_POINT('',(-0.00558699717336633,0.00751612347819223,-0.00558699801229621));
#1900=CARTESIAN_POINT('',(-0.0079820337414705,0.00509353231963792,-0.00798203482169819));
#1901=CARTESIAN_POINT('',(-0.00904176765532498,0.00226222861134099,-0.00904176752712275));
#1902=CARTESIAN_POINT('',(-0.00904509564159759,0.001,-0.00904509577435064));
#1903=CARTESIAN_POINT('',(-0.00536888696547635,0.00784708499703258,-0.00501283394986951));
#1904=CARTESIAN_POINT('',(-0.00572464074729051,0.00751612347819223,-0.0053956954582008));
#1905=CARTESIAN_POINT('',(-0.00803305199817326,0.00509353231963789,-0.00788040652104295));
#1906=CARTESIAN_POINT('',(-0.00907874031606582,0.00226222861134084,-0.0090019787185034));
#1907=CARTESIAN_POINT('',(-0.0090895992845163,0.001,-0.00897853521647622));
#1908=CARTESIAN_POINT('',(-0.00541585923563121,0.00784708499703258,-0.00489447329504598));
#1909=CARTESIAN_POINT('',(-0.00576615287876248,0.00751612347819223,-0.0052806236265038));
#1910=CARTESIAN_POINT('',(-0.00804393747883157,0.00509353231963788,-0.00778960250711099));
#1911=CARTESIAN_POINT('',(-0.00910007266616205,0.0022622286113408,-0.00893940861734329));
#1912=CARTESIAN_POINT('',(-0.009100006162764,0.001,-0.00892617702939931));
#1913=CARTESIAN_POINT('',(-0.00569893671210752,0.00784708499703258,-0.00410056176489237));
#1914=CARTESIAN_POINT('',(-0.00603377079096476,0.00751612347819223,-0.00446906878852037));
#1915=CARTESIAN_POINT('',(-0.00819361633895804,0.00509353231963788,-0.00688500304960526));
#1916=CARTESIAN_POINT('',(-0.00909999124143373,0.00226222861134076,-0.00815604049097903));
#1917=CARTESIAN_POINT('',(-0.00910000839597821,0.001,-0.00840447633276242));
#1918=CARTESIAN_POINT('',(-0.00610665898749433,0.00784708499703256,-0.0025098237561618));
#1919=CARTESIAN_POINT('',(-0.00641943693200695,0.00751612347819221,-0.00277363477151012));
#1920=CARTESIAN_POINT('',(-0.00841098750000324,0.00509353231963785,-0.00451943170107897));
#1921=CARTESIAN_POINT('',(-0.00909999810110889,0.00226222861134073,-0.00555905623844683));
#1922=CARTESIAN_POINT('',(-0.00910000329295083,0.001,-0.00593169275398561));
#1923=CARTESIAN_POINT('',(-0.0063130894146608,0.00784708499703257,-2.6440381985517E-8));
#1924=CARTESIAN_POINT('',(-0.00661482626664595,0.00751612347819222,-2.67203029456872E-8));
#1925=CARTESIAN_POINT('',(-0.00852161809405682,0.00509353231963786,-4.23846368242633E-8));
#1926=CARTESIAN_POINT('',(-0.00910001335516608,0.00226222861134074,-4.36028042961923E-8));
#1927=CARTESIAN_POINT('',(-0.00909999486143588,0.001,-4.21767417654704E-9));
#1928=CARTESIAN_POINT('',(-0.00614125323449801,0.00784708499703257,0.00209154950203278));
#1929=CARTESIAN_POINT('',(-0.00645219060069564,0.00751612347819222,0.00231139258633375));
#1930=CARTESIAN_POINT('',(-0.00842951767224351,0.00509353231963786,0.00376631927644698));
#1931=CARTESIAN_POINT('',(-0.00909998704441242,0.00226222861134077,0.00463263816048125));
#1932=CARTESIAN_POINT('',(-0.00910002063055639,0.001,0.00494308838006217));
#1933=CARTESIAN_POINT('',(-0.00584315001560974,0.00784708499703257,0.00350139266241403));
#1934=CARTESIAN_POINT('',(-0.00617017313557086,0.00751612347819222,0.00382841370794058));
#1935=CARTESIAN_POINT('',(-0.00827057990032852,0.00509353231963787,0.00597764709080001));
#1936=CARTESIAN_POINT('',(-0.00910005298314575,0.00226222861134078,0.00714741592408482));
#1937=CARTESIAN_POINT('',(-0.00909999586738757,0.001,0.00743087496976873));
#1938=CARTESIAN_POINT('',(-0.00562387058319175,0.00784708499703256,0.0042838435423681));
#1939=CARTESIAN_POINT('',(-0.00596283101401149,0.00751612347819222,0.00465209274480281));
#1940=CARTESIAN_POINT('',(-0.00815411341875109,0.00509353231963787,0.00705956132470715));
#1941=CARTESIAN_POINT('',(-0.00909993963376969,0.00226222861134079,0.0082729604765115));
#1942=CARTESIAN_POINT('',(-0.00910005324405145,0.001,0.00843576006078758));
#1943=CARTESIAN_POINT('',(-0.00549685081585528,0.00784708499703257,0.00466617588976391));
#1944=CARTESIAN_POINT('',(-0.00584270050740486,0.00751612347819222,0.00504724722335427));
#1945=CARTESIAN_POINT('',(-0.00808678889524561,0.00509353231963787,0.00752928638739999));
#1946=CARTESIAN_POINT('',(-0.00910021861307236,0.00226222861134079,0.00871351452515289));
#1947=CARTESIAN_POINT('',(-0.00909996699322099,0.001,0.00877611095198352));
#1948=CARTESIAN_POINT('',(-0.00540945259452564,0.00784708499703256,0.00491445193414573));
#1949=CARTESIAN_POINT('',(-0.00576012823219456,0.00751612347819222,0.00530105035497416));
#1950=CARTESIAN_POINT('',(-0.00804060343159207,0.00509353231963787,0.00781259155567985));
#1951=CARTESIAN_POINT('',(-0.00909964373027705,0.00226222861134079,0.00895983871283832));
#1952=CARTESIAN_POINT('',(-0.00910007590154187,0.001,0.00893929425855809));
#1953=CARTESIAN_POINT('',(-0.00534158965774443,0.00784708499703256,0.00506907632289593));
#1954=CARTESIAN_POINT('',(-0.00570065667659955,0.00751612347819222,0.00544909177456893));
#1955=CARTESIAN_POINT('',(-0.00802808561095491,0.00509353231963786,0.00791317335060249));
#1956=CARTESIAN_POINT('',(-0.00906755959106419,0.00226222861134079,0.0090158039975333));
#1957=CARTESIAN_POINT('',(-0.00908209946922441,0.001,0.00899805235417651));
#1958=CARTESIAN_POINT('',(-0.00516552810523486,0.00784708499703256,0.00525735285517767));
#1959=CARTESIAN_POINT('',(-0.0055387179356963,0.00751612347819222,0.00562346112522799));
#1960=CARTESIAN_POINT('',(-0.00795733612459366,0.00509353231963787,0.00799566008425805));
#1961=CARTESIAN_POINT('',(-0.00903326127599266,0.00226222861134079,0.00905001635583856));
#1962=CARTESIAN_POINT('',(-0.00902869078126731,0.001,0.00905684107215676));
#1963=CARTESIAN_POINT('',(-0.00499804813587793,0.00784708499703256,0.0053744583928375));
#1964=CARTESIAN_POINT('',(-0.00538131670555028,0.00751612347819222,0.00572953758276286));
#1965=CARTESIAN_POINT('',(-0.00786908610782849,0.00509353231963786,0.00803428655202446));
#1966=CARTESIAN_POINT('',(-0.00899374443467335,0.00226222861134079,0.00908229230677316));
#1967=CARTESIAN_POINT('',(-0.0089719934019981,0.001,0.00909089526966129));
#1968=CARTESIAN_POINT('',(-0.00489449912932848,0.00784708499703256,0.00541590313408451));
#1969=CARTESIAN_POINT('',(-0.0052806510912959,0.00751612347819222,0.00576619527246453));
#1970=CARTESIAN_POINT('',(-0.00778956064014244,0.00509353231963787,0.00804393648542572));
#1971=CARTESIAN_POINT('',(-0.00893958664939084,0.00226222861134079,0.00909989374445477));
#1972=CARTESIAN_POINT('',(-0.00892617352412559,0.001,0.00910000233354555));
#1973=CARTESIAN_POINT('',(-0.00476049124241765,0.00784708499703256,0.00546361366143315));
#1974=CARTESIAN_POINT('',(-0.00514365930578144,0.00751612347819222,0.00581129589440878));
#1975=CARTESIAN_POINT('',(-0.00763676828909918,0.00509353231963786,0.00806916510458126));
#1976=CARTESIAN_POINT('',(-0.00880683568270417,0.00226222861134079,0.0091000599734809));
#1977=CARTESIAN_POINT('',(-0.00883805748948046,0.001,0.00909998840575567));
#1978=CARTESIAN_POINT('',(-0.00457057980416288,0.00784708499703256,0.00552873787255353));
#1979=CARTESIAN_POINT('',(-0.00494844846768078,0.00751612347819222,0.00587286371287966));
#1980=CARTESIAN_POINT('',(-0.00741183358710191,0.00509353231963787,0.00810365826719563));
#1981=CARTESIAN_POINT('',(-0.00860374890825621,0.00226222861134079,0.0090999687965989));
#1982=CARTESIAN_POINT('',(-0.00869102013670524,0.001,0.0090999948516339));
#1983=CARTESIAN_POINT('',(-0.00418609788079223,0.00784708499703256,0.00565088949080075));
#1984=CARTESIAN_POINT('',(-0.00454919197362439,0.00751612347819222,0.00598835789914183));
#1985=CARTESIAN_POINT('',(-0.00692407656362742,0.00509353231963786,0.008168410006538));
#1986=CARTESIAN_POINT('',(-0.00813204088407024,0.00226222861134079,0.00910000375743117));
#1987=CARTESIAN_POINT('',(-0.00831013272685624,0.001,0.00909999165792757));
#1988=CARTESIAN_POINT('',(-0.00350139897134938,0.00784708499703256,0.00584309486877249));
#1989=CARTESIAN_POINT('',(-0.00382842093481068,0.00751612347819222,0.00617011938576457));
#1990=CARTESIAN_POINT('',(-0.00597762982853449,0.00509353231963787,0.00827050894957784));
#1991=CARTESIAN_POINT('',(-0.00714753601335533,0.00226222861134079,0.0090999922551151));
#1992=CARTESIAN_POINT('',(-0.00743087265213075,0.001,0.00909999554318024));
#1993=CARTESIAN_POINT('',(-0.00128591836891344,0.00784708499703257,0.00631229085979698));
#1994=CARTESIAN_POINT('',(-0.00144451563803977,0.00751612347819222,0.00661403040921888));
#1995=CARTESIAN_POINT('',(-0.00250252513306244,0.00509353231963786,0.00852092633284456));
#1996=CARTESIAN_POINT('',(-0.00319543791886268,0.00226222861134079,0.00909999664867263));
#1997=CARTESIAN_POINT('',(-0.00352148289873254,0.001,0.00909999927765371));
#1998=CARTESIAN_POINT('',(0.00171451559113783,0.00784708499703257,0.00631182598543328));
#1999=CARTESIAN_POINT('',(0.00192597876214062,0.00751612347819222,0.00661356851074872));
#2000=CARTESIAN_POINT('',(0.00333670205614515,0.00509353231963787,0.00852068007672993));
#2001=CARTESIAN_POINT('',(0.0042605986400438,0.00226222861134079,0.00910001046272059));
#2002=CARTESIAN_POINT('',(0.00469530824234923,0.001,0.00909999772492071));
#2003=CARTESIAN_POINT('',(0.00410055828957482,0.00784708499703252,0.00569882977749403));
#2004=CARTESIAN_POINT('',(0.00446906528911194,0.00751612347819218,0.00603366648278594));
#2005=CARTESIAN_POINT('',(0.00688500072122117,0.00509353231963783,0.00819354806201047));
#2006=CARTESIAN_POINT('',(0.00815603458493411,0.00226222861134079,0.00909998961996935));
#2007=CARTESIAN_POINT('',(0.00840447585559893,0.001,0.00910000882942303));
#2008=CARTESIAN_POINT('',(0.00489447303997259,0.00784708499703251,0.00541584460094485));
#2009=CARTESIAN_POINT('',(0.00528062337177574,0.00751612347819217,0.0057661380796864));
#2010=CARTESIAN_POINT('',(0.00778960227451089,0.00509353231963782,0.00804392334068779));
#2011=CARTESIAN_POINT('',(0.00893940875429876,0.00226222861134079,0.00910007279918194));
#2012=CARTESIAN_POINT('',(0.00892617697777007,0.001,0.00910000624601949));
#2013=CARTESIAN_POINT('',(0.00501283361448094,0.00784708499703251,0.00536887016822666));
#2014=CARTESIAN_POINT('',(0.0053956951226608,0.00751612347819217,0.00572462406224283));
#2015=CARTESIAN_POINT('',(0.00788040626243802,0.00509353231963782,0.0080330383728654));
#2016=CARTESIAN_POINT('',(0.00900197853836611,0.00226222861134078,0.0090787403753132));
#2017=CARTESIAN_POINT('',(0.00897853515433393,0.001,0.00908959937503115));
#2018=CARTESIAN_POINT('',(0.00521726347061565,0.00784708499703251,0.0052172473892497));
#2019=CARTESIAN_POINT('',(0.00558699771736879,0.00751612347819217,0.00558698158483457));
#2020=CARTESIAN_POINT('',(0.00798203457229764,0.00509353231963782,0.00798201980122591));
#2021=CARTESIAN_POINT('',(0.00904176752335473,0.00226222861134078,0.00904176775739359));
#2022=CARTESIAN_POINT('',(0.00904509571789397,0.001,0.00904509572711728));
#2023=CARTESIAN_POINT('',(0.00536888756081472,0.00784708499703251,0.00501281711646305));
#2024=CARTESIAN_POINT('',(0.00572464134097603,0.00751612347819217,0.00539567865628975));
#2025=CARTESIAN_POINT('',(0.00803305283035443,0.00509353231963783,0.00788039194657643));
#2026=CARTESIAN_POINT('',(0.00907874036208772,0.00226222861134078,0.00900197790561613));
#2027=CARTESIAN_POINT('',(0.0090895993672229,0.001,0.00897853516637752));
#2028=CARTESIAN_POINT('',(0.00541585972736885,0.00784708499703251,0.00489445675425489));
#2029=CARTESIAN_POINT('',(0.00576615337555356,0.00751612347819216,0.00528060708867206));
#2030=CARTESIAN_POINT('',(0.00804393823690017,0.00509353231963782,0.00778958767226079));
#2031=CARTESIAN_POINT('',(0.00910007309733475,0.00226222861134078,0.00893940980440248));
#2032=CARTESIAN_POINT('',(0.00910000623340682,0.001,0.00892617698288177));
#2033=CARTESIAN_POINT('',(0.00569894233325681,0.00784708499703252,0.00410054855853223));
#2034=CARTESIAN_POINT('',(0.00603377631717488,0.00751612347819218,0.00446905541962327));
#2035=CARTESIAN_POINT('',(0.00819362019455381,0.00509353231963784,0.00688499042287808));
#2036=CARTESIAN_POINT('',(0.00909998485487829,0.00226222861134082,0.00815601834795559));
#2037=CARTESIAN_POINT('',(0.00910000905127266,0.001,0.00840447616958867));
#2038=CARTESIAN_POINT('',(0.00610661738920436,0.00784708499703257,0.00250982009617163));
#2039=CARTESIAN_POINT('',(0.00641939551146838,0.00751612347819222,0.00277363141879385));
#2040=CARTESIAN_POINT('',(0.00841096390329264,0.00509353231963789,0.00451945042028641));
#2041=CARTESIAN_POINT('',(0.00910000669420697,0.00226222861134088,0.00555909849026227));
#2042=CARTESIAN_POINT('',(0.00909999869117096,0.001,0.00593169392646416));
#2043=CARTESIAN_POINT('',(0.00631315126860735,0.00784708499703256,2.91777973922813E-8));
#2044=CARTESIAN_POINT('',(0.00661488785979075,0.00751612347819222,2.9006658490922E-8));
#2045=CARTESIAN_POINT('',(0.00852165254622745,0.0050935323196379,1.22173231722866E-8));
#2046=CARTESIAN_POINT('',(0.00910000112737095,0.00226222861134097,-1.79822444209185E-8));
#2047=CARTESIAN_POINT('',(0.00910000200224575,0.001,2.80230150332973E-9));
#2048=CARTESIAN_POINT('',(0.00614105768376836,0.00784708499703259,-0.00209157252121559));
#2049=CARTESIAN_POINT('',(0.00645199543003736,0.00751612347819224,-0.00231141495409062));
#2050=CARTESIAN_POINT('',(0.00842940719629922,0.00509353231963794,-0.00376622468303397));
#2051=CARTESIAN_POINT('',(0.00909999439341548,0.00226222861134106,-0.00463254502486004));
#2052=CARTESIAN_POINT('',(0.00909999969565142,0.001,-0.00494308210196175));
#2053=CARTESIAN_POINT('',(0.00580062185275796,0.00784708499703259,-0.00370280021260731));
#2054=CARTESIAN_POINT('',(0.00612994218338122,0.00751612347819225,-0.0040451336563097));
#2055=CARTESIAN_POINT('',(0.00824790519399058,0.00509353231963796,-0.00629357016729618));
#2056=CARTESIAN_POINT('',(0.00910001432193872,0.00226222861134112,-0.00750683767762217));
#2057=CARTESIAN_POINT('',(0.00910000064301741,0.001,-0.00778627255563654));
#2058=CARTESIAN_POINT('',(0.00556428411196242,0.00784708499703262,-0.00447761072969532));
#2059=CARTESIAN_POINT('',(0.00590645956489717,0.00751612347819228,-0.00485449592506412));
#2060=CARTESIAN_POINT('',(0.00812247028538081,0.005093532319638,-0.00731458022866577));
#2061=CARTESIAN_POINT('',(0.00909996778801569,0.00226222861134117,-0.0085279647252815));
#2062=CARTESIAN_POINT('',(0.00910000034240214,0.001,-0.00865223347033583));
#2063=CARTESIAN_POINT('',(0.00542995314298368,0.00784708499703263,-0.00485474420326345));
#2064=CARTESIAN_POINT('',(0.00577947081269231,0.00751612347819228,-0.00524000898125828));
#2065=CARTESIAN_POINT('',(0.0080514255586523,0.005093532319638,-0.00774420951671748));
#2066=CARTESIAN_POINT('',(0.00910003939691074,0.00226222861134119,-0.00890007277046153));
#2067=CARTESIAN_POINT('',(0.00910000097607766,0.001,-0.0088999994995048));
#2068=CARTESIAN_POINT('',(0.00545320796527829,0.00782489192806966,-0.00488085371316495));
#2069=CARTESIAN_POINT('',(0.00545519160871369,0.00782455976100485,-0.00487662997976798));
#2070=CARTESIAN_POINT('',(0.00547680622854076,0.00782092038399477,-0.00483038966730641));
#2071=CARTESIAN_POINT('',(0.00550130834816193,0.00781674605019348,-0.00477696609153829));
#2072=CARTESIAN_POINT('',(0.00555131952490157,0.00780813761367223,-0.00466616794240153));
#2073=CARTESIAN_POINT('',(0.00561457863027407,0.00779693259892395,-0.0045195351924277));
#2074=CARTESIAN_POINT('',(0.00568671341596705,0.00778372683909223,-0.00434323263521075));
#2075=CARTESIAN_POINT('',(0.00577508945553254,0.00776697706012538,-0.0041147144252705));
#2076=CARTESIAN_POINT('',(0.00587311655393882,0.00774741867384348,-0.00383896104085414));
#2077=CARTESIAN_POINT('',(0.00600611869896474,0.00771910983696866,-0.00342077345765015));
#2078=CARTESIAN_POINT('',(0.00610626472325861,0.00769567565664998,-0.00304856877254712));
#2079=CARTESIAN_POINT('',(0.00618538522409232,0.00767592616368037,-0.00270344856706959));
#2080=CARTESIAN_POINT('',(0.00622465606949977,0.00766586013940088,-0.00251918457800951));
#2081=CARTESIAN_POINT('',(0.00628985021404271,0.00764882073212591,-0.0021693489084687));
#2082=CARTESIAN_POINT('',(0.00635282237633413,0.0076318479096695,-0.00175919415632745));
#2083=CARTESIAN_POINT('',(0.00643925811650094,0.00760767013751253,-0.00101467679828538));
#2084=CARTESIAN_POINT('',(0.00648216050071243,0.0075937811841188,3.00164860013028E-6));
#2085=CARTESIAN_POINT('',(0.00644110649512701,0.0076067587911183,0.000990539001435502));
#2086=CARTESIAN_POINT('',(0.00635572778870185,0.00763104192693908,0.00173846932075335));
#2087=CARTESIAN_POINT('',(0.00629214608277513,0.00764836495702993,0.0021545357366199));
#2088=CARTESIAN_POINT('',(0.00622771591839248,0.00766536307845825,0.00250281655820332));
#2089=CARTESIAN_POINT('',(0.00618238592701254,0.0076770212522815,0.00271638902057944));
#2090=CARTESIAN_POINT('',(0.00609832904061707,0.0076979639874888,0.00307914119649456));
#2091=CARTESIAN_POINT('',(0.00596812122741348,0.00772848307570243,0.0035553981333282));
#2092=CARTESIAN_POINT('',(0.00575039799316528,0.00777378151467703,0.00419510497080489));
#2093=CARTESIAN_POINT('',(0.00556197505480442,0.00780936649958655,0.00464056011020272));
#2094=CARTESIAN_POINT('',(0.00544871620688359,0.00782851191177899,0.0048787742311941));
#2095=CARTESIAN_POINT('',(0.0054487197682625,0.00782851713329613,0.0048787755047954));
#2096=CARTESIAN_POINT('',(0.00545338517731702,0.00782478466975162,-0.00488094540366649));
#2097=CARTESIAN_POINT('',(0.00544871620688276,0.00782851191177913,0.00487877423119583));
#2098=CARTESIAN_POINT('',(0.0054455419973525,0.00782904848398481,0.00488545045602926));
#2099=CARTESIAN_POINT('',(0.00543854991961081,0.00783109623219742,0.00490472508221429));
#2100=CARTESIAN_POINT('',(0.00532163666778977,0.00784439030870716,0.00509749724961901));
#2101=CARTESIAN_POINT('',(0.00522403224885617,0.00784838603076415,0.00519529462144361));
#2102=CARTESIAN_POINT('',(0.00505622931682661,0.00784274053583447,0.00535426058574568));
#2103=CARTESIAN_POINT('',(0.00491938148367621,0.00783106991113606,0.00543050406265478));
#2104=CARTESIAN_POINT('',(0.00488039223546169,0.00782604044578689,0.00545174486368794));
#2105=CARTESIAN_POINT('',(0.00488039746769781,0.00782606195201888,0.00545175956032358));
#2106=CARTESIAN_POINT('',(0.00488039223546144,0.00782604044578687,0.00545174486368806));
#2107=CARTESIAN_POINT('',(0.00442984183241005,0.00778818723427257,0.00566754216198153));
#2108=CARTESIAN_POINT('',(0.00354465265187871,0.0077216180844043,0.0060002858104884));
#2109=CARTESIAN_POINT('',(0.00222967041341764,0.00764996687790896,0.00629884733311736));
#2110=CARTESIAN_POINT('',(0.00122037322747604,0.00761420701457522,0.00641843769190437));
#2111=CARTESIAN_POINT('',(0.000483943636854648,0.00760010400257461,0.00646027270493743));
#2112=CARTESIAN_POINT('',(-0.000166410703172445,0.00759573513662665,0.00647197444941158));
#2113=CARTESIAN_POINT('',(-0.00103855605203306,0.00760820830250062,0.00644002111256712));
#2114=CARTESIAN_POINT('',(-0.00225752211479443,0.0076514556672551,0.00629398129642445));
#2115=CARTESIAN_POINT('',(-0.00356000574925366,0.00772277026411019,0.00599435798365554));
#2116=CARTESIAN_POINT('',(-0.00443606781736491,0.00778866661418212,0.00566452648838704));
#2117=CARTESIAN_POINT('',(-0.00488038901930967,0.00782607647503657,0.00545174496780417));
#2118=CARTESIAN_POINT('',(-0.00488038865964852,0.00782607499580064,0.00545174395670564));
#2119=CARTESIAN_POINT('',(-0.00488038901930988,0.00782607647503658,0.00545174496780407));
#2120=CARTESIAN_POINT('',(-0.00490255625807769,0.00782794285754139,0.00544112927188074));
#2121=CARTESIAN_POINT('',(-0.00493055475636966,0.00783047997841455,0.00542907384525699));
#2122=CARTESIAN_POINT('',(-0.0050308731090472,0.00783934524169742,0.00536182153704817));
#2123=CARTESIAN_POINT('',(-0.0050449299506622,0.00784058290752337,0.00535044850119637));
#2124=CARTESIAN_POINT('',(-0.00513720994683556,0.00784614011438165,0.00527870749338152));
#2125=CARTESIAN_POINT('',(-0.00523250647683836,0.00784740362950502,0.00518722414376064));
#2126=CARTESIAN_POINT('',(-0.00535025575334878,0.00784243559684212,0.00505935734489892));
#2127=CARTESIAN_POINT('',(-0.00543178601491075,0.00783066125118851,0.00491928355424546));
#2128=CARTESIAN_POINT('',(-0.00545290935937308,0.00782544424210578,0.00488088947088729));
#2129=CARTESIAN_POINT('',(-0.00545278142498877,0.0078252576560668,0.0048808444384011));
#2130=CARTESIAN_POINT('',(-0.00545290935937329,0.00782544424210574,0.00488088947088688));
#2131=CARTESIAN_POINT('',(-0.00546426438037268,0.00782303270726811,0.00485862245914542));
#2132=CARTESIAN_POINT('',(-0.0055027675339424,0.00781575621469762,0.00477839616758816));
#2133=CARTESIAN_POINT('',(-0.00560513159081999,0.00779774429613569,0.00454948749010037));
#2134=CARTESIAN_POINT('',(-0.00572454869665772,0.00777607938657112,0.00425352266936114));
#2135=CARTESIAN_POINT('',(-0.00582744488611078,0.00775629484989316,0.00397236200006438));
#2136=CARTESIAN_POINT('',(-0.00592515420259508,0.00773623944674331,0.00367842259310337));
#2137=CARTESIAN_POINT('',(-0.00596697517841669,0.00772717667548091,0.00354154220174727));
#2138=CARTESIAN_POINT('',(-0.00603495115846016,0.0077122439579871,0.00331113125933332));
#2139=CARTESIAN_POINT('',(-0.00610328606819731,0.00769640670040005,0.00305468709318272));
#2140=CARTESIAN_POINT('',(-0.00617513136873551,0.00767886916782217,0.00275073114908687));
#2141=CARTESIAN_POINT('',(-0.00622804022232621,0.00766535886331149,0.00250142512939487));
#2142=CARTESIAN_POINT('',(-0.00629108870084273,0.00764875777228987,0.00216023439508782));
#2143=CARTESIAN_POINT('',(-0.00635572079469457,0.00763116691765937,0.00173921918462146));
#2144=CARTESIAN_POINT('',(-0.0064167912576429,0.00761373910227689,0.0012038039748605));
#2145=CARTESIAN_POINT('',(-0.00645756716897254,0.00760137243028285,0.000596491346897193));
#2146=CARTESIAN_POINT('',(-0.00646762251724472,0.00759805509290086,6.46217186690344E-5));
#2147=CARTESIAN_POINT('',(-0.00646403475398886,0.00759936491134376,-0.000246896035392524));
#2148=CARTESIAN_POINT('',(-0.00645390736358623,0.00760298895183074,-0.000597638251622091));
#2149=CARTESIAN_POINT('',(-0.00641596742747911,0.00761561163229981,-0.00123800182524378));
#2150=CARTESIAN_POINT('',(-0.00629439449401616,0.00765144380194212,-0.00225105100714649));
#2151=CARTESIAN_POINT('',(-0.00599555341307212,0.00772266344116962,-0.00355711995207464));
#2152=CARTESIAN_POINT('',(-0.0056653974414881,0.00778860604068188,-0.00443438411835508));
#2153=CARTESIAN_POINT('',(-0.00545173142633905,0.00782606492531911,-0.00488038346191445));
#2154=CARTESIAN_POINT('',(-0.0054517404529812,0.00782607813591848,-0.0048803866767899));
#2155=CARTESIAN_POINT('',(-0.00545173142633897,0.00782606492531911,-0.00488038346191463));
#2156=CARTESIAN_POINT('',(-0.00544122473563318,0.00782790690713729,-0.00490231477913646));
#2157=CARTESIAN_POINT('',(-0.00542780786182656,0.00783066054140273,-0.00493243626955012));
#2158=CARTESIAN_POINT('',(-0.00536382102501357,0.00783914480590221,-0.00502805219321828));
#2159=CARTESIAN_POINT('',(-0.00534942863980863,0.00784071155846519,-0.00504649359956664));
#2160=CARTESIAN_POINT('',(-0.00527741319184889,0.00784612570537887,-0.00513812925667569));
#2161=CARTESIAN_POINT('',(-0.00518935820607584,0.00784753708610966,-0.00523139477144199));
#2162=CARTESIAN_POINT('',(-0.0050745488501718,0.00784299782686895,-0.00533173671560237));
#2163=CARTESIAN_POINT('',(-0.00497147640243914,0.00783464881601558,-0.0054034883957136));
#2164=CARTESIAN_POINT('',(-0.00489715058555315,0.00782703584959682,-0.00544434934172405));
#2165=CARTESIAN_POINT('',(-0.0048807994825279,0.00782530419369362,-0.00545269710005183));
#2166=CARTESIAN_POINT('',(-0.00488080293464419,0.0078253183911303,-0.00545270680696726));
#2167=CARTESIAN_POINT('',(-0.0048807994825279,0.00782530419369362,-0.00545269710005183));
#2168=CARTESIAN_POINT('',(-0.00485684515787701,0.00782276732216732,-0.00546492654492667));
#2169=CARTESIAN_POINT('',(-0.00477405203338456,0.00781532819186641,-0.00550495790760545));
#2170=CARTESIAN_POINT('',(-0.00454388679164709,0.00779732297923452,-0.00560767295645631));
#2171=CARTESIAN_POINT('',(-0.004249479946805,0.00777590801418056,-0.00572580748208927));
#2172=CARTESIAN_POINT('',(-0.00397026795426969,0.00775639554312611,-0.00582782654545514));
#2173=CARTESIAN_POINT('',(-0.0036806493714431,0.00773677318300826,-0.00592407133829936));
#2174=CARTESIAN_POINT('',(-0.00354108338853028,0.00772758887497117,-0.00596671740593965));
#2175=CARTESIAN_POINT('',(-0.00331007421435071,0.0077126969565772,-0.00603476308320134));
#2176=CARTESIAN_POINT('',(-0.00305310483587275,0.00769687112721602,-0.00610315405449115));
#2177=CARTESIAN_POINT('',(-0.00274933697634973,0.00767934778706923,-0.00617482950753017));
#2178=CARTESIAN_POINT('',(-0.00250545415553623,0.0076660666997163,-0.00622670141206484));
#2179=CARTESIAN_POINT('',(-0.00215715548449027,0.00764898835402137,-0.00629122423328854));
#2180=CARTESIAN_POINT('',(-0.00173280444413196,0.00763110423164849,-0.0063563313281017));
#2181=CARTESIAN_POINT('',(-0.000980391421570732,0.00760626324673119,-0.00644215202158004));
#2182=CARTESIAN_POINT('',(7.59347927717754E-7,0.00759283821108209,-0.00648224651345773));
#2183=CARTESIAN_POINT('',(0.000984708014982662,0.00760714743205763,-0.00644127767472748));
#2184=CARTESIAN_POINT('',(0.00173703080016874,0.00763218482302844,-0.0063547959349249));
#2185=CARTESIAN_POINT('',(0.00215508170810554,0.00764977321219193,-0.00629078207058752));
#2186=CARTESIAN_POINT('',(0.00251450308412828,0.00766741010740808,-0.00622386359209246));
#2187=CARTESIAN_POINT('',(0.00270719565109548,0.00767795789463067,-0.00618272684434996));
#2188=CARTESIAN_POINT('',(0.00305987314810135,0.00769819503158294,-0.00610149820087437));
#2189=CARTESIAN_POINT('',(0.00352892871373716,0.00772784654538792,-0.00597453692722968));
#2190=CARTESIAN_POINT('',(0.00417474404379405,0.00777257798164501,-0.00575790067188361));
#2191=CARTESIAN_POINT('',(0.0046349818916052,0.0078080169316589,-0.00556559778512764));
#2192=CARTESIAN_POINT('',(0.00487967150496912,0.00782715339807993,-0.0054503152014813));
#2193=CARTESIAN_POINT('',(0.00487968213738306,0.00782719706140567,-0.00545034501704854));
#2194=CARTESIAN_POINT('',(0.00487967150496914,0.00782715339807994,-0.00545031520148129));
#2195=CARTESIAN_POINT('',(0.00490667984505261,0.00782926564218376,-0.00543759054520342));
#2196=CARTESIAN_POINT('',(0.0049975735353213,0.00783696304993101,-0.00538915362593286));
#2197=CARTESIAN_POINT('',(0.00515711898257559,0.00784868067486113,-0.00526490988141782));
#2198=CARTESIAN_POINT('',(0.00526254299265879,0.00784750015297689,-0.00515740676221624));
#2199=CARTESIAN_POINT('',(0.00532639243271887,0.00784261460958565,-0.00507622814989649));
#2200=CARTESIAN_POINT('',(0.00532640570862768,0.00784263927321596,-0.00507623710747887));
#2201=CARTESIAN_POINT('',(0.00532639243271888,0.00784261460958564,-0.00507622814989648));
#2202=CARTESIAN_POINT('',(0.00537139723507839,0.0078391709941908,-0.00501900873810791));
#2203=CARTESIAN_POINT('',(0.00543610069878972,0.00782775711149152,-0.00491727774101291));
#2204=CARTESIAN_POINT('',(0.00545320797095193,0.00782489192501981,-0.00488085370973481));
#2205=CARTESIAN_POINT('',(0.00514040425208255,0.00789756944436491,-0.00483151296419462));
#2206=CARTESIAN_POINT('',(0.0051548926126147,0.00789636079208213,-0.00480656661476963));
#2207=CARTESIAN_POINT('',(0.00516806587382762,0.00789491256215649,-0.00478087210126489));
#2208=CARTESIAN_POINT('',(0.00555746398862207,0.00783924357906204,-0.00391047644501529));
#2209=CARTESIAN_POINT('',(0.00592943016621103,0.00777110738836532,-0.00254735856668527));
#2210=CARTESIAN_POINT('',(0.00614689629190376,0.00772157800425323,-0.000227989390008098));
#2211=CARTESIAN_POINT('',(0.00604648555431693,0.00774819314419768,0.00210244482218653));
#2212=CARTESIAN_POINT('',(0.00555757697479201,0.00783922742637493,0.00391022389451915));
#2213=CARTESIAN_POINT('',(0.00513580741215639,0.00789952428391359,0.00485297729093137));
#2214=CARTESIAN_POINT('',(0.00504909585688534,0.00790349441892833,0.00497417893640911));
#2215=CARTESIAN_POINT('',(0.00489180710589222,0.00790061892828653,0.00510660324264175));
#2216=CARTESIAN_POINT('',(0.0048079311898039,0.00789664321411042,0.00515596016307117));
#2217=CARTESIAN_POINT('',(0.00443499538716252,0.00787279089276264,0.00532280439929339));
#2218=CARTESIAN_POINT('',(0.00360543852760418,0.00782420264780043,0.00563551154989527));
#2219=CARTESIAN_POINT('',(0.0026928973917031,0.00778453309961806,0.00584757210653732));
#2220=CARTESIAN_POINT('',(0.00151733080907869,0.00774764553664511,0.00603547463620938));
#2221=CARTESIAN_POINT('',(0.000545759510851721,0.00773043849365073,0.0061140007590319));
#2222=CARTESIAN_POINT('',(-0.00142800163707612,0.00773655600925489,0.00607896113179302));
#2223=CARTESIAN_POINT('',(-0.00313101960675656,0.00779649014781071,0.00581662703254749));
#2224=CARTESIAN_POINT('',(-0.00443400691671478,0.0078727276719225,0.00532324662177703));
#2225=CARTESIAN_POINT('',(-0.00480822090797276,0.00789666174397753,0.00515583054878834));
#2226=CARTESIAN_POINT('',(-0.00489452932580705,0.00790074234186831,0.00510494182712508));
#2227=CARTESIAN_POINT('',(-0.00505122463505917,0.00790345901324885,0.00497172945309155));
#2228=CARTESIAN_POINT('',(-0.00513690037493444,0.00789936803219076,0.00485053426407183));
#2229=CARTESIAN_POINT('',(-0.00520508107932844,0.00788962080862615,0.00469813447913729));
#2230=CARTESIAN_POINT('',(-0.00557439915261683,0.00783622154620797,0.00384923520124265));
#2231=CARTESIAN_POINT('',(-0.00593920432414921,0.00777058916617834,0.0024829364734707));
#2232=CARTESIAN_POINT('',(-0.0061918356491983,0.00770719095271807,-0.000345986982266058));
#2233=CARTESIAN_POINT('',(-0.0059842351856234,0.00777148741951997,-0.0026959929564019));
#2234=CARTESIAN_POINT('',(-0.00532345065658448,0.00787269850277705,-0.00443355085130667));
#2235=CARTESIAN_POINT('',(-0.0051558040919655,0.00789666552628764,-0.00480828004514575));
#2236=CARTESIAN_POINT('',(-0.00510441019031687,0.00790078741025717,-0.00489545212444234));
#2237=CARTESIAN_POINT('',(-0.00497090959092627,0.00790343873115271,-0.00505186735071522));
#2238=CARTESIAN_POINT('',(-0.00484953705034384,0.00789930425214558,-0.00513734650899091));
#2239=CARTESIAN_POINT('',(-0.00469496294808488,0.00788941796304927,-0.00520649996073071));
#2240=CARTESIAN_POINT('',(-0.00441505183193461,0.00787180282514399,-0.00532796724945789));
#2241=CARTESIAN_POINT('',(-0.00354586902343184,0.00782129769968786,-0.00565341809755946));
#2242=CARTESIAN_POINT('',(-0.00178402411496557,0.00774419821651554,-0.00606124498517261));
#2243=CARTESIAN_POINT('',(0.00117434165937977,0.00771133902863034,-0.00618708312606551));
#2244=CARTESIAN_POINT('',(0.00347696167685115,0.00781151673308499,-0.00575141007763877));
#2245=CARTESIAN_POINT('',(0.0048220598368746,0.0078975468576532,-0.00514963928072569));
#2246=CARTESIAN_POINT('',(0.00494821079811049,0.00790297963688175,-0.00507061409021431));
#2247=CARTESIAN_POINT('',(0.00504979749734904,0.00790230764260785,-0.00496319159450897));
#2248=CARTESIAN_POINT('',(0.00509801256047336,0.00790026083135517,-0.00489721479009968));
#2249=CARTESIAN_POINT('',(0.00511467869435529,0.00789946716618868,-0.00487366565849888));
#2250=CARTESIAN_POINT('',(0.00513010216849675,0.00789842886781837,-0.00484925129810525));
#2251=CARTESIAN_POINT('',(0.00514040425208255,0.00789756944436491,-0.00483151296419462));
#2252=CARTESIAN_POINT('',(0.00518450388187075,0.00790671116565631,-0.00485668677370159));
#2253=CARTESIAN_POINT('',(0.00520033805762222,0.00790550828557098,-0.00483035389531448));
#2254=CARTESIAN_POINT('',(0.00521488065219614,0.00790406484561495,-0.00480322388133459));
#2255=CARTESIAN_POINT('',(0.00561077762424275,0.00784866681579237,-0.00392803240733602));
#2256=CARTESIAN_POINT('',(0.00599159487682226,0.00778130347095435,-0.00255869941129169));
#2257=CARTESIAN_POINT('',(0.00621533189783767,0.00773240506256662,-0.000228999057438978));
#2258=CARTESIAN_POINT('',(0.00611162882804576,0.00775866649304319,0.00211179062322137));
#2259=CARTESIAN_POINT('',(0.00561084558502688,0.0078486384496826,0.00392773792833856));
#2260=CARTESIAN_POINT('',(0.00517856813900509,0.00790866046813713,0.00487958811149334));
#2261=CARTESIAN_POINT('',(0.00508600461489342,0.00791260016987242,0.00500666527585857));
#2262=CARTESIAN_POINT('',(0.00492024195492595,0.00790973982940407,0.00514748710026463));
#2263=CARTESIAN_POINT('',(0.00483194569229112,0.00790579744819028,0.00520126762369312));
#2264=CARTESIAN_POINT('',(0.00445466425845844,0.00788204689906614,0.00537292869255631));
#2265=CARTESIAN_POINT('',(0.00362160386855195,0.00783380676776313,0.00569087351311043));
#2266=CARTESIAN_POINT('',(0.00270491689541059,0.00779458143852644,0.00590792182407766));
#2267=CARTESIAN_POINT('',(0.00152406610162651,0.00775813361984483,0.0061005726157346));
#2268=CARTESIAN_POINT('',(0.000548200779794515,0.00774115509169373,0.00618140640321345));
#2269=CARTESIAN_POINT('',(-0.00143432473329112,0.00774720476703685,0.00614558717156059));
#2270=CARTESIAN_POINT('',(-0.00314512656659476,0.00780630063859008,0.00587501267491285));
#2271=CARTESIAN_POINT('',(-0.00445363201895915,0.00788199237392666,0.00537341814564491));
#2272=CARTESIAN_POINT('',(-0.00483221395930089,0.00790581513786391,0.00520115022301914));
#2273=CARTESIAN_POINT('',(-0.00492311786934776,0.00790986230090717,0.00514567301684481));
#2274=CARTESIAN_POINT('',(-0.00508826657029878,0.00791256559817567,0.00500408812966283));
#2275=CARTESIAN_POINT('',(-0.00517976702301685,0.00790850444029245,0.00487702766802636));
#2276=CARTESIAN_POINT('',(-0.00525356442307895,0.00789879466967105,0.00471885229821012));
#2277=CARTESIAN_POINT('',(-0.00562840265490399,0.00784572019110974,0.00386657102278719));
#2278=CARTESIAN_POINT('',(-0.0060011751905496,0.00778075139416693,0.00249392261358633));
#2279=CARTESIAN_POINT('',(-0.00626250073654335,0.00771826923177481,-0.000347412129864509));
#2280=CARTESIAN_POINT('',(-0.00604560828769941,0.0077815182866666,-0.00270820393608544));
#2281=CARTESIAN_POINT('',(-0.00537371679415121,0.00788197792240733,-0.00445315515144653));
#2282=CARTESIAN_POINT('',(-0.00520112092779832,0.00790581890889581,-0.00483227601704874));
#2283=CARTESIAN_POINT('',(-0.0051450922947086,0.00790990700549825,-0.00492408979633061));
#2284=CARTESIAN_POINT('',(-0.00500323366982789,0.0079125455686644,-0.00508894469391015));
#2285=CARTESIAN_POINT('',(-0.00487597231468291,0.00790844080895354,-0.00518026813233643));
#2286=CARTESIAN_POINT('',(-0.0047156657209785,0.00789858965990472,-0.00525498586249718));
#2287=CARTESIAN_POINT('',(-0.00443462876622708,0.00788106888433621,-0.00537820311224085));
#2288=CARTESIAN_POINT('',(-0.00356177945463626,0.00783092298014572,-0.00570908108114666));
#2289=CARTESIAN_POINT('',(-0.00179189587262709,0.00775471102631723,-0.00612674676009581));
#2290=CARTESIAN_POINT('',(0.00117944860652551,0.00772233676200899,-0.00625711459274136));
#2291=CARTESIAN_POINT('',(0.00349265142483756,0.00782112349831306,-0.00580779817330527));
#2292=CARTESIAN_POINT('',(0.00484680756194998,0.00790669501688413,-0.00519422270740584));
#2293=CARTESIAN_POINT('',(0.0049796414615177,0.00791208474682322,-0.00510853753110922));
#2294=CARTESIAN_POINT('',(0.00508683892656831,0.00791142032680355,-0.00499551257580564));
#2295=CARTESIAN_POINT('',(0.00513858725489925,0.00790938690569639,-0.00492597739597018));
#2296=CARTESIAN_POINT('',(0.00515649227728176,0.00790859831248566,-0.00490117707963951));
#2297=CARTESIAN_POINT('',(0.00517324484384904,0.00790756648473505,-0.00487541101193384));
#2298=CARTESIAN_POINT('',(0.00518450388187075,0.00790671116565631,-0.00485668677370159));
#2299=CARTESIAN_POINT('',(0.00527565306954218,0.00790506698859761,-0.00490926080424396));
#2300=CARTESIAN_POINT('',(0.00529428304893008,0.00790349424039624,-0.00488013817983153));
#2301=CARTESIAN_POINT('',(0.00531158413769875,0.00790161823476069,-0.00485022436240126));
#2302=CARTESIAN_POINT('',(0.00572042773655174,0.00784361924527789,-0.0039653507610311));
#2303=CARTESIAN_POINT('',(0.00612075617742994,0.00777130002217846,-0.0025836290781017));
#2304=CARTESIAN_POINT('',(0.00635781582719177,0.00771781578515776,-0.000231273236690598));
#2305=CARTESIAN_POINT('',(0.0062472296015881,0.00774685951156099,0.00213261334056834));
#2306=CARTESIAN_POINT('',(0.0057205114120535,0.00784357002058832,0.00396509186303548));
#2307=CARTESIAN_POINT('',(0.0052691844264027,0.00790744016529625,0.004933033123794));
#2308=CARTESIAN_POINT('',(0.00516306660116242,0.00791253893716857,0.00507326117263417));
#2309=CARTESIAN_POINT('',(0.00497822433829955,0.00790888584001223,0.00523297465755573));
#2310=CARTESIAN_POINT('',(0.00488130021897217,0.00790377847553985,0.0052956682145711));
#2311=CARTESIAN_POINT('',(0.00449644321554141,0.00787832846770698,0.00547595376497076));
#2312=CARTESIAN_POINT('',(0.0036561122263561,0.00782757463552929,0.00580466576950839));
#2313=CARTESIAN_POINT('',(0.00273101103887513,0.00778540686034724,0.00603271918436822));
#2314=CARTESIAN_POINT('',(0.00153898686467555,0.00774602609805705,0.00623598687915109));
#2315=CARTESIAN_POINT('',(0.000553580608709921,0.00772748389704922,0.00632211622892441));
#2316=CARTESIAN_POINT('',(-0.00144840930544369,0.00773393971194195,0.00628451483704715));
#2317=CARTESIAN_POINT('',(-0.00317557323724492,0.00779872957906641,0.0059946036485984));
#2318=CARTESIAN_POINT('',(-0.00449544682815197,0.00787828487245909,0.0054764323590877));
#2319=CARTESIAN_POINT('',(-0.00488163220800092,0.00790380840156778,0.00529550023558745));
#2320=CARTESIAN_POINT('',(-0.00498159560661264,0.00790907642369821,0.00523067038506552));
#2321=CARTESIAN_POINT('',(-0.00516585462763097,0.00791252547769599,0.00507017964523491));
#2322=CARTESIAN_POINT('',(-0.00527061998346365,0.00790724607388049,0.00493022925803632));
#2323=CARTESIAN_POINT('',(-0.00535334383778202,0.00789575895444696,0.00476288257534102));
#2324=CARTESIAN_POINT('',(-0.00573860496448132,0.00784051616860752,0.00390326370573225));
#2325=CARTESIAN_POINT('',(-0.00612937980308115,0.00777089184449293,0.00251826216443903));
#2326=CARTESIAN_POINT('',(-0.00641159268139118,0.00770185203077267,-0.000350761480310928));
#2327=CARTESIAN_POINT('',(-0.00617003147495331,0.0077728939016343,-0.00273493257579688));
#2328=CARTESIAN_POINT('',(-0.00547667093718279,0.00787829053709744,-0.0044949872379603));
#2329=CARTESIAN_POINT('',(-0.00529546555252501,0.00790381331852806,-0.00488170007349232));
#2330=CARTESIAN_POINT('',(-0.00522998937025602,0.00790913471531001,-0.00498266478322888));
#2331=CARTESIAN_POINT('',(-0.00506923383802026,0.00791249852948208,-0.00516662997319965));
#2332=CARTESIAN_POINT('',(-0.00492908397661093,0.00790716519047435,-0.00527120627971604));
#2333=CARTESIAN_POINT('',(-0.00475967162001108,0.00789554043533087,-0.00535481420869572));
#2334=CARTESIAN_POINT('',(-0.00447622613105096,0.00787727359861546,-0.00548152663428622));
#2335=CARTESIAN_POINT('',(-0.0035957474462035,0.00782452119794733,-0.00582360982649547));
#2336=CARTESIAN_POINT('',(-0.00180961415010736,0.00774250368080636,-0.00626291652780858));
#2337=CARTESIAN_POINT('',(0.00119119753868024,0.00770663562639621,-0.00640401054841371));
#2338=CARTESIAN_POINT('',(0.00352641388666422,0.00781499472391722,-0.00592244452808469));
#2339=CARTESIAN_POINT('',(0.00489752493713711,0.00790493213845428,-0.00528736423205585));
#2340=CARTESIAN_POINT('',(0.00504509036649948,0.00791202483070125,-0.00518657538840073));
#2341=CARTESIAN_POINT('',(0.00516347902424602,0.00791115429314626,-0.00506245312274456));
#2342=CARTESIAN_POINT('',(0.00522230352490001,0.00790856059007824,-0.00498591986809637));
#2343=CARTESIAN_POINT('',(0.00524283114989746,0.00790754242002295,-0.00495852875660325));
#2344=CARTESIAN_POINT('',(0.00526240604932689,0.00790618530584227,-0.00492996871734903));
#2345=CARTESIAN_POINT('',(0.00527565306954218,0.00790506698859761,-0.00490926080424396));
#2346=CARTESIAN_POINT('',(0.00535864513948007,0.00786377088113782,-0.00495910214525375));
#2347=CARTESIAN_POINT('',(0.00537952025772522,0.00786112115393489,-0.00492752946581095));
#2348=CARTESIAN_POINT('',(0.00539899539740967,0.0078580043520244,-0.00489517919253688));
#2349=CARTESIAN_POINT('',(0.00581776420054682,0.00779175451889914,-0.00400098150915895));
#2350=CARTESIAN_POINT('',(0.0062310192626897,0.00770250876225364,-0.00260696392805954));
#2351=CARTESIAN_POINT('',(0.00647425402304257,0.00763464570198069,-0.000233347073117764));
#2352=CARTESIAN_POINT('',(0.00636141540097187,0.0076721066334509,0.00215188915945188));
#2353=CARTESIAN_POINT('',(0.00581777010439325,0.00779161389151703,0.00400074696912687));
#2354=CARTESIAN_POINT('',(0.00535192905621142,0.00786716347039514,0.00498359006967625));
#2355=CARTESIAN_POINT('',(0.00523441025975237,0.00787581848246903,0.00513558110931228));
#2356=CARTESIAN_POINT('',(0.00503287550436251,0.00786995484552949,0.00531140295688982));
#2357=CARTESIAN_POINT('',(0.00492829514887764,0.0078613133738076,0.00538129641390113));
#2358=CARTESIAN_POINT('',(0.00453650885844707,0.00783082093671458,0.00556814796705073));
#2359=CARTESIAN_POINT('',(0.00368892825755355,0.00777182075643635,0.00590442027643494));
#2360=CARTESIAN_POINT('',(0.00275558077854162,0.00771981282189104,0.00613946697498064));
#2361=CARTESIAN_POINT('',(0.0015528880110561,0.00767062349411487,0.00634926721234689));
#2362=CARTESIAN_POINT('',(0.00055863538153946,0.00764686203987343,0.0064384190092472));
#2363=CARTESIAN_POINT('',(-0.00146145886057069,0.00765474702996212,0.0063995172776896));
#2364=CARTESIAN_POINT('',(-0.00320444718171512,0.00773871947045905,0.0060985271344715));
#2365=CARTESIAN_POINT('',(-0.00453555969391563,0.00783083920351947,0.00556866691429001));
#2366=CARTESIAN_POINT('',(-0.00492868413837003,0.00786138410457174,0.00538109183983975));
#2367=CARTESIAN_POINT('',(-0.005036678420018,0.00787035323079769,0.00530871341123671));
#2368=CARTESIAN_POINT('',(-0.00523764904939282,0.00787586609489114,0.00513207984344407));
#2369=CARTESIAN_POINT('',(-0.00535354922992761,0.00786686961245994,0.00498057770724157));
#2370=CARTESIAN_POINT('',(-0.0054431268167315,0.00785045481909857,0.00480519351135928));
#2371=CARTESIAN_POINT('',(-0.0058363890827108,0.00778830549699535,0.00393824210878897));
#2372=CARTESIAN_POINT('',(-0.00623879782860739,0.00770291032029147,0.00254091198640647));
#2373=CARTESIAN_POINT('',(-0.00653198460761167,0.0076119951534061,-0.000353645783785528));
#2374=CARTESIAN_POINT('',(-0.00627772098615784,0.0077097202774541,-0.00276019724131629));
#2375=CARTESIAN_POINT('',(-0.0055689243067584,0.0078309616857244,-0.0045351232239896));
#2376=CARTESIAN_POINT('',(-0.00538105324152297,0.00786139235895128,-0.00492875694617629));
#2377=CARTESIAN_POINT('',(-0.00530795197328842,0.00787045280328458,-0.00503783361568833));
#2378=CARTESIAN_POINT('',(-0.0051310506164926,0.00787581578523793,-0.00523850801377178));
#2379=CARTESIAN_POINT('',(-0.00497935403521689,0.00786674103545937,-0.00535420073576296));
#2380=CARTESIAN_POINT('',(-0.00480195924181267,0.00785018361306765,-0.00544461452394481));
#2381=CARTESIAN_POINT('',(-0.00451611252539023,0.00782949886234082,-0.00557391483286699));
#2382=CARTESIAN_POINT('',(-0.00362803924472878,0.00776818078008925,-0.00592388305703453));
#2383=CARTESIAN_POINT('',(-0.00182596046147717,0.00766673217542013,-0.00637691736965902));
#2384=CARTESIAN_POINT('',(0.00120183046859175,0.0076193385629776,-0.00652337334677543));
#2385=CARTESIAN_POINT('',(0.00355853661400547,0.00775988911041886,-0.00602351271407525));
#2386=CARTESIAN_POINT('',(0.00494571099584665,0.00786317513536169,-0.00537202610083083));
#2387=CARTESIAN_POINT('',(0.00510632297846018,0.00787543727633139,-0.00525889892978728));
#2388=CARTESIAN_POINT('',(0.00523448035861499,0.00787393657647038,-0.00512496421645363));
#2389=CARTESIAN_POINT('',(0.00529922613513186,0.00786967505573421,-0.00504224798840937));
#2390=CARTESIAN_POINT('',(0.00532193110635793,0.00786797260370945,-0.00501257195690126));
#2391=CARTESIAN_POINT('',(0.00534380169238695,0.00786565499432395,-0.00498155219278851));
#2392=CARTESIAN_POINT('',(0.00535864513948007,0.00786377088113782,-0.00495910214525375));
#2393=CARTESIAN_POINT('',(0.00539496694393374,0.00783484650764773,-0.00498160222020756));
#2394=CARTESIAN_POINT('',(0.00541667690495774,0.00783156848596292,-0.00494896370146615));
#2395=CARTESIAN_POINT('',(0.00543695453341845,0.00782769376967746,-0.0049155198694394));
#2396=CARTESIAN_POINT('',(0.00585939802701516,0.00775625417371126,-0.00401681903174721));
#2397=CARTESIAN_POINT('',(0.00627521722683489,0.00765716658405332,-0.00261683119605826));
#2398=CARTESIAN_POINT('',(0.00651844931568476,0.00758138872846946,-0.000234170680739824));
#2399=CARTESIAN_POINT('',(0.00640613119875138,0.00762327146959686,0.00215982585429453));
#2400=CARTESIAN_POINT('',(0.00585951903769361,0.00775623406247038,0.00401656013956011));
#2401=CARTESIAN_POINT('',(0.00538761957775124,0.00783927370244219,0.0050071244699249));
#2402=CARTESIAN_POINT('',(0.00526598300286901,0.0078498242539306,0.00516385750744053));
#2403=CARTESIAN_POINT('',(0.00505789189571235,0.00784254388915564,0.00534572623688197));
#2404=CARTESIAN_POINT('',(0.00494989654893773,0.00783203939899417,0.00541844048554744));
#2405=CARTESIAN_POINT('',(0.00455451051847113,0.00779802305574445,0.00560807173786228));
#2406=CARTESIAN_POINT('',(0.00370344934504446,0.00773406101108538,0.00594676250676399));
#2407=CARTESIAN_POINT('',(0.00276617774142501,0.00767635598017298,0.00618286089349426));
#2408=CARTESIAN_POINT('',(0.00155869210986597,0.00762159835906582,0.00639346994080292));
#2409=CARTESIAN_POINT('',(0.000560743888241635,0.00759500388833242,0.00648284353261167));
#2410=CARTESIAN_POINT('',(-0.00146687328869253,0.00760376299152013,0.00644374438290868));
#2411=CARTESIAN_POINT('',(-0.00321689588551158,0.00769803482887134,0.00614218009024363));
#2412=CARTESIAN_POINT('',(-0.00455349722400038,0.00779794434113158,0.00560854536920188));
#2413=CARTESIAN_POINT('',(-0.00495026461560855,0.0078320859270864,0.00541824225802619));
#2414=CARTESIAN_POINT('',(-0.00506181417746212,0.00784300344076565,0.00534293766774583));
#2415=CARTESIAN_POINT('',(-0.00526932565510259,0.00784986652723465,0.00516025472575444));
#2416=CARTESIAN_POINT('',(-0.00538929111654809,0.00783888135777334,0.00500402077516185));
#2417=CARTESIAN_POINT('',(-0.00548198711801469,0.00781897754336205,0.00482425797277947));
#2418=CARTESIAN_POINT('',(-0.00587816955664175,0.00775193958360216,0.0039539104188186));
#2419=CARTESIAN_POINT('',(-0.00628296232478133,0.00765788404758094,0.00255040978883497));
#2420=CARTESIAN_POINT('',(-0.00657622025722641,0.00755578474035546,-0.000354847638496747));
#2421=CARTESIAN_POINT('',(-0.00632254113908832,0.00766602540950897,-0.00277073290526309));
#2422=CARTESIAN_POINT('',(-0.00560876389558341,0.00779790802339225,-0.00455302970516114));
#2423=CARTESIAN_POINT('',(-0.00541820179589279,0.00783209542438456,-0.00495033974525074));
#2424=CARTESIAN_POINT('',(-0.00534214505207565,0.00784312397270416,-0.00506300729495876));
#2425=CARTESIAN_POINT('',(-0.00515919584068737,0.00784980781043036,-0.0052702121766705));
#2426=CARTESIAN_POINT('',(-0.00500275388486517,0.00783872120747117,-0.00538997341826855));
#2427=CARTESIAN_POINT('',(-0.00482100679325381,0.00781872498564519,-0.0054835067754825));
#2428=CARTESIAN_POINT('',(-0.00453402291329243,0.007796568531172,-0.00561384817582564));
#2429=CARTESIAN_POINT('',(-0.00364231171198474,0.00773011978824251,-0.00596633184874459));
#2430=CARTESIAN_POINT('',(-0.00183262598593947,0.00761735487930316,-0.00642137659766373));
#2431=CARTESIAN_POINT('',(0.00120606032183946,0.00756405100349171,-0.00656772587305352));
#2432=CARTESIAN_POINT('',(0.00357241716032104,0.00772173220374901,-0.00606711913845195));
#2433=CARTESIAN_POINT('',(0.00496784600689274,0.00783430842822542,-0.00540877355060868));
#2434=CARTESIAN_POINT('',(0.00513371165491876,0.00784918460601577,-0.00529124691798064));
#2435=CARTESIAN_POINT('',(0.0052660791834354,0.00784730432677313,-0.00515298603399229));
#2436=CARTESIAN_POINT('',(0.00533325619796247,0.00784210952449369,-0.00506752174220862));
#2437=CARTESIAN_POINT('',(0.00535680143969115,0.00784003111190831,-0.00503687603592995));
#2438=CARTESIAN_POINT('',(0.00537952987411364,0.00783717737547216,-0.00500481014269435));
#2439=CARTESIAN_POINT('',(0.00539496694393374,0.00783484650764773,-0.00498160222020756));
#2440=CARTESIAN_POINT('',(0.00539569338002281,0.00783426802017793,-0.00498205222170664));
#2441=CARTESIAN_POINT('',(0.00541742003790239,0.00783097743260348,-0.00494939238617925));
#2442=CARTESIAN_POINT('',(0.00543771371613863,0.00782708755803052,-0.00491592668297745));
#2443=CARTESIAN_POINT('',(0.00586023070354453,0.0077555441668075,-0.00401713578219898));
#2444=CARTESIAN_POINT('',(0.00627610118611779,0.00765625974048931,-0.00261702854141823));
#2445=CARTESIAN_POINT('',(0.0065193332215376,0.00758032358899924,-0.000234187152892265));
#2446=CARTESIAN_POINT('',(0.00640702551470697,0.00762229476631978,0.00215998458819139));
#2447=CARTESIAN_POINT('',(0.00586035401635962,0.00775552646588945,0.00401687640296878));
#2448=CARTESIAN_POINT('',(0.00538833338818204,0.00783871590708313,0.00500759515792987));
#2449=CARTESIAN_POINT('',(0.00526661445773134,0.00784930436935983,0.0051644230354031));
#2450=CARTESIAN_POINT('',(0.00505839222353935,0.00784199567002816,0.00534641270248181));
#2451=CARTESIAN_POINT('',(0.00495032857693893,0.0078314539194979,0.00541918336698037));
#2452=CARTESIAN_POINT('',(0.00455487055167161,0.00779736709812505,0.00560887021327851));
#2453=CARTESIAN_POINT('',(0.00370373976679428,0.00773330581617836,0.00594760935137057));
#2454=CARTESIAN_POINT('',(0.00276638968068268,0.00767548684333862,0.00618372877186453));
#2455=CARTESIAN_POINT('',(0.00155880819184217,0.00762061785636484,0.00639435399537204));
#2456=CARTESIAN_POINT('',(0.000560786058375679,0.0075939667253016,0.00648373202307896));
#2457=CARTESIAN_POINT('',(-0.00146698157725497,0.00760274331075129,0.00644462892501306));
#2458=CARTESIAN_POINT('',(-0.00321714485958751,0.00769722113603959,0.00614305314935907));
#2459=CARTESIAN_POINT('',(-0.00455385597460208,0.00779728644388382,0.00560934293830012));
#2460=CARTESIAN_POINT('',(-0.00495069622515332,0.00783149996353669,0.00541898526638992));
#2461=CARTESIAN_POINT('',(-0.005062316892611,0.00784245644496501,0.00534362215287601));
#2462=CARTESIAN_POINT('',(-0.00526995918721679,0.00784934653588152,0.00516081822340065));
#2463=CARTESIAN_POINT('',(-0.0053900059542805,0.00783832159267961,0.00500448963652026));
#2464=CARTESIAN_POINT('',(-0.00548276432404035,0.00781834799784732,0.00482463926200787));
#2465=CARTESIAN_POINT('',(-0.00587900516612037,0.0077512122653343,0.0039542237850192));
#2466=CARTESIAN_POINT('',(-0.00628384561470481,0.00765698352212673,0.00255059974488354));
#2467=CARTESIAN_POINT('',(-0.00657710497021871,0.00755466053209445,-0.000354871675590971));
#2468=CARTESIAN_POINT('',(-0.00632343754214693,0.00766515151215007,-0.00277094361854202));
#2469=CARTESIAN_POINT('',(-0.00560956068735991,0.00779724695014561,-0.00455338783478457));
#2470=CARTESIAN_POINT('',(-0.00541894476698019,0.00783150948569323,-0.00495077140123223));
#2471=CARTESIAN_POINT('',(-0.00534282891365139,0.00784257739609255,-0.00506351076854417));
#2472=CARTESIAN_POINT('',(-0.00515975874517127,0.00784928765093421,-0.00527084625992848));
#2473=CARTESIAN_POINT('',(-0.00500322188185814,0.00783816081091141,-0.00539068887191866));
#2474=CARTESIAN_POINT('',(-0.00482138774428263,0.00781809581309674,-0.00548428462051325));
#2475=CARTESIAN_POINT('',(-0.00453438112105047,0.00779590992454862,-0.00561464684268481));
#2476=CARTESIAN_POINT('',(-0.00364259716132986,0.00772935856840558,-0.00596718082457879));
#2477=CARTESIAN_POINT('',(-0.00183275929642871,0.00761636733338082,-0.00642226578222382));
#2478=CARTESIAN_POINT('',(0.00120614491890441,0.00756294525230199,-0.00656861292357908));
#2479=CARTESIAN_POINT('',(0.00357269477124735,0.00772096906561561,-0.00606799126693948));
#2480=CARTESIAN_POINT('',(0.00496828870711366,0.0078337310940827,-0.00540950849960424));
#2481=CARTESIAN_POINT('',(0.00513425942844793,0.00784865955260946,-0.00529189387774451));
#2482=CARTESIAN_POINT('',(0.00526671115993181,0.00784677168177919,-0.00515354647034306));
#2483=CARTESIAN_POINT('',(0.00533393679921908,0.00784155821386888,-0.00506802721728461));
#2484=CARTESIAN_POINT('',(0.00535749884635782,0.00783947228207229,-0.00503736211751052));
#2485=CARTESIAN_POINT('',(0.00538024443774817,0.00783660782309512,-0.00500527530169247));
#2486=CARTESIAN_POINT('',(0.00539569338002281,0.00783426802017793,-0.00498205222170664));
#2487=CARTESIAN_POINT('',(0.00539641981611189,0.00783368953270813,-0.00498250222320571));
#2488=CARTESIAN_POINT('',(0.00541816317084704,0.00783038637924404,-0.00494982107089236));
#2489=CARTESIAN_POINT('',(0.0054384728988588,0.00782648134638358,-0.0049163334965155));
#2490=CARTESIAN_POINT('',(0.00586106338007389,0.00775483415990375,-0.00401745253265074));
#2491=CARTESIAN_POINT('',(0.0062769851454007,0.00765535289692531,-0.00261722588677821));
#2492=CARTESIAN_POINT('',(0.00652021712739045,0.00757925844952901,-0.000234203625044706));
#2493=CARTESIAN_POINT('',(0.00640791983066256,0.0076213180630427,0.00216014332208823));
#2494=CARTESIAN_POINT('',(0.00586118899502563,0.00775481886930851,0.00401719266637744));
#2495=CARTESIAN_POINT('',(0.00538904719861283,0.00783815811172407,0.00500806584593485));
#2496=CARTESIAN_POINT('',(0.00526724591259368,0.00784878448478906,0.00516498856336566));
#2497=CARTESIAN_POINT('',(0.00505889255136634,0.00784144745090068,0.00534709916808166));
#2498=CARTESIAN_POINT('',(0.00495076060494013,0.00783086844000163,0.00541992624841329));
#2499=CARTESIAN_POINT('',(0.00455523058487209,0.00779671114050564,0.00560966868869474));
#2500=CARTESIAN_POINT('',(0.00370403018854409,0.00773255062127134,0.00594845619597715));
#2501=CARTESIAN_POINT('',(0.00276660161994035,0.00767461770650426,0.0061845966502348));
#2502=CARTESIAN_POINT('',(0.00155892427381836,0.00761963735366386,0.00639523804994116));
#2503=CARTESIAN_POINT('',(0.000560828228509722,0.00759292956227078,0.00648462051354625));
#2504=CARTESIAN_POINT('',(-0.0014670898658174,0.00760172362998245,0.00644551346711744));
#2505=CARTESIAN_POINT('',(-0.00321739383366344,0.00769640744320783,0.00614392620847452));
#2506=CARTESIAN_POINT('',(-0.00455421472520377,0.00779662854663606,0.00561014050739836));
#2507=CARTESIAN_POINT('',(-0.00495112783469809,0.00783091399998699,0.00541972827475365));
#2508=CARTESIAN_POINT('',(-0.00506281960775989,0.00784190944916437,0.0053443066380062));
#2509=CARTESIAN_POINT('',(-0.00527059271933098,0.00784882654452839,0.00516138172104686));
#2510=CARTESIAN_POINT('',(-0.00539072079201291,0.00783776182758588,0.00500495849787866));
#2511=CARTESIAN_POINT('',(-0.00548354153006602,0.00781771845233259,0.00482502055123628));
#2512=CARTESIAN_POINT('',(-0.00587984077559899,0.00775048494706643,0.00395453715121979));
#2513=CARTESIAN_POINT('',(-0.00628472890462829,0.00765608299667252,0.00255078970093211));
#2514=CARTESIAN_POINT('',(-0.006577989683211,0.00755353632383343,-0.000354895712685196));
#2515=CARTESIAN_POINT('',(-0.00632433394520554,0.00766427761479117,-0.00277115433182096));
#2516=CARTESIAN_POINT('',(-0.00561035747913641,0.00779658587689896,-0.004553745964408));
#2517=CARTESIAN_POINT('',(-0.00541968773806758,0.00783092354700189,-0.00495120305721372));
#2518=CARTESIAN_POINT('',(-0.00534351277522714,0.00784203081948095,-0.00506401424212958));
#2519=CARTESIAN_POINT('',(-0.00516032164965516,0.00784876749143806,-0.00527148034318645));
#2520=CARTESIAN_POINT('',(-0.0050036898788511,0.00783760041435164,-0.00539140432556877));
#2521=CARTESIAN_POINT('',(-0.00482176869531146,0.00781746664054829,-0.00548506246554401));
#2522=CARTESIAN_POINT('',(-0.00453473932880852,0.00779525131792525,-0.00561544550954399));
#2523=CARTESIAN_POINT('',(-0.00364288261067498,0.00772859734856864,-0.00596802980041299));
#2524=CARTESIAN_POINT('',(-0.00183289260691796,0.00761537978745848,-0.00642315496678392));
#2525=CARTESIAN_POINT('',(0.00120622951596937,0.00756183950111228,-0.00656949997410464));
#2526=CARTESIAN_POINT('',(0.00357297238217366,0.00772020592748222,-0.00606886339542702));
#2527=CARTESIAN_POINT('',(0.00496873140733458,0.00783315375993997,-0.00541024344859979));
#2528=CARTESIAN_POINT('',(0.0051348072019771,0.00784813449920315,-0.00529254083750837));
#2529=CARTESIAN_POINT('',(0.00526734313642822,0.00784623903678524,-0.00515410690669384));
#2530=CARTESIAN_POINT('',(0.0053346174004757,0.00784100690324407,-0.00506853269236059));
#2531=CARTESIAN_POINT('',(0.00535819625302448,0.00783891345223627,-0.0050378481990911));
#2532=CARTESIAN_POINT('',(0.00538095900138271,0.00783603827071809,-0.00500574046069058));
#2533=CARTESIAN_POINT('',(0.00539641981611189,0.00783368953270813,-0.00498250222320571));
#2534=CARTESIAN_POINT('',(0.00539714625220096,0.00783311104523833,-0.00498295222470479));
#2535=CARTESIAN_POINT('',(0.00541890630379169,0.0078297953258846,-0.00495024975560546));
#2536=CARTESIAN_POINT('',(0.00543923208157898,0.00782587513473665,-0.00491674031005355));
#2537=CARTESIAN_POINT('',(0.00586189605660326,0.00775412415299999,-0.00401776928310251));
#2538=CARTESIAN_POINT('',(0.0062778691046836,0.0076544460533613,-0.00261742323213819));
#2539=CARTESIAN_POINT('',(0.00652110103324329,0.00757819331005879,-0.000234220097197148));
#2540=CARTESIAN_POINT('',(0.00640881414661815,0.00762034135976562,0.00216030205598509));
#2541=CARTESIAN_POINT('',(0.00586202397369163,0.00775411127272758,0.00401750892978611));
#2542=CARTESIAN_POINT('',(0.00538976100904363,0.00783760031636501,0.00500853653393982));
#2543=CARTESIAN_POINT('',(0.00526787736745601,0.0078482646002183,0.00516555409132823));
#2544=CARTESIAN_POINT('',(0.00505939287919334,0.00784089923177321,0.0053477856336815));
#2545=CARTESIAN_POINT('',(0.00495119263294134,0.00783028296050537,0.00542066912984622));
#2546=CARTESIAN_POINT('',(0.00455559061807257,0.00779605518288624,0.00561046716411097));
#2547=CARTESIAN_POINT('',(0.00370432061029391,0.00773179542636432,0.00594930304058374));
#2548=CARTESIAN_POINT('',(0.00276681355919802,0.0076737485696699,0.00618546452860508));
#2549=CARTESIAN_POINT('',(0.00155904035579456,0.00761865685096288,0.00639612210451028));
#2550=CARTESIAN_POINT('',(0.000560870398643765,0.00759189239923996,0.00648550900401354));
#2551=CARTESIAN_POINT('',(-0.00146719815437984,0.00760070394921361,0.00644639800922183));
#2552=CARTESIAN_POINT('',(-0.00321764280773937,0.00769559375037608,0.00614479926758996));
#2553=CARTESIAN_POINT('',(-0.00455457347580547,0.00779597064938831,0.00561093807649659));
#2554=CARTESIAN_POINT('',(-0.00495155944424286,0.00783032803643728,0.00542047128311738));
#2555=CARTESIAN_POINT('',(-0.00506332232290877,0.00784136245336373,0.00534499112313638));
#2556=CARTESIAN_POINT('',(-0.00527122625144518,0.00784830655317526,0.00516194521869306));
#2557=CARTESIAN_POINT('',(-0.00539143562974532,0.00783720206249214,0.00500542735923707));
#2558=CARTESIAN_POINT('',(-0.00548431873609168,0.00781708890681786,0.00482540184046468));
#2559=CARTESIAN_POINT('',(-0.00588067638507761,0.00774975762879857,0.00395485051742038));
#2560=CARTESIAN_POINT('',(-0.00628561219455177,0.00765518247121831,0.00255097965698068));
#2561=CARTESIAN_POINT('',(-0.0065788743962033,0.00755241211557242,-0.00035491974977942));
#2562=CARTESIAN_POINT('',(-0.00632523034826415,0.00766340371743226,-0.0027713650450999));
#2563=CARTESIAN_POINT('',(-0.00561115427091291,0.00779592480365232,-0.00455410409403143));
#2564=CARTESIAN_POINT('',(-0.00542043070915498,0.00783033760831056,-0.00495163471319521));
#2565=CARTESIAN_POINT('',(-0.00534419663680288,0.00784148424286934,-0.00506451771571499));
#2566=CARTESIAN_POINT('',(-0.00516088455413906,0.00784824733194191,-0.00527211442644442));
#2567=CARTESIAN_POINT('',(-0.00500415787584407,0.00783704001779188,-0.00539211977921889));
#2568=CARTESIAN_POINT('',(-0.00482214964634028,0.00781683746799984,-0.00548584031057476));
#2569=CARTESIAN_POINT('',(-0.00453509753656656,0.00779459271130187,-0.00561624417640316));
#2570=CARTESIAN_POINT('',(-0.0036431680600201,0.00772783612873171,-0.00596887877624719));
#2571=CARTESIAN_POINT('',(-0.00183302591740721,0.00761439224153614,-0.00642404415134401));
#2572=CARTESIAN_POINT('',(0.00120631411303432,0.00756073374992256,-0.00657038702463021));
#2573=CARTESIAN_POINT('',(0.00357324999309998,0.00771944278934882,-0.00606973552391455));
#2574=CARTESIAN_POINT('',(0.00496917410755551,0.00783257642579724,-0.00541097839759535));
#2575=CARTESIAN_POINT('',(0.00513535497550627,0.00784760944579684,-0.00529318779727224));
#2576=CARTESIAN_POINT('',(0.00526797511292462,0.0078457063917913,-0.00515466734304461));
#2577=CARTESIAN_POINT('',(0.00533529800173231,0.00784045559261926,-0.00506903816743658));
#2578=CARTESIAN_POINT('',(0.00535889365969115,0.00783835462240024,-0.00503833428067167));
#2579=CARTESIAN_POINT('',(0.00538167356501724,0.00783546871834105,-0.0050062056196887));
#2580=CARTESIAN_POINT('',(0.00539714625220096,0.00783311104523833,-0.00498295222470479));
#2581=CARTESIAN_POINT('',(0.,0.,0.));
#2582=CARTESIAN_POINT('',(0.,0.,0.));
#2583=CARTESIAN_POINT('',(0.0028,0.,0.));
#2584=CARTESIAN_POINT('',(-0.00205,0.,0.000585));
#2585=CARTESIAN_POINT('',(-0.00205,0.0003,0.0002925));
#2586=CARTESIAN_POINT('',(-0.00205,0.0003,-0.000585));
#2587=CARTESIAN_POINT('',(-0.00205,0.0003,0.000585));
#2588=CARTESIAN_POINT('',(-0.00205,0.,-0.000585));
#2589=CARTESIAN_POINT('',(-0.00205,0.0047,-0.000585));
#2590=CARTESIAN_POINT('',(-0.00205,0.0047,0.0002925));
#2591=CARTESIAN_POINT('',(-0.00205,0.0047,0.000585));
#2592=CARTESIAN_POINT('',(-0.00205,0.,0.000585));
#2593=CARTESIAN_POINT('',(-0.00205,0.,-0.000585));
#2594=CARTESIAN_POINT('',(-0.001025,0.0003,-0.000585));
#2595=CARTESIAN_POINT('',(-0.000585,0.0003,-0.000585));
#2596=CARTESIAN_POINT('',(-0.000585,0.,-0.000585));
#2597=CARTESIAN_POINT('',(-0.000585,0.0047,-0.000585));
#2598=CARTESIAN_POINT('',(-0.001025,0.0047,-0.000585));
#2599=CARTESIAN_POINT('',(0.000585,0.,0.000585));
#2600=CARTESIAN_POINT('',(0.000585,0.0003,0.0002925));
#2601=CARTESIAN_POINT('',(0.000585,0.0003,0.00205));
#2602=CARTESIAN_POINT('',(0.000585,0.0003,0.000585));
#2603=CARTESIAN_POINT('',(0.000585,0.,0.00205));
#2604=CARTESIAN_POINT('',(0.000585,0.0047,0.00205));
#2605=CARTESIAN_POINT('',(0.000585,0.0047,0.0002925));
#2606=CARTESIAN_POINT('',(0.000585,0.0047,0.000585));
#2607=CARTESIAN_POINT('',(0.000585,0.,0.000585));
#2608=CARTESIAN_POINT('',(0.000585,0.,0.00205));
#2609=CARTESIAN_POINT('',(0.0002925,0.0003,0.00205));
#2610=CARTESIAN_POINT('',(-0.000585,0.0003,0.00205));
#2611=CARTESIAN_POINT('',(-0.000585,0.,0.00205));
#2612=CARTESIAN_POINT('',(-0.000585,0.0047,0.00205));
#2613=CARTESIAN_POINT('',(0.0002925,0.0047,0.00205));
#2614=CARTESIAN_POINT('',(-0.000585,0.,0.00205));
#2615=CARTESIAN_POINT('',(-0.000585,0.0003,0.001025));
#2616=CARTESIAN_POINT('',(-0.000585,0.0003,0.000585));
#2617=CARTESIAN_POINT('',(-0.000585,0.,0.000585));
#2618=CARTESIAN_POINT('',(-0.000585,0.0047,0.000585));
#2619=CARTESIAN_POINT('',(-0.000585,0.0047,0.001025));
#2620=CARTESIAN_POINT('',(-0.000585,0.,0.000585));
#2621=CARTESIAN_POINT('',(-0.0002925,0.0003,0.000585));
#2622=CARTESIAN_POINT('',(-0.0002925,0.0047,0.000585));
#2623=CARTESIAN_POINT('',(0.,0.0047,0.));
#2624=CARTESIAN_POINT('',(-0.00205,0.0047,-0.000585));
#2625=CARTESIAN_POINT('',(0.00205,0.0047,-0.000585));
#2626=CARTESIAN_POINT('',(0.000585,0.0047,-0.000585));
#2627=CARTESIAN_POINT('',(0.00205,0.0047,-0.0002925));
#2628=CARTESIAN_POINT('',(0.00205,0.0047,0.000585));
#2629=CARTESIAN_POINT('',(-0.000585,0.0047,0.000585));
#2630=CARTESIAN_POINT('',(-0.000585,0.0047,0.00205));
#2631=CARTESIAN_POINT('',(-0.000585,0.0047,-0.00205));
#2632=CARTESIAN_POINT('',(-0.0002925,0.0047,-0.00205));
#2633=CARTESIAN_POINT('',(0.000585,0.0047,-0.00205));
#2634=CARTESIAN_POINT('',(0.000585,0.0047,0.000585));
#2635=CARTESIAN_POINT('',(0.,0.,0.));
#2636=CARTESIAN_POINT('',(-0.0002925,0.,0.000885));
#2637=CARTESIAN_POINT('',(0.00235,1.35525271560688E-20,0.000885));
#2638=CARTESIAN_POINT('',(0.000885,-1.20466908053945E-20,0.000885));
#2639=CARTESIAN_POINT('',(0.00235,0.,-0.0002925));
#2640=CARTESIAN_POINT('',(0.00235,3.61400724161835E-20,-0.000885));
#2641=CARTESIAN_POINT('',(-0.001025,0.,-0.000885));
#2642=CARTESIAN_POINT('',(0.000885,-1.20466908053945E-20,-0.000885));
#2643=CARTESIAN_POINT('',(0.000885,0.,0.0002925));
#2644=CARTESIAN_POINT('',(0.000885,2.71050543121376E-20,-0.00235));
#2645=CARTESIAN_POINT('',(-0.0002925,0.,-0.00235));
#2646=CARTESIAN_POINT('',(-0.000885,3.61400724161835E-20,-0.00235));
#2647=CARTESIAN_POINT('',(-0.000885,0.,0.001025));
#2648=CARTESIAN_POINT('',(-0.000885,-1.20466908053945E-20,-0.000885));
#2649=CARTESIAN_POINT('',(-0.001025,0.,-0.000885));
#2650=CARTESIAN_POINT('',(-0.00235,0.,-0.000885));
#2651=CARTESIAN_POINT('',(-0.00235,0.,0.0002925));
#2652=CARTESIAN_POINT('',(-0.00235,0.,0.000885));
#2653=CARTESIAN_POINT('',(-0.0002925,0.,0.000885));
#2654=CARTESIAN_POINT('',(-0.000885,0.,0.000885));
#2655=CARTESIAN_POINT('',(-0.000885,0.,0.001025));
#2656=CARTESIAN_POINT('',(-0.000885,0.,0.00235));
#2657=CARTESIAN_POINT('',(0.0002925,0.,0.00235));
#2658=CARTESIAN_POINT('',(0.000885,0.,0.00235));
#2659=CARTESIAN_POINT('',(0.000885,0.,0.0002925));
#2660=CARTESIAN_POINT('',(-0.000585,0.,0.000585));
#2661=CARTESIAN_POINT('',(-0.0002925,0.0003,0.000585));
#2662=CARTESIAN_POINT('',(0.00205,0.0003,0.000585));
#2663=CARTESIAN_POINT('',(0.00205,0.,0.000585));
#2664=CARTESIAN_POINT('',(0.00205,0.,-0.000585));
#2665=CARTESIAN_POINT('',(0.00205,0.0003,-0.0002925));
#2666=CARTESIAN_POINT('',(0.00205,0.0003,-0.000585));
#2667=CARTESIAN_POINT('',(0.00205,0.,-0.000585));
#2668=CARTESIAN_POINT('',(-0.00205,0.,-0.000585));
#2669=CARTESIAN_POINT('',(-0.001025,0.0003,-0.000585));
#2670=CARTESIAN_POINT('',(0.000585,0.0003,-0.000585));
#2671=CARTESIAN_POINT('',(0.000585,0.,-0.000585));
#2672=CARTESIAN_POINT('',(0.000585,0.,0.000585));
#2673=CARTESIAN_POINT('',(0.000585,0.0003,0.0002925));
#2674=CARTESIAN_POINT('',(0.000585,0.0003,-0.00205));
#2675=CARTESIAN_POINT('',(0.000585,0.,-0.00205));
#2676=CARTESIAN_POINT('',(-0.000585,0.,-0.00205));
#2677=CARTESIAN_POINT('',(-0.0002925,0.0003,-0.00205));
#2678=CARTESIAN_POINT('',(-0.000585,0.0003,-0.00205));
#2679=CARTESIAN_POINT('',(-0.000585,0.,-0.00205));
#2680=CARTESIAN_POINT('',(-0.000585,0.,0.00205));
#2681=CARTESIAN_POINT('',(-0.000585,0.0003,0.001025));
#2682=CARTESIAN_POINT('',(0.000735,0.00015,0.0002925));
#2683=CARTESIAN_POINT('',(0.0003925,0.0004925,-0.0018575));
#2684=CARTESIAN_POINT('',(0.0003925,0.0004925,-0.0003925));
#2685=CARTESIAN_POINT('',(-0.0002925,0.00015,-0.0022));
#2686=CARTESIAN_POINT('',(0.00034,0.001225,-0.001125));
#2687=CARTESIAN_POINT('',(-0.000735,0.00015,0.001025));
#2688=CARTESIAN_POINT('',(-0.000831666666666667,5.33333333333334E-5,-0.000831666666666667));
#2689=CARTESIAN_POINT('',(0.0022,0.00015,-0.0002925));
#2690=CARTESIAN_POINT('',(0.00136916666666667,0.000980833333333333,-9.58333333333331E-5));
#2691=CARTESIAN_POINT('',(0.001125,0.001225,0.00034));
#2692=CARTESIAN_POINT('',(-0.001025,0.00015,-0.000735));
#2693=CARTESIAN_POINT('',(-0.00235,0.,-0.000885));
#2694=CARTESIAN_POINT('',(-0.0022,0.00015,0.0002925));
#2695=CARTESIAN_POINT('',(-0.00235,0.,0.000885));
#2696=CARTESIAN_POINT('',(-0.0002925,0.00015,0.000735));
#2697=CARTESIAN_POINT('',(-0.000885,0.,0.000885));
#2698=CARTESIAN_POINT('',(-0.000735,0.00015,0.001025));
#2699=CARTESIAN_POINT('',(-0.000885,0.,0.00235));
#2700=CARTESIAN_POINT('',(0.0002925,0.00015,0.0022));
#2701=CARTESIAN_POINT('',(0.000885,0.,0.00235));
#2702=CARTESIAN_POINT('',(0.000735,0.00015,0.0002925));
#2703=CARTESIAN_POINT('',(0.0003925,0.0004925,0.0003925));
#2704=CARTESIAN_POINT('',(-0.0002925,0.00015,0.000735));
#2705=CARTESIAN_POINT('',(-0.001025,0.00015,-0.000735));
#2706=CARTESIAN_POINT('',(0.,0.,0.));
#2707=CARTESIAN_POINT('',(0.,0.0057,0.));
#2708=CARTESIAN_POINT('',(0.,0.0057,0.));
#2709=CARTESIAN_POINT('',(0.0028,0.0057,0.));
#2710=CARTESIAN_POINT('',(0.,0.,0.));
#2711=CARTESIAN_POINT('',(0.,0.,0.));
#2712=CARTESIAN_POINT('',(0.0028,0.,0.));
#2713=CARTESIAN_POINT('',(-0.00205,0.,0.000585));
#2714=CARTESIAN_POINT('',(-0.00205,0.0003,0.0002925));
#2715=CARTESIAN_POINT('',(-0.00205,0.0003,-0.000585));
#2716=CARTESIAN_POINT('',(-0.00205,0.0003,0.000585));
#2717=CARTESIAN_POINT('',(-0.00205,0.,-0.000585));
#2718=CARTESIAN_POINT('',(-0.00205,0.0047,-0.000585));
#2719=CARTESIAN_POINT('',(-0.00205,0.0047,0.0002925));
#2720=CARTESIAN_POINT('',(-0.00205,0.0047,0.000585));
#2721=CARTESIAN_POINT('',(-0.00205,0.,0.000585));
#2722=CARTESIAN_POINT('',(-0.00205,0.,-0.000585));
#2723=CARTESIAN_POINT('',(-0.001025,0.0003,-0.000585));
#2724=CARTESIAN_POINT('',(-0.000585,0.0003,-0.000585));
#2725=CARTESIAN_POINT('',(-0.000585,0.,-0.000585));
#2726=CARTESIAN_POINT('',(-0.000585,0.0047,-0.000585));
#2727=CARTESIAN_POINT('',(-0.001025,0.0047,-0.000585));
#2728=CARTESIAN_POINT('',(0.000585,0.,0.000585));
#2729=CARTESIAN_POINT('',(0.000585,0.0003,0.0002925));
#2730=CARTESIAN_POINT('',(0.000585,0.0003,0.00205));
#2731=CARTESIAN_POINT('',(0.000585,0.0003,0.000585));
#2732=CARTESIAN_POINT('',(0.000585,0.,0.00205));
#2733=CARTESIAN_POINT('',(0.000585,0.0047,0.00205));
#2734=CARTESIAN_POINT('',(0.000585,0.0047,0.0002925));
#2735=CARTESIAN_POINT('',(0.000585,0.0047,0.000585));
#2736=CARTESIAN_POINT('',(0.000585,0.,0.000585));
#2737=CARTESIAN_POINT('',(0.000585,0.,0.00205));
#2738=CARTESIAN_POINT('',(0.0002925,0.0003,0.00205));
#2739=CARTESIAN_POINT('',(-0.000585,0.0003,0.00205));
#2740=CARTESIAN_POINT('',(-0.000585,0.,0.00205));
#2741=CARTESIAN_POINT('',(-0.000585,0.0047,0.00205));
#2742=CARTESIAN_POINT('',(0.0002925,0.0047,0.00205));
#2743=CARTESIAN_POINT('',(-0.000585,0.,0.00205));
#2744=CARTESIAN_POINT('',(-0.000585,0.0003,0.001025));
#2745=CARTESIAN_POINT('',(-0.000585,0.0003,0.000585));
#2746=CARTESIAN_POINT('',(-0.000585,0.,0.000585));
#2747=CARTESIAN_POINT('',(-0.000585,0.0047,0.000585));
#2748=CARTESIAN_POINT('',(-0.000585,0.0047,0.001025));
#2749=CARTESIAN_POINT('',(-0.000585,0.,0.000585));
#2750=CARTESIAN_POINT('',(-0.0002925,0.0003,0.000585));
#2751=CARTESIAN_POINT('',(-0.0002925,0.0047,0.000585));
#2752=CARTESIAN_POINT('',(0.,0.0047,0.));
#2753=CARTESIAN_POINT('',(-0.00205,0.0047,-0.000585));
#2754=CARTESIAN_POINT('',(0.00205,0.0047,-0.000585));
#2755=CARTESIAN_POINT('',(0.000585,0.0047,-0.000585));
#2756=CARTESIAN_POINT('',(0.00205,0.0047,-0.0002925));
#2757=CARTESIAN_POINT('',(0.00205,0.0047,0.000585));
#2758=CARTESIAN_POINT('',(-0.000585,0.0047,0.000585));
#2759=CARTESIAN_POINT('',(-0.000585,0.0047,0.00205));
#2760=CARTESIAN_POINT('',(-0.000585,0.0047,-0.00205));
#2761=CARTESIAN_POINT('',(-0.0002925,0.0047,-0.00205));
#2762=CARTESIAN_POINT('',(0.000585,0.0047,-0.00205));
#2763=CARTESIAN_POINT('',(0.000585,0.0047,0.000585));
#2764=CARTESIAN_POINT('',(0.,0.,0.));
#2765=CARTESIAN_POINT('',(-0.0002925,0.,0.000885));
#2766=CARTESIAN_POINT('',(0.00235,1.35525271560688E-20,0.000885));
#2767=CARTESIAN_POINT('',(0.000885,-1.20466908053945E-20,0.000885));
#2768=CARTESIAN_POINT('',(0.00235,0.,-0.0002925));
#2769=CARTESIAN_POINT('',(0.00235,3.61400724161835E-20,-0.000885));
#2770=CARTESIAN_POINT('',(-0.001025,0.,-0.000885));
#2771=CARTESIAN_POINT('',(0.000885,-1.20466908053945E-20,-0.000885));
#2772=CARTESIAN_POINT('',(0.000885,0.,0.0002925));
#2773=CARTESIAN_POINT('',(0.000885,2.71050543121376E-20,-0.00235));
#2774=CARTESIAN_POINT('',(-0.0002925,0.,-0.00235));
#2775=CARTESIAN_POINT('',(-0.000885,3.61400724161835E-20,-0.00235));
#2776=CARTESIAN_POINT('',(-0.000885,0.,0.001025));
#2777=CARTESIAN_POINT('',(-0.000885,-1.20466908053945E-20,-0.000885));
#2778=CARTESIAN_POINT('',(-0.001025,0.,-0.000885));
#2779=CARTESIAN_POINT('',(-0.00235,0.,-0.000885));
#2780=CARTESIAN_POINT('',(-0.00235,0.,0.0002925));
#2781=CARTESIAN_POINT('',(-0.00235,0.,0.000885));
#2782=CARTESIAN_POINT('',(-0.0002925,0.,0.000885));
#2783=CARTESIAN_POINT('',(-0.000885,0.,0.000885));
#2784=CARTESIAN_POINT('',(-0.000885,0.,0.001025));
#2785=CARTESIAN_POINT('',(-0.000885,0.,0.00235));
#2786=CARTESIAN_POINT('',(0.0002925,0.,0.00235));
#2787=CARTESIAN_POINT('',(0.000885,0.,0.00235));
#2788=CARTESIAN_POINT('',(0.000885,0.,0.0002925));
#2789=CARTESIAN_POINT('',(-0.000585,0.,0.000585));
#2790=CARTESIAN_POINT('',(-0.0002925,0.0003,0.000585));
#2791=CARTESIAN_POINT('',(0.00205,0.0003,0.000585));
#2792=CARTESIAN_POINT('',(0.00205,0.,0.000585));
#2793=CARTESIAN_POINT('',(0.00205,0.,-0.000585));
#2794=CARTESIAN_POINT('',(0.00205,0.0003,-0.0002925));
#2795=CARTESIAN_POINT('',(0.00205,0.0003,-0.000585));
#2796=CARTESIAN_POINT('',(0.00205,0.,-0.000585));
#2797=CARTESIAN_POINT('',(-0.00205,0.,-0.000585));
#2798=CARTESIAN_POINT('',(-0.001025,0.0003,-0.000585));
#2799=CARTESIAN_POINT('',(0.000585,0.0003,-0.000585));
#2800=CARTESIAN_POINT('',(0.000585,0.,-0.000585));
#2801=CARTESIAN_POINT('',(0.000585,0.,0.000585));
#2802=CARTESIAN_POINT('',(0.000585,0.0003,0.0002925));
#2803=CARTESIAN_POINT('',(0.000585,0.0003,-0.00205));
#2804=CARTESIAN_POINT('',(0.000585,0.,-0.00205));
#2805=CARTESIAN_POINT('',(-0.000585,0.,-0.00205));
#2806=CARTESIAN_POINT('',(-0.0002925,0.0003,-0.00205));
#2807=CARTESIAN_POINT('',(-0.000585,0.0003,-0.00205));
#2808=CARTESIAN_POINT('',(-0.000585,0.,-0.00205));
#2809=CARTESIAN_POINT('',(-0.000585,0.,0.00205));
#2810=CARTESIAN_POINT('',(-0.000585,0.0003,0.001025));
#2811=CARTESIAN_POINT('',(0.000735,0.00015,0.0002925));
#2812=CARTESIAN_POINT('',(0.0003925,0.0004925,-0.0018575));
#2813=CARTESIAN_POINT('',(0.0003925,0.0004925,-0.0003925));
#2814=CARTESIAN_POINT('',(-0.0002925,0.00015,-0.0022));
#2815=CARTESIAN_POINT('',(0.00034,0.001225,-0.001125));
#2816=CARTESIAN_POINT('',(-0.000735,0.00015,0.001025));
#2817=CARTESIAN_POINT('',(-0.000831666666666667,5.33333333333334E-5,-0.000831666666666667));
#2818=CARTESIAN_POINT('',(0.0022,0.00015,-0.0002925));
#2819=CARTESIAN_POINT('',(0.00136916666666667,0.000980833333333333,-9.58333333333331E-5));
#2820=CARTESIAN_POINT('',(0.001125,0.001225,0.00034));
#2821=CARTESIAN_POINT('',(-0.001025,0.00015,-0.000735));
#2822=CARTESIAN_POINT('',(-0.00235,0.,-0.000885));
#2823=CARTESIAN_POINT('',(-0.0022,0.00015,0.0002925));
#2824=CARTESIAN_POINT('',(-0.00235,0.,0.000885));
#2825=CARTESIAN_POINT('',(-0.0002925,0.00015,0.000735));
#2826=CARTESIAN_POINT('',(-0.000885,0.,0.000885));
#2827=CARTESIAN_POINT('',(-0.000735,0.00015,0.001025));
#2828=CARTESIAN_POINT('',(-0.000885,0.,0.00235));
#2829=CARTESIAN_POINT('',(0.0002925,0.00015,0.0022));
#2830=CARTESIAN_POINT('',(0.000885,0.,0.00235));
#2831=CARTESIAN_POINT('',(0.000735,0.00015,0.0002925));
#2832=CARTESIAN_POINT('',(0.0003925,0.0004925,0.0003925));
#2833=CARTESIAN_POINT('',(-0.0002925,0.00015,0.000735));
#2834=CARTESIAN_POINT('',(-0.001025,0.00015,-0.000735));
#2835=MECHANICAL_DESIGN_GEOMETRIC_PRESENTATION_REPRESENTATION('',(#1257),
#2837);
#2836=MECHANICAL_DESIGN_GEOMETRIC_PRESENTATION_REPRESENTATION('',(#1258),
#2838);
#2837=(
GEOMETRIC_REPRESENTATION_CONTEXT(3)
GLOBAL_UNCERTAINTY_ASSIGNED_CONTEXT((#2839))
GLOBAL_UNIT_ASSIGNED_CONTEXT((#2845,#2843,#2841))
REPRESENTATION_CONTEXT('DSA V4 1x1 v4','TOP_LEVEL_ASSEMBLY_PART')
);
#2838=(
GEOMETRIC_REPRESENTATION_CONTEXT(3)
GLOBAL_UNCERTAINTY_ASSIGNED_CONTEXT((#2840))
GLOBAL_UNIT_ASSIGNED_CONTEXT((#2846,#2844,#2842))
REPRESENTATION_CONTEXT('MX Mount v1','TOP_LEVEL_ASSEMBLY_PART')
);
#2839=UNCERTAINTY_MEASURE_WITH_UNIT(LENGTH_MEASURE(2.E-5),#2845,
'DISTANCE_ACCURACY_VALUE','Maximum Tolerance applied to model');
#2840=UNCERTAINTY_MEASURE_WITH_UNIT(LENGTH_MEASURE(1.E-6),#2846,
'DISTANCE_ACCURACY_VALUE','Maximum Tolerance applied to model');
#2841=(
NAMED_UNIT(*)
SI_UNIT($,.STERADIAN.)
SOLID_ANGLE_UNIT()
);
#2842=(
NAMED_UNIT(*)
SI_UNIT($,.STERADIAN.)
SOLID_ANGLE_UNIT()
);
#2843=(
NAMED_UNIT(*)
PLANE_ANGLE_UNIT()
SI_UNIT($,.RADIAN.)
);
#2844=(
NAMED_UNIT(*)
PLANE_ANGLE_UNIT()
SI_UNIT($,.RADIAN.)
);
#2845=(
LENGTH_UNIT()
NAMED_UNIT(*)
SI_UNIT($,.METRE.)
);
#2846=(
LENGTH_UNIT()
NAMED_UNIT(*)
SI_UNIT($,.METRE.)
);
#2847=PRODUCT_DEFINITION_SHAPE('','',#2849);
#2848=PRODUCT_DEFINITION_SHAPE('','',#2850);
#2849=PRODUCT_DEFINITION('','',#2853,#2851);
#2850=PRODUCT_DEFINITION('','',#2854,#2852);
#2851=PRODUCT_DEFINITION_CONTEXT('',#2865,'design');
#2852=PRODUCT_DEFINITION_CONTEXT('',#2866,'design');
#2853=PRODUCT_DEFINITION_FORMATION_WITH_SPECIFIED_SOURCE('','',#2857,
 .NOT_KNOWN.);
#2854=PRODUCT_DEFINITION_FORMATION_WITH_SPECIFIED_SOURCE('','',#2858,
 .NOT_KNOWN.);
#2855=PRODUCT_RELATED_PRODUCT_CATEGORY('','',(#2857));
#2856=PRODUCT_RELATED_PRODUCT_CATEGORY('','',(#2858));
#2857=PRODUCT('DSA V4 1x1 v4','DSA V4 1x1 v4','DSA V4 1x1 v4',(#2861));
#2858=PRODUCT('MX Mount v1','MX Mount v1','MX Mount v1',(#2862));
#2859=PRODUCT_CATEGORY('','');
#2860=PRODUCT_CATEGORY('','');
#2861=PRODUCT_CONTEXT('',#2865,'mechanical');
#2862=PRODUCT_CONTEXT('',#2866,'mechanical');
#2863=APPLICATION_PROTOCOL_DEFINITION('international standard',
'ap242_managed_model_based_3d_engineering',2020,#2865);
#2864=APPLICATION_PROTOCOL_DEFINITION('international standard',
'ap242_managed_model_based_3d_engineering',2020,#2866);
#2865=APPLICATION_CONTEXT('managed model based 3d engineering');
#2866=APPLICATION_CONTEXT('managed model based 3d engineering');
ENDSEC;
END-ISO-10303-21;
