ISO-10303-21;
HEADER;
/* Generated by software containing ST-Developer
 * from STEP Tools, Inc. (www.steptools.com) 
 */
/* OPTION: using custom renumber hook */

FILE_DESCRIPTION(
/* description */ ('STEP AP242 Edition 2',
'CAx-IF Rec.Pracs.---Representation and Presentation of Product Manufa
cturing Information (PMI)---4.0---2014-10-13',
'CAx-IF Rec.Pracs.---3D Tessellated Geometry---0.4---2014-09-14','2;1',
'CAx-IF Rec.Pracs.---User Defined Attributes---1.5---2016-08-15'),
/* implementation_level */ '2;1');

FILE_NAME(
/* name */ 'DSA 1.25u - DSA V4 1x1.25 v3 v4',
/* time_stamp */ '2026-06-08T00:58:21Z',
/* author */ (''),
/* organization */ (''),
/* preprocessor_version */ 'ST-DEVELOPER v20',
/* originating_system */ 'ONSHAPE BY PTC INC, 1.216',
/* authorisation */ '  ');

FILE_SCHEMA (('AP242_MANAGED_MODEL_BASED_3D_ENGINEERING_MIM_LF { 1 0 10303 442 3 1 4 }'));
ENDSEC;

DATA;
#10=SHAPE_REPRESENTATION_RELATIONSHIP('','',#951,#11);
#11=ADVANCED_BREP_SHAPE_REPRESENTATION('',(#949),#2430);
#12=CYLINDRICAL_SURFACE('',#966,0.0002);
#13=CYLINDRICAL_SURFACE('',#968,0.0002);
#14=CYLINDRICAL_SURFACE('',#970,0.000399999999999995);
#15=CYLINDRICAL_SURFACE('',#971,0.03875);
#16=CYLINDRICAL_SURFACE('',#973,0.0004);
#17=CYLINDRICAL_SURFACE('',#974,0.0002);
#18=CYLINDRICAL_SURFACE('',#976,0.0002);
#19=CYLINDRICAL_SURFACE('',#979,0.0028);
#20=SPHERICAL_SURFACE('',#962,0.03875);
#21=SPHERICAL_SURFACE('',#978,0.03875);
#22=CIRCLE('',#955,0.0002);
#23=CIRCLE('',#956,0.0002);
#24=CIRCLE('',#957,0.0002);
#25=CIRCLE('',#958,0.0002);
#26=CIRCLE('',#961,0.0028);
#27=CIRCLE('',#963,0.03875);
#28=CIRCLE('',#972,0.03875);
#29=CIRCLE('',#980,0.0028);
#30=PLANE('',#953);
#31=PLANE('',#954);
#32=PLANE('',#959);
#33=PLANE('',#960);
#34=PLANE('',#964);
#35=PLANE('',#965);
#36=PLANE('',#967);
#37=PLANE('',#969);
#38=PLANE('',#975);
#39=PLANE('',#977);
#40=PLANE('',#981);
#41=PLANE('',#982);
#42=PLANE('',#983);
#43=PLANE('',#984);
#44=PLANE('',#985);
#45=PLANE('',#986);
#46=PLANE('',#987);
#47=PLANE('',#988);
#48=PLANE('',#989);
#49=PLANE('',#990);
#50=PLANE('',#991);
#51=PLANE('',#992);
#52=PLANE('',#993);
#53=PLANE('',#994);
#54=PLANE('',#995);
#55=PLANE('',#996);
#56=PLANE('',#997);
#57=PLANE('',#998);
#58=PLANE('',#999);
#59=PLANE('',#1000);
#60=PLANE('',#1001);
#61=PLANE('',#1002);
#62=PLANE('',#1003);
#63=PLANE('',#1004);
#64=PLANE('',#1005);
#65=PLANE('',#1006);
#66=LINE('',#1632,#158);
#67=LINE('',#1641,#159);
#68=LINE('',#1644,#160);
#69=LINE('',#1645,#161);
#70=LINE('',#1652,#162);
#71=LINE('',#1654,#163);
#72=LINE('',#1657,#164);
#73=LINE('',#1659,#165);
#74=LINE('',#1661,#166);
#75=LINE('',#1664,#167);
#76=LINE('',#1668,#168);
#77=LINE('',#1672,#169);
#78=LINE('',#1676,#170);
#79=LINE('',#1679,#171);
#80=LINE('',#1680,#172);
#81=LINE('',#1684,#173);
#82=LINE('',#1687,#174);
#83=LINE('',#1688,#175);
#84=LINE('',#1692,#176);
#85=LINE('',#1693,#177);
#86=LINE('',#1696,#178);
#87=LINE('',#1697,#179);
#88=LINE('',#1699,#180);
#89=LINE('',#1702,#181);
#90=LINE('',#1709,#182);
#91=LINE('',#1729,#183);
#92=LINE('',#1736,#184);
#93=LINE('',#1740,#185);
#94=LINE('',#1747,#186);
#95=LINE('',#1778,#187);
#96=LINE('',#1780,#188);
#97=LINE('',#1782,#189);
#98=LINE('',#2308,#190);
#99=LINE('',#2311,#191);
#100=LINE('',#2313,#192);
#101=LINE('',#2315,#193);
#102=LINE('',#2317,#194);
#103=LINE('',#2319,#195);
#104=LINE('',#2321,#196);
#105=LINE('',#2323,#197);
#106=LINE('',#2326,#198);
#107=LINE('',#2328,#199);
#108=LINE('',#2330,#200);
#109=LINE('',#2332,#201);
#110=LINE('',#2334,#202);
#111=LINE('',#2336,#203);
#112=LINE('',#2338,#204);
#113=LINE('',#2340,#205);
#114=LINE('',#2342,#206);
#115=LINE('',#2344,#207);
#116=LINE('',#2345,#208);
#117=LINE('',#2347,#209);
#118=LINE('',#2350,#210);
#119=LINE('',#2352,#211);
#120=LINE('',#2353,#212);
#121=LINE('',#2355,#213);
#122=LINE('',#2357,#214);
#123=LINE('',#2359,#215);
#124=LINE('',#2362,#216);
#125=LINE('',#2364,#217);
#126=LINE('',#2366,#218);
#127=LINE('',#2368,#219);
#128=LINE('',#2370,#220);
#129=LINE('',#2372,#221);
#130=LINE('',#2374,#222);
#131=LINE('',#2376,#223);
#132=LINE('',#2378,#224);
#133=LINE('',#2380,#225);
#134=LINE('',#2382,#226);
#135=LINE('',#2384,#227);
#136=LINE('',#2386,#228);
#137=LINE('',#2388,#229);
#138=LINE('',#2390,#230);
#139=LINE('',#2392,#231);
#140=LINE('',#2394,#232);
#141=LINE('',#2396,#233);
#142=LINE('',#2398,#234);
#143=LINE('',#2400,#235);
#144=LINE('',#2402,#236);
#145=LINE('',#2404,#237);
#146=LINE('',#2406,#238);
#147=LINE('',#2407,#239);
#148=LINE('',#2409,#240);
#149=LINE('',#2411,#241);
#150=LINE('',#2413,#242);
#151=LINE('',#2414,#243);
#152=LINE('',#2416,#244);
#153=LINE('',#2418,#245);
#154=LINE('',#2420,#246);
#155=LINE('',#2422,#247);
#156=LINE('',#2424,#248);
#157=LINE('',#2426,#249);
#158=VECTOR('',#1009,1.);
#159=VECTOR('',#1012,1.);
#160=VECTOR('',#1013,1.);
#161=VECTOR('',#1014,1.);
#162=VECTOR('',#1015,1.);
#163=VECTOR('',#1018,1.);
#164=VECTOR('',#1019,1.);
#165=VECTOR('',#1020,1.);
#166=VECTOR('',#1021,1.);
#167=VECTOR('',#1024,1.);
#168=VECTOR('',#1027,1.);
#169=VECTOR('',#1030,1.);
#170=VECTOR('',#1035,1.);
#171=VECTOR('',#1036,1.);
#172=VECTOR('',#1037,1.);
#173=VECTOR('',#1042,1.);
#174=VECTOR('',#1043,1.);
#175=VECTOR('',#1044,1.);
#176=VECTOR('',#1051,1.);
#177=VECTOR('',#1052,1.);
#178=VECTOR('',#1057,1.);
#179=VECTOR('',#1058,1.);
#180=VECTOR('',#1061,1.);
#181=VECTOR('',#1066,1.);
#182=VECTOR('',#1067,1.);
#183=VECTOR('',#1068,1.);
#184=VECTOR('',#1071,1.);
#185=VECTOR('',#1076,1.);
#186=VECTOR('',#1079,1.);
#187=VECTOR('',#1082,1.);
#188=VECTOR('',#1085,1.);
#189=VECTOR('',#1086,1.);
#190=VECTOR('',#1099,1.);
#191=VECTOR('',#1100,1.);
#192=VECTOR('',#1101,1.);
#193=VECTOR('',#1102,1.);
#194=VECTOR('',#1105,1.);
#195=VECTOR('',#1106,1.);
#196=VECTOR('',#1107,1.);
#197=VECTOR('',#1110,1.);
#198=VECTOR('',#1111,1.);
#199=VECTOR('',#1112,1.);
#200=VECTOR('',#1113,1.);
#201=VECTOR('',#1116,1.);
#202=VECTOR('',#1117,1.);
#203=VECTOR('',#1118,1.);
#204=VECTOR('',#1121,1.);
#205=VECTOR('',#1122,1.);
#206=VECTOR('',#1123,1.);
#207=VECTOR('',#1126,1.);
#208=VECTOR('',#1127,1.);
#209=VECTOR('',#1130,1.);
#210=VECTOR('',#1131,1.);
#211=VECTOR('',#1132,1.);
#212=VECTOR('',#1133,1.);
#213=VECTOR('',#1134,1.);
#214=VECTOR('',#1135,1.);
#215=VECTOR('',#1138,1.);
#216=VECTOR('',#1139,1.);
#217=VECTOR('',#1140,1.);
#218=VECTOR('',#1141,1.);
#219=VECTOR('',#1142,1.);
#220=VECTOR('',#1143,1.);
#221=VECTOR('',#1144,1.);
#222=VECTOR('',#1145,1.);
#223=VECTOR('',#1146,1.);
#224=VECTOR('',#1147,1.);
#225=VECTOR('',#1148,1.);
#226=VECTOR('',#1149,1.);
#227=VECTOR('',#1152,1.);
#228=VECTOR('',#1153,1.);
#229=VECTOR('',#1156,1.);
#230=VECTOR('',#1157,1.);
#231=VECTOR('',#1160,1.);
#232=VECTOR('',#1161,1.);
#233=VECTOR('',#1164,1.);
#234=VECTOR('',#1165,1.);
#235=VECTOR('',#1168,1.);
#236=VECTOR('',#1169,1.);
#237=VECTOR('',#1172,1.);
#238=VECTOR('',#1175,1.);
#239=VECTOR('',#1176,1.);
#240=VECTOR('',#1179,1.);
#241=VECTOR('',#1182,1.);
#242=VECTOR('',#1185,1.);
#243=VECTOR('',#1186,1.);
#244=VECTOR('',#1189,1.);
#245=VECTOR('',#1192,1.);
#246=VECTOR('',#1195,1.);
#247=VECTOR('',#1198,1.);
#248=VECTOR('',#1201,1.);
#249=VECTOR('',#1204,1.);
#250=ORIENTED_EDGE('',*,*,#514,.F.);
#251=ORIENTED_EDGE('',*,*,#515,.T.);
#252=ORIENTED_EDGE('',*,*,#516,.T.);
#253=ORIENTED_EDGE('',*,*,#517,.T.);
#254=ORIENTED_EDGE('',*,*,#518,.T.);
#255=ORIENTED_EDGE('',*,*,#519,.T.);
#256=ORIENTED_EDGE('',*,*,#520,.F.);
#257=ORIENTED_EDGE('',*,*,#521,.T.);
#258=ORIENTED_EDGE('',*,*,#522,.F.);
#259=ORIENTED_EDGE('',*,*,#523,.T.);
#260=ORIENTED_EDGE('',*,*,#524,.F.);
#261=ORIENTED_EDGE('',*,*,#525,.T.);
#262=ORIENTED_EDGE('',*,*,#526,.F.);
#263=ORIENTED_EDGE('',*,*,#527,.T.);
#264=ORIENTED_EDGE('',*,*,#528,.F.);
#265=ORIENTED_EDGE('',*,*,#519,.F.);
#266=ORIENTED_EDGE('',*,*,#518,.F.);
#267=ORIENTED_EDGE('',*,*,#517,.F.);
#268=ORIENTED_EDGE('',*,*,#516,.F.);
#269=ORIENTED_EDGE('',*,*,#515,.F.);
#270=ORIENTED_EDGE('',*,*,#529,.T.);
#271=ORIENTED_EDGE('',*,*,#530,.F.);
#272=ORIENTED_EDGE('',*,*,#523,.F.);
#273=ORIENTED_EDGE('',*,*,#531,.F.);
#274=ORIENTED_EDGE('',*,*,#532,.F.);
#275=ORIENTED_EDGE('',*,*,#533,.F.);
#276=ORIENTED_EDGE('',*,*,#534,.T.);
#277=ORIENTED_EDGE('',*,*,#535,.T.);
#278=ORIENTED_EDGE('',*,*,#536,.T.);
#279=ORIENTED_EDGE('',*,*,#537,.T.);
#280=ORIENTED_EDGE('',*,*,#529,.F.);
#281=ORIENTED_EDGE('',*,*,#538,.F.);
#282=ORIENTED_EDGE('',*,*,#539,.F.);
#283=ORIENTED_EDGE('',*,*,#540,.F.);
#284=ORIENTED_EDGE('',*,*,#541,.T.);
#285=ORIENTED_EDGE('',*,*,#542,.F.);
#286=ORIENTED_EDGE('',*,*,#543,.F.);
#287=ORIENTED_EDGE('',*,*,#544,.F.);
#288=ORIENTED_EDGE('',*,*,#545,.T.);
#289=ORIENTED_EDGE('',*,*,#546,.F.);
#290=ORIENTED_EDGE('',*,*,#534,.F.);
#291=ORIENTED_EDGE('',*,*,#547,.T.);
#292=ORIENTED_EDGE('',*,*,#548,.T.);
#293=ORIENTED_EDGE('',*,*,#549,.T.);
#294=ORIENTED_EDGE('',*,*,#550,.F.);
#295=ORIENTED_EDGE('',*,*,#545,.F.);
#296=ORIENTED_EDGE('',*,*,#551,.F.);
#297=ORIENTED_EDGE('',*,*,#552,.F.);
#298=ORIENTED_EDGE('',*,*,#521,.F.);
#299=ORIENTED_EDGE('',*,*,#536,.F.);
#300=ORIENTED_EDGE('',*,*,#553,.T.);
#301=ORIENTED_EDGE('',*,*,#549,.F.);
#302=ORIENTED_EDGE('',*,*,#554,.F.);
#303=ORIENTED_EDGE('',*,*,#535,.F.);
#304=ORIENTED_EDGE('',*,*,#546,.T.);
#305=ORIENTED_EDGE('',*,*,#550,.T.);
#306=ORIENTED_EDGE('',*,*,#553,.F.);
#307=ORIENTED_EDGE('',*,*,#526,.T.);
#308=ORIENTED_EDGE('',*,*,#555,.T.);
#309=ORIENTED_EDGE('',*,*,#542,.T.);
#310=ORIENTED_EDGE('',*,*,#556,.T.);
#311=ORIENTED_EDGE('',*,*,#555,.F.);
#312=ORIENTED_EDGE('',*,*,#525,.F.);
#313=ORIENTED_EDGE('',*,*,#557,.F.);
#314=ORIENTED_EDGE('',*,*,#543,.T.);
#315=ORIENTED_EDGE('',*,*,#524,.T.);
#316=ORIENTED_EDGE('',*,*,#530,.T.);
#317=ORIENTED_EDGE('',*,*,#544,.T.);
#318=ORIENTED_EDGE('',*,*,#557,.T.);
#319=ORIENTED_EDGE('',*,*,#527,.F.);
#320=ORIENTED_EDGE('',*,*,#556,.F.);
#321=ORIENTED_EDGE('',*,*,#541,.F.);
#322=ORIENTED_EDGE('',*,*,#558,.F.);
#323=ORIENTED_EDGE('',*,*,#559,.F.);
#324=ORIENTED_EDGE('',*,*,#560,.T.);
#325=ORIENTED_EDGE('',*,*,#561,.F.);
#326=ORIENTED_EDGE('',*,*,#562,.T.);
#327=ORIENTED_EDGE('',*,*,#528,.T.);
#328=ORIENTED_EDGE('',*,*,#560,.F.);
#329=ORIENTED_EDGE('',*,*,#563,.F.);
#330=ORIENTED_EDGE('',*,*,#564,.T.);
#331=ORIENTED_EDGE('',*,*,#520,.T.);
#332=ORIENTED_EDGE('',*,*,#562,.F.);
#333=ORIENTED_EDGE('',*,*,#565,.F.);
#334=ORIENTED_EDGE('',*,*,#566,.T.);
#335=ORIENTED_EDGE('',*,*,#552,.T.);
#336=ORIENTED_EDGE('',*,*,#564,.F.);
#337=ORIENTED_EDGE('',*,*,#567,.F.);
#338=ORIENTED_EDGE('',*,*,#568,.T.);
#339=ORIENTED_EDGE('',*,*,#514,.T.);
#340=ORIENTED_EDGE('',*,*,#566,.F.);
#341=ORIENTED_EDGE('',*,*,#569,.F.);
#342=ORIENTED_EDGE('',*,*,#531,.T.);
#343=ORIENTED_EDGE('',*,*,#522,.T.);
#344=ORIENTED_EDGE('',*,*,#568,.F.);
#345=ORIENTED_EDGE('',*,*,#570,.T.);
#346=ORIENTED_EDGE('',*,*,#571,.T.);
#347=ORIENTED_EDGE('',*,*,#538,.T.);
#348=ORIENTED_EDGE('',*,*,#533,.T.);
#349=ORIENTED_EDGE('',*,*,#572,.F.);
#350=ORIENTED_EDGE('',*,*,#539,.T.);
#351=ORIENTED_EDGE('',*,*,#571,.F.);
#352=ORIENTED_EDGE('',*,*,#573,.F.);
#353=ORIENTED_EDGE('',*,*,#574,.T.);
#354=ORIENTED_EDGE('',*,*,#558,.T.);
#355=ORIENTED_EDGE('',*,*,#540,.T.);
#356=ORIENTED_EDGE('',*,*,#572,.T.);
#357=ORIENTED_EDGE('',*,*,#537,.F.);
#358=ORIENTED_EDGE('',*,*,#554,.T.);
#359=ORIENTED_EDGE('',*,*,#551,.T.);
#360=ORIENTED_EDGE('',*,*,#547,.F.);
#361=ORIENTED_EDGE('',*,*,#569,.T.);
#362=ORIENTED_EDGE('',*,*,#575,.F.);
#363=ORIENTED_EDGE('',*,*,#576,.F.);
#364=ORIENTED_EDGE('',*,*,#577,.F.);
#365=ORIENTED_EDGE('',*,*,#578,.T.);
#366=ORIENTED_EDGE('',*,*,#570,.F.);
#367=ORIENTED_EDGE('',*,*,#532,.T.);
#368=ORIENTED_EDGE('',*,*,#567,.T.);
#369=ORIENTED_EDGE('',*,*,#579,.T.);
#370=ORIENTED_EDGE('',*,*,#580,.F.);
#371=ORIENTED_EDGE('',*,*,#576,.T.);
#372=ORIENTED_EDGE('',*,*,#575,.T.);
#373=ORIENTED_EDGE('',*,*,#561,.T.);
#374=ORIENTED_EDGE('',*,*,#559,.T.);
#375=ORIENTED_EDGE('',*,*,#574,.F.);
#376=ORIENTED_EDGE('',*,*,#573,.T.);
#377=ORIENTED_EDGE('',*,*,#578,.F.);
#378=ORIENTED_EDGE('',*,*,#581,.F.);
#379=ORIENTED_EDGE('',*,*,#582,.F.);
#380=ORIENTED_EDGE('',*,*,#583,.F.);
#381=ORIENTED_EDGE('',*,*,#563,.T.);
#382=ORIENTED_EDGE('',*,*,#583,.T.);
#383=ORIENTED_EDGE('',*,*,#582,.T.);
#384=ORIENTED_EDGE('',*,*,#581,.T.);
#385=ORIENTED_EDGE('',*,*,#577,.T.);
#386=ORIENTED_EDGE('',*,*,#580,.T.);
#387=ORIENTED_EDGE('',*,*,#584,.T.);
#388=ORIENTED_EDGE('',*,*,#565,.T.);
#389=ORIENTED_EDGE('',*,*,#584,.F.);
#390=ORIENTED_EDGE('',*,*,#579,.F.);
#391=ORIENTED_EDGE('',*,*,#585,.T.);
#392=ORIENTED_EDGE('',*,*,#548,.F.);
#393=ORIENTED_EDGE('',*,*,#586,.F.);
#394=ORIENTED_EDGE('',*,*,#587,.T.);
#395=ORIENTED_EDGE('',*,*,#588,.T.);
#396=ORIENTED_EDGE('',*,*,#589,.F.);
#397=ORIENTED_EDGE('',*,*,#590,.F.);
#398=ORIENTED_EDGE('',*,*,#591,.T.);
#399=ORIENTED_EDGE('',*,*,#592,.T.);
#400=ORIENTED_EDGE('',*,*,#587,.F.);
#401=ORIENTED_EDGE('',*,*,#593,.F.);
#402=ORIENTED_EDGE('',*,*,#594,.T.);
#403=ORIENTED_EDGE('',*,*,#595,.T.);
#404=ORIENTED_EDGE('',*,*,#596,.F.);
#405=ORIENTED_EDGE('',*,*,#597,.F.);
#406=ORIENTED_EDGE('',*,*,#598,.T.);
#407=ORIENTED_EDGE('',*,*,#599,.T.);
#408=ORIENTED_EDGE('',*,*,#594,.F.);
#409=ORIENTED_EDGE('',*,*,#600,.F.);
#410=ORIENTED_EDGE('',*,*,#601,.T.);
#411=ORIENTED_EDGE('',*,*,#602,.T.);
#412=ORIENTED_EDGE('',*,*,#598,.F.);
#413=ORIENTED_EDGE('',*,*,#603,.F.);
#414=ORIENTED_EDGE('',*,*,#589,.T.);
#415=ORIENTED_EDGE('',*,*,#604,.T.);
#416=ORIENTED_EDGE('',*,*,#601,.F.);
#417=ORIENTED_EDGE('',*,*,#605,.F.);
#418=ORIENTED_EDGE('',*,*,#606,.F.);
#419=ORIENTED_EDGE('',*,*,#607,.F.);
#420=ORIENTED_EDGE('',*,*,#595,.F.);
#421=ORIENTED_EDGE('',*,*,#599,.F.);
#422=ORIENTED_EDGE('',*,*,#602,.F.);
#423=ORIENTED_EDGE('',*,*,#604,.F.);
#424=ORIENTED_EDGE('',*,*,#588,.F.);
#425=ORIENTED_EDGE('',*,*,#592,.F.);
#426=ORIENTED_EDGE('',*,*,#608,.F.);
#427=ORIENTED_EDGE('',*,*,#609,.F.);
#428=ORIENTED_EDGE('',*,*,#610,.F.);
#429=ORIENTED_EDGE('',*,*,#611,.F.);
#430=ORIENTED_EDGE('',*,*,#612,.F.);
#431=ORIENTED_EDGE('',*,*,#613,.F.);
#432=ORIENTED_EDGE('',*,*,#614,.F.);
#433=ORIENTED_EDGE('',*,*,#615,.F.);
#434=ORIENTED_EDGE('',*,*,#616,.F.);
#435=ORIENTED_EDGE('',*,*,#617,.F.);
#436=ORIENTED_EDGE('',*,*,#618,.F.);
#437=ORIENTED_EDGE('',*,*,#619,.F.);
#438=ORIENTED_EDGE('',*,*,#620,.F.);
#439=ORIENTED_EDGE('',*,*,#621,.F.);
#440=ORIENTED_EDGE('',*,*,#622,.F.);
#441=ORIENTED_EDGE('',*,*,#585,.F.);
#442=ORIENTED_EDGE('',*,*,#623,.F.);
#443=ORIENTED_EDGE('',*,*,#596,.T.);
#444=ORIENTED_EDGE('',*,*,#607,.T.);
#445=ORIENTED_EDGE('',*,*,#624,.F.);
#446=ORIENTED_EDGE('',*,*,#625,.F.);
#447=ORIENTED_EDGE('',*,*,#624,.T.);
#448=ORIENTED_EDGE('',*,*,#606,.T.);
#449=ORIENTED_EDGE('',*,*,#626,.F.);
#450=ORIENTED_EDGE('',*,*,#627,.F.);
#451=ORIENTED_EDGE('',*,*,#626,.T.);
#452=ORIENTED_EDGE('',*,*,#605,.T.);
#453=ORIENTED_EDGE('',*,*,#628,.F.);
#454=ORIENTED_EDGE('',*,*,#629,.F.);
#455=ORIENTED_EDGE('',*,*,#628,.T.);
#456=ORIENTED_EDGE('',*,*,#610,.T.);
#457=ORIENTED_EDGE('',*,*,#630,.F.);
#458=ORIENTED_EDGE('',*,*,#631,.F.);
#459=ORIENTED_EDGE('',*,*,#630,.T.);
#460=ORIENTED_EDGE('',*,*,#609,.T.);
#461=ORIENTED_EDGE('',*,*,#632,.F.);
#462=ORIENTED_EDGE('',*,*,#633,.F.);
#463=ORIENTED_EDGE('',*,*,#632,.T.);
#464=ORIENTED_EDGE('',*,*,#608,.T.);
#465=ORIENTED_EDGE('',*,*,#591,.F.);
#466=ORIENTED_EDGE('',*,*,#629,.T.);
#467=ORIENTED_EDGE('',*,*,#634,.F.);
#468=ORIENTED_EDGE('',*,*,#614,.T.);
#469=ORIENTED_EDGE('',*,*,#635,.T.);
#470=ORIENTED_EDGE('',*,*,#631,.T.);
#471=ORIENTED_EDGE('',*,*,#636,.F.);
#472=ORIENTED_EDGE('',*,*,#615,.T.);
#473=ORIENTED_EDGE('',*,*,#634,.T.);
#474=ORIENTED_EDGE('',*,*,#633,.T.);
#475=ORIENTED_EDGE('',*,*,#637,.F.);
#476=ORIENTED_EDGE('',*,*,#616,.T.);
#477=ORIENTED_EDGE('',*,*,#636,.T.);
#478=ORIENTED_EDGE('',*,*,#612,.T.);
#479=ORIENTED_EDGE('',*,*,#638,.F.);
#480=ORIENTED_EDGE('',*,*,#625,.T.);
#481=ORIENTED_EDGE('',*,*,#639,.F.);
#482=ORIENTED_EDGE('',*,*,#590,.T.);
#483=ORIENTED_EDGE('',*,*,#640,.F.);
#484=ORIENTED_EDGE('',*,*,#617,.T.);
#485=ORIENTED_EDGE('',*,*,#637,.T.);
#486=ORIENTED_EDGE('',*,*,#586,.T.);
#487=ORIENTED_EDGE('',*,*,#641,.F.);
#488=ORIENTED_EDGE('',*,*,#618,.T.);
#489=ORIENTED_EDGE('',*,*,#640,.T.);
#490=ORIENTED_EDGE('',*,*,#603,.T.);
#491=ORIENTED_EDGE('',*,*,#642,.F.);
#492=ORIENTED_EDGE('',*,*,#619,.T.);
#493=ORIENTED_EDGE('',*,*,#641,.T.);
#494=ORIENTED_EDGE('',*,*,#600,.T.);
#495=ORIENTED_EDGE('',*,*,#643,.F.);
#496=ORIENTED_EDGE('',*,*,#620,.T.);
#497=ORIENTED_EDGE('',*,*,#642,.T.);
#498=ORIENTED_EDGE('',*,*,#621,.T.);
#499=ORIENTED_EDGE('',*,*,#643,.T.);
#500=ORIENTED_EDGE('',*,*,#597,.T.);
#501=ORIENTED_EDGE('',*,*,#644,.F.);
#502=ORIENTED_EDGE('',*,*,#622,.T.);
#503=ORIENTED_EDGE('',*,*,#644,.T.);
#504=ORIENTED_EDGE('',*,*,#593,.T.);
#505=ORIENTED_EDGE('',*,*,#645,.F.);
#506=ORIENTED_EDGE('',*,*,#611,.T.);
#507=ORIENTED_EDGE('',*,*,#645,.T.);
#508=ORIENTED_EDGE('',*,*,#623,.T.);
#509=ORIENTED_EDGE('',*,*,#638,.T.);
#510=ORIENTED_EDGE('',*,*,#613,.T.);
#511=ORIENTED_EDGE('',*,*,#639,.T.);
#512=ORIENTED_EDGE('',*,*,#627,.T.);
#513=ORIENTED_EDGE('',*,*,#635,.F.);
#514=EDGE_CURVE('',#646,#647,#730,.T.);
#515=EDGE_CURVE('',#646,#648,#731,.T.);
#516=EDGE_CURVE('',#648,#649,#732,.T.);
#517=EDGE_CURVE('',#649,#650,#733,.T.);
#518=EDGE_CURVE('',#650,#651,#734,.T.);
#519=EDGE_CURVE('',#651,#652,#735,.T.);
#520=EDGE_CURVE('',#653,#652,#736,.T.);
#521=EDGE_CURVE('',#653,#647,#737,.F.);
#522=EDGE_CURVE('',#654,#646,#738,.T.);
#523=EDGE_CURVE('',#654,#655,#739,.F.);
#524=EDGE_CURVE('',#656,#655,#740,.T.);
#525=EDGE_CURVE('',#656,#657,#741,.F.);
#526=EDGE_CURVE('',#658,#657,#742,.T.);
#527=EDGE_CURVE('',#658,#659,#66,.T.);
#528=EDGE_CURVE('',#652,#659,#743,.T.);
#529=EDGE_CURVE('',#660,#661,#67,.T.);
#530=EDGE_CURVE('',#655,#661,#68,.T.);
#531=EDGE_CURVE('',#662,#654,#69,.T.);
#532=EDGE_CURVE('',#663,#662,#744,.F.);
#533=EDGE_CURVE('',#660,#663,#70,.T.);
#534=EDGE_CURVE('',#664,#665,#71,.T.);
#535=EDGE_CURVE('',#665,#666,#72,.T.);
#536=EDGE_CURVE('',#666,#667,#73,.T.);
#537=EDGE_CURVE('',#667,#664,#74,.T.);
#538=EDGE_CURVE('',#668,#660,#22,.T.);
#539=EDGE_CURVE('',#669,#668,#75,.T.);
#540=EDGE_CURVE('',#670,#669,#23,.T.);
#541=EDGE_CURVE('',#670,#671,#76,.T.);
#542=EDGE_CURVE('',#672,#671,#24,.T.);
#543=EDGE_CURVE('',#673,#672,#77,.T.);
#544=EDGE_CURVE('',#661,#673,#25,.T.);
#545=EDGE_CURVE('',#674,#675,#78,.T.);
#546=EDGE_CURVE('',#665,#675,#79,.T.);
#547=EDGE_CURVE('',#664,#674,#80,.T.);
#548=EDGE_CURVE('',#676,#676,#26,.T.);
#549=EDGE_CURVE('',#677,#678,#81,.T.);
#550=EDGE_CURVE('',#675,#678,#82,.T.);
#551=EDGE_CURVE('',#677,#674,#83,.T.);
#552=EDGE_CURVE('',#647,#653,#27,.T.);
#553=EDGE_CURVE('',#666,#678,#84,.T.);
#554=EDGE_CURVE('',#667,#677,#85,.T.);
#555=EDGE_CURVE('',#657,#672,#86,.T.);
#556=EDGE_CURVE('',#671,#658,#87,.T.);
#557=EDGE_CURVE('',#673,#656,#88,.T.);
#558=EDGE_CURVE('',#679,#670,#89,.T.);
#559=EDGE_CURVE('',#680,#679,#745,.F.);
#560=EDGE_CURVE('',#680,#659,#90,.T.);
#561=EDGE_CURVE('',#681,#680,#746,.F.);
#562=EDGE_CURVE('',#681,#652,#91,.T.);
#563=EDGE_CURVE('',#682,#681,#747,.F.);
#564=EDGE_CURVE('',#682,#653,#92,.T.);
#565=EDGE_CURVE('',#683,#682,#28,.T.);
#566=EDGE_CURVE('',#683,#647,#93,.T.);
#567=EDGE_CURVE('',#684,#683,#748,.F.);
#568=EDGE_CURVE('',#684,#646,#94,.T.);
#569=EDGE_CURVE('',#662,#684,#749,.F.);
#570=EDGE_CURVE('',#663,#685,#750,.T.);
#571=EDGE_CURVE('',#685,#668,#95,.T.);
#572=EDGE_CURVE('',#669,#686,#96,.T.);
#573=EDGE_CURVE('',#686,#685,#97,.T.);
#574=EDGE_CURVE('',#686,#679,#751,.T.);
#575=EDGE_CURVE('',#687,#684,#752,.F.);
#576=EDGE_CURVE('',#688,#687,#753,.F.);
#577=EDGE_CURVE('',#689,#688,#754,.F.);
#578=EDGE_CURVE('',#689,#685,#755,.T.);
#579=EDGE_CURVE('',#683,#690,#756,.T.);
#580=EDGE_CURVE('',#688,#690,#757,.F.);
#581=EDGE_CURVE('',#691,#689,#758,.F.);
#582=EDGE_CURVE('',#692,#691,#759,.F.);
#583=EDGE_CURVE('',#681,#692,#760,.F.);
#584=EDGE_CURVE('',#690,#682,#761,.F.);
#585=EDGE_CURVE('',#693,#693,#29,.T.);
#586=EDGE_CURVE('',#694,#695,#98,.T.);
#587=EDGE_CURVE('',#694,#696,#99,.T.);
#588=EDGE_CURVE('',#696,#697,#100,.T.);
#589=EDGE_CURVE('',#695,#697,#101,.T.);
#590=EDGE_CURVE('',#698,#694,#102,.T.);
#591=EDGE_CURVE('',#698,#699,#103,.T.);
#592=EDGE_CURVE('',#699,#696,#104,.T.);
#593=EDGE_CURVE('',#700,#701,#105,.T.);
#594=EDGE_CURVE('',#700,#702,#106,.T.);
#595=EDGE_CURVE('',#702,#703,#107,.T.);
#596=EDGE_CURVE('',#701,#703,#108,.T.);
#597=EDGE_CURVE('',#704,#700,#109,.T.);
#598=EDGE_CURVE('',#704,#705,#110,.T.);
#599=EDGE_CURVE('',#705,#702,#111,.T.);
#600=EDGE_CURVE('',#706,#704,#112,.T.);
#601=EDGE_CURVE('',#706,#707,#113,.T.);
#602=EDGE_CURVE('',#707,#705,#114,.T.);
#603=EDGE_CURVE('',#695,#706,#115,.T.);
#604=EDGE_CURVE('',#697,#707,#116,.T.);
#605=EDGE_CURVE('',#708,#709,#117,.T.);
#606=EDGE_CURVE('',#710,#708,#118,.T.);
#607=EDGE_CURVE('',#703,#710,#119,.T.);
#608=EDGE_CURVE('',#711,#699,#120,.T.);
#609=EDGE_CURVE('',#712,#711,#121,.T.);
#610=EDGE_CURVE('',#709,#712,#122,.T.);
#611=EDGE_CURVE('',#713,#714,#123,.T.);
#612=EDGE_CURVE('',#715,#713,#124,.T.);
#613=EDGE_CURVE('',#716,#715,#125,.T.);
#614=EDGE_CURVE('',#717,#716,#126,.T.);
#615=EDGE_CURVE('',#718,#717,#127,.T.);
#616=EDGE_CURVE('',#719,#718,#128,.T.);
#617=EDGE_CURVE('',#720,#719,#129,.T.);
#618=EDGE_CURVE('',#721,#720,#130,.T.);
#619=EDGE_CURVE('',#722,#721,#131,.T.);
#620=EDGE_CURVE('',#723,#722,#132,.T.);
#621=EDGE_CURVE('',#724,#723,#133,.T.);
#622=EDGE_CURVE('',#714,#724,#134,.T.);
#623=EDGE_CURVE('',#701,#725,#135,.T.);
#624=EDGE_CURVE('',#725,#710,#136,.T.);
#625=EDGE_CURVE('',#725,#726,#137,.T.);
#626=EDGE_CURVE('',#726,#708,#138,.T.);
#627=EDGE_CURVE('',#726,#727,#139,.T.);
#628=EDGE_CURVE('',#727,#709,#140,.T.);
#629=EDGE_CURVE('',#727,#728,#141,.T.);
#630=EDGE_CURVE('',#728,#712,#142,.T.);
#631=EDGE_CURVE('',#728,#729,#143,.T.);
#632=EDGE_CURVE('',#729,#711,#144,.T.);
#633=EDGE_CURVE('',#729,#698,#145,.T.);
#634=EDGE_CURVE('',#717,#728,#146,.T.);
#635=EDGE_CURVE('',#716,#727,#147,.T.);
#636=EDGE_CURVE('',#718,#729,#148,.T.);
#637=EDGE_CURVE('',#719,#698,#149,.T.);
#638=EDGE_CURVE('',#725,#713,#150,.T.);
#639=EDGE_CURVE('',#715,#726,#151,.T.);
#640=EDGE_CURVE('',#720,#694,#152,.T.);
#641=EDGE_CURVE('',#721,#695,#153,.T.);
#642=EDGE_CURVE('',#722,#706,#154,.T.);
#643=EDGE_CURVE('',#723,#704,#155,.T.);
#644=EDGE_CURVE('',#724,#700,#156,.T.);
#645=EDGE_CURVE('',#714,#701,#157,.T.);
#646=VERTEX_POINT('',#1370);
#647=VERTEX_POINT('',#1371);
#648=VERTEX_POINT('',#1383);
#649=VERTEX_POINT('',#1390);
#650=VERTEX_POINT('',#1404);
#651=VERTEX_POINT('',#1411);
#652=VERTEX_POINT('',#1416);
#653=VERTEX_POINT('',#1421);
#654=VERTEX_POINT('',#1611);
#655=VERTEX_POINT('',#1616);
#656=VERTEX_POINT('',#1621);
#657=VERTEX_POINT('',#1626);
#658=VERTEX_POINT('',#1631);
#659=VERTEX_POINT('',#1633);
#660=VERTEX_POINT('',#1642);
#661=VERTEX_POINT('',#1643);
#662=VERTEX_POINT('',#1646);
#663=VERTEX_POINT('',#1651);
#664=VERTEX_POINT('',#1655);
#665=VERTEX_POINT('',#1656);
#666=VERTEX_POINT('',#1658);
#667=VERTEX_POINT('',#1660);
#668=VERTEX_POINT('',#1663);
#669=VERTEX_POINT('',#1665);
#670=VERTEX_POINT('',#1667);
#671=VERTEX_POINT('',#1669);
#672=VERTEX_POINT('',#1671);
#673=VERTEX_POINT('',#1673);
#674=VERTEX_POINT('',#1677);
#675=VERTEX_POINT('',#1678);
#676=VERTEX_POINT('',#1683);
#677=VERTEX_POINT('',#1685);
#678=VERTEX_POINT('',#1686);
#679=VERTEX_POINT('',#1703);
#680=VERTEX_POINT('',#1708);
#681=VERTEX_POINT('',#1728);
#682=VERTEX_POINT('',#1735);
#683=VERTEX_POINT('',#1739);
#684=VERTEX_POINT('',#1746);
#685=VERTEX_POINT('',#1777);
#686=VERTEX_POINT('',#1781);
#687=VERTEX_POINT('',#1853);
#688=VERTEX_POINT('',#1861);
#689=VERTEX_POINT('',#1868);
#690=VERTEX_POINT('',#2038);
#691=VERTEX_POINT('',#2134);
#692=VERTEX_POINT('',#2144);
#693=VERTEX_POINT('',#2306);
#694=VERTEX_POINT('',#2309);
#695=VERTEX_POINT('',#2310);
#696=VERTEX_POINT('',#2312);
#697=VERTEX_POINT('',#2314);
#698=VERTEX_POINT('',#2318);
#699=VERTEX_POINT('',#2320);
#700=VERTEX_POINT('',#2324);
#701=VERTEX_POINT('',#2325);
#702=VERTEX_POINT('',#2327);
#703=VERTEX_POINT('',#2329);
#704=VERTEX_POINT('',#2333);
#705=VERTEX_POINT('',#2335);
#706=VERTEX_POINT('',#2339);
#707=VERTEX_POINT('',#2341);
#708=VERTEX_POINT('',#2348);
#709=VERTEX_POINT('',#2349);
#710=VERTEX_POINT('',#2351);
#711=VERTEX_POINT('',#2354);
#712=VERTEX_POINT('',#2356);
#713=VERTEX_POINT('',#2360);
#714=VERTEX_POINT('',#2361);
#715=VERTEX_POINT('',#2363);
#716=VERTEX_POINT('',#2365);
#717=VERTEX_POINT('',#2367);
#718=VERTEX_POINT('',#2369);
#719=VERTEX_POINT('',#2371);
#720=VERTEX_POINT('',#2373);
#721=VERTEX_POINT('',#2375);
#722=VERTEX_POINT('',#2377);
#723=VERTEX_POINT('',#2379);
#724=VERTEX_POINT('',#2381);
#725=VERTEX_POINT('',#2385);
#726=VERTEX_POINT('',#2389);
#727=VERTEX_POINT('',#2393);
#728=VERTEX_POINT('',#2397);
#729=VERTEX_POINT('',#2401);
#730=B_SPLINE_CURVE_WITH_KNOTS('',3,(#1366,#1367,#1368,#1369),
 .UNSPECIFIED.,.F.,.F.,(4,4),(0.,1.),.UNSPECIFIED.);
#731=B_SPLINE_CURVE_WITH_KNOTS('',3,(#1372,#1373,#1374,#1375,#1376,#1377,
#1378,#1379,#1380,#1381,#1382),.UNSPECIFIED.,.F.,.F.,(4,1,1,1,1,1,1,1,4),
(0.,0.25,0.5,0.625,0.75,0.875,0.9375,0.96875,1.),.UNSPECIFIED.);
#732=B_SPLINE_CURVE_WITH_KNOTS('',3,(#1384,#1385,#1386,#1387,#1388,#1389),
 .UNSPECIFIED.,.F.,.F.,(4,1,1,4),(0.,0.5,0.75,1.),.UNSPECIFIED.);
#733=B_SPLINE_CURVE_WITH_KNOTS('',3,(#1391,#1392,#1393,#1394,#1395,#1396,
#1397,#1398,#1399,#1400,#1401,#1402,#1403),.UNSPECIFIED.,.F.,.F.,(4,1,1,
1,1,1,1,1,1,1,4),(0.,0.25,0.5,0.625,0.75,0.8125,0.875,0.9375,0.96875,0.984375,
1.),.UNSPECIFIED.);
#734=B_SPLINE_CURVE_WITH_KNOTS('',3,(#1405,#1406,#1407,#1408,#1409,#1410),
 .UNSPECIFIED.,.F.,.F.,(4,1,1,4),(0.,0.5,0.75,1.),.UNSPECIFIED.);
#735=B_SPLINE_CURVE_WITH_KNOTS('',3,(#1412,#1413,#1414,#1415),
 .UNSPECIFIED.,.F.,.F.,(4,4),(0.,1.),.UNSPECIFIED.);
#736=B_SPLINE_CURVE_WITH_KNOTS('',3,(#1417,#1418,#1419,#1420),
 .UNSPECIFIED.,.F.,.F.,(4,4),(0.,1.),.UNSPECIFIED.);
#737=B_SPLINE_CURVE_WITH_KNOTS('',3,(#1422,#1423,#1424,#1425,#1426,#1427,
#1428,#1429,#1430,#1431,#1432,#1433,#1434,#1435,#1436,#1437,#1438,#1439,
#1440,#1441,#1442,#1443,#1444,#1445,#1446,#1447,#1448,#1449,#1450,#1451,
#1452),.UNSPECIFIED.,.F.,.F.,(4,1,1,1,1,1,1,1,1,1,1,1,1,1,1,1,1,1,1,1,1,
1,1,1,1,1,1,1,4),(0.,0.0625,0.09375,0.125,0.15625,0.1875,0.21875,0.25,0.28125,
0.3125,0.34375,0.375,0.40625,0.4375,0.5,0.5625,0.59375,0.625,0.65625,0.6875,
0.71875,0.75,0.78125,0.8125,0.84375,0.875,0.90625,0.9375,1.),
 .UNSPECIFIED.);
#738=B_SPLINE_CURVE_WITH_KNOTS('',3,(#1603,#1604,#1605,#1606,#1607,#1608,
#1609,#1610),.UNSPECIFIED.,.F.,.F.,(4,1,1,1,1,4),(0.,0.25,0.375,0.5,0.75,
1.),.UNSPECIFIED.);
#739=B_SPLINE_CURVE_WITH_KNOTS('',3,(#1612,#1613,#1614,#1615),
 .UNSPECIFIED.,.F.,.F.,(4,4),(0.,1.),.UNSPECIFIED.);
#740=B_SPLINE_CURVE_WITH_KNOTS('',3,(#1617,#1618,#1619,#1620),
 .UNSPECIFIED.,.F.,.F.,(4,4),(0.,1.),.UNSPECIFIED.);
#741=B_SPLINE_CURVE_WITH_KNOTS('',3,(#1622,#1623,#1624,#1625),
 .UNSPECIFIED.,.F.,.F.,(4,4),(0.,1.),.UNSPECIFIED.);
#742=B_SPLINE_CURVE_WITH_KNOTS('',3,(#1627,#1628,#1629,#1630),
 .UNSPECIFIED.,.F.,.F.,(4,4),(0.,1.),.UNSPECIFIED.);
#743=B_SPLINE_CURVE_WITH_KNOTS('',3,(#1634,#1635,#1636,#1637,#1638,#1639),
 .UNSPECIFIED.,.F.,.F.,(4,1,1,4),(0.,0.5,0.75,1.),.UNSPECIFIED.);
#744=B_SPLINE_CURVE_WITH_KNOTS('',3,(#1647,#1648,#1649,#1650),
 .UNSPECIFIED.,.F.,.F.,(4,4),(0.,1.),.UNSPECIFIED.);
#745=B_SPLINE_CURVE_WITH_KNOTS('',3,(#1704,#1705,#1706,#1707),
 .UNSPECIFIED.,.F.,.F.,(4,4),(0.,1.),.UNSPECIFIED.);
#746=B_SPLINE_CURVE_WITH_KNOTS('',3,(#1722,#1723,#1724,#1725,#1726,#1727),
 .UNSPECIFIED.,.F.,.F.,(4,1,1,4),(0.,0.25,0.5,1.),.UNSPECIFIED.);
#747=B_SPLINE_CURVE_WITH_KNOTS('',3,(#1731,#1732,#1733,#1734),
 .UNSPECIFIED.,.F.,.F.,(4,4),(0.,1.),.UNSPECIFIED.);
#748=B_SPLINE_CURVE_WITH_KNOTS('',3,(#1742,#1743,#1744,#1745),
 .UNSPECIFIED.,.F.,.F.,(4,4),(0.,1.),.UNSPECIFIED.);
#749=B_SPLINE_CURVE_WITH_KNOTS('',3,(#1764,#1765,#1766,#1767,#1768,#1769,
#1770,#1771),.UNSPECIFIED.,.F.,.F.,(4,1,1,1,1,4),(0.,0.25,0.5,0.625,0.75,
1.),.UNSPECIFIED.);
#750=B_SPLINE_CURVE_WITH_KNOTS('',3,(#1773,#1774,#1775,#1776),
 .UNSPECIFIED.,.F.,.F.,(4,4),(0.,1.),.UNSPECIFIED.);
#751=B_SPLINE_CURVE_WITH_KNOTS('',3,(#1784,#1785,#1786,#1787),
 .UNSPECIFIED.,.F.,.F.,(4,4),(0.,1.),.UNSPECIFIED.);
#752=B_SPLINE_CURVE_WITH_KNOTS('',3,(#1841,#1842,#1843,#1844,#1845,#1846,
#1847,#1848,#1849,#1850,#1851,#1852),.UNSPECIFIED.,.F.,.F.,(4,1,1,1,1,1,
1,1,1,4),(0.,0.25,0.375,0.4375,0.5,0.5625,0.625,0.75,0.875,1.),
 .UNSPECIFIED.);
#753=B_SPLINE_CURVE_WITH_KNOTS('',3,(#1854,#1855,#1856,#1857,#1858,#1859,
#1860),.UNSPECIFIED.,.F.,.F.,(4,1,1,1,4),(0.,0.125,0.25,0.5,1.),
 .UNSPECIFIED.);
#754=B_SPLINE_CURVE_WITH_KNOTS('',3,(#1862,#1863,#1864,#1865,#1866,#1867),
 .UNSPECIFIED.,.F.,.F.,(4,1,1,4),(0.,0.5,0.75,1.),.UNSPECIFIED.);
#755=B_SPLINE_CURVE_WITH_KNOTS('',3,(#1869,#1870,#1871,#1872),
 .UNSPECIFIED.,.F.,.F.,(4,4),(0.0250017642314024,1.),.UNSPECIFIED.);
#756=B_SPLINE_CURVE_WITH_KNOTS('',3,(#2005,#2006,#2007,#2008,#2009,#2010,
#2011,#2012,#2013,#2014,#2015,#2016,#2017,#2018,#2019,#2020,#2021,#2022,
#2023,#2024,#2025,#2026,#2027,#2028,#2029,#2030,#2031,#2032,#2033,#2034,
#2035,#2036,#2037),.UNSPECIFIED.,.F.,.F.,(4,1,1,1,1,1,1,1,1,1,1,1,1,1,1,
1,1,1,1,1,1,1,1,1,1,2,1,1,1,4),(6.07232020137285,6.16010240528938,6.2478846092059,
6.33566681312242,6.42344901703894,6.51123122095547,6.59901342487199,6.68679562878851,
6.77457783270503,6.8184689346633,6.86236003662156,6.87333281211112,6.88430558760069,
6.90625113857982,6.9117375263246,6.91722391406938,6.92819668955895,6.93368307730373,
6.93916946504851,6.9446558527933,6.94739904666569,6.94877064360188,6.94945644206998,
6.94979934130403,6.94997079092106,6.95014224053808,6.96601761448719,6.98189298843631,
6.99776836238542,7.02951911028365),.UNSPECIFIED.);
#757=B_SPLINE_CURVE_WITH_KNOTS('',3,(#2039,#2040,#2041,#2042),
 .UNSPECIFIED.,.F.,.F.,(4,4),(0.,1.),.UNSPECIFIED.);
#758=B_SPLINE_CURVE_WITH_KNOTS('',3,(#2107,#2108,#2109,#2110,#2111,#2112,
#2113,#2114,#2115,#2116,#2117,#2118,#2119,#2120,#2121,#2122,#2123,#2124,
#2125,#2126,#2127,#2128,#2129,#2130,#2131,#2132,#2133),.UNSPECIFIED.,.F.,
 .F.,(4,1,1,1,1,1,1,1,1,1,1,1,1,1,1,1,1,1,1,1,1,1,1,1,4),(0.,0.03125,0.0625,
0.09375,0.109375,0.1171875,0.125,0.1328125,0.140625,0.15625,0.1875,0.21875,
0.25,0.28125,0.3125,0.375,0.5,0.625,0.6875,0.71875,0.75,0.78125,0.8125,
0.875,1.),.UNSPECIFIED.);
#759=B_SPLINE_CURVE_WITH_KNOTS('',3,(#2135,#2136,#2137,#2138,#2139,#2140,
#2141,#2142,#2143),.UNSPECIFIED.,.F.,.F.,(4,1,1,1,1,1,4),(0.,0.0625,0.125,
0.25,0.5,0.75,1.),.UNSPECIFIED.);
#760=B_SPLINE_CURVE_WITH_KNOTS('',3,(#2145,#2146,#2147,#2148,#2149,#2150,
#2151,#2152,#2153,#2154,#2155,#2156,#2157,#2158,#2159,#2160,#2161,#2162),
 .UNSPECIFIED.,.F.,.F.,(4,1,1,1,1,1,1,1,1,1,1,1,1,1,1,4),(0.,0.0625,0.125,
0.1875,0.21875,0.234375,0.25,0.265625,0.28125,0.3125,0.375,0.4375,0.5,0.625,
0.75,1.),.UNSPECIFIED.);
#761=B_SPLINE_CURVE_WITH_KNOTS('',3,(#2267,#2268,#2269,#2270,#2271,#2272,
#2273,#2274,#2275,#2276,#2277,#2278,#2279,#2280,#2281,#2282,#2283,#2284,
#2285,#2286,#2287,#2288,#2289,#2290,#2291,#2292,#2293,#2294,#2295,#2296,
#2297,#2298,#2299,#2300,#2301,#2302),.UNSPECIFIED.,.F.,.F.,(4,1,1,1,1,1,
1,1,1,1,1,1,1,1,1,1,1,1,1,1,1,1,1,1,1,1,1,1,1,1,1,1,1,4),(0.,0.0625,0.125,
0.1875,0.25,0.28125,0.296875,0.3046875,0.3125,0.31640625,0.3203125,0.328125,
0.34375,0.3515625,0.35546875,0.359375,0.3671875,0.375,0.40625,0.4375,0.5,
0.5625,0.625,0.75,0.8125,0.875,0.90625,0.9375,0.96875,0.9765625,0.984375,
0.98828125,0.9921875,1.),.UNSPECIFIED.);
#762=EDGE_LOOP('',(#250,#251,#252,#253,#254,#255,#256,#257));
#763=EDGE_LOOP('',(#258,#259,#260,#261,#262,#263,#264,#265,#266,#267,#268,
#269));
#764=EDGE_LOOP('',(#270,#271,#272,#273,#274,#275));
#765=EDGE_LOOP('',(#276,#277,#278,#279));
#766=EDGE_LOOP('',(#280,#281,#282,#283,#284,#285,#286,#287));
#767=EDGE_LOOP('',(#288,#289,#290,#291));
#768=EDGE_LOOP('',(#292));
#769=EDGE_LOOP('',(#293,#294,#295,#296));
#770=EDGE_LOOP('',(#297,#298));
#771=EDGE_LOOP('',(#299,#300,#301,#302));
#772=EDGE_LOOP('',(#303,#304,#305,#306));
#773=EDGE_LOOP('',(#307,#308,#309,#310));
#774=EDGE_LOOP('',(#311,#312,#313,#314));
#775=EDGE_LOOP('',(#315,#316,#317,#318));
#776=EDGE_LOOP('',(#319,#320,#321,#322,#323,#324));
#777=EDGE_LOOP('',(#325,#326,#327,#328));
#778=EDGE_LOOP('',(#329,#330,#331,#332));
#779=EDGE_LOOP('',(#333,#334,#335,#336));
#780=EDGE_LOOP('',(#337,#338,#339,#340));
#781=EDGE_LOOP('',(#341,#342,#343,#344));
#782=EDGE_LOOP('',(#345,#346,#347,#348));
#783=EDGE_LOOP('',(#349,#350,#351,#352));
#784=EDGE_LOOP('',(#353,#354,#355,#356));
#785=EDGE_LOOP('',(#357,#358,#359,#360));
#786=EDGE_LOOP('',(#361,#362,#363,#364,#365,#366,#367));
#787=EDGE_LOOP('',(#368,#369,#370,#371,#372));
#788=EDGE_LOOP('',(#373,#374,#375,#376,#377,#378,#379,#380));
#789=EDGE_LOOP('',(#381,#382,#383,#384,#385,#386,#387));
#790=EDGE_LOOP('',(#388,#389,#390));
#791=EDGE_LOOP('',(#391));
#792=EDGE_LOOP('',(#392));
#793=EDGE_LOOP('',(#393,#394,#395,#396));
#794=EDGE_LOOP('',(#397,#398,#399,#400));
#795=EDGE_LOOP('',(#401,#402,#403,#404));
#796=EDGE_LOOP('',(#405,#406,#407,#408));
#797=EDGE_LOOP('',(#409,#410,#411,#412));
#798=EDGE_LOOP('',(#413,#414,#415,#416));
#799=EDGE_LOOP('',(#417,#418,#419,#420,#421,#422,#423,#424,#425,#426,#427,
#428));
#800=EDGE_LOOP('',(#429,#430,#431,#432,#433,#434,#435,#436,#437,#438,#439,
#440));
#801=EDGE_LOOP('',(#441));
#802=EDGE_LOOP('',(#442,#443,#444,#445));
#803=EDGE_LOOP('',(#446,#447,#448,#449));
#804=EDGE_LOOP('',(#450,#451,#452,#453));
#805=EDGE_LOOP('',(#454,#455,#456,#457));
#806=EDGE_LOOP('',(#458,#459,#460,#461));
#807=EDGE_LOOP('',(#462,#463,#464,#465));
#808=EDGE_LOOP('',(#466,#467,#468,#469));
#809=EDGE_LOOP('',(#470,#471,#472,#473));
#810=EDGE_LOOP('',(#474,#475,#476,#477));
#811=EDGE_LOOP('',(#478,#479,#480,#481));
#812=EDGE_LOOP('',(#482,#483,#484,#485));
#813=EDGE_LOOP('',(#486,#487,#488,#489));
#814=EDGE_LOOP('',(#490,#491,#492,#493));
#815=EDGE_LOOP('',(#494,#495,#496,#497));
#816=EDGE_LOOP('',(#498,#499,#500,#501));
#817=EDGE_LOOP('',(#502,#503,#504,#505));
#818=EDGE_LOOP('',(#506,#507,#508,#509));
#819=EDGE_LOOP('',(#510,#511,#512,#513));
#820=FACE_BOUND('',#762,.T.);
#821=FACE_BOUND('',#763,.T.);
#822=FACE_BOUND('',#764,.T.);
#823=FACE_BOUND('',#765,.T.);
#824=FACE_BOUND('',#766,.T.);
#825=FACE_BOUND('',#767,.T.);
#826=FACE_BOUND('',#768,.T.);
#827=FACE_BOUND('',#769,.T.);
#828=FACE_BOUND('',#770,.T.);
#829=FACE_BOUND('',#771,.T.);
#830=FACE_BOUND('',#772,.T.);
#831=FACE_BOUND('',#773,.T.);
#832=FACE_BOUND('',#774,.T.);
#833=FACE_BOUND('',#775,.T.);
#834=FACE_BOUND('',#776,.T.);
#835=FACE_BOUND('',#777,.T.);
#836=FACE_BOUND('',#778,.T.);
#837=FACE_BOUND('',#779,.T.);
#838=FACE_BOUND('',#780,.T.);
#839=FACE_BOUND('',#781,.T.);
#840=FACE_BOUND('',#782,.T.);
#841=FACE_BOUND('',#783,.T.);
#842=FACE_BOUND('',#784,.T.);
#843=FACE_BOUND('',#785,.T.);
#844=FACE_BOUND('',#786,.T.);
#845=FACE_BOUND('',#787,.T.);
#846=FACE_BOUND('',#788,.T.);
#847=FACE_BOUND('',#789,.T.);
#848=FACE_BOUND('',#790,.T.);
#849=FACE_BOUND('',#791,.T.);
#850=FACE_BOUND('',#792,.T.);
#851=FACE_BOUND('',#793,.T.);
#852=FACE_BOUND('',#794,.T.);
#853=FACE_BOUND('',#795,.T.);
#854=FACE_BOUND('',#796,.T.);
#855=FACE_BOUND('',#797,.T.);
#856=FACE_BOUND('',#798,.T.);
#857=FACE_BOUND('',#799,.T.);
#858=FACE_BOUND('',#800,.T.);
#859=FACE_BOUND('',#801,.T.);
#860=FACE_BOUND('',#802,.T.);
#861=FACE_BOUND('',#803,.T.);
#862=FACE_BOUND('',#804,.T.);
#863=FACE_BOUND('',#805,.T.);
#864=FACE_BOUND('',#806,.T.);
#865=FACE_BOUND('',#807,.T.);
#866=FACE_BOUND('',#808,.T.);
#867=FACE_BOUND('',#809,.T.);
#868=FACE_BOUND('',#810,.T.);
#869=FACE_BOUND('',#811,.T.);
#870=FACE_BOUND('',#812,.T.);
#871=FACE_BOUND('',#813,.T.);
#872=FACE_BOUND('',#814,.T.);
#873=FACE_BOUND('',#815,.T.);
#874=FACE_BOUND('',#816,.T.);
#875=FACE_BOUND('',#817,.T.);
#876=FACE_BOUND('',#818,.T.);
#877=FACE_BOUND('',#819,.T.);
#878=B_SPLINE_SURFACE_WITH_KNOTS('',3,3,((#1210,#1211,#1212,#1213,#1214,
#1215,#1216,#1217,#1218,#1219,#1220,#1221,#1222,#1223,#1224,#1225,#1226,
#1227,#1228,#1229,#1230,#1231,#1232,#1233,#1234,#1235,#1236,#1237,#1238,
#1239,#1240,#1241,#1242,#1243,#1244,#1245,#1246,#1247,#1248),(#1249,#1250,
#1251,#1252,#1253,#1254,#1255,#1256,#1257,#1258,#1259,#1260,#1261,#1262,
#1263,#1264,#1265,#1266,#1267,#1268,#1269,#1270,#1271,#1272,#1273,#1274,
#1275,#1276,#1277,#1278,#1279,#1280,#1281,#1282,#1283,#1284,#1285,#1286,
#1287),(#1288,#1289,#1290,#1291,#1292,#1293,#1294,#1295,#1296,#1297,#1298,
#1299,#1300,#1301,#1302,#1303,#1304,#1305,#1306,#1307,#1308,#1309,#1310,
#1311,#1312,#1313,#1314,#1315,#1316,#1317,#1318,#1319,#1320,#1321,#1322,
#1323,#1324,#1325,#1326),(#1327,#1328,#1329,#1330,#1331,#1332,#1333,#1334,
#1335,#1336,#1337,#1338,#1339,#1340,#1341,#1342,#1343,#1344,#1345,#1346,
#1347,#1348,#1349,#1350,#1351,#1352,#1353,#1354,#1355,#1356,#1357,#1358,
#1359,#1360,#1361,#1362,#1363,#1364,#1365)),.UNSPECIFIED.,.F.,.F.,.F.,(4,
4),(4,1,1,1,2,1,1,1,1,2,1,1,1,1,1,1,1,1,1,1,1,2,1,1,1,2,1,1,1,1,1,1,4),
(0.,1.),(2.34335939151455,2.56291927563174,2.78247915974893,3.00203904386612,
3.22159892798331,3.22850681860472,3.24923049046895,3.2768620529546,3.31830939668308,
3.3321251779259,3.34582622105056,3.35952726417522,3.38692935042454,3.44173352292319,
3.55134186792047,3.77055855791505,4.20899193790419,4.64742531789334,4.86664200788791,
4.9762503528852,5.03105452538384,5.08585869788248,5.09967769026179,5.11349668264109,
5.16877265215831,5.19641063691692,5.21009672386154,5.22378281080617,5.25115498469541,
5.30589933247391,5.4153880280309,5.63436541914489,6.07232020137286),
 .UNSPECIFIED.);
#879=B_SPLINE_SURFACE_WITH_KNOTS('',3,3,((#1453,#1454,#1455,#1456,#1457),
(#1458,#1459,#1460,#1461,#1462),(#1463,#1464,#1465,#1466,#1467),(#1468,
#1469,#1470,#1471,#1472),(#1473,#1474,#1475,#1476,#1477),(#1478,#1479,#1480,
#1481,#1482),(#1483,#1484,#1485,#1486,#1487),(#1488,#1489,#1490,#1491,#1492),
(#1493,#1494,#1495,#1496,#1497),(#1498,#1499,#1500,#1501,#1502),(#1503,
#1504,#1505,#1506,#1507),(#1508,#1509,#1510,#1511,#1512),(#1513,#1514,#1515,
#1516,#1517),(#1518,#1519,#1520,#1521,#1522),(#1523,#1524,#1525,#1526,#1527),
(#1528,#1529,#1530,#1531,#1532),(#1533,#1534,#1535,#1536,#1537),(#1538,
#1539,#1540,#1541,#1542),(#1543,#1544,#1545,#1546,#1547),(#1548,#1549,#1550,
#1551,#1552),(#1553,#1554,#1555,#1556,#1557),(#1558,#1559,#1560,#1561,#1562),
(#1563,#1564,#1565,#1566,#1567),(#1568,#1569,#1570,#1571,#1572),(#1573,
#1574,#1575,#1576,#1577),(#1578,#1579,#1580,#1581,#1582),(#1583,#1584,#1585,
#1586,#1587),(#1588,#1589,#1590,#1591,#1592),(#1593,#1594,#1595,#1596,#1597),
(#1598,#1599,#1600,#1601,#1602)),.UNSPECIFIED.,.F.,.F.,.F.,(4,1,1,2,1,1,
1,2,1,1,1,1,1,1,2,1,1,1,1,2,1,1,1,4),(4,1,4),(0.131272567009324,0.190636283504639,
0.220318141752297,0.249999999999954,0.251568141752302,0.256272567009344,
0.259408850514039,0.262545134018734,0.321908850514045,0.381272567009357,
0.440636283504668,0.470318141752323,0.485159070876151,0.492579535438065,
0.499999999999979,0.503136283504674,0.506272567009369,0.507840708761716,
0.509408850514064,0.512545134018759,0.527386063142587,0.542226992266414,
0.57190885051407,0.631272567009381),(0.0216820925278311,0.161441793595284,
1.),.UNSPECIFIED.);
#880=B_SPLINE_SURFACE_WITH_KNOTS('',3,1,((#1710,#1711),(#1712,#1713),(#1714,
#1715),(#1716,#1717),(#1718,#1719),(#1720,#1721)),
 .SURF_OF_LINEAR_EXTRUSION.,.F.,.F.,.F.,(4,1,1,4),(2,2),(0.,0.115596372736177,
0.231192745472354,0.462385490944709),(0.,1.),.UNSPECIFIED.);
#881=B_SPLINE_SURFACE_WITH_KNOTS('',3,1,((#1748,#1749),(#1750,#1751),(#1752,
#1753),(#1754,#1755),(#1756,#1757),(#1758,#1759),(#1760,#1761),(#1762,#1763)),
 .SURF_OF_LINEAR_EXTRUSION.,.F.,.F.,.F.,(4,1,1,1,1,4),(2,2),(0.0448007286515518,
0.23508400138491,0.425367274118269,0.520508910484949,0.615650546851628,
0.805933819584986),(0.,1.),.UNSPECIFIED.);
#882=B_SPLINE_SURFACE_WITH_KNOTS('',3,3,((#1789,#1790,#1791,#1792),(#1793,
#1794,#1795,#1796),(#1797,#1798,#1799,#1800),(#1801,#1802,#1803,#1804),
(#1805,#1806,#1807,#1808),(#1809,#1810,#1811,#1812),(#1813,#1814,#1815,
#1816),(#1817,#1818,#1819,#1820),(#1821,#1822,#1823,#1824),(#1825,#1826,
#1827,#1828),(#1829,#1830,#1831,#1832),(#1833,#1834,#1835,#1836),(#1837,
#1838,#1839,#1840)),.UNSPECIFIED.,.F.,.F.,.F.,(4,1,1,1,2,1,1,1,1,4),(4,
4),(-1.7765509801171E-14,0.00376354020562155,0.00752708041126087,0.00940885051408052,
0.01254513401878,0.0184815056683093,0.0244178773178387,0.0362906206168974,
0.0837815938131323,0.131272567009367),(0.0216817800081223,1.),
 .UNSPECIFIED.);
#883=B_SPLINE_SURFACE_WITH_KNOTS('',3,3,((#1873,#1874,#1875,#1876,#1877,
#1878,#1879,#1880,#1881,#1882,#1883,#1884,#1885,#1886,#1887,#1888,#1889,
#1890,#1891,#1892,#1893,#1894,#1895,#1896,#1897,#1898,#1899,#1900,#1901,
#1902,#1903,#1904,#1905),(#1906,#1907,#1908,#1909,#1910,#1911,#1912,#1913,
#1914,#1915,#1916,#1917,#1918,#1919,#1920,#1921,#1922,#1923,#1924,#1925,
#1926,#1927,#1928,#1929,#1930,#1931,#1932,#1933,#1934,#1935,#1936,#1937,
#1938),(#1939,#1940,#1941,#1942,#1943,#1944,#1945,#1946,#1947,#1948,#1949,
#1950,#1951,#1952,#1953,#1954,#1955,#1956,#1957,#1958,#1959,#1960,#1961,
#1962,#1963,#1964,#1965,#1966,#1967,#1968,#1969,#1970,#1971),(#1972,#1973,
#1974,#1975,#1976,#1977,#1978,#1979,#1980,#1981,#1982,#1983,#1984,#1985,
#1986,#1987,#1988,#1989,#1990,#1991,#1992,#1993,#1994,#1995,#1996,#1997,
#1998,#1999,#2000,#2001,#2002,#2003,#2004)),.UNSPECIFIED.,.F.,.F.,.F.,(4,
4),(4,1,1,1,1,1,1,1,1,1,1,1,1,1,1,1,1,1,1,1,1,1,1,1,1,2,1,1,1,4),(0.,1.),
(6.07232020137285,6.16010240528938,6.2478846092059,6.33566681312242,6.42344901703894,
6.51123122095547,6.59901342487199,6.68679562878851,6.77457783270503,6.8184689346633,
6.86236003662156,6.87333281211112,6.88430558760069,6.90625113857982,6.9117375263246,
6.91722391406938,6.92819668955895,6.93368307730373,6.93916946504851,6.9446558527933,
6.94739904666569,6.94877064360188,6.94945644206998,6.94979934130403,6.94997079092106,
6.95014224053808,6.96601761448719,6.98189298843631,6.99776836238542,7.02951911028365),
 .UNSPECIFIED.);
#884=B_SPLINE_SURFACE_WITH_KNOTS('',3,3,((#2043,#2044,#2045,#2046),(#2047,
#2048,#2049,#2050),(#2051,#2052,#2053,#2054),(#2055,#2056,#2057,#2058),
(#2059,#2060,#2061,#2062),(#2063,#2064,#2065,#2066),(#2067,#2068,#2069,
#2070),(#2071,#2072,#2073,#2074),(#2075,#2076,#2077,#2078),(#2079,#2080,
#2081,#2082),(#2083,#2084,#2085,#2086),(#2087,#2088,#2089,#2090),(#2091,
#2092,#2093,#2094),(#2095,#2096,#2097,#2098),(#2099,#2100,#2101,#2102),
(#2103,#2104,#2105,#2106)),.UNSPECIFIED.,.F.,.F.,.F.,(4,1,2,1,1,1,2,1,1,
1,1,4),(4,4),(0.631272567009381,0.67876354020563,0.75,0.755018053607516,
0.757527080411272,0.761290620616905,0.762545134018783,0.774417877317847,
0.786290620616911,0.810036107215039,0.857527080411296,1.00000000000006),
(0.0216883756796603,1.),.UNSPECIFIED.);
#885=B_SPLINE_SURFACE_WITH_KNOTS('',3,3,((#2163,#2164,#2165,#2166,#2167,
#2168,#2169,#2170,#2171,#2172,#2173,#2174,#2175,#2176,#2177,#2178,#2179,
#2180,#2181,#2182,#2183,#2184,#2185,#2186,#2187,#2188),(#2189,#2190,#2191,
#2192,#2193,#2194,#2195,#2196,#2197,#2198,#2199,#2200,#2201,#2202,#2203,
#2204,#2205,#2206,#2207,#2208,#2209,#2210,#2211,#2212,#2213,#2214),(#2215,
#2216,#2217,#2218,#2219,#2220,#2221,#2222,#2223,#2224,#2225,#2226,#2227,
#2228,#2229,#2230,#2231,#2232,#2233,#2234,#2235,#2236,#2237,#2238,#2239,
#2240),(#2241,#2242,#2243,#2244,#2245,#2246,#2247,#2248,#2249,#2250,#2251,
#2252,#2253,#2254,#2255,#2256,#2257,#2258,#2259,#2260,#2261,#2262,#2263,
#2264,#2265,#2266)),.UNSPECIFIED.,.F.,.F.,.F.,(4,4),(4,2,1,1,1,1,1,1,1,
1,2,1,1,1,2,1,1,1,1,1,4),(0.,1.),(-0.428011757976551,-0.39681578462303,
-0.383115280198353,-0.369414775773676,-0.342013766924321,-0.287211749225612,
-0.177607713828195,0.0416003569666406,0.480016498556311,0.918432640145981,
1.35684878173565,1.3637694813828,1.38453158032425,1.41221437891286,1.46757997609006,
1.49494808282208,1.52231618955409,1.57705240301812,1.68652482994618,1.90546968380231,
2.34335939151455),.UNSPECIFIED.);
#886=ADVANCED_FACE('',(#820),#878,.F.);
#887=ADVANCED_FACE('',(#821),#879,.F.);
#888=ADVANCED_FACE('',(#822),#30,.T.);
#889=ADVANCED_FACE('',(#823,#824),#31,.F.);
#890=ADVANCED_FACE('',(#825),#32,.F.);
#891=ADVANCED_FACE('',(#826,#827),#33,.F.);
#892=ADVANCED_FACE('',(#828),#20,.F.);
#893=ADVANCED_FACE('',(#829),#34,.F.);
#894=ADVANCED_FACE('',(#830),#35,.F.);
#895=ADVANCED_FACE('',(#831),#12,.T.);
#896=ADVANCED_FACE('',(#832),#36,.T.);
#897=ADVANCED_FACE('',(#833),#13,.T.);
#898=ADVANCED_FACE('',(#834),#37,.T.);
#899=ADVANCED_FACE('',(#835),#880,.T.);
#900=ADVANCED_FACE('',(#836),#14,.T.);
#901=ADVANCED_FACE('',(#837),#15,.F.);
#902=ADVANCED_FACE('',(#838),#16,.T.);
#903=ADVANCED_FACE('',(#839),#881,.T.);
#904=ADVANCED_FACE('',(#840),#17,.T.);
#905=ADVANCED_FACE('',(#841),#38,.T.);
#906=ADVANCED_FACE('',(#842),#18,.T.);
#907=ADVANCED_FACE('',(#843),#39,.F.);
#908=ADVANCED_FACE('',(#844),#882,.F.);
#909=ADVANCED_FACE('',(#845),#883,.F.);
#910=ADVANCED_FACE('',(#846),#884,.F.);
#911=ADVANCED_FACE('',(#847),#885,.F.);
#912=ADVANCED_FACE('',(#848),#21,.F.);
#913=ADVANCED_FACE('',(#849,#850),#19,.T.);
#914=ADVANCED_FACE('',(#851),#40,.T.);
#915=ADVANCED_FACE('',(#852),#41,.T.);
#916=ADVANCED_FACE('',(#853),#42,.T.);
#917=ADVANCED_FACE('',(#854),#43,.T.);
#918=ADVANCED_FACE('',(#855),#44,.T.);
#919=ADVANCED_FACE('',(#856),#45,.T.);
#920=ADVANCED_FACE('',(#857),#46,.T.);
#921=ADVANCED_FACE('',(#858,#859),#47,.F.);
#922=ADVANCED_FACE('',(#860),#48,.T.);
#923=ADVANCED_FACE('',(#861),#49,.T.);
#924=ADVANCED_FACE('',(#862),#50,.T.);
#925=ADVANCED_FACE('',(#863),#51,.T.);
#926=ADVANCED_FACE('',(#864),#52,.T.);
#927=ADVANCED_FACE('',(#865),#53,.T.);
#928=ADVANCED_FACE('',(#866),#54,.T.);
#929=ADVANCED_FACE('',(#867),#55,.T.);
#930=ADVANCED_FACE('',(#868),#56,.T.);
#931=ADVANCED_FACE('',(#869),#57,.T.);
#932=ADVANCED_FACE('',(#870),#58,.T.);
#933=ADVANCED_FACE('',(#871),#59,.T.);
#934=ADVANCED_FACE('',(#872),#60,.T.);
#935=ADVANCED_FACE('',(#873),#61,.T.);
#936=ADVANCED_FACE('',(#874),#62,.T.);
#937=ADVANCED_FACE('',(#875),#63,.T.);
#938=ADVANCED_FACE('',(#876),#64,.T.);
#939=ADVANCED_FACE('',(#877),#65,.T.);
#940=CLOSED_SHELL('',(#886,#887,#888,#889,#890,#891,#892,#893,#894,#895,
#896,#897,#898,#899,#900,#901,#902,#903,#904,#905,#906,#907,#908,#909,#910,
#911,#912,#913,#914,#915,#916,#917,#918,#919,#920,#921,#922,#923,#924,#925,
#926,#927,#928,#929,#930,#931,#932,#933,#934,#935,#936,#937,#938,#939));
#941=STYLED_ITEM('',(#942),#949);
#942=PRESENTATION_STYLE_ASSIGNMENT((#943));
#943=SURFACE_STYLE_USAGE(.BOTH.,#944);
#944=SURFACE_SIDE_STYLE('',(#945));
#945=SURFACE_STYLE_FILL_AREA(#946);
#946=FILL_AREA_STYLE('',(#947));
#947=FILL_AREA_STYLE_COLOUR('',#948);
#948=COLOUR_RGB('',0.627450980392157,0.627450980392157,0.627450980392157);
#949=MANIFOLD_SOLID_BREP('DSA V4 1x1.25 v3 v4',#940);
#950=SHAPE_DEFINITION_REPRESENTATION(#2435,#951);
#951=SHAPE_REPRESENTATION('DSA V4 1x1.25 v3 v4',(#952),#2430);
#952=AXIS2_PLACEMENT_3D('',#1209,#1007,#1008);
#953=AXIS2_PLACEMENT_3D('',#1640,#1010,#1011);
#954=AXIS2_PLACEMENT_3D('',#1653,#1016,#1017);
#955=AXIS2_PLACEMENT_3D('',#1662,#1022,#1023);
#956=AXIS2_PLACEMENT_3D('',#1666,#1025,#1026);
#957=AXIS2_PLACEMENT_3D('',#1670,#1028,#1029);
#958=AXIS2_PLACEMENT_3D('',#1674,#1031,#1032);
#959=AXIS2_PLACEMENT_3D('',#1675,#1033,#1034);
#960=AXIS2_PLACEMENT_3D('',#1681,#1038,#1039);
#961=AXIS2_PLACEMENT_3D('',#1682,#1040,#1041);
#962=AXIS2_PLACEMENT_3D('',#1689,#1045,#1046);
#963=AXIS2_PLACEMENT_3D('',#1690,#1047,#1048);
#964=AXIS2_PLACEMENT_3D('',#1691,#1049,#1050);
#965=AXIS2_PLACEMENT_3D('',#1694,#1053,#1054);
#966=AXIS2_PLACEMENT_3D('',#1695,#1055,#1056);
#967=AXIS2_PLACEMENT_3D('',#1698,#1059,#1060);
#968=AXIS2_PLACEMENT_3D('',#1700,#1062,#1063);
#969=AXIS2_PLACEMENT_3D('',#1701,#1064,#1065);
#970=AXIS2_PLACEMENT_3D('',#1730,#1069,#1070);
#971=AXIS2_PLACEMENT_3D('',#1737,#1072,#1073);
#972=AXIS2_PLACEMENT_3D('',#1738,#1074,#1075);
#973=AXIS2_PLACEMENT_3D('',#1741,#1077,#1078);
#974=AXIS2_PLACEMENT_3D('',#1772,#1080,#1081);
#975=AXIS2_PLACEMENT_3D('',#1779,#1083,#1084);
#976=AXIS2_PLACEMENT_3D('',#1783,#1087,#1088);
#977=AXIS2_PLACEMENT_3D('',#1788,#1089,#1090);
#978=AXIS2_PLACEMENT_3D('',#2303,#1091,#1092);
#979=AXIS2_PLACEMENT_3D('',#2304,#1093,#1094);
#980=AXIS2_PLACEMENT_3D('',#2305,#1095,#1096);
#981=AXIS2_PLACEMENT_3D('',#2307,#1097,#1098);
#982=AXIS2_PLACEMENT_3D('',#2316,#1103,#1104);
#983=AXIS2_PLACEMENT_3D('',#2322,#1108,#1109);
#984=AXIS2_PLACEMENT_3D('',#2331,#1114,#1115);
#985=AXIS2_PLACEMENT_3D('',#2337,#1119,#1120);
#986=AXIS2_PLACEMENT_3D('',#2343,#1124,#1125);
#987=AXIS2_PLACEMENT_3D('',#2346,#1128,#1129);
#988=AXIS2_PLACEMENT_3D('',#2358,#1136,#1137);
#989=AXIS2_PLACEMENT_3D('',#2383,#1150,#1151);
#990=AXIS2_PLACEMENT_3D('',#2387,#1154,#1155);
#991=AXIS2_PLACEMENT_3D('',#2391,#1158,#1159);
#992=AXIS2_PLACEMENT_3D('',#2395,#1162,#1163);
#993=AXIS2_PLACEMENT_3D('',#2399,#1166,#1167);
#994=AXIS2_PLACEMENT_3D('',#2403,#1170,#1171);
#995=AXIS2_PLACEMENT_3D('',#2405,#1173,#1174);
#996=AXIS2_PLACEMENT_3D('',#2408,#1177,#1178);
#997=AXIS2_PLACEMENT_3D('',#2410,#1180,#1181);
#998=AXIS2_PLACEMENT_3D('',#2412,#1183,#1184);
#999=AXIS2_PLACEMENT_3D('',#2415,#1187,#1188);
#1000=AXIS2_PLACEMENT_3D('',#2417,#1190,#1191);
#1001=AXIS2_PLACEMENT_3D('',#2419,#1193,#1194);
#1002=AXIS2_PLACEMENT_3D('',#2421,#1196,#1197);
#1003=AXIS2_PLACEMENT_3D('',#2423,#1199,#1200);
#1004=AXIS2_PLACEMENT_3D('',#2425,#1202,#1203);
#1005=AXIS2_PLACEMENT_3D('',#2427,#1205,#1206);
#1006=AXIS2_PLACEMENT_3D('',#2428,#1207,#1208);
#1007=DIRECTION('',(0.,0.,1.));
#1008=DIRECTION('',(1.,0.,0.));
#1009=DIRECTION('',(1.,0.,0.));
#1010=DIRECTION('',(0.,0.,-1.));
#1011=DIRECTION('',(-1.,0.,0.));
#1012=DIRECTION('',(-1.,0.,0.));
#1013=DIRECTION('',(0.,-1.,0.));
#1014=DIRECTION('',(-1.,0.,0.));
#1015=DIRECTION('',(0.,1.,0.));
#1016=DIRECTION('',(0.,1.,0.));
#1017=DIRECTION('',(1.,0.,0.));
#1018=DIRECTION('',(-1.,0.,0.));
#1019=DIRECTION('',(0.,0.,1.));
#1020=DIRECTION('',(1.,0.,0.));
#1021=DIRECTION('',(0.,0.,-1.));
#1022=DIRECTION('',(0.,1.,0.));
#1023=DIRECTION('',(0.707106781186548,0.,-0.707106781186548));
#1024=DIRECTION('',(0.,0.,-1.));
#1025=DIRECTION('',(0.,1.,0.));
#1026=DIRECTION('',(0.707106781186548,0.,0.707106781186548));
#1027=DIRECTION('',(-1.,0.,0.));
#1028=DIRECTION('',(0.,1.,0.));
#1029=DIRECTION('',(-0.707106781186548,0.,0.707106781186548));
#1030=DIRECTION('',(0.,0.,1.));
#1031=DIRECTION('',(0.,1.,0.));
#1032=DIRECTION('',(-0.707106781186548,0.,-0.707106781186548));
#1033=DIRECTION('',(0.,0.345705358827356,-0.93834311681711));
#1034=DIRECTION('',(-1.,0.,0.));
#1035=DIRECTION('',(-1.,0.,0.));
#1036=DIRECTION('',(0.326732019606536,0.88684405321774,0.326732019606536));
#1037=DIRECTION('',(-0.326732019606536,0.88684405321774,0.326732019606536));
#1038=DIRECTION('',(0.,1.,3.40180154444447E-33));
#1039=DIRECTION('',(0.,-3.40180154444447E-33,1.));
#1040=DIRECTION('',(0.,1.,3.40180154444447E-33));
#1041=DIRECTION('',(1.,0.,0.));
#1042=DIRECTION('',(-1.,0.,0.));
#1043=DIRECTION('',(0.,0.,1.));
#1044=DIRECTION('',(0.,0.,-1.));
#1045=DIRECTION('',(5.73018335290403E-17,0.,1.));
#1046=DIRECTION('',(1.,0.,0.));
#1047=DIRECTION('',(-1.,0.,0.));
#1048=DIRECTION('',(0.,0.,1.));
#1049=DIRECTION('',(0.,0.345705358827356,0.93834311681711));
#1050=DIRECTION('',(1.,0.,0.));
#1051=DIRECTION('',(0.326732019606536,0.886844053217739,-0.326732019606536));
#1052=DIRECTION('',(-0.326732019606536,0.88684405321774,-0.326732019606536));
#1053=DIRECTION('',(-0.93834311681711,0.345705358827356,0.));
#1054=DIRECTION('',(0.,0.,1.));
#1055=DIRECTION('',(0.,1.,0.));
#1056=DIRECTION('',(-0.707106781186548,0.,0.707106781186548));
#1057=DIRECTION('',(0.,-1.,0.));
#1058=DIRECTION('',(0.,1.,0.));
#1059=DIRECTION('',(-1.,0.,0.));
#1060=DIRECTION('',(0.,0.,1.));
#1061=DIRECTION('',(0.,1.,0.));
#1062=DIRECTION('',(0.,1.,0.));
#1063=DIRECTION('',(-0.707106781186548,0.,-0.707106781186548));
#1064=DIRECTION('',(0.,0.,1.));
#1065=DIRECTION('',(1.,0.,0.));
#1066=DIRECTION('',(0.,-1.,0.));
#1067=DIRECTION('',(-1.,0.,0.));
#1068=DIRECTION('',(-1.,0.,0.));
#1069=DIRECTION('',(1.,0.,0.));
#1070=DIRECTION('',(0.,0.939041550850656,0.343803673302067));
#1071=DIRECTION('',(-1.,0.,0.));
#1072=DIRECTION('',(-1.,0.,0.));
#1073=DIRECTION('',(0.,-0.98753455561329,-0.15740235534979));
#1074=DIRECTION('',(-1.,0.,0.));
#1075=DIRECTION('',(0.,-0.98753455561329,-0.15740235534979));
#1076=DIRECTION('',(-1.,0.,0.));
#1077=DIRECTION('',(1.,0.,0.));
#1078=DIRECTION('',(0.,0.939163122359587,-0.343471439278133));
#1079=DIRECTION('',(-1.,0.,0.));
#1080=DIRECTION('',(0.,1.,0.));
#1081=DIRECTION('',(0.707106781186548,0.,-0.707106781186548));
#1082=DIRECTION('',(0.,-1.,0.));
#1083=DIRECTION('',(1.,0.,0.));
#1084=DIRECTION('',(0.,0.,-1.));
#1085=DIRECTION('',(0.,1.,0.));
#1086=DIRECTION('',(0.,0.,-1.));
#1087=DIRECTION('',(0.,1.,0.));
#1088=DIRECTION('',(0.707106781186548,0.,0.707106781186548));
#1089=DIRECTION('',(0.93834311681711,0.345705358827356,0.));
#1090=DIRECTION('',(0.,0.,-1.));
#1091=DIRECTION('',(5.73018335290403E-17,0.,1.));
#1092=DIRECTION('',(1.,0.,0.));
#1093=DIRECTION('',(0.,1.,0.));
#1094=DIRECTION('',(1.,0.,0.));
#1095=DIRECTION('',(0.,1.,0.));
#1096=DIRECTION('',(0.,0.,1.));
#1097=DIRECTION('',(1.,0.,0.));
#1098=DIRECTION('',(0.,0.,-1.));
#1099=DIRECTION('',(0.,0.,1.));
#1100=DIRECTION('',(0.,1.,0.));
#1101=DIRECTION('',(0.,0.,1.));
#1102=DIRECTION('',(0.,1.,0.));
#1103=DIRECTION('',(0.,0.,1.));
#1104=DIRECTION('',(1.,0.,0.));
#1105=DIRECTION('',(-1.,0.,0.));
#1106=DIRECTION('',(0.,1.,0.));
#1107=DIRECTION('',(-1.,0.,0.));
#1108=DIRECTION('',(-1.,0.,0.));
#1109=DIRECTION('',(0.,0.,1.));
#1110=DIRECTION('',(0.,0.,-1.));
#1111=DIRECTION('',(0.,1.,0.));
#1112=DIRECTION('',(0.,0.,-1.));
#1113=DIRECTION('',(0.,1.,0.));
#1114=DIRECTION('',(0.,0.,-1.));
#1115=DIRECTION('',(-1.,0.,0.));
#1116=DIRECTION('',(1.,0.,0.));
#1117=DIRECTION('',(0.,1.,0.));
#1118=DIRECTION('',(1.,0.,0.));
#1119=DIRECTION('',(1.,0.,0.));
#1120=DIRECTION('',(0.,0.,-1.));
#1121=DIRECTION('',(0.,0.,1.));
#1122=DIRECTION('',(0.,1.,0.));
#1123=DIRECTION('',(0.,0.,1.));
#1124=DIRECTION('',(0.,0.,-1.));
#1125=DIRECTION('',(-1.,0.,0.));
#1126=DIRECTION('',(1.,0.,0.));
#1127=DIRECTION('',(1.,0.,0.));
#1128=DIRECTION('',(0.,-1.,0.));
#1129=DIRECTION('',(0.,0.,-1.));
#1130=DIRECTION('',(-1.,0.,0.));
#1131=DIRECTION('',(0.,0.,-1.));
#1132=DIRECTION('',(1.,0.,0.));
#1133=DIRECTION('',(0.,0.,1.));
#1134=DIRECTION('',(-1.,0.,0.));
#1135=DIRECTION('',(0.,0.,-1.));
#1136=DIRECTION('',(0.,1.,0.));
#1137=DIRECTION('',(1.,0.,0.));
#1138=DIRECTION('',(-1.,0.,0.));
#1139=DIRECTION('',(0.,0.,1.));
#1140=DIRECTION('',(1.,0.,0.));
#1141=DIRECTION('',(0.,0.,1.));
#1142=DIRECTION('',(1.,0.,0.));
#1143=DIRECTION('',(0.,0.,-1.));
#1144=DIRECTION('',(1.,0.,0.));
#1145=DIRECTION('',(0.,0.,-1.));
#1146=DIRECTION('',(-1.,0.,0.));
#1147=DIRECTION('',(0.,0.,-1.));
#1148=DIRECTION('',(-1.,0.,0.));
#1149=DIRECTION('',(0.,0.,1.));
#1150=DIRECTION('',(0.,0.,-1.));
#1151=DIRECTION('',(-1.,0.,0.));
#1152=DIRECTION('',(1.,0.,0.));
#1153=DIRECTION('',(0.,1.,0.));
#1154=DIRECTION('',(-1.,0.,0.));
#1155=DIRECTION('',(0.,0.,1.));
#1156=DIRECTION('',(0.,0.,-1.));
#1157=DIRECTION('',(0.,1.,0.));
#1158=DIRECTION('',(0.,0.,1.));
#1159=DIRECTION('',(1.,0.,0.));
#1160=DIRECTION('',(-1.,0.,0.));
#1161=DIRECTION('',(0.,1.,0.));
#1162=DIRECTION('',(-1.,0.,0.));
#1163=DIRECTION('',(0.,0.,1.));
#1164=DIRECTION('',(0.,0.,-1.));
#1165=DIRECTION('',(0.,1.,0.));
#1166=DIRECTION('',(0.,0.,1.));
#1167=DIRECTION('',(1.,0.,0.));
#1168=DIRECTION('',(-1.,0.,0.));
#1169=DIRECTION('',(0.,1.,0.));
#1170=DIRECTION('',(1.,0.,0.));
#1171=DIRECTION('',(0.,0.,-1.));
#1172=DIRECTION('',(0.,0.,1.));
#1173=DIRECTION('',(-0.707106781186548,-0.707106781186548,0.));
#1174=DIRECTION('',(0.,0.,1.));
#1175=DIRECTION('',(-0.577350269189626,0.577350269189626,0.577350269189626));
#1176=DIRECTION('',(-0.577350269189626,0.577350269189626,0.577350269189626));
#1177=DIRECTION('',(0.,-0.707106781186548,0.707106781186548));
#1178=DIRECTION('',(1.,0.,0.));
#1179=DIRECTION('',(0.577350269189626,0.577350269189626,0.577350269189626));
#1180=DIRECTION('',(0.707106781186548,-0.707106781186548,0.));
#1181=DIRECTION('',(0.,0.,-1.));
#1182=DIRECTION('',(0.577350269189626,0.577350269189626,0.577350269189626));
#1183=DIRECTION('',(-0.707106781186548,-0.707106781186548,0.));
#1184=DIRECTION('',(0.,0.,1.));
#1185=DIRECTION('',(0.577350269189626,-0.577350269189626,0.577350269189626));
#1186=DIRECTION('',(-0.577350269189626,0.577350269189626,0.577350269189626));
#1187=DIRECTION('',(0.,-0.707106781186548,0.707106781186548));
#1188=DIRECTION('',(1.,0.,0.));
#1189=DIRECTION('',(0.577350269189626,0.577350269189626,0.577350269189626));
#1190=DIRECTION('',(0.707106781186548,-0.707106781186548,0.));
#1191=DIRECTION('',(0.,0.,-1.));
#1192=DIRECTION('',(0.577350269189626,0.577350269189626,-0.577350269189626));
#1193=DIRECTION('',(0.,-0.707106781186548,-0.707106781186548));
#1194=DIRECTION('',(-1.,0.,0.));
#1195=DIRECTION('',(0.577350269189626,0.577350269189626,-0.577350269189626));
#1196=DIRECTION('',(0.707106781186548,-0.707106781186548,0.));
#1197=DIRECTION('',(0.,0.,-1.));
#1198=DIRECTION('',(0.577350269189626,0.577350269189626,-0.577350269189626));
#1199=DIRECTION('',(0.,-0.707106781186548,-0.707106781186548));
#1200=DIRECTION('',(-1.,0.,0.));
#1201=DIRECTION('',(-0.577350269189626,0.577350269189626,-0.577350269189626));
#1202=DIRECTION('',(-0.707106781186548,-0.707106781186548,0.));
#1203=DIRECTION('',(0.,0.,1.));
#1204=DIRECTION('',(-0.577350269189626,0.577350269189626,-0.577350269189626));
#1205=DIRECTION('',(0.,-0.707106781186548,-0.707106781186548));
#1206=DIRECTION('',(-1.,0.,0.));
#1207=DIRECTION('',(0.,-0.707106781186548,0.707106781186548));
#1208=DIRECTION('',(1.,0.,0.));
#1209=CARTESIAN_POINT('',(0.,0.,0.));
#1210=CARTESIAN_POINT('',(-0.002375,0.00773303596998563,0.00609934126980824));
#1211=CARTESIAN_POINT('',(-0.00278226904701156,0.00773303596998563,0.00609934126980824));
#1212=CARTESIAN_POINT('',(-0.00359804562110456,0.00774070129906459,0.0060652786060242));
#1213=CARTESIAN_POINT('',(-0.00480663374998648,0.0077737833704681,0.00590812444369799));
#1214=CARTESIAN_POINT('',(-0.00599753858132894,0.00782570695210035,0.00562670039625488));
#1215=CARTESIAN_POINT('',(-0.00675745347601986,0.00786943731796805,0.00534634785448327));
#1216=CARTESIAN_POINT('',(-0.00714142365722252,0.00789398839045244,0.00517452862657674));
#1217=CARTESIAN_POINT('',(-0.00718798712646518,0.00789682901909236,0.00515249560895651));
#1218=CARTESIAN_POINT('',(-0.00727658604870627,0.00790091562986502,0.00509929880140914));
#1219=CARTESIAN_POINT('',(-0.00740390762164733,0.00790321408557101,0.00499199842740663));
#1220=CARTESIAN_POINT('',(-0.00749851836408234,0.00789997952606208,0.00486920745231961));
#1221=CARTESIAN_POINT('',(-0.00754447764518012,0.00789472791796269,0.00477786267471));
#1222=CARTESIAN_POINT('',(-0.00756522031952468,0.00789176062455412,0.00473148319758195));
#1223=CARTESIAN_POINT('',(-0.00758568718164116,0.00788882128637648,0.00468522394926582));
#1224=CARTESIAN_POINT('',(-0.00762587060327798,0.00788299537298219,0.0045923185937682));
#1225=CARTESIAN_POINT('',(-0.00769417645243045,0.00787295238983722,0.00442892652506245));
#1226=CARTESIAN_POINT('',(-0.00782284147115284,0.00785344936730985,0.00409825719900295));
#1227=CARTESIAN_POINT('',(-0.00804888387334567,0.00781707268765515,0.00342461808425994));
#1228=CARTESIAN_POINT('',(-0.00837723556441964,0.00775615711920949,0.00202822772973257));
#1229=CARTESIAN_POINT('',(-0.00853901946384896,0.00771732357780038,-6.85858923896067E-6));
#1230=CARTESIAN_POINT('',(-0.00837520729619945,0.00775659059711284,-0.0020395171336193));
#1231=CARTESIAN_POINT('',(-0.00804876346304269,0.00781707056575096,-0.00342403890860233));
#1232=CARTESIAN_POINT('',(-0.00782288197394705,0.00785343277490101,-0.00409817949316366));
#1233=CARTESIAN_POINT('',(-0.00767585495004781,0.00787571373729741,-0.00447582019848115));
#1234=CARTESIAN_POINT('',(-0.00759647563448411,0.00788727601236925,-0.0046614816773171));
#1235=CARTESIAN_POINT('',(-0.00754431691102681,0.00789473247185619,-0.00477806722881616));
#1236=CARTESIAN_POINT('',(-0.00752109938101739,0.00789739234880204,-0.00482425419445857));
#1237=CARTESIAN_POINT('',(-0.00743860076940819,0.00790289098749107,-0.00495445961420114));
#1238=CARTESIAN_POINT('',(-0.00731023247196406,0.00790289184611501,-0.00508279855160638));
#1239=CARTESIAN_POINT('',(-0.0071762018965572,0.00789622847600962,-0.00515908640682949));
#1240=CARTESIAN_POINT('',(-0.00710651643287316,0.00789175788020624,-0.00519016097990546));
#1241=CARTESIAN_POINT('',(-0.00706031089081296,0.00788882379110284,-0.00521061815282871));
#1242=CARTESIAN_POINT('',(-0.00696750586025853,0.00788300285146801,-0.00525075036815138));
#1243=CARTESIAN_POINT('',(-0.0068042867191388,0.00787297167936452,-0.00531899429404645));
#1244=CARTESIAN_POINT('',(-0.00647398951132941,0.00785348666580111,-0.00544754243788898));
#1245=CARTESIAN_POINT('',(-0.00580105465893445,0.00781715774084542,-0.00567345359144051));
#1246=CARTESIAN_POINT('',(-0.0044065634529793,0.00775623715324475,-0.00600163934847108));
#1247=CARTESIAN_POINT('',(-0.00318735081273221,0.00773303596998501,-0.00609934126980434));
#1248=CARTESIAN_POINT('',(-0.002375,0.00773303596998501,-0.00609934126980435));
#1249=CARTESIAN_POINT('',(-0.002375,0.00775439430589808,0.00623334240795547));
#1250=CARTESIAN_POINT('',(-0.00278588227181097,0.00775439430589808,0.00623334240795547));
#1251=CARTESIAN_POINT('',(-0.00360896059899598,0.00776191411029206,0.00619729123000243));
#1252=CARTESIAN_POINT('',(-0.00482821167468856,0.00779414871182423,0.00603182851492512));
#1253=CARTESIAN_POINT('',(-0.00603014690348213,0.00784490269428524,0.00573690566232564));
#1254=CARTESIAN_POINT('',(-0.00679561283857144,0.0078879716526528,0.00544766674682616));
#1255=CARTESIAN_POINT('',(-0.00718379662656968,0.00791230310301764,0.00527036899754115));
#1256=CARTESIAN_POINT('',(-0.00723632154049024,0.0079150948265017,0.00524278558872466));
#1257=CARTESIAN_POINT('',(-0.00733399931599084,0.00791908620567629,0.00518060795835579));
#1258=CARTESIAN_POINT('',(-0.00747509061402551,0.00792132361227313,0.00505954661234049));
#1259=CARTESIAN_POINT('',(-0.00758192316192963,0.00791817364992421,0.00492461252888313));
#1260=CARTESIAN_POINT('',(-0.00763805804544784,0.00791302640894922,0.00482265299998854));
#1261=CARTESIAN_POINT('',(-0.00766295183330389,0.00791009182412024,0.00477176037610588));
#1262=CARTESIAN_POINT('',(-0.00768317465482719,0.00790718629484334,0.00472604272381957));
#1263=CARTESIAN_POINT('',(-0.00772499300043345,0.00790143221802032,0.0046317882268907));
#1264=CARTESIAN_POINT('',(-0.00779487192977468,0.00789151468618293,0.00446753245474521));
#1265=CARTESIAN_POINT('',(-0.00792771515180277,0.00787228444301042,0.00413398402132774));
#1266=CARTESIAN_POINT('',(-0.00816159361069401,0.0078365113534351,0.00345512293096936));
#1267=CARTESIAN_POINT('',(-0.0085053136365699,0.00777692170119111,0.00204624121515605));
#1268=CARTESIAN_POINT('',(-0.00867713300800243,0.00773922179626148,-6.88434085359395E-6));
#1269=CARTESIAN_POINT('',(-0.00850313643993571,0.00777737781017649,-0.00205772501277159));
#1270=CARTESIAN_POINT('',(-0.00816125102576447,0.00783648853556577,-0.00345479566051238));
#1271=CARTESIAN_POINT('',(-0.0079268657037978,0.00787224548613047,-0.00413498387106105));
#1272=CARTESIAN_POINT('',(-0.00777499879695631,0.00789420914765666,-0.00451600207944776));
#1273=CARTESIAN_POINT('',(-0.00769332638659526,0.00790564934866029,-0.004703267770062));
#1274=CARTESIAN_POINT('',(-0.00763942785743155,0.00791302697534812,-0.00482120322445323));
#1275=CARTESIAN_POINT('',(-0.00761038173486029,0.00791563393223034,-0.00487359588859942));
#1276=CARTESIAN_POINT('',(-0.00751443530443005,0.00792100444925479,-0.00501732900136469));
#1277=CARTESIAN_POINT('',(-0.00737279175773078,0.00792099798008337,-0.00515905668809837));
#1278=CARTESIAN_POINT('',(-0.00722371717783053,0.00791449618786408,-0.00525012003034945));
#1279=CARTESIAN_POINT('',(-0.00714701018576319,0.00791007732102046,-0.00528766745987254));
#1280=CARTESIAN_POINT('',(-0.00710136654600904,0.00790717645865756,-0.00530786005717096));
#1281=CARTESIAN_POINT('',(-0.00700723798838302,0.00790142662454124,-0.00534960794018446));
#1282=CARTESIAN_POINT('',(-0.00684305544308396,0.00789152472841606,-0.00541951330429212));
#1283=CARTESIAN_POINT('',(-0.00650981423342205,0.00787233149040862,-0.00555230842316767));
#1284=CARTESIAN_POINT('',(-0.00583168003607077,0.00783656589351061,-0.00578602190029775));
#1285=CARTESIAN_POINT('',(-0.00442455069761263,0.00777708104803549,-0.0061298148055095));
#1286=CARTESIAN_POINT('',(-0.00319455785712687,0.00775439430589743,-0.00623334240795147));
#1287=CARTESIAN_POINT('',(-0.002375,0.00775439430589743,-0.00623334240795148));
#1288=CARTESIAN_POINT('',(-0.002375,0.00770190909915478,0.00637677545067042));
#1289=CARTESIAN_POINT('',(-0.00279021994679077,0.00770190909915478,0.00637677545067042));
#1290=CARTESIAN_POINT('',(-0.00362203284786337,0.00771121603447776,0.00633849695621235));
#1291=CARTESIAN_POINT('',(-0.00485365069080137,0.00775070945555276,0.00616374082358726));
#1292=CARTESIAN_POINT('',(-0.00606755197143153,0.00781122995034885,0.0058538580253986));
#1293=CARTESIAN_POINT('',(-0.00683887793980007,0.00785988537585148,0.0055547394628741));
#1294=CARTESIAN_POINT('',(-0.00723136055487493,0.00788701382182761,0.00537147021786089));
#1295=CARTESIAN_POINT('',(-0.00728961293600164,0.00789195645859329,0.00533812058852241));
#1296=CARTESIAN_POINT('',(-0.00739613424730885,0.00789832305263177,0.00526669077052664));
#1297=CARTESIAN_POINT('',(-0.0075508927401628,0.00790186018642962,0.00513168710883137));
#1298=CARTESIAN_POINT('',(-0.00767017328230077,0.00789705859311237,0.00498474629824522));
#1299=CARTESIAN_POINT('',(-0.00773685633095868,0.007888359484913,0.00487254811036398));
#1300=CARTESIAN_POINT('',(-0.00776607756448688,0.00788370799977494,0.00481731552813635));
#1301=CARTESIAN_POINT('',(-0.00778608255996548,0.00788083396957627,0.00477208060491861));
#1302=CARTESIAN_POINT('',(-0.00782966177253124,0.00787428476508668,0.00467647074495271));
#1303=CARTESIAN_POINT('',(-0.0079012954389719,0.00786345821999276,0.0045112682412331));
#1304=CARTESIAN_POINT('',(-0.00803872943312232,0.00784186575277717,0.00417471688787762));
#1305=CARTESIAN_POINT('',(-0.00828129128532088,0.0078011344294725,0.00349027971619847));
#1306=CARTESIAN_POINT('',(-0.00864210225900974,0.00773012168723939,0.00206781178446779));
#1307=CARTESIAN_POINT('',(-0.00882515232036964,0.00768277303188497,-6.92736754108735E-6));
#1308=CARTESIAN_POINT('',(-0.00863975403679803,0.00773070603634543,-0.00207949594995891));
#1309=CARTESIAN_POINT('',(-0.00828071775651089,0.0078012324947909,-0.00349018732561902));
#1310=CARTESIAN_POINT('',(-0.00803694191261175,0.00784233599259532,-0.00417673434741232));
#1311=CARTESIAN_POINT('',(-0.00787975712924829,0.00786706629915229,-0.00456126299368582));
#1312=CARTESIAN_POINT('',(-0.00779555467787864,0.00787980191211879,-0.00475019400556012));
#1313=CARTESIAN_POINT('',(-0.00773976787300628,0.00788803998375686,-0.00486950290329021));
#1314=CARTESIAN_POINT('',(-0.00770467246268886,0.00789282021660035,-0.00492786285283266));
#1315=CARTESIAN_POINT('',(-0.00759493002665978,0.0079011934696369,-0.0050848295503871));
#1316=CARTESIAN_POINT('',(-0.00743990169987081,0.00790163080862985,-0.00523995843255105));
#1317=CARTESIAN_POINT('',(-0.00727623827714512,0.00789076454302312,-0.00534627962749594));
#1318=CARTESIAN_POINT('',(-0.00719278133613807,0.00788367869476617,-0.0053905728800567));
#1319=CARTESIAN_POINT('',(-0.00714763936142338,0.00788082032175069,-0.00541052610487308));
#1320=CARTESIAN_POINT('',(-0.00705217933921235,0.00787428731376219,-0.00545401481927564));
#1321=CARTESIAN_POINT('',(-0.00688695465584453,0.00786345153869027,-0.00552576430381798));
#1322=CARTESIAN_POINT('',(-0.00655064798423248,0.00784188397958496,-0.0056632160631459));
#1323=CARTESIAN_POINT('',(-0.00586695853198309,0.0078012359800709,-0.00590557829940436));
#1324=CARTESIAN_POINT('',(-0.00444608525823036,0.00773023516372855,-0.00626669003274771));
#1325=CARTESIAN_POINT('',(-0.00320320991114635,0.00770190909915422,-0.00637677545066629));
#1326=CARTESIAN_POINT('',(-0.002375,0.00770190909915422,-0.00637677545066629));
#1327=CARTESIAN_POINT('',(-0.002375,0.00759910779692266,0.00646534393150351));
#1328=CARTESIAN_POINT('',(-0.0027933229744329,0.00759910779692266,0.00646534393150351));
#1329=CARTESIAN_POINT('',(-0.00363142216345269,0.00761082109683792,0.00642697057453079));
#1330=CARTESIAN_POINT('',(-0.00487257643665812,0.00766061101840062,0.00625151973337069));
#1331=CARTESIAN_POINT('',(-0.00609680148576604,0.00773598425443099,0.00593798990340849));
#1332=CARTESIAN_POINT('',(-0.00687401313168038,0.00779373574487615,0.0056348423465818));
#1333=CARTESIAN_POINT('',(-0.00727046352777017,0.0078254187431026,0.00544857090662668));
#1334=CARTESIAN_POINT('',(-0.00733316423117221,0.00783377680666618,0.00541216612738656));
#1335=CARTESIAN_POINT('',(-0.00744676413613306,0.00784403839487037,0.00533499385264463));
#1336=CARTESIAN_POINT('',(-0.00761209980368167,0.00784975202107044,0.0051901149548662));
#1337=CARTESIAN_POINT('',(-0.00774014227343981,0.00784215693715872,0.00503357182882704));
#1338=CARTESIAN_POINT('',(-0.00781271395038326,0.00782774867673999,0.00491332245699669));
#1339=CARTESIAN_POINT('',(-0.00784415981643621,0.00782039070395761,0.00485472486764558));
#1340=CARTESIAN_POINT('',(-0.0078640368203597,0.00781753692735018,0.00480977311561451));
#1341=CARTESIAN_POINT('',(-0.00790848049247462,0.00780968938951695,0.00471297422984992));
#1342=CARTESIAN_POINT('',(-0.00798091477061524,0.00779735118130396,0.00454676625915083));
#1343=CARTESIAN_POINT('',(-0.00812035750063053,0.00777191300470672,0.00420736690154443));
#1344=CARTESIAN_POINT('',(-0.00836615383056676,0.00772323805961779,0.00351763064766743));
#1345=CARTESIAN_POINT('',(-0.00873090658666701,0.00763496497210276,0.00208333303925289));
#1346=CARTESIAN_POINT('',(-0.00891341681186526,0.00757455919073332,-6.94698042033436E-6));
#1347=CARTESIAN_POINT('',(-0.00872850854049731,0.00763570611906521,-0.00209518856876095));
#1348=CARTESIAN_POINT('',(-0.00836547708134994,0.0077235463549987,-0.00351772719818384));
#1349=CARTESIAN_POINT('',(-0.00811813255598874,0.00777319753300229,-0.00421021031962749));
#1350=CARTESIAN_POINT('',(-0.00795862943437327,0.00780243277035671,-0.00459806633308898));
#1351=CARTESIAN_POINT('',(-0.00787321779697749,0.00781728567183275,-0.00478862244861515));
#1352=CARTESIAN_POINT('',(-0.00781648452989586,0.00782693538209404,-0.00490918076235362));
#1353=CARTESIAN_POINT('',(-0.00777808970080262,0.00783518209260079,-0.00497222226866504));
#1354=CARTESIAN_POINT('',(-0.0076595608527713,0.00784851152676048,-0.00513964058879795));
#1355=CARTESIAN_POINT('',(-0.00749431423592396,0.00784964501074714,-0.00530528584899963));
#1356=CARTESIAN_POINT('',(-0.00731901270853163,0.00783164019458582,-0.00542075154576123));
#1357=CARTESIAN_POINT('',(-0.00723032485247574,0.00782034895265833,-0.00546851422971597));
#1358=CARTESIAN_POINT('',(-0.00718548148660614,0.0078175285211024,-0.0054883297363724));
#1359=CARTESIAN_POINT('',(-0.00708885105922756,0.00780971648680998,-0.00553267478655206));
#1360=CARTESIAN_POINT('',(-0.00692255223793449,0.00779732699891739,-0.00560527149533255));
#1361=CARTESIAN_POINT('',(-0.00658335840155046,0.00777187890532599,-0.00574475698336482));
#1362=CARTESIAN_POINT('',(-0.0058943888586647,0.00772343448522308,-0.00599039098919638));
#1363=CARTESIAN_POINT('',(-0.00446161100083962,0.00763494450495006,-0.00635548041546652));
#1364=CARTESIAN_POINT('',(-0.00320939930129401,0.00759910779692224,-0.00646534393149938));
#1365=CARTESIAN_POINT('',(-0.002375,0.00759910779692225,-0.00646534393149939));
#1366=CARTESIAN_POINT('',(-0.002375,0.00759910779692225,-0.00646534393149939));
#1367=CARTESIAN_POINT('',(-0.002375,0.00770190909915422,-0.00637677545066629));
#1368=CARTESIAN_POINT('',(-0.002375,0.00775439430589743,-0.00623334240795147));
#1369=CARTESIAN_POINT('',(-0.002375,0.00773303596998501,-0.00609934126980435));
#1370=CARTESIAN_POINT('',(-0.002375,0.00759910779692225,-0.00646534393149939));
#1371=CARTESIAN_POINT('',(-0.002375,0.00773303596998501,-0.00609934126980435));
#1372=CARTESIAN_POINT('',(-0.002375,0.00759910779692225,-0.00646534393149939));
#1373=CARTESIAN_POINT('',(-0.00279198010145199,0.00759910779692225,-0.00646534393149939));
#1374=CARTESIAN_POINT('',(-0.00362617349953073,0.00761105050399216,-0.00642873740507256));
#1375=CARTESIAN_POINT('',(-0.00466233619213532,0.00765195131680191,-0.00628102691928506));
#1376=CARTESIAN_POINT('',(-0.00548354658342808,0.00769809954738166,-0.00609499554865351));
#1377=CARTESIAN_POINT('',(-0.00608882519318673,0.00773697561538608,-0.00592124239452497));
#1378=CARTESIAN_POINT('',(-0.00658278050128706,0.00777223618252755,-0.0057442812786383));
#1379=CARTESIAN_POINT('',(-0.00691816014150688,0.00779644644801417,-0.00560800000069731));
#1380=CARTESIAN_POINT('',(-0.00711405093502662,0.00781256312040269,-0.0055202124700239));
#1381=CARTESIAN_POINT('',(-0.0071989570732801,0.00781655107999412,-0.00548511335673553));
#1382=CARTESIAN_POINT('',(-0.00725675290374884,0.00782371847823943,-0.00545427416252284));
#1383=CARTESIAN_POINT('',(-0.00725675290374883,0.00782371847823943,-0.00545427416252285));
#1384=CARTESIAN_POINT('',(-0.00725675290439181,0.00782371847831917,-0.00545427416217976));
#1385=CARTESIAN_POINT('',(-0.00737464266964943,0.00783833826827164,-0.00539136953144081));
#1386=CARTESIAN_POINT('',(-0.00754779675704858,0.0078504230371308,-0.00525785389938617));
#1387=CARTESIAN_POINT('',(-0.00771914305917056,0.00784453767475076,-0.00506114567110911));
#1388=CARTESIAN_POINT('',(-0.00780634239060644,0.00782866218782294,-0.00493078115334875));
#1389=CARTESIAN_POINT('',(-0.00782938107566714,0.00782474176293423,-0.00488177398105493));
#1390=CARTESIAN_POINT('',(-0.00782938107566715,0.00782474176293423,-0.0048817739810549));
#1391=CARTESIAN_POINT('',(-0.00782938107566714,0.00782474176293423,-0.00488177398105493));
#1392=CARTESIAN_POINT('',(-0.00819121224376202,0.0077631700233504,-0.00411209800565166));
#1393=CARTESIAN_POINT('',(-0.00869059323756904,0.00764884157346357,-0.00251489751897314));
#1394=CARTESIAN_POINT('',(-0.00887658697168535,0.00758666425341635,-0.000423077150438519));
#1395=CARTESIAN_POINT('',(-0.00880382544811251,0.00761084482468973,0.00124729467730238));
#1396=CARTESIAN_POINT('',(-0.00865635213129864,0.00765191069817566,0.00228502419776382));
#1397=CARTESIAN_POINT('',(-0.00847045607279059,0.00769801414781486,0.0031071547199428));
#1398=CARTESIAN_POINT('',(-0.00829670251980928,0.00773690047596478,0.00371308148703961));
#1399=CARTESIAN_POINT('',(-0.00811959331680669,0.00777231957115828,0.00420755388141009));
#1400=CARTESIAN_POINT('',(-0.00798330485216124,0.00779653902951006,0.00454316485061886));
#1401=CARTESIAN_POINT('',(-0.00789572473118083,0.00781256725363442,0.00473888272674916));
#1402=CARTESIAN_POINT('',(-0.00786035238362123,0.00781668467014702,0.00482418586717667));
#1403=CARTESIAN_POINT('',(-0.00782957236211095,0.00782380541108211,0.00488190155162651));
#1404=CARTESIAN_POINT('',(-0.00782957236216432,0.00782380541106976,0.00488190155152644));
#1405=CARTESIAN_POINT('',(-0.00782957236211095,0.00782380541108211,0.00488190155162651));
#1406=CARTESIAN_POINT('',(-0.00776714533396377,0.0078382474638479,0.00499895860619943));
#1407=CARTESIAN_POINT('',(-0.00763353222610967,0.00785005356449728,0.00517157172624648));
#1408=CARTESIAN_POINT('',(-0.00743903282775166,0.00784529996382821,0.00534200812633689));
#1409=CARTESIAN_POINT('',(-0.00730566062127548,0.0078282309496286,0.00543204255526787));
#1410=CARTESIAN_POINT('',(-0.00725703939953863,0.00782434594010339,0.00545487808289935));
#1411=CARTESIAN_POINT('',(-0.00725703939969682,0.00782434594011603,0.00545487808282506));
#1412=CARTESIAN_POINT('',(-0.00725703939969682,0.00782434594011603,0.00545487808282506));
#1413=CARTESIAN_POINT('',(-0.00572001363381891,0.00770153208378471,0.0061767602794226));
#1414=CARTESIAN_POINT('',(-0.00404780892205876,0.00759910779692266,0.00646534393150351));
#1415=CARTESIAN_POINT('',(-0.002375,0.00759910779692266,0.00646534393150351));
#1416=CARTESIAN_POINT('',(-0.002375,0.00759910779692266,0.00646534393150351));
#1417=CARTESIAN_POINT('',(-0.002375,0.00773303596998563,0.00609934126980824));
#1418=CARTESIAN_POINT('',(-0.002375,0.00775439430589809,0.00623334240795547));
#1419=CARTESIAN_POINT('',(-0.002375,0.00770190909915478,0.00637677545067042));
#1420=CARTESIAN_POINT('',(-0.002375,0.00759910779692266,0.00646534393150351));
#1421=CARTESIAN_POINT('',(-0.002375,0.00773303596998563,0.00609934126980824));
#1422=CARTESIAN_POINT('',(-0.00237500000000001,0.00773303596998501,-0.00609934126980435));
#1423=CARTESIAN_POINT('',(-0.00282643529540202,0.00773303596998501,-0.00609934126980435));
#1424=CARTESIAN_POINT('',(-0.00348569546342344,0.0077400973779658,-0.00606970448081144));
#1425=CARTESIAN_POINT('',(-0.00434104869361543,0.00776115832855197,-0.00596790505171627));
#1426=CARTESIAN_POINT('',(-0.00494700290878438,0.0077812120318093,-0.00586630759990662));
#1427=CARTESIAN_POINT('',(-0.0056126394713514,0.00780892485396146,-0.00571572954119253));
#1428=CARTESIAN_POINT('',(-0.0062151646859435,0.00783933281433592,-0.00554137487582379));
#1429=CARTESIAN_POINT('',(-0.00681800675432021,0.00787207216199467,-0.00531366733160871));
#1430=CARTESIAN_POINT('',(-0.00744915275672988,0.00791740792670777,-0.00506698202149193));
#1431=CARTESIAN_POINT('',(-0.00769264879119524,0.00787120561561997,-0.00443094822383106));
#1432=CARTESIAN_POINT('',(-0.00792029986181872,0.00783873678263922,-0.003828386450435));
#1433=CARTESIAN_POINT('',(-0.00809274676745913,0.00780853162304908,-0.00322923127774175));
#1434=CARTESIAN_POINT('',(-0.00824259814157502,0.00778100871581609,-0.00256575372793039));
#1435=CARTESIAN_POINT('',(-0.0083428421316745,0.00776114712115336,-0.0019652435183652));
#1436=CARTESIAN_POINT('',(-0.00844416509424103,0.00774008683106512,-0.00111434511053585));
#1437=CARTESIAN_POINT('',(-0.00849372501792072,0.00772820995215984,-6.19022457363115E-7));
#1438=CARTESIAN_POINT('',(-0.00844415274999201,0.00774011037540022,0.00111640544524805));
#1439=CARTESIAN_POINT('',(-0.00834213695997463,0.00776126771854863,0.00196980241132071));
#1440=CARTESIAN_POINT('',(-0.008241360651144,0.00778119584574734,0.00257172299104495));
#1441=CARTESIAN_POINT('',(-0.00808998475668198,0.00780905680414505,0.00324056937970767));
#1442=CARTESIAN_POINT('',(-0.00791617121392393,0.00783936438898851,0.00384068868888517));
#1443=CARTESIAN_POINT('',(-0.00768827472521712,0.00787216026841119,0.00444423387709066));
#1444=CARTESIAN_POINT('',(-0.00744154893836839,0.00791741459360467,0.00507470361459223));
#1445=CARTESIAN_POINT('',(-0.00680329332059994,0.0078710433262498,0.00531862890648679));
#1446=CARTESIAN_POINT('',(-0.00620388389109544,0.00783876354353051,0.00554522028213448));
#1447=CARTESIAN_POINT('',(-0.00560000075884302,0.00780834439611648,0.00571879918053244));
#1448=CARTESIAN_POINT('',(-0.00494413831263772,0.00778117702378132,0.00586710871312277));
#1449=CARTESIAN_POINT('',(-0.00432992874800476,0.00776074950825135,0.00596976668265993));
#1450=CARTESIAN_POINT('',(-0.00344624772843388,0.00773921231665442,0.00607207020757664));
#1451=CARTESIAN_POINT('',(-0.00281150275969309,0.00773303596998563,0.00609934126980824));
#1452=CARTESIAN_POINT('',(-0.00237500000000001,0.00773303596998563,0.00609934126980824));
#1453=CARTESIAN_POINT('',(-0.00237499999999928,0.00784708277682229,-0.00624424588466655));
#1454=CARTESIAN_POINT('',(-0.00237499999999895,0.00751612129607287,-0.00654966286974338));
#1455=CARTESIAN_POINT('',(-0.00237499999999684,0.00509353057794388,-0.00848471266874663));
#1456=CARTESIAN_POINT('',(-0.00237499999999606,0.00226222820812758,-0.0091));
#1457=CARTESIAN_POINT('',(-0.00237499999999571,0.001,-0.0091));
#1458=CARTESIAN_POINT('',(-0.0032116285341819,0.00784708277682229,-0.00624424588466658));
#1459=CARTESIAN_POINT('',(-0.00329956518140424,0.00751612129607287,-0.00654966325811818));
#1460=CARTESIAN_POINT('',(-0.00388149692388352,0.00509353057794388,-0.00848470309589827));
#1461=CARTESIAN_POINT('',(-0.00422797837566478,0.00226222820812758,-0.00910008633878543));
#1462=CARTESIAN_POINT('',(-0.00435223246538603,0.001,-0.0091));
#1463=CARTESIAN_POINT('',(-0.0044666272994371,0.00784708277682232,-0.00614155633674599));
#1464=CARTESIAN_POINT('',(-0.00468647019566993,0.0075161212960729,-0.00645249293587058));
#1465=CARTESIAN_POINT('',(-0.00614140590336994,0.0050935305779439,-0.00842966265074118));
#1466=CARTESIAN_POINT('',(-0.00700764652326746,0.00226222820812758,-0.00909992016247641));
#1467=CARTESIAN_POINT('',(-0.00731810032230302,0.001,-0.00910003604733924));
#1468=CARTESIAN_POINT('',(-0.00607770698550718,0.00784708277682233,-0.00580050950213153));
#1469=CARTESIAN_POINT('',(-0.00642003956868661,0.00751612129607292,-0.00612983060751503));
#1470=CARTESIAN_POINT('',(-0.00866851882252533,0.00509353057794391,-0.00824784320104228));
#1471=CARTESIAN_POINT('',(-0.00988174055897514,0.00226222820812753,-0.00910010816341061));
#1472=CARTESIAN_POINT('',(-0.0101612701993721,0.001,-0.00909999078698126));
#1473=CARTESIAN_POINT('',(-0.00685268750181206,0.00784708277682236,-0.00556514105848707));
#1474=CARTESIAN_POINT('',(-0.00722957364114568,0.00751612129607294,-0.00590731437424814));
#1475=CARTESIAN_POINT('',(-0.00968988897526096,0.00509353057794392,-0.00812291590655035));
#1476=CARTESIAN_POINT('',(-0.0109031720279984,0.00226222820812751,-0.00909985388126122));
#1477=CARTESIAN_POINT('',(-0.0110272655424125,0.001,-0.00910006127812635));
#1478=CARTESIAN_POINT('',(-0.00724950393071894,0.00784708277682236,-0.00542275510626483));
#1479=CARTESIAN_POINT('',(-0.00763520935698765,0.00751612129607295,-0.00577266424000863));
#1480=CARTESIAN_POINT('',(-0.0101418344614463,0.00509353057794393,-0.00804758808455892));
#1481=CARTESIAN_POINT('',(-0.0112944449576053,0.00226222820812749,-0.00910035836077603));
#1482=CARTESIAN_POINT('',(-0.0112880860072929,0.001,-0.00909998617255205));
#1483=CARTESIAN_POINT('',(-0.00734878513521853,0.00784708277682236,-0.00538719399164809));
#1484=CARTESIAN_POINT('',(-0.00773374970019542,0.00751612129607295,-0.00574057580787077));
#1485=CARTESIAN_POINT('',(-0.0102333894005068,0.00509353057794392,-0.00803594514794198));
#1486=CARTESIAN_POINT('',(-0.0113679159403154,0.00226222820812746,-0.00908704589386074));
#1487=CARTESIAN_POINT('',(-0.011340520978186,0.001,-0.00909498289247589));
#1488=CARTESIAN_POINT('',(-0.00756719972609876,0.00784708277682236,-0.00525251860903555));
#1489=CARTESIAN_POINT('',(-0.00793926952398679,0.00751612129607295,-0.00562005264038169));
#1490=CARTESIAN_POINT('',(-0.0103489402681777,0.00509353057794389,-0.00799963489089748));
#1491=CARTESIAN_POINT('',(-0.0114115394434238,0.00226222820812731,-0.00904743566546365));
#1492=CARTESIAN_POINT('',(-0.0114127231630064,0.001,-0.00905628156303617));
#1493=CARTESIAN_POINT('',(-0.00774384477836519,0.00784708277682236,-0.00501214738293284));
#1494=CARTESIAN_POINT('',(-0.00809959502465926,0.00751612129607295,-0.00539501633041754));
#1495=CARTESIAN_POINT('',(-0.0104078867605562,0.00509353057794385,-0.00788009045714954));
#1496=CARTESIAN_POINT('',(-0.0114532046701266,0.00226222820812715,-0.00900260211805434));
#1497=CARTESIAN_POINT('',(-0.0114645900205221,0.001,-0.00897848652218056));
#1498=CARTESIAN_POINT('',(-0.00779090843483609,0.00784708277682237,-0.00489443570812202));
#1499=CARTESIAN_POINT('',(-0.00814120219473396,0.00751612129607295,-0.00528058483233672));
#1500=CARTESIAN_POINT('',(-0.0104189236333623,0.00509353057794385,-0.00778957686978141));
#1501=CARTESIAN_POINT('',(-0.0114751351576411,0.0022622282081271,-0.00893932706666306));
#1502=CARTESIAN_POINT('',(-0.0114750051575837,0.001,-0.00892617333090788));
#1503=CARTESIAN_POINT('',(-0.00807390431631115,0.00784708277682235,-0.00409987386445044));
#1504=CARTESIAN_POINT('',(-0.00840873779672693,0.00751612129607293,-0.0044683809377907));
#1505=CARTESIAN_POINT('',(-0.0105681612198564,0.00509353057794383,-0.00688435161547175));
#1506=CARTESIAN_POINT('',(-0.011474851188405,0.00226222820812706,-0.00815597037117704));
#1507=CARTESIAN_POINT('',(-0.0114749252731655,0.001,-0.00840439952052746));
#1508=CARTESIAN_POINT('',(-0.00848164350665007,0.00784708277682231,-0.00250994907665491));
#1509=CARTESIAN_POINT('',(-0.00879442163381099,0.00751612129607289,-0.00277376002202564));
#1510=CARTESIAN_POINT('',(-0.010786070433406,0.00509353057794379,-0.0045196005597553));
#1511=CARTESIAN_POINT('',(-0.0114750649026515,0.00226222820812702,-0.0055591027405716));
#1512=CARTESIAN_POINT('',(-0.0114750208476123,0.001,-0.00593171067496124));
#1513=CARTESIAN_POINT('',(-0.00868816531530093,0.00784708277682233,1.59238326244671E-7));
#1514=CARTESIAN_POINT('',(-0.00898990152485507,0.00751612129607291,1.59271277479347E-7));
#1515=CARTESIAN_POINT('',(-0.0108965120896762,0.0050935305779438,1.86751637512006E-7));
#1516=CARTESIAN_POINT('',(-0.0114749516773103,0.00226222820812704,3.31495998883845E-8));
#1517=CARTESIAN_POINT('',(-0.011474976162092,0.001,2.01034786531678E-8));
#1518=CARTESIAN_POINT('',(-0.00851604396389977,0.00784708277682238,0.00209149434321671));
#1519=CARTESIAN_POINT('',(-0.00882698156457241,0.00751612129607296,0.00231133672118637));
#1520=CARTESIAN_POINT('',(-0.0108044229388854,0.00509353057794385,0.00376618526579624));
#1521=CARTESIAN_POINT('',(-0.0114750129385539,0.00226222820812707,0.00463254415528116));
#1522=CARTESIAN_POINT('',(-0.0114750057980475,0.001,0.00494307650166281));
#1523=CARTESIAN_POINT('',(-0.00821817249265616,0.00784708277682243,0.00350134556693018));
#1524=CARTESIAN_POINT('',(-0.00854519472910713,0.00751612129607301,0.00382836740843318));
#1525=CARTESIAN_POINT('',(-0.0106455734890997,0.00509353057794389,0.0059776619584927));
#1526=CARTESIAN_POINT('',(-0.0114750052267317,0.00226222820812709,0.00714754781243934));
#1527=CARTESIAN_POINT('',(-0.011475000483881,0.00100000000000002,0.00743087357301493));
#1528=CARTESIAN_POINT('',(-0.00802583575521336,0.00784708277682247,0.00418599870989203));
#1529=CARTESIAN_POINT('',(-0.00836330471851501,0.00751612129607305,0.00454909246380973));
#1530=CARTESIAN_POINT('',(-0.0105434178139195,0.00509353057794393,0.00692410689381947));
#1531=CARTESIAN_POINT('',(-0.0114749839017269,0.0022622282081271,0.00813202552328717));
#1532=CARTESIAN_POINT('',(-0.0114750030557112,0.00100000000000002,0.00831013127974906));
#1533=CARTESIAN_POINT('',(-0.0079036869311994,0.00784708277682248,0.00457049700553963));
#1534=CARTESIAN_POINT('',(-0.00824781261263369,0.00751612129607306,0.00494836569390302));
#1535=CARTESIAN_POINT('',(-0.0104786558963937,0.00509353057794394,0.0074118577029368));
#1536=CARTESIAN_POINT('',(-0.0114750481678322,0.00226222820812711,0.00860377765442993));
#1537=CARTESIAN_POINT('',(-0.0114750035129133,0.00100000000000002,0.00869101979014152));
#1538=CARTESIAN_POINT('',(-0.00783857985156854,0.0078470827768225,0.00476036796782054));
#1539=CARTESIAN_POINT('',(-0.00818626059071642,0.00751612129607308,0.00514353549742731));
#1540=CARTESIAN_POINT('',(-0.0104441928187213,0.00509353057794395,0.00763680573130054));
#1541=CARTESIAN_POINT('',(-0.0114749016299546,0.00226222820812711,0.00880680335601154));
#1542=CARTESIAN_POINT('',(-0.0114750028915958,0.00100000000000003,0.0088380553127925));
#1543=CARTESIAN_POINT('',(-0.00779079812316035,0.0078470827768225,0.00489445356498106));
#1544=CARTESIAN_POINT('',(-0.00814109244686136,0.00751612129607308,0.00528060567886691));
#1545=CARTESIAN_POINT('',(-0.010418909341689,0.00509353057794395,0.00778957386644929));
#1546=CARTESIAN_POINT('',(-0.0114751630481757,0.00226222820812711,0.0089396270444296));
#1547=CARTESIAN_POINT('',(-0.0114750055304941,0.00100000000000003,0.00892617558849785));
#1548=CARTESIAN_POINT('',(-0.00774349563793331,0.0078470827768225,0.00501283972550998));
#1549=CARTESIAN_POINT('',(-0.00809924900726418,0.00751612129607308,0.00539569747407048));
#1550=CARTESIAN_POINT('',(-0.0104078737382458,0.00509353057794395,0.00788030890612081));
#1551=CARTESIAN_POINT('',(-0.0114537043311246,0.00226222820812711,0.00900161187115982));
#1552=CARTESIAN_POINT('',(-0.0114645732418587,0.00100000000000003,0.00897852409001564));
#1553=CARTESIAN_POINT('',(-0.00761774927222237,0.0078470827768225,0.00518323170440889));
#1554=CARTESIAN_POINT('',(-0.00798515315384924,0.00751612129607308,0.00555515642336895));
#1555=CARTESIAN_POINT('',(-0.0103656181902584,0.00509353057794395,0.00796512085181872));
#1556=CARTESIAN_POINT('',(-0.0114229230459235,0.00226222820812711,0.00903541658357036));
#1557=CARTESIAN_POINT('',(-0.0114275201132391,0.00100000000000003,0.00903400912880803));
#1558=CARTESIAN_POINT('',(-0.0074902874511049,0.0078470827768225,0.00529344571080528));
#1559=CARTESIAN_POINT('',(-0.00786658536424835,0.00751612129607308,0.00565618630045167));
#1560=CARTESIAN_POINT('',(-0.0103063430568503,0.00509353057794395,0.00800771466313228));
#1561=CARTESIAN_POINT('',(-0.0113969237173543,0.00226222820812711,0.00905995901423079));
#1562=CARTESIAN_POINT('',(-0.0113868273764204,0.00100000000000003,0.00906736361132713));
#1563=CARTESIAN_POINT('',(-0.00735827672397802,0.0078470827768225,0.00538030683423326));
#1564=CARTESIAN_POINT('',(-0.00774195792402093,0.00751612129607308,0.00573469915987165));
#1565=CARTESIAN_POINT('',(-0.0102326575641239,0.00509353057794396,0.00803561863522589));
#1566=CARTESIAN_POINT('',(-0.0113610654870476,0.00226222820812711,0.00908442913438093));
#1567=CARTESIAN_POINT('',(-0.0113404362883007,0.00100000000000003,0.00909218674684826));
#1568=CARTESIAN_POINT('',(-0.00726961179399898,0.0078470827768225,0.00541595030657139));
#1569=CARTESIAN_POINT('',(-0.00765576273359952,0.00751612129607308,0.00576624294543503));
#1570=CARTESIAN_POINT('',(-0.0101646224858469,0.00509353057794395,0.00804396891667646));
#1571=CARTESIAN_POINT('',(-0.011314511653466,0.00226222820812711,0.00910000092888744));
#1572=CARTESIAN_POINT('',(-0.0113011792855961,0.00100000000000003,0.00910000752891749));
#1573=CARTESIAN_POINT('',(-0.00704122333307174,0.00784708277682249,0.00549724807742169));
#1574=CARTESIAN_POINT('',(-0.00742229708212081,0.00751612129607307,0.00584309455591446));
#1575=CARTESIAN_POINT('',(-0.00990442304097835,0.00509353057794395,0.00808697700084403));
#1576=CARTESIAN_POINT('',(-0.011088897026356,0.00226222820812711,0.00910000722169908));
#1577=CARTESIAN_POINT('',(-0.0111511164085337,0.00100000000000003,0.00910000388768033));
#1578=CARTESIAN_POINT('',(-0.00665892095295417,0.00784708277682244,0.00562345788438147));
#1579=CARTESIAN_POINT('',(-0.0070271687439666,0.00751612129607303,0.00596241951042065));
#1580=CARTESIAN_POINT('',(-0.00943433767419245,0.00509353057794391,0.00815385359668046));
#1581=CARTESIAN_POINT('',(-0.0106477725109872,0.0022622282081271,0.00910000303623692));
#1582=CARTESIAN_POINT('',(-0.0108107424137615,0.00100000000000002,0.00910000449249232));
#1583=CARTESIAN_POINT('',(-0.00587643399133822,0.00784708277682241,0.00584323884603138));
#1584=CARTESIAN_POINT('',(-0.00620345541803616,0.00751612129607299,0.00617026092651157));
#1585=CARTESIAN_POINT('',(-0.00835267266288683,0.00509353057794388,0.00827060468853923));
#1586=CARTESIAN_POINT('',(-0.00952250103044736,0.0022622282081271,0.00910000354097858));
#1587=CARTESIAN_POINT('',(-0.0098058740843781,0.00100000000000002,0.00910000280606398));
#1588=CARTESIAN_POINT('',(-0.00446656819902418,0.00784708277682236,0.00614109994838473));
#1589=CARTESIAN_POINT('',(-0.00468641099596758,0.00751612129607294,0.00645203781369776));
#1590=CARTESIAN_POINT('',(-0.00614122365128344,0.00509353057794383,0.00842941624430727));
#1591=CARTESIAN_POINT('',(-0.00700759484580555,0.0022622282081271,0.0091000014474563));
#1592=CARTESIAN_POINT('',(-0.00731808103570687,0.001,0.00910000231814573));
#1593=CARTESIAN_POINT('',(-0.00321162853418278,0.00784708277682228,0.00624424588467136));
#1594=CARTESIAN_POINT('',(-0.00329956526222914,0.00751612129607287,0.00654966231402492));
#1595=CARTESIAN_POINT('',(-0.00388149388237029,0.00509353057794378,0.00848470772432541));
#1596=CARTESIAN_POINT('',(-0.00422800333256753,0.00226222820812708,0.00910000062540916));
#1597=CARTESIAN_POINT('',(-0.00435223246538953,0.001,0.0091));
#1598=CARTESIAN_POINT('',(-0.002375,0.00784708277682228,0.00624424588467136));
#1599=CARTESIAN_POINT('',(-0.002375,0.00751612129607287,0.00654966286974773));
#1600=CARTESIAN_POINT('',(-0.002375,0.00509353057794377,0.00848471266874795));
#1601=CARTESIAN_POINT('',(-0.002375,0.00226222820812708,0.0091));
#1602=CARTESIAN_POINT('',(-0.002375,0.001,0.0091));
#1603=CARTESIAN_POINT('',(-0.00237500000151092,0.00100000000000187,-0.0091));
#1604=CARTESIAN_POINT('',(-0.00237500000144246,0.00140760819782821,-0.00909999999999983));
#1605=CARTESIAN_POINT('',(-0.00237500000133679,0.0021998459806393,-0.00901715193247827));
#1606=CARTESIAN_POINT('',(-0.0023750000012004,0.00344251162330406,-0.0087057666309686));
#1607=CARTESIAN_POINT('',(-0.00237500000106356,0.00464481834749897,-0.0082962740096373));
#1608=CARTESIAN_POINT('',(-0.00237500000089282,0.00607841817561328,-0.00761313731408644));
#1609=CARTESIAN_POINT('',(-0.0023750000007579,0.00711882035390249,-0.00687913566631112));
#1610=CARTESIAN_POINT('',(-0.00237500000068944,0.00759910779692225,-0.00646534393149939));
#1611=CARTESIAN_POINT('',(-0.002375,0.001,-0.0091));
#1612=CARTESIAN_POINT('',(-0.011275,0.001,-0.0091));
#1613=CARTESIAN_POINT('',(-0.00830833333333333,0.001,-0.0091));
#1614=CARTESIAN_POINT('',(-0.00534166666666667,0.001,-0.0091));
#1615=CARTESIAN_POINT('',(-0.002375,0.001,-0.0091));
#1616=CARTESIAN_POINT('',(-0.011275,0.001,-0.0091));
#1617=CARTESIAN_POINT('',(-0.011475,0.001,-0.0089));
#1618=CARTESIAN_POINT('',(-0.011475,0.001,-0.00900471975511966));
#1619=CARTESIAN_POINT('',(-0.0113797197551197,0.001,-0.0091));
#1620=CARTESIAN_POINT('',(-0.011275,0.001,-0.0091));
#1621=CARTESIAN_POINT('',(-0.011475,0.001,-0.0089));
#1622=CARTESIAN_POINT('',(-0.011475,0.001,0.0089));
#1623=CARTESIAN_POINT('',(-0.011475,0.001,0.00296666666666666));
#1624=CARTESIAN_POINT('',(-0.011475,0.001,-0.00296666666666667));
#1625=CARTESIAN_POINT('',(-0.011475,0.001,-0.0089));
#1626=CARTESIAN_POINT('',(-0.011475,0.001,0.0089));
#1627=CARTESIAN_POINT('',(-0.011275,0.001,0.0091));
#1628=CARTESIAN_POINT('',(-0.0113797197551197,0.001,0.0091));
#1629=CARTESIAN_POINT('',(-0.011475,0.001,0.00900471975511966));
#1630=CARTESIAN_POINT('',(-0.011475,0.001,0.0089));
#1631=CARTESIAN_POINT('',(-0.011275,0.001,0.0091));
#1632=CARTESIAN_POINT('',(-0.011475,0.001,0.0091));
#1633=CARTESIAN_POINT('',(-0.002375,0.001,0.0091));
#1634=CARTESIAN_POINT('',(-0.002375,0.00759910779692265,0.00646534393150351));
#1635=CARTESIAN_POINT('',(-0.002375,0.00661605167856962,0.00731229611095755));
#1636=CARTESIAN_POINT('',(-0.002375,0.0049043958634934,0.00829286923299572));
#1637=CARTESIAN_POINT('',(-0.002375,0.00236849121365182,0.00900545108905037));
#1638=CARTESIAN_POINT('',(-0.002375,0.00138532124245383,0.0091));
#1639=CARTESIAN_POINT('',(-0.002375,0.001,0.0091));
#1640=CARTESIAN_POINT('',(0.006725,0.,-0.0091));
#1641=CARTESIAN_POINT('',(0.002375,0.,-0.0091));
#1642=CARTESIAN_POINT('',(0.011275,0.,-0.0091));
#1643=CARTESIAN_POINT('',(-0.011275,0.,-0.0091));
#1644=CARTESIAN_POINT('',(-0.011275,0.,-0.0091));
#1645=CARTESIAN_POINT('',(0.002375,0.001,-0.0091));
#1646=CARTESIAN_POINT('',(0.002375,0.001,-0.0091));
#1647=CARTESIAN_POINT('',(0.002375,0.001,-0.0091));
#1648=CARTESIAN_POINT('',(0.00534166666666667,0.001,-0.0091));
#1649=CARTESIAN_POINT('',(0.00830833333333333,0.001,-0.0091));
#1650=CARTESIAN_POINT('',(0.011275,0.001,-0.0091));
#1651=CARTESIAN_POINT('',(0.011275,0.001,-0.0091));
#1652=CARTESIAN_POINT('',(0.011275,0.,-0.0091));
#1653=CARTESIAN_POINT('',(-0.002375,0.,0.));
#1654=CARTESIAN_POINT('',(0.002375,0.,-0.0073));
#1655=CARTESIAN_POINT('',(0.009675,0.,-0.0073));
#1656=CARTESIAN_POINT('',(-0.009675,0.,-0.0073));
#1657=CARTESIAN_POINT('',(-0.009675,0.,-0.00365));
#1658=CARTESIAN_POINT('',(-0.009675,0.,0.0073));
#1659=CARTESIAN_POINT('',(-0.006025,0.,0.0073));
#1660=CARTESIAN_POINT('',(0.009675,0.,0.0073));
#1661=CARTESIAN_POINT('',(0.009675,0.,0.00365));
#1662=CARTESIAN_POINT('',(0.011275,0.,-0.0089));
#1663=CARTESIAN_POINT('',(0.011475,0.,-0.0089));
#1664=CARTESIAN_POINT('',(0.011475,0.,0.0091));
#1665=CARTESIAN_POINT('',(0.011475,0.,0.0089));
#1666=CARTESIAN_POINT('',(0.011275,0.,0.0089));
#1667=CARTESIAN_POINT('',(0.011275,0.,0.0091));
#1668=CARTESIAN_POINT('',(0.002375,0.,0.0091));
#1669=CARTESIAN_POINT('',(-0.011275,0.,0.0091));
#1670=CARTESIAN_POINT('',(-0.011275,0.,0.0089));
#1671=CARTESIAN_POINT('',(-0.011475,0.,0.0089));
#1672=CARTESIAN_POINT('',(-0.011475,0.,-0.0091));
#1673=CARTESIAN_POINT('',(-0.011475,0.,-0.0089));
#1674=CARTESIAN_POINT('',(-0.011275,0.,-0.0089));
#1675=CARTESIAN_POINT('',(0.004925,0.,-0.0073));
#1676=CARTESIAN_POINT('',(0.002375,0.0057,-0.0052));
#1677=CARTESIAN_POINT('',(0.007575,0.0057,-0.0052));
#1678=CARTESIAN_POINT('',(-0.007575,0.0057,-0.0052));
#1679=CARTESIAN_POINT('',(-0.009675,0.,-0.0073));
#1680=CARTESIAN_POINT('',(0.009675,0.,-0.0073));
#1681=CARTESIAN_POINT('',(-0.002375,0.0057,7.56970244062607E-20));
#1682=CARTESIAN_POINT('',(0.,0.0057,0.));
#1683=CARTESIAN_POINT('',(0.0028,0.0057,0.));
#1684=CARTESIAN_POINT('',(0.002375,0.0057,0.0052));
#1685=CARTESIAN_POINT('',(0.007575,0.0057,0.0052));
#1686=CARTESIAN_POINT('',(-0.007575,0.0057,0.0052));
#1687=CARTESIAN_POINT('',(-0.007575,0.0057,-0.0052));
#1688=CARTESIAN_POINT('',(0.007575,0.0057,0.0052));
#1689=CARTESIAN_POINT('',(-0.002375,0.046,0.));
#1690=CARTESIAN_POINT('',(-0.002375,0.046,0.));
#1691=CARTESIAN_POINT('',(-0.009675,0.,0.0073));
#1692=CARTESIAN_POINT('',(-0.009675,0.,0.0073));
#1693=CARTESIAN_POINT('',(0.009675,0.,0.0073));
#1694=CARTESIAN_POINT('',(-0.009675,0.,-0.0073));
#1695=CARTESIAN_POINT('',(-0.011275,0.,0.0089));
#1696=CARTESIAN_POINT('',(-0.011475,0.,0.0089));
#1697=CARTESIAN_POINT('',(-0.011275,0.,0.0091));
#1698=CARTESIAN_POINT('',(-0.011475,0.,-0.0091));
#1699=CARTESIAN_POINT('',(-0.011475,0.,-0.0089));
#1700=CARTESIAN_POINT('',(-0.011275,0.,-0.0089));
#1701=CARTESIAN_POINT('',(-0.011475,0.,0.0091));
#1702=CARTESIAN_POINT('',(0.011275,0.,0.0091));
#1703=CARTESIAN_POINT('',(0.011275,0.001,0.0091));
#1704=CARTESIAN_POINT('',(0.011275,0.001,0.0091));
#1705=CARTESIAN_POINT('',(0.00830833333333333,0.001,0.0091));
#1706=CARTESIAN_POINT('',(0.00534166666666667,0.001,0.0091));
#1707=CARTESIAN_POINT('',(0.002375,0.001,0.0091));
#1708=CARTESIAN_POINT('',(0.002375,0.001,0.0091));
#1709=CARTESIAN_POINT('',(0.002375,0.001,0.0091));
#1710=CARTESIAN_POINT('',(0.00237499999999995,0.001,0.0091));
#1711=CARTESIAN_POINT('',(-0.002375,0.001,0.0091));
#1712=CARTESIAN_POINT('',(0.00237499999999995,0.00138532124245393,0.0091));
#1713=CARTESIAN_POINT('',(-0.002375,0.00138532124245393,0.0091));
#1714=CARTESIAN_POINT('',(0.00237499999999995,0.00236849121365222,0.00900545108905033));
#1715=CARTESIAN_POINT('',(-0.002375,0.00236849121365222,0.00900545108905033));
#1716=CARTESIAN_POINT('',(0.00237499999999995,0.0049043958634945,0.0082928692329953));
#1717=CARTESIAN_POINT('',(-0.002375,0.0049043958634945,0.0082928692329953));
#1718=CARTESIAN_POINT('',(0.00237499999999995,0.00661605167857099,0.0073122961109567));
#1719=CARTESIAN_POINT('',(-0.002375,0.00661605167857099,0.0073122961109567));
#1720=CARTESIAN_POINT('',(0.00237499999999995,0.00759910779692411,0.00646534393150226));
#1721=CARTESIAN_POINT('',(-0.002375,0.00759910779692411,0.00646534393150226));
#1722=CARTESIAN_POINT('',(0.00237499999999995,0.001,0.0091));
#1723=CARTESIAN_POINT('',(0.00237499999999995,0.00138532124245383,0.0091));
#1724=CARTESIAN_POINT('',(0.00237499999999996,0.00236849121365182,0.00900545108905038));
#1725=CARTESIAN_POINT('',(0.00237499999999998,0.0049043958634934,0.00829286923299571));
#1726=CARTESIAN_POINT('',(0.00237499999999999,0.00661605167856962,0.00731229611095755));
#1727=CARTESIAN_POINT('',(0.002375,0.00759910779692266,0.00646534393150351));
#1728=CARTESIAN_POINT('',(0.002375,0.00759910779692266,0.00646534393150351));
#1729=CARTESIAN_POINT('',(0.002375,0.00759910779692266,0.00646534393150351));
#1730=CARTESIAN_POINT('',(0.002375,0.00733802214774033,0.0061623022119482));
#1731=CARTESIAN_POINT('',(0.002375,0.00759910779692266,0.00646534393150351));
#1732=CARTESIAN_POINT('',(0.002375,0.00770190909915477,0.00637677545067042));
#1733=CARTESIAN_POINT('',(0.002375,0.00775439430589808,0.00623334240795548));
#1734=CARTESIAN_POINT('',(0.002375,0.00773303596998564,0.00609934126980826));
#1735=CARTESIAN_POINT('',(0.002375,0.00773303596998563,0.00609934126980826));
#1736=CARTESIAN_POINT('',(0.002375,0.00773303596998563,0.00609934126980826));
#1737=CARTESIAN_POINT('',(0.002375,0.046,0.));
#1738=CARTESIAN_POINT('',(0.002375,0.046,0.));
#1739=CARTESIAN_POINT('',(0.002375,0.00773303596998501,-0.00609934126980435));
#1740=CARTESIAN_POINT('',(0.002375,0.00773303596998501,-0.00609934126980435));
#1741=CARTESIAN_POINT('',(0.002375,0.00733802214773969,-0.00616230221194427));
#1742=CARTESIAN_POINT('',(0.002375,0.00773303596998501,-0.00609934126980435));
#1743=CARTESIAN_POINT('',(0.002375,0.00775439430589743,-0.00623334240795147));
#1744=CARTESIAN_POINT('',(0.002375,0.00770190909915422,-0.00637677545066629));
#1745=CARTESIAN_POINT('',(0.002375,0.00759910779692225,-0.00646534393149939));
#1746=CARTESIAN_POINT('',(0.002375,0.00759910779692225,-0.00646534393149939));
#1747=CARTESIAN_POINT('',(0.002375,0.00759910779692225,-0.00646534393149939));
#1748=CARTESIAN_POINT('',(0.00237499999999901,0.00759910779692404,-0.00646534393149785));
#1749=CARTESIAN_POINT('',(-0.00237500000151092,0.00759910779692404,-0.00646534393149785));
#1750=CARTESIAN_POINT('',(0.00237499999999901,0.00711882035386964,-0.00687913566633963));
#1751=CARTESIAN_POINT('',(-0.00237500000151092,0.00711882035386964,-0.00687913566633963));
#1752=CARTESIAN_POINT('',(0.002375000000001,0.00607841817549997,-0.00761313731416123));
#1753=CARTESIAN_POINT('',(-0.00237500000150893,0.00607841817549997,-0.00761313731416123));
#1754=CARTESIAN_POINT('',(0.0023750000000014,0.00464481834726845,-0.00829627400973734));
#1755=CARTESIAN_POINT('',(-0.00237500000150853,0.00464481834726845,-0.00829627400973734));
#1756=CARTESIAN_POINT('',(0.00237500000000147,0.00344251162297559,-0.00870576663106801));
#1757=CARTESIAN_POINT('',(-0.00237500000150845,0.00344251162297559,-0.00870576663106801));
#1758=CARTESIAN_POINT('',(0.002375000000002,0.00219984598022276,-0.00901715193255519));
#1759=CARTESIAN_POINT('',(-0.00237500000150793,0.00219984598022276,-0.00901715193255519));
#1760=CARTESIAN_POINT('',(0.00237499999999901,0.00140760819743797,-0.00910000000003141));
#1761=CARTESIAN_POINT('',(-0.00237500000151092,0.00140760819743797,-0.00910000000003141));
#1762=CARTESIAN_POINT('',(0.00237499999999901,0.000999999999649621,-0.0091));
#1763=CARTESIAN_POINT('',(-0.00237500000151092,0.000999999999649621,-0.0091));
#1764=CARTESIAN_POINT('',(0.00237499999999901,0.00759910779692225,-0.00646534393149939));
#1765=CARTESIAN_POINT('',(0.00237499999999909,0.00711882035390249,-0.00687913566631112));
#1766=CARTESIAN_POINT('',(0.00237500000000125,0.00607841817561328,-0.00761313731408644));
#1767=CARTESIAN_POINT('',(0.00237500000000186,0.00464481834749897,-0.0082962740096373));
#1768=CARTESIAN_POINT('',(0.00237500000000209,0.00344251162330406,-0.0087057666309686));
#1769=CARTESIAN_POINT('',(0.00237500000000278,0.00219984598063929,-0.00901715193247826));
#1770=CARTESIAN_POINT('',(0.00237499999999992,0.00140760819782821,-0.00909999999999983));
#1771=CARTESIAN_POINT('',(0.002375,0.00100000000000187,-0.0091));
#1772=CARTESIAN_POINT('',(0.011275,0.,-0.0089));
#1773=CARTESIAN_POINT('',(0.011275,0.001,-0.0091));
#1774=CARTESIAN_POINT('',(0.0113797197551197,0.001,-0.0091));
#1775=CARTESIAN_POINT('',(0.011475,0.001,-0.00900471975511966));
#1776=CARTESIAN_POINT('',(0.011475,0.001,-0.0089));
#1777=CARTESIAN_POINT('',(0.011475,0.001,-0.0089));
#1778=CARTESIAN_POINT('',(0.011475,0.,-0.0089));
#1779=CARTESIAN_POINT('',(0.011475,0.,0.0091));
#1780=CARTESIAN_POINT('',(0.011475,0.,0.0089));
#1781=CARTESIAN_POINT('',(0.011475,0.001,0.0089));
#1782=CARTESIAN_POINT('',(0.011475,0.001,0.0091));
#1783=CARTESIAN_POINT('',(0.011275,0.,0.0089));
#1784=CARTESIAN_POINT('',(0.011475,0.001,0.0089));
#1785=CARTESIAN_POINT('',(0.011475,0.001,0.00900471975511966));
#1786=CARTESIAN_POINT('',(0.0113797197551197,0.001,0.0091));
#1787=CARTESIAN_POINT('',(0.011275,0.001,0.0091));
#1788=CARTESIAN_POINT('',(0.009675,0.,0.0073));
#1789=CARTESIAN_POINT('',(0.0078050681602087,0.00784708499703257,-0.00485472625936489));
#1790=CARTESIAN_POINT('',(0.0102516893867334,0.00553035436515016,-0.00755157541978665));
#1791=CARTESIAN_POINT('',(0.011475,0.00247260004656471,-0.00889999999999929));
#1792=CARTESIAN_POINT('',(0.011475,0.001,-0.00889999999999955));
#1793=CARTESIAN_POINT('',(0.00778804606537156,0.00784708499703257,-0.00490254814813953));
#1794=CARTESIAN_POINT('',(0.0102412059617621,0.00553035436515016,-0.00760693900307148));
#1795=CARTESIAN_POINT('',(0.0114753579906785,0.00247260004656471,-0.00895172142416292));
#1796=CARTESIAN_POINT('',(0.011475,0.001,-0.0089314159265355));
#1797=CARTESIAN_POINT('',(0.00772646603498118,0.00784708499703257,-0.00505475249310154));
#1798=CARTESIAN_POINT('',(0.0102320842259458,0.00553035436515015,-0.00772270602114115));
#1799=CARTESIAN_POINT('',(0.0114423201801642,0.00247260004656474,-0.00901849956147059));
#1800=CARTESIAN_POINT('',(0.0114599098632244,0.001,-0.00899425122575087));
#1801=CARTESIAN_POINT('',(0.00755091304637818,0.00784708499703256,-0.00525347531577334));
#1802=CARTESIAN_POINT('',(0.0101604184624547,0.00553035436515016,-0.0078197662188818));
#1803=CARTESIAN_POINT('',(0.011411548259203,0.00247260004656478,-0.00904683460137306));
#1804=CARTESIAN_POINT('',(0.0114074595484465,0.001,-0.00905561572896386));
#1805=CARTESIAN_POINT('',(0.00736383918143046,0.00784708499703256,-0.00537790761438623));
#1806=CARTESIAN_POINT('',(0.0100484992868058,0.00553035436515016,-0.00786060425273859));
#1807=CARTESIAN_POINT('',(0.0113682213262362,0.00247260004656482,-0.00908246849609063));
#1808=CARTESIAN_POINT('',(0.0113430162385165,0.001,-0.00909165212716534));
#1809=CARTESIAN_POINT('',(0.00726978800777384,0.00784708499703256,-0.00541653360696141));
#1810=CARTESIAN_POINT('',(0.00997283718925833,0.00553035436515016,-0.00786857057881124));
#1811=CARTESIAN_POINT('',(0.0113166449657901,0.00247260004656483,-0.00909986938515512));
#1812=CARTESIAN_POINT('',(0.0113011753664931,0.001,-0.00910004546887761));
#1813=CARTESIAN_POINT('',(0.0071544114928002,0.00784708499703256,-0.00545736547032802));
#1814=CARTESIAN_POINT('',(0.00983953019844663,0.00553035436515016,-0.00789371729444673));
#1815=CARTESIAN_POINT('',(0.0111963788839225,0.00247260004656483,-0.0091001288746138));
#1816=CARTESIAN_POINT('',(0.0112254330570486,0.001,-0.0091000235611549));
#1817=CARTESIAN_POINT('',(0.00700275726160711,0.00784708499703256,-0.00550982548113541));
#1818=CARTESIAN_POINT('',(0.00965943437232561,0.00553035436515016,-0.00792612111591647));
#1819=CARTESIAN_POINT('',(0.0110289394736932,0.00247260004656483,-0.00909999373541451));
#1820=CARTESIAN_POINT('',(0.0111115129842183,0.001,-0.00910002982742226));
#1821=CARTESIAN_POINT('',(0.0066962625314564,0.00784708499703256,-0.00560943256755524));
#1822=CARTESIAN_POINT('',(0.00927712014107962,0.00553035436515016,-0.00798769118286358));
#1823=CARTESIAN_POINT('',(0.0106540404263106,0.00247260004656483,-0.00910003756489281));
#1824=CARTESIAN_POINT('',(0.0108273587059735,0.001,-0.00910002510230806));
#1825=CARTESIAN_POINT('',(0.00584126549414218,0.00784708499703256,-0.00586192940304003));
#1826=CARTESIAN_POINT('',(0.00813962576501283,0.00553035436515015,-0.00814402120090275));
#1827=CARTESIAN_POINT('',(0.00946770601908906,0.00247260004656483,-0.00910001040559662));
#1828=CARTESIAN_POINT('',(0.0098259122136578,0.001,-0.00910002030007688));
#1829=CARTESIAN_POINT('',(0.00438297704256441,0.00784708499703257,-0.00615658632107152));
#1830=CARTESIAN_POINT('',(0.00586031888442504,0.00553035436515017,-0.00832748091111777));
#1831=CARTESIAN_POINT('',(0.00677256487872357,0.00247260004656484,-0.00910002491418475));
#1832=CARTESIAN_POINT('',(0.00712035092566742,0.001,-0.00910001476320302));
#1833=CARTESIAN_POINT('',(0.0030443023554141,0.00784708499703257,-0.00624424383581746));
#1834=CARTESIAN_POINT('',(0.00353674972381037,0.00553035436515016,-0.00838216292481405));
#1835=CARTESIAN_POINT('',(0.00384086355380726,0.00247260004656485,-0.00909999389272324));
#1836=CARTESIAN_POINT('',(0.00395678597231169,0.001,-0.0091));
#1837=CARTESIAN_POINT('',(0.00237499999999891,0.00784708499703257,-0.00624424383581741));
#1838=CARTESIAN_POINT('',(0.00237499999999989,0.00553035436515016,-0.0083821643215852));
#1839=CARTESIAN_POINT('',(0.00237499999999991,0.00247260004656484,-0.0091));
#1840=CARTESIAN_POINT('',(0.002375,0.001,-0.0091));
#1841=CARTESIAN_POINT('',(0.00237499999999901,0.00759910779692225,-0.00646534393149939));
#1842=CARTESIAN_POINT('',(0.00276125580240823,0.00759910775461039,-0.00646534388238808));
#1843=CARTESIAN_POINT('',(0.00336915700761915,0.00760722025170111,-0.00644090669812993));
#1844=CARTESIAN_POINT('',(0.00411987202932838,0.00763170104333502,-0.0063546316852402));
#1845=CARTESIAN_POINT('',(0.00453796779505419,0.00764895269918988,-0.00629083080471551));
#1846=CARTESIAN_POINT('',(0.0048964435529151,0.00766628023752668,-0.00622423384462109));
#1847=CARTESIAN_POINT('',(0.00508885007646736,0.00767668053390849,-0.0061832497835994));
#1848=CARTESIAN_POINT('',(0.00544075806344996,0.0076966555681767,-0.00610238758220685));
#1849=CARTESIAN_POINT('',(0.00590919217574963,0.00772598668123049,-0.00597575010247924));
#1850=CARTESIAN_POINT('',(0.00655224298389506,0.00777030568117921,-0.00576091686281706));
#1851=CARTESIAN_POINT('',(0.00701487712492564,0.0078054593911465,-0.0055673374268893));
#1852=CARTESIAN_POINT('',(0.00725675643894015,0.00782445032554029,-0.00545428629886465));
#1853=CARTESIAN_POINT('',(0.00725669211507376,0.00782419007060242,-0.00545410495519415));
#1854=CARTESIAN_POINT('',(0.00725675480060167,0.00782445345877606,-0.00545428230540476));
#1855=CARTESIAN_POINT('',(0.00726997090987819,0.00782548462006797,-0.00544811469823678));
#1856=CARTESIAN_POINT('',(0.00731364686864573,0.00783034003340346,-0.00542438004217203));
#1857=CARTESIAN_POINT('',(0.00740555850168329,0.00784040834634068,-0.00536261323212014));
#1858=CARTESIAN_POINT('',(0.00753567445084612,0.00784834434243767,-0.00526299201058136));
#1859=CARTESIAN_POINT('',(0.00764401237519475,0.00784704824195178,-0.00514922492489885));
#1860=CARTESIAN_POINT('',(0.00770148857736735,0.00784279367190095,-0.00507629340797265));
#1861=CARTESIAN_POINT('',(0.00770140570862769,0.00784263927321596,-0.00507623710747887));
#1862=CARTESIAN_POINT('',(0.00770148857736735,0.00784279367190095,-0.00507629340797265));
#1863=CARTESIAN_POINT('',(0.00772161746918284,0.00784130366774205,-0.00505075186975933));
#1864=CARTESIAN_POINT('',(0.00775231690142006,0.00783855377406893,-0.0050122516738232));
#1865=CARTESIAN_POINT('',(0.00781760743691644,0.00782676344065112,-0.004905237450726));
#1866=CARTESIAN_POINT('',(0.00782622624952174,0.00782445145140693,-0.00488857471176953));
#1867=CARTESIAN_POINT('',(0.00782970196390036,0.00782366794957711,-0.00488198974557994));
#1868=CARTESIAN_POINT('',(0.00782993418392131,0.00782347357446428,-0.0048821354530914));
#1869=CARTESIAN_POINT('',(0.00782993418392049,0.00782347357446308,-0.00488213545309111));
#1870=CARTESIAN_POINT('',(0.0102599780613039,0.00550961925818875,-0.00756071181769595));
#1871=CARTESIAN_POINT('',(0.011475,0.00246760268596987,-0.0089));
#1872=CARTESIAN_POINT('',(0.011475,0.001,-0.0089));
#1873=CARTESIAN_POINT('',(0.002375,0.00773303596998501,-0.00609934126980435));
#1874=CARTESIAN_POINT('',(0.00253782490245281,0.00773303596998501,-0.00609934126980436));
#1875=CARTESIAN_POINT('',(0.00286364722423476,0.00773424645500354,-0.00609389344580739));
#1876=CARTESIAN_POINT('',(0.00335198449465666,0.00773967405303139,-0.00606919194776646));
#1877=CARTESIAN_POINT('',(0.00383887838530309,0.00774862432649032,-0.00602755626242349));
#1878=CARTESIAN_POINT('',(0.00432356804907958,0.00776095644745859,-0.00596828715622869));
#1879=CARTESIAN_POINT('',(0.00480456297183928,0.00777645115625754,-0.0058905989727876));
#1880=CARTESIAN_POINT('',(0.00528181192708901,0.00779489468513389,-0.005793289524235));
#1881=CARTESIAN_POINT('',(0.00575546636610138,0.00781608494668087,-0.00567479100344632));
#1882=CARTESIAN_POINT('',(0.00614481780608999,0.00783574952111447,-0.00555763080023004));
#1883=CARTESIAN_POINT('',(0.00645229026291032,0.00785253708191905,-0.00545244124040893));
#1884=CARTESIAN_POINT('',(0.0066235230994565,0.00786234836892158,-0.00538894502042452));
#1885=CARTESIAN_POINT('',(0.0067369032052482,0.00786903273885301,-0.00534479755242267));
#1886=CARTESIAN_POINT('',(0.00681227873690122,0.00787352674305027,-0.00531488152390487));
#1887=CARTESIAN_POINT('',(0.00687794467516578,0.00787750760296582,-0.00528807249267557));
#1888=CARTESIAN_POINT('',(0.00693403224829342,0.00788095421224374,-0.00526463359007518));
#1889=CARTESIAN_POINT('',(0.00697137082696422,0.00788326111166275,-0.00524888531481977));
#1890=CARTESIAN_POINT('',(0.00700863719848768,0.00788558223795063,-0.00523295033757029));
#1891=CARTESIAN_POINT('',(0.00704580915531921,0.00788791601901514,-0.00521683699891636));
#1892=CARTESIAN_POINT('',(0.00707367357655322,0.00788967474802591,-0.00520464879468525));
#1893=CARTESIAN_POINT('',(0.00709696632809258,0.0078911527364722,-0.00519436806177799));
#1894=CARTESIAN_POINT('',(0.00711327704501822,0.0078921918176578,-0.00518712002924176));
#1895=CARTESIAN_POINT('',(0.0071214360337216,0.00789271261932091,-0.00518348214848609));
#1896=CARTESIAN_POINT('',(0.00712551575877335,0.00789297329383267,-0.00518166003583882));
#1897=CARTESIAN_POINT('',(0.00712755577914933,0.00789310370476271,-0.00518074813461087));
#1898=CARTESIAN_POINT('',(0.00712872152414792,0.00789317824634735,-0.005180226830069));
#1899=CARTESIAN_POINT('',(0.00712930441202573,0.0078932155218442,-0.00517996607987502));
#1900=CARTESIAN_POINT('',(0.00715658172017515,0.00789496044861914,-0.00516776507885123));
#1901=CARTESIAN_POINT('',(0.00720940132669158,0.00789793996158599,-0.00514069074337865));
#1902=CARTESIAN_POINT('',(0.0072832861034222,0.00790081936884486,-0.00509178122638631));
#1903=CARTESIAN_POINT('',(0.00737408177356222,0.00790268490506955,-0.00501719995780344));
#1904=CARTESIAN_POINT('',(0.00743345714750079,0.0079019400257631,-0.00495134185280394));
#1905=CARTESIAN_POINT('',(0.00746809574810779,0.00790046955838413,-0.00490394288598383));
#1906=CARTESIAN_POINT('',(0.002375,0.00775439430589743,-0.00623334240795148));
#1907=CARTESIAN_POINT('',(0.00253926945852654,0.00775439430589743,-0.00623334240795148));
#1908=CARTESIAN_POINT('',(0.00286798889008612,0.00775560754841245,-0.00622759166426878));
#1909=CARTESIAN_POINT('',(0.00336068818939113,0.0077609271259614,-0.00620149937834211));
#1910=CARTESIAN_POINT('',(0.00385194105738445,0.00776962597582814,-0.006157555774681));
#1911=CARTESIAN_POINT('',(0.00434102614664716,0.00778166734342406,-0.00609508757630852));
#1912=CARTESIAN_POINT('',(0.00482639472640049,0.00779680215273793,-0.00601339256283133));
#1913=CARTESIAN_POINT('',(0.00530799438330734,0.00781479097513841,-0.00591133233542746));
#1914=CARTESIAN_POINT('',(0.00578600385013845,0.00783559122324032,-0.00578747524075126));
#1915=CARTESIAN_POINT('',(0.00617892006035744,0.00785488132205853,-0.00566550289626505));
#1916=CARTESIAN_POINT('',(0.0064891759186417,0.00787140772358662,-0.00555640949643703));
#1917=CARTESIAN_POINT('',(0.00666201403399041,0.00788108952808042,-0.00549066320319459));
#1918=CARTESIAN_POINT('',(0.00677637997500035,0.0078876753556216,-0.00544508454832241));
#1919=CARTESIAN_POINT('',(0.00685239716807975,0.00789210223356376,-0.00541422792252181));
#1920=CARTESIAN_POINT('',(0.00691869851423648,0.00789604086609447,-0.00538653783117986));
#1921=CARTESIAN_POINT('',(0.0069752633720463,0.00789944147631366,-0.00536240159027065));
#1922=CARTESIAN_POINT('',(0.00701291902018341,0.00790171824751651,-0.00534619021183538));
#1923=CARTESIAN_POINT('',(0.00705052867447584,0.00790401358976575,-0.00532977164410665));
#1924=CARTESIAN_POINT('',(0.0070880175320672,0.00790631903037126,-0.00531319833516266));
#1925=CARTESIAN_POINT('',(0.00711612341650898,0.0079080574030944,-0.00530066272229488));
#1926=CARTESIAN_POINT('',(0.00713961964667389,0.00790951883412539,-0.00529009079077625));
#1927=CARTESIAN_POINT('',(0.00715606886974923,0.00791054607403733,-0.00528264253044881));
#1928=CARTESIAN_POINT('',(0.00716429621181269,0.00791106091000355,-0.00527890536548938));
#1929=CARTESIAN_POINT('',(0.00716841000399153,0.00791131859091826,-0.00527703372090313));
#1930=CARTESIAN_POINT('',(0.00717046678591817,0.00791144749705323,-0.00527609729311977));
#1931=CARTESIAN_POINT('',(0.00717164240822743,0.00791152118500731,-0.00527556171487931));
#1932=CARTESIAN_POINT('',(0.00717222966738463,0.00791155802063618,-0.00527529432036308));
#1933=CARTESIAN_POINT('',(0.00719980668505855,0.00791328464140742,-0.0052626998967845));
#1934=CARTESIAN_POINT('',(0.00726041290485824,0.00791621052378996,-0.00522830902328305));
#1935=CARTESIAN_POINT('',(0.0073414524143146,0.00791902997075214,-0.00517224198013213));
#1936=CARTESIAN_POINT('',(0.00744235997084369,0.00792085405490723,-0.00508761457765121));
#1937=CARTESIAN_POINT('',(0.00750886827487152,0.00792015375674792,-0.00501464937523614));
#1938=CARTESIAN_POINT('',(0.00754854879264907,0.00791871917116114,-0.00496217085174709));
#1939=CARTESIAN_POINT('',(0.002375,0.00770190909915422,-0.00637677545066629));
#1940=CARTESIAN_POINT('',(0.00254100364753658,0.00770190909915422,-0.00637677545066629));
#1941=CARTESIAN_POINT('',(0.00287319554569507,0.00770340124665958,-0.00637067916373535));
#1942=CARTESIAN_POINT('',(0.00337109058473214,0.00770996424379853,-0.00634302790566466));
#1943=CARTESIAN_POINT('',(0.00386747744251749,0.00772067327322129,-0.00629651355280465));
#1944=CARTESIAN_POINT('',(0.00436164522899678,0.00773540737119918,-0.00623047643263816));
#1945=CARTESIAN_POINT('',(0.00485196999234305,0.00775376816779883,-0.00614431773198862));
#1946=CARTESIAN_POINT('',(0.00533839183542652,0.00777535793739115,-0.00603698590005251));
#1947=CARTESIAN_POINT('',(0.00582111508299099,0.00779995086587575,-0.00590718217853548));
#1948=CARTESIAN_POINT('',(0.00621781455316875,0.0078223725767103,-0.00577989873147752));
#1949=CARTESIAN_POINT('',(0.00653099222858002,0.00784127693450093,-0.00566650413024553));
#1950=CARTESIAN_POINT('',(0.00670550090019334,0.00785225699158465,-0.00559828515513076));
#1951=CARTESIAN_POINT('',(0.00682089527072903,0.0078596506990515,-0.00555113522088922));
#1952=CARTESIAN_POINT('',(0.00689758216250911,0.00786460290030853,-0.00551924636230105));
#1953=CARTESIAN_POINT('',(0.00696454015422224,0.00786901644686314,-0.00549059095722849));
#1954=CARTESIAN_POINT('',(0.00702160204857621,0.00787279217317994,-0.00546569034388144));
#1955=CARTESIAN_POINT('',(0.00705958783625856,0.00787531638738512,-0.00544897142650259));
#1956=CARTESIAN_POINT('',(0.00709755285674523,0.00787786511556599,-0.00543202356452222));
#1957=CARTESIAN_POINT('',(0.00713537135922637,0.0078804110157822,-0.0054149465028653));
#1958=CARTESIAN_POINT('',(0.00716372809858624,0.00788232939242447,-0.00540203057085188));
#1959=CARTESIAN_POINT('',(0.00718743558217454,0.00788394048211354,-0.00539113996511788));
#1960=CARTESIAN_POINT('',(0.00720402886747922,0.00788507034823635,-0.0053834725302115));
#1961=CARTESIAN_POINT('',(0.00721232737031381,0.00788563599829934,-0.00537962667053939));
#1962=CARTESIAN_POINT('',(0.00721647663458426,0.00788591900055797,-0.00537770080162438));
#1963=CARTESIAN_POINT('',(0.00721855089139263,0.00788606045815859,-0.00537673751338879));
#1964=CARTESIAN_POINT('',(0.00721973678560685,0.00788614142282012,-0.00537618631714452));
#1965=CARTESIAN_POINT('',(0.0072203286374631,0.00788618169144508,-0.0053759116277394));
#1966=CARTESIAN_POINT('',(0.00724821168911229,0.0078881031934656,-0.00536288972381412));
#1967=CARTESIAN_POINT('',(0.00731631189673747,0.00789365879922133,-0.00532091529872823));
#1968=CARTESIAN_POINT('',(0.00740437276941109,0.00789793831897055,-0.00525751181278101));
#1969=CARTESIAN_POINT('',(0.00751528933818876,0.00790094249444033,-0.00516268536741472));
#1970=CARTESIAN_POINT('',(0.00758899811355106,0.00789988432962755,-0.00508262138744566));
#1971=CARTESIAN_POINT('',(0.00763382483672716,0.0078975818912265,-0.00502514531539139));
#1972=CARTESIAN_POINT('',(0.002375,0.00759910779692225,-0.00646534393149939));
#1973=CARTESIAN_POINT('',(0.00254224422836846,0.00759910779692225,-0.00646534393149939));
#1974=CARTESIAN_POINT('',(0.00287693283585534,0.00760095763054691,-0.00645921504343234));
#1975=CARTESIAN_POINT('',(0.0033786024602822,0.00760921892654746,-0.00643147729968903));
#1976=CARTESIAN_POINT('',(0.00387879885547893,0.00762276404243604,-0.00638481160226292));
#1977=CARTESIAN_POINT('',(0.00437686652769689,0.00764132349578426,-0.00631839354599067));
#1978=CARTESIAN_POINT('',(0.00487114974868246,0.00766437033626403,-0.00623155828912862));
#1979=CARTESIAN_POINT('',(0.00536159260822803,0.00769135875258128,-0.00612316129728479));
#1980=CARTESIAN_POINT('',(0.00584842591684305,0.00772171477275078,-0.00599171652362896));
#1981=CARTESIAN_POINT('',(0.00624855274745199,0.00774906454945783,-0.00586264792353228));
#1982=CARTESIAN_POINT('',(0.00656443881694035,0.00777176154873924,-0.0057475799145643));
#1983=CARTESIAN_POINT('',(0.00674050476024774,0.00778482614348539,-0.00567830683098615));
#1984=CARTESIAN_POINT('',(0.00685687291438931,0.00779354039346689,-0.00563047194276549));
#1985=CARTESIAN_POINT('',(0.00693419701739615,0.00779935608829667,-0.00559812744061404));
#1986=CARTESIAN_POINT('',(0.00700176916498778,0.0078045382078044,-0.00556901959716752));
#1987=CARTESIAN_POINT('',(0.00705930554714575,0.00780893339731464,-0.00554376358960329));
#1988=CARTESIAN_POINT('',(0.00709760672403578,0.00781186657865027,-0.00552680659039199));
#1989=CARTESIAN_POINT('',(0.00713590715461497,0.00781483061990803,-0.00550960347567527));
#1990=CARTESIAN_POINT('',(0.00717404062301838,0.00781777464559024,-0.00549228360907433));
#1991=CARTESIAN_POINT('',(0.00720263645996922,0.00781999068327574,-0.00547918230296215));
#1992=CARTESIAN_POINT('',(0.00722654505870982,0.00782184923655466,-0.00546813490402408));
#1993=CARTESIAN_POINT('',(0.00724327610357645,0.00782314937105559,-0.00546035936593133));
#1994=CARTESIAN_POINT('',(0.00725164280293862,0.00782379945451544,-0.00545645981153858));
#1995=CARTESIAN_POINT('',(0.00725582607574476,0.00782412455859318,-0.00545450713367579));
#1996=CARTESIAN_POINT('',(0.00725791713484501,0.00782428690625772,-0.00545353056816528));
#1997=CARTESIAN_POINT('',(0.00725911284964735,0.00782437996601318,-0.00545297163953853));
#1998=CARTESIAN_POINT('',(0.00725970919452403,0.00782442597386675,-0.00545269335726631));
#1999=CARTESIAN_POINT('',(0.00728787250639574,0.00782666739598765,-0.00543945730669769));
#2000=CARTESIAN_POINT('',(0.00736183013467741,0.00783641549200028,-0.00539329776076657));
#2001=CARTESIAN_POINT('',(0.00745548574542379,0.00784310901226854,-0.00532508368889062));
#2002=CARTESIAN_POINT('',(0.00757416038794782,0.0078480546031771,-0.00522316598541597));
#2003=CARTESIAN_POINT('',(0.00765314448847385,0.0078463713160617,-0.00513763624868961));
#2004=CARTESIAN_POINT('',(0.00770140570862768,0.00784263927321596,-0.00507623710747888));
#2005=CARTESIAN_POINT('',(0.002375,0.00773303596998501,-0.00609934126980435));
#2006=CARTESIAN_POINT('',(0.00253782490245281,0.00773303596998501,-0.00609934126980436));
#2007=CARTESIAN_POINT('',(0.00286364722423476,0.00773424645500354,-0.00609389344580739));
#2008=CARTESIAN_POINT('',(0.00335198449465666,0.00773967405303139,-0.00606919194776646));
#2009=CARTESIAN_POINT('',(0.00383887838530309,0.00774862432649032,-0.00602755626242349));
#2010=CARTESIAN_POINT('',(0.00432356804907958,0.00776095644745859,-0.00596828715622869));
#2011=CARTESIAN_POINT('',(0.00480456297183928,0.00777645115625754,-0.0058905989727876));
#2012=CARTESIAN_POINT('',(0.00528181192708901,0.00779489468513389,-0.005793289524235));
#2013=CARTESIAN_POINT('',(0.00575546636610138,0.00781608494668087,-0.00567479100344632));
#2014=CARTESIAN_POINT('',(0.00614481780608999,0.00783574952111447,-0.00555763080023004));
#2015=CARTESIAN_POINT('',(0.00645229026291032,0.00785253708191905,-0.00545244124040893));
#2016=CARTESIAN_POINT('',(0.0066235230994565,0.00786234836892158,-0.00538894502042452));
#2017=CARTESIAN_POINT('',(0.0067369032052482,0.00786903273885301,-0.00534479755242267));
#2018=CARTESIAN_POINT('',(0.00681227873690122,0.00787352674305027,-0.00531488152390487));
#2019=CARTESIAN_POINT('',(0.00687794467516578,0.00787750760296582,-0.00528807249267557));
#2020=CARTESIAN_POINT('',(0.00693403224829342,0.00788095421224374,-0.00526463359007518));
#2021=CARTESIAN_POINT('',(0.00697137082696422,0.00788326111166275,-0.00524888531481977));
#2022=CARTESIAN_POINT('',(0.00700863719848768,0.00788558223795063,-0.00523295033757029));
#2023=CARTESIAN_POINT('',(0.00704580915531921,0.00788791601901514,-0.00521683699891636));
#2024=CARTESIAN_POINT('',(0.00707367357655322,0.00788967474802591,-0.00520464879468525));
#2025=CARTESIAN_POINT('',(0.00709696632809258,0.0078911527364722,-0.00519436806177799));
#2026=CARTESIAN_POINT('',(0.00711327704501822,0.0078921918176578,-0.00518712002924176));
#2027=CARTESIAN_POINT('',(0.0071214360337216,0.00789271261932091,-0.00518348214848609));
#2028=CARTESIAN_POINT('',(0.00712551575877335,0.00789297329383267,-0.00518166003583882));
#2029=CARTESIAN_POINT('',(0.00712755577914933,0.00789310370476271,-0.00518074813461087));
#2030=CARTESIAN_POINT('',(0.00712872152414792,0.00789317824634735,-0.005180226830069));
#2031=CARTESIAN_POINT('',(0.00712930441202573,0.0078932155218442,-0.00517996607987502));
#2032=CARTESIAN_POINT('',(0.00715658172017515,0.00789496044861914,-0.00516776507885123));
#2033=CARTESIAN_POINT('',(0.00720940132669158,0.00789793996158599,-0.00514069074337865));
#2034=CARTESIAN_POINT('',(0.0072832861034222,0.00790081936884486,-0.00509178122638631));
#2035=CARTESIAN_POINT('',(0.00737408177356222,0.00790268490506955,-0.00501719995780344));
#2036=CARTESIAN_POINT('',(0.00743345714750079,0.0079019400257631,-0.00495134185280394));
#2037=CARTESIAN_POINT('',(0.00746809574810779,0.00790046955838413,-0.00490394288598383));
#2038=CARTESIAN_POINT('',(0.00746809574810779,0.00790046955838413,-0.00490394288598383));
#2039=CARTESIAN_POINT('',(0.0074680957465125,0.00790046955845185,-0.00490394288816681));
#2040=CARTESIAN_POINT('',(0.00754854879082157,0.00791871917122721,-0.00496217085416401));
#2041=CARTESIAN_POINT('',(0.00763382483466265,0.00789758189133254,-0.00502514531803847));
#2042=CARTESIAN_POINT('',(0.00770140570640499,0.00784263927338784,-0.00507623711030664));
#2043=CARTESIAN_POINT('',(0.002375,0.00784703813980269,0.0062442870762256));
#2044=CARTESIAN_POINT('',(0.00237499999999997,0.00553031313539999,0.00838217400063042));
#2045=CARTESIAN_POINT('',(0.00237499999999996,0.00247259011852038,0.0091));
#2046=CARTESIAN_POINT('',(0.00237499999999995,0.001,0.0091));
#2047=CARTESIAN_POINT('',(0.0030443123154018,0.00784703813980269,0.0062442870762256));
#2048=CARTESIAN_POINT('',(0.00353674658572986,0.00553031313539999,0.00838218227530954));
#2049=CARTESIAN_POINT('',(0.00384067855805322,0.00247259011852038,0.00910010618387137));
#2050=CARTESIAN_POINT('',(0.00395678597231159,0.001,0.0091));
#2051=CARTESIAN_POINT('',(0.00471766945529273,0.00784703813980266,0.00613488658074233));
#2052=CARTESIAN_POINT('',(0.00644123107030862,0.00553031313539996,0.00831396905321091));
#2053=CARTESIAN_POINT('',(0.00750595120501247,0.00247259011852038,0.0090998015257268));
#2054=CARTESIAN_POINT('',(0.00791127159074701,0.001,0.00910004660659973));
#2055=CARTESIAN_POINT('',(0.00632446342917597,0.00784703813980253,0.00575173711600923));
#2056=CARTESIAN_POINT('',(0.00888049982862219,0.00553031313539983,0.00807500682289591));
#2057=CARTESIAN_POINT('',(0.0103320236603889,0.00247259011852036,0.00910024940377457));
#2058=CARTESIAN_POINT('',(0.0106803263087517,0.00099999999999998,0.00909994222483989));
#2059=CARTESIAN_POINT('',(0.00729363566005322,0.00784703813980248,0.00540845714434974));
#2060=CARTESIAN_POINT('',(0.0100003930055107,0.00553031313539978,0.00786370203620017));
#2061=CARTESIAN_POINT('',(0.0113421478556973,0.00247259011852035,0.00909969610389971));
#2062=CARTESIAN_POINT('',(0.0113169341989821,0.000999999999999972,0.00910011448320724));
#2063=CARTESIAN_POINT('',(0.00746270104773442,0.00784703813980247,0.0053322968153659));
#2064=CARTESIAN_POINT('',(0.0101160495205608,0.00553031313539978,0.00785353816481823));
#2065=CARTESIAN_POINT('',(0.0113985542543327,0.00247259011852035,0.00906076170676184));
#2066=CARTESIAN_POINT('',(0.0113795168979012,0.000999999999999972,0.00907953152071204));
#2067=CARTESIAN_POINT('',(0.0076827062587031,0.00784703813980247,0.00511197134667355));
#2068=CARTESIAN_POINT('',(0.0102171851776071,0.00553031313539977,0.00775208351761551));
#2069=CARTESIAN_POINT('',(0.0114318337579977,0.00247259011852035,0.00902608879107381));
#2070=CARTESIAN_POINT('',(0.0114470189975629,0.000999999999999972,0.00901199636001526));
#2071=CARTESIAN_POINT('',(0.0077712646017801,0.00784703813980247,0.00494680082824792));
#2072=CARTESIAN_POINT('',(0.010237431197704,0.00553031313539978,0.00764473515305138));
#2073=CARTESIAN_POINT('',(0.0114674842470891,0.00247259011852035,0.00897866497391528));
#2074=CARTESIAN_POINT('',(0.0114717511187065,0.000999999999999972,0.00895238286987846));
#2075=CARTESIAN_POINT('',(0.0077992644003728,0.00784703813980247,0.0048706971625572));
#2076=CARTESIAN_POINT('',(0.010248029864224,0.00553031313539977,0.00756998789463733));
#2077=CARTESIAN_POINT('',(0.0114750068682001,0.00247259011852035,0.00891650337188457));
#2078=CARTESIAN_POINT('',(0.0114749866260107,0.000999999999999972,0.00891046278276271));
#2079=CARTESIAN_POINT('',(0.00785884177216201,0.00784703813980248,0.00470394437017284));
#2080=CARTESIAN_POINT('',(0.010284869648505,0.00553031313539977,0.00737729886512351));
#2081=CARTESIAN_POINT('',(0.0114749972843993,0.00247259011852036,0.00874297025186524));
#2082=CARTESIAN_POINT('',(0.0114750056960876,0.000999999999999972,0.00880089420278656));
#2083=CARTESIAN_POINT('',(0.00796094209489993,0.00784703813980251,0.00439892633796456));
#2084=CARTESIAN_POINT('',(0.0103479122732335,0.00553031313539981,0.00700543089926577));
#2085=CARTESIAN_POINT('',(0.0114749986884753,0.00247259011852038,0.00838689516252602));
#2086=CARTESIAN_POINT('',(0.0114749960570603,0.000999999999999976,0.00854340727780111));
#2087=CARTESIAN_POINT('',(0.00814481074732105,0.00784703813980252,0.00377711885480102));
#2088=CARTESIAN_POINT('',(0.01046183450525,0.00553031313539982,0.00617817584129193));
#2089=CARTESIAN_POINT('',(0.0114750007106908,0.00247259011852041,0.00752411380733642));
#2090=CARTESIAN_POINT('',(0.011475001764683,0.000999999999999977,0.00781508219965247));
#2091=CARTESIAN_POINT('',(0.00841042231288796,0.00784703813980257,0.00266140286795647));
#2092=CARTESIAN_POINT('',(0.0106266106076677,0.00553031313539987,0.0045355062272681));
#2093=CARTESIAN_POINT('',(0.0114749985615693,0.00247259011852046,0.00566241728927691));
#2094=CARTESIAN_POINT('',(0.011474998066438,0.000999999999999984,0.00604265584611021));
#2095=CARTESIAN_POINT('',(0.0088075790326772,0.00784703813980265,-0.00031497496328642));
#2096=CARTESIAN_POINT('',(0.0108753689622603,0.00553031313539996,-0.000441614748576316));
#2097=CARTESIAN_POINT('',(0.0114750015743683,0.0024725901185206,-0.000481652760428569));
#2098=CARTESIAN_POINT('',(0.0114750020767022,0.001,-0.000435284896400618));
#2099=CARTESIAN_POINT('',(0.00844950262221072,0.00784703813980269,-0.00304442534910308));
#2100=CARTESIAN_POINT('',(0.0106493165709328,0.00553031313540001,-0.00545971639580749));
#2101=CARTESIAN_POINT('',(0.0114750003124485,0.00247259011852072,-0.00701516332438105));
#2102=CARTESIAN_POINT('',(0.011475,0.001,-0.00771071583387501));
#2103=CARTESIAN_POINT('',(0.0078051176442818,0.00784703813980269,-0.00485478080441733));
#2104=CARTESIAN_POINT('',(0.010251705881427,0.00553031313540001,-0.00755159360147443));
#2105=CARTESIAN_POINT('',(0.011475,0.00247259011852083,-0.00890000000000252));
#2106=CARTESIAN_POINT('',(0.011475,0.001,-0.00890000000000158));
#2107=CARTESIAN_POINT('',(0.00782973004237188,0.00782366795080371,-0.00488191043298655));
#2108=CARTESIAN_POINT('',(0.0078340004142934,0.00782246604380291,-0.00487480491066427));
#2109=CARTESIAN_POINT('',(0.00786222931375609,0.00781708994033244,-0.0048177328853215));
#2110=CARTESIAN_POINT('',(0.00796077258644092,0.00779996853895469,-0.00459924670082833));
#2111=CARTESIAN_POINT('',(0.00808142800470987,0.00777842055485625,-0.00430559277286748));
#2112=CARTESIAN_POINT('',(0.00818306214325316,0.00775890700220282,-0.00402797172325815));
#2113=CARTESIAN_POINT('',(0.00824103656258217,0.00774733048142615,-0.00386030032712804));
#2114=CARTESIAN_POINT('',(0.00829522973803372,0.00773606566722206,-0.00369466881474607));
#2115=CARTESIAN_POINT('',(0.00831459237973849,0.00773191600888525,-0.00363265230722934));
#2116=CARTESIAN_POINT('',(0.00835079774987071,0.00772413625506974,-0.0035152734752787));
#2117=CARTESIAN_POINT('',(0.00840517363285646,0.00771213405759205,-0.00332945403089214));
#2118=CARTESIAN_POINT('',(0.00847590551673675,0.00769586980034349,-0.00306621967326067));
#2119=CARTESIAN_POINT('',(0.00854736670511886,0.00767850920951236,-0.00276325454017808));
#2120=CARTESIAN_POINT('',(0.00860229417470641,0.00766460032050493,-0.0025042105089456));
#2121=CARTESIAN_POINT('',(0.00866479148683254,0.0076482763197099,-0.0021649225348868));
#2122=CARTESIAN_POINT('',(0.00872968136930965,0.00763081330305497,-0.00174208759000525));
#2123=CARTESIAN_POINT('',(0.00881530913276059,0.00760673065182361,-0.000992967996720335));
#2124=CARTESIAN_POINT('',(0.0088568096117221,0.00759363084647622,7.19742088204141E-6));
#2125=CARTESIAN_POINT('',(0.008815488825849,0.00760753084259692,0.000999284818608942));
#2126=CARTESIAN_POINT('',(0.00872882729027792,0.0076318800417907,0.00175098298346599));
#2127=CARTESIAN_POINT('',(0.0086649198036116,0.00764900328645549,0.00216752507837083));
#2128=CARTESIAN_POINT('',(0.00859855702721275,0.00766613636066452,0.0025240654823258));
#2129=CARTESIAN_POINT('',(0.00855740210034448,0.00767651536163096,0.00271712081890846));
#2130=CARTESIAN_POINT('',(0.00847657010047204,0.00769639431872559,0.0030686364849494));
#2131=CARTESIAN_POINT('',(0.00829908560469398,0.00773734952508792,0.00372511375106263));
#2132=CARTESIAN_POINT('',(0.00805546978787228,0.00778592533416368,0.00440154026568047));
#2133=CARTESIAN_POINT('',(0.00782937905742521,0.00782380938768737,0.00488184760798283));
#2134=CARTESIAN_POINT('',(0.00782955777782256,0.00782407063913081,0.00488191112931452));
#2135=CARTESIAN_POINT('',(0.00782937905742444,0.0078238093876875,0.00488184760798447));
#2136=CARTESIAN_POINT('',(0.00782798105341725,0.00782404363903663,0.00488481752890028));
#2137=CARTESIAN_POINT('',(0.00782360793393266,0.00782552039298487,0.00489419799696906));
#2138=CARTESIAN_POINT('',(0.0077583496088385,0.00783758982116751,0.00500257986159108));
#2139=CARTESIAN_POINT('',(0.00770628874315665,0.00784254829429017,0.00507135421485299));
#2140=CARTESIAN_POINT('',(0.00758241283732648,0.00784931930328252,0.00521716253541175));
#2141=CARTESIAN_POINT('',(0.00744038258228223,0.00784294298091244,0.00534339895923226));
#2142=CARTESIAN_POINT('',(0.00729446010422442,0.00783049512122795,0.00543242924700483));
#2143=CARTESIAN_POINT('',(0.00725660932359137,0.0078247438288777,0.00545422293667086));
#2144=CARTESIAN_POINT('',(0.00725649297140111,0.00782426367872747,0.00545389415122336));
#2145=CARTESIAN_POINT('',(0.00725660932244948,0.00782474382874187,0.00545422293727332));
#2146=CARTESIAN_POINT('',(0.00724239430353027,0.00782305450355374,0.00546172040215931));
#2147=CARTESIAN_POINT('',(0.00717484834416566,0.00781690628858034,0.00549454637878806));
#2148=CARTESIAN_POINT('',(0.00695027237895581,0.0077992336697075,0.00559503385154824));
#2149=CARTESIAN_POINT('',(0.0066600853267519,0.00777773331401514,0.0057135490636979));
#2150=CARTESIAN_POINT('',(0.00638986749994374,0.00775852146009627,0.00581231863112831));
#2151=CARTESIAN_POINT('',(0.00622777351723541,0.00774719406656112,0.00586841588327045));
#2152=CARTESIAN_POINT('',(0.00606751761873221,0.00773615559725987,0.00592101429970415));
#2153=CARTESIAN_POINT('',(0.00601007779542882,0.0077322677201065,0.005939029341014));
#2154=CARTESIAN_POINT('',(0.00589813093021948,0.00772477435564989,0.00597375551712589));
#2155=CARTESIAN_POINT('',(0.00571988781054366,0.00771318581913703,0.00602629983658693));
#2156=CARTESIAN_POINT('',(0.00546068294264061,0.00769716328572326,0.00609655548834347));
#2157=CARTESIAN_POINT('',(0.00515650955457381,0.00767982674914096,0.00616904201665075));
#2158=CARTESIAN_POINT('',(0.00477568569332148,0.00765965257885064,0.00624983534220362));
#2159=CARTESIAN_POINT('',(0.00420902306180213,0.00763431891703126,0.00634569995313936));
#2160=CARTESIAN_POINT('',(0.00336961889625089,0.00760755120085089,0.00643980317554293));
#2161=CARTESIAN_POINT('',(0.00275780655470096,0.00759910811156206,0.00646534429670499));
#2162=CARTESIAN_POINT('',(0.002375,0.00759910779692266,0.00646534393150351));
#2163=CARTESIAN_POINT('',(0.00746809574810779,0.00790046955838413,-0.00490394288598383));
#2164=CARTESIAN_POINT('',(0.00750212911529029,0.00789902478419114,-0.00485737211194587));
#2165=CARTESIAN_POINT('',(0.00753134492701729,0.00789659845810955,-0.00480715495856595));
#2166=CARTESIAN_POINT('',(0.0075651460472226,0.00789175576303651,-0.00473151673209671));
#2167=CARTESIAN_POINT('',(0.00758559826796689,0.00788882100213076,-0.0046853118438436));
#2168=CARTESIAN_POINT('',(0.00762581385421312,0.00788298962312325,-0.00459232730668709));
#2169=CARTESIAN_POINT('',(0.00769413762049641,0.00787294551216227,-0.00442889412653747));
#2170=CARTESIAN_POINT('',(0.00782275566513895,0.00785345735116254,-0.00409846575377631));
#2171=CARTESIAN_POINT('',(0.00804865114001084,0.00781708467309081,-0.0034248530494164));
#2172=CARTESIAN_POINT('',(0.00837732111493855,0.00775620804827882,-0.00202970400113356));
#2173=CARTESIAN_POINT('',(0.00853844374156875,0.00771728064471289,7.32961618834263E-6));
#2174=CARTESIAN_POINT('',(0.00834395993100022,0.0077645254589587,0.00244520318804497));
#2175=CARTESIAN_POINT('',(0.00788611988381702,0.00784601983039072,0.00401545630829835));
#2176=CARTESIAN_POINT('',(0.00754959426905431,0.00789397211135479,0.00476622579341983));
#2177=CARTESIAN_POINT('',(0.00752773807980276,0.00789679328412861,0.00481244438110535));
#2178=CARTESIAN_POINT('',(0.00747494579990849,0.00790086961990678,0.00490055097444934));
#2179=CARTESIAN_POINT('',(0.00735094386967052,0.00790359207090397,0.00504824965850935));
#2180=CARTESIAN_POINT('',(0.00722305650799283,0.00789922763400755,0.0051381494116502));
#2181=CARTESIAN_POINT('',(0.00708350095901794,0.00789029131724537,0.00520050230570583));
#2182=CARTESIAN_POINT('',(0.00699089656692387,0.00788444813185273,0.00524102899878567));
#2183=CARTESIAN_POINT('',(0.00680419767644719,0.00787297056242183,0.00531906819367351));
#2184=CARTESIAN_POINT('',(0.00647362808182069,0.00785347176656234,0.00544769419763074));
#2185=CARTESIAN_POINT('',(0.00580003599520063,0.00781710175484839,0.00567377404375499));
#2186=CARTESIAN_POINT('',(0.00440460162432381,0.00775619777077519,0.00600198668030255));
#2187=CARTESIAN_POINT('',(0.00318725641320228,0.00773303596998563,0.00609934126980824));
#2188=CARTESIAN_POINT('',(0.002375,0.00773303596998563,0.00609934126980824));
#2189=CARTESIAN_POINT('',(0.00754854879264907,0.00791871917116115,-0.00496217085174709));
#2190=CARTESIAN_POINT('',(0.00758753598057957,0.00791730965180488,-0.00491060927513025));
#2191=CARTESIAN_POINT('',(0.00762306792759698,0.00791493751895226,-0.00485392315214731));
#2192=CARTESIAN_POINT('',(0.00766291936995112,0.00791014831504987,-0.00477177060827702));
#2193=CARTESIAN_POINT('',(0.00768269702874024,0.00790724557585458,-0.00472659710904864));
#2194=CARTESIAN_POINT('',(0.00772472976136921,0.00790148504577505,-0.00463205611835987));
#2195=CARTESIAN_POINT('',(0.0077945579714401,0.00789156576707129,-0.00446783879339757));
#2196=CARTESIAN_POINT('',(0.00792757345839583,0.00787236317972427,-0.00413427197063464));
#2197=CARTESIAN_POINT('',(0.00816131042266214,0.00783660009992516,-0.00345550416501517));
#2198=CARTESIAN_POINT('',(0.00850533634400896,0.00777698082371834,-0.00204748861567907));
#2199=CARTESIAN_POINT('',(0.00867687996337967,0.00773923193045228,6.86229855950551E-6));
#2200=CARTESIAN_POINT('',(0.00846913866957764,0.00778503790052105,0.0024680246793725));
#2201=CARTESIAN_POINT('',(0.00799240688855051,0.00786483132686951,0.00404998689310853));
#2202=CARTESIAN_POINT('',(0.00764518583403521,0.00791228507493426,0.00480884466491407));
#2203=CARTESIAN_POINT('',(0.00761788433095005,0.0079150575446765,0.00486091980128964));
#2204=CARTESIAN_POINT('',(0.00755587682894084,0.00791904048814796,0.00495833428019366));
#2205=CARTESIAN_POINT('',(0.00741683441099133,0.00792168014228871,0.00512109958494915));
#2206=CARTESIAN_POINT('',(0.00727477404390425,0.00791745408239443,0.00522521834394656));
#2207=CARTESIAN_POINT('',(0.0071228182650796,0.00790862565059636,0.00529914794031639));
#2208=CARTESIAN_POINT('',(0.00703254590507781,0.00790284969522246,0.00533807544102473));
#2209=CARTESIAN_POINT('',(0.00684211623821226,0.00789152094313041,0.00542032419411832));
#2210=CARTESIAN_POINT('',(0.00651033698802938,0.00787229432843538,0.00555167272192327));
#2211=CARTESIAN_POINT('',(0.00583009807292247,0.00783652162219897,0.00578683858663495));
#2212=CARTESIAN_POINT('',(0.00442312588128329,0.00777706575896284,0.00612969266358991));
#2213=CARTESIAN_POINT('',(0.00319446262009966,0.00775439430589808,0.00623334240795547));
#2214=CARTESIAN_POINT('',(0.002375,0.00775439430589808,0.00623334240795547));
#2215=CARTESIAN_POINT('',(0.00763382483672716,0.0078975818912265,-0.00502514531539139));
#2216=CARTESIAN_POINT('',(0.00767786831142607,0.00789531968287672,-0.00496867351138798));
#2217=CARTESIAN_POINT('',(0.00771992103512469,0.00789105948908908,-0.00490572269535687));
#2218=CARTESIAN_POINT('',(0.00776608569309753,0.00788376085515751,-0.00481730019326196));
#2219=CARTESIAN_POINT('',(0.00778520029055708,0.0078810599507874,-0.00477307675531503));
#2220=CARTESIAN_POINT('',(0.00782918247842503,0.00787443190204596,-0.00467698263651246));
#2221=CARTESIAN_POINT('',(0.00790069366565594,0.00786362950700767,-0.004511895391798));
#2222=CARTESIAN_POINT('',(0.00803852285499929,0.00784197936127915,-0.00417507972135891));
#2223=CARTESIAN_POINT('',(0.00828094532903104,0.00780124585488438,-0.00349080473787431));
#2224=CARTESIAN_POINT('',(0.00864205864606551,0.00773022441688329,-0.00206883697569949));
#2225=CARTESIAN_POINT('',(0.00882522076649617,0.00768262586053719,6.41879327393565E-6));
#2226=CARTESIAN_POINT('',(0.00860275158993483,0.00774068502763351,0.00249510122969408));
#2227=CARTESIAN_POINT('',(0.00810489092849638,0.00783425805566164,0.00408953398363636));
#2228=CARTESIAN_POINT('',(0.00774605001363212,0.00788690996699583,0.00485666355023106));
#2229=CARTESIAN_POINT('',(0.00771308576928551,0.00789184146899018,0.00491436078506524));
#2230=CARTESIAN_POINT('',(0.00764160565394955,0.00789810168587002,0.00502085644823366));
#2231=CARTESIAN_POINT('',(0.00748726969124233,0.00790257733423964,0.00519853725046419));
#2232=CARTESIAN_POINT('',(0.00733133428447753,0.00789538585269596,0.00531723467764174));
#2233=CARTESIAN_POINT('',(0.00716744112216519,0.00788184275186045,0.00540323551325169));
#2234=CARTESIAN_POINT('',(0.00707932696495544,0.00787654302761856,0.00544058001827811));
#2235=CARTESIAN_POINT('',(0.00688519767933291,0.00786323334219028,0.0055273265681207));
#2236=CARTESIAN_POINT('',(0.00655200805336745,0.00784221465827845,0.00566176131869568));
#2237=CARTESIAN_POINT('',(0.00586483861141861,0.00780100675009198,0.00590690459633955));
#2238=CARTESIAN_POINT('',(0.00444516888204736,0.00773041416235241,0.00626607810208842));
#2239=CARTESIAN_POINT('',(0.00320311366870398,0.00770190909915478,0.00637677545067042));
#2240=CARTESIAN_POINT('',(0.002375,0.00770190909915478,0.00637677545067042));
#2241=CARTESIAN_POINT('',(0.00770140570862768,0.00784263927321596,-0.00507623710747888));
#2242=CARTESIAN_POINT('',(0.00774882367001722,0.00783897243961748,-0.00501591078133127));
#2243=CARTESIAN_POINT('',(0.00779477034917676,0.00783164593374836,-0.00494797596961186));
#2244=CARTESIAN_POINT('',(0.00784418035563966,0.00782038448570935,-0.0048546748822574));
#2245=CARTESIAN_POINT('',(0.00786293650926937,0.00781797153905698,-0.00481108920203501));
#2246=CARTESIAN_POINT('',(0.00790788117977279,0.00780993280286377,-0.00471365622806201));
#2247=CARTESIAN_POINT('',(0.00798015226623693,0.00779766020321125,-0.00454762390247991));
#2248=CARTESIAN_POINT('',(0.00812009589005391,0.00777201841337595,-0.00420777950790761));
#2249=CARTESIAN_POINT('',(0.00836572418675657,0.00772332739339674,-0.0035182587812464));
#2250=CARTESIAN_POINT('',(0.00873086800652004,0.00763510305772062,-0.00208420462052025));
#2251=CARTESIAN_POINT('',(0.00891351512866963,0.00757418521134931,6.11003504632408E-6));
#2252=CARTESIAN_POINT('',(0.00869149558567786,0.00764880081710707,0.00251457322533144));
#2253=CARTESIAN_POINT('',(0.00818776524388693,0.00776393086885145,0.00412117438654494));
#2254=CARTESIAN_POINT('',(0.00782296699332113,0.00782517720597654,0.00489590879122526));
#2255=CARTESIAN_POINT('',(0.0077870190381996,0.00783353676499597,0.00495798722320134));
#2256=CARTESIAN_POINT('',(0.00770962639279252,0.007843533265491,0.00507167801326693));
#2257=CARTESIAN_POINT('',(0.00754452979771917,0.00785107078406426,0.0052611137898097));
#2258=CARTESIAN_POINT('',(0.00737730543910855,0.00783891181080429,0.0053895494642163));
#2259=CARTESIAN_POINT('',(0.00720411651006074,0.00781790279691153,0.00548180691394356));
#2260=CARTESIAN_POINT('',(0.00711747577949412,0.00781329484188344,0.00551828065901856));
#2261=CARTESIAN_POINT('',(0.00692021352110728,0.00779677939603818,0.00560723925925502));
#2262=CARTESIAN_POINT('',(0.00658538229206538,0.0077728071274366,0.00574289878211243));
#2263=CARTESIAN_POINT('',(0.00589187096956102,0.00772290872322724,0.005991970953873));
#2264=CARTESIAN_POINT('',(0.00446108209276588,0.00763540419723225,0.006354605141959));
#2265=CARTESIAN_POINT('',(0.00320930233961124,0.00759910779692266,0.00646534393150351));
#2266=CARTESIAN_POINT('',(0.002375,0.00759910779692266,0.00646534393150351));
#2267=CARTESIAN_POINT('',(0.00237499999999999,0.00773303596998563,0.00609934126980824));
#2268=CARTESIAN_POINT('',(0.00270685085654408,0.00773303596998563,0.00609934126980824));
#2269=CARTESIAN_POINT('',(0.00336536325360215,0.007738450014561,0.00607641604789968));
#2270=CARTESIAN_POINT('',(0.00428062442567659,0.00775807654345582,0.00598430055188401));
#2271=CARTESIAN_POINT('',(0.00529491595435017,0.00779396534968887,0.00580115598407419));
#2272=CARTESIAN_POINT('',(0.00602344038573963,0.00782883486404349,0.00560269279906246));
#2273=CARTESIAN_POINT('',(0.0065661556152605,0.00785885341741506,0.00541243165615092));
#2274=CARTESIAN_POINT('',(0.00682229935070783,0.00787409193826093,0.00531145944891059));
#2275=CARTESIAN_POINT('',(0.00697458089084652,0.00788343907296512,0.00524762477355609));
#2276=CARTESIAN_POINT('',(0.0070521439407226,0.00788833636284209,0.0052146647539161));
#2277=CARTESIAN_POINT('',(0.00715240676638817,0.0078946337082728,0.00516926259144999));
#2278=CARTESIAN_POINT('',(0.00719739543272801,0.00789731355978245,0.00514720415960081));
#2279=CARTESIAN_POINT('',(0.00733254581923107,0.00790290197817297,0.00506065190145742));
#2280=CARTESIAN_POINT('',(0.00743472379347405,0.0079029332414688,0.00495873622795691));
#2281=CARTESIAN_POINT('',(0.00752153900046789,0.00789737637435945,0.00482360072554854));
#2282=CARTESIAN_POINT('',(0.00754354070584154,0.00789470733092296,0.00477877502848196));
#2283=CARTESIAN_POINT('',(0.00758907374318145,0.00788841522927968,0.0046784453377053));
#2284=CARTESIAN_POINT('',(0.00762222836690737,0.00788350049346212,0.00460055988898436));
#2285=CARTESIAN_POINT('',(0.00771899896986726,0.00786931815033573,0.00436953685542658));
#2286=CARTESIAN_POINT('',(0.00783674598782634,0.00785114405955467,0.00405737853866957));
#2287=CARTESIAN_POINT('',(0.00803496465772836,0.00781885515295708,0.00345276841401152));
#2288=CARTESIAN_POINT('',(0.00823652751590278,0.00778244915596166,0.00263197349519957));
#2289=CARTESIAN_POINT('',(0.00838217145132063,0.00775349736769683,0.0017288673987429));
#2290=CARTESIAN_POINT('',(0.00849479047271531,0.00772844952474258,0.000395593339889619));
#2291=CARTESIAN_POINT('',(0.00847724526071824,0.00773287979347012,-0.000848549846558177));
#2292=CARTESIAN_POINT('',(0.00831698323143271,0.00776672105032542,-0.00218759695114));
#2293=CARTESIAN_POINT('',(0.00816635025250172,0.00779549698073208,-0.00293568759497387));
#2294=CARTESIAN_POINT('',(0.00799479349967024,0.00782552356888225,-0.00357372037239425));
#2295=CARTESIAN_POINT('',(0.0078489218242152,0.00784932154198988,-0.00402433589854676));
#2296=CARTESIAN_POINT('',(0.00772413621654119,0.00786853382905982,-0.00435652011498594));
#2297=CARTESIAN_POINT('',(0.00762775553280296,0.00788268757075457,-0.00458745409463718));
#2298=CARTESIAN_POINT('',(0.00759568701782544,0.00788742255636842,-0.00466300956406513));
#2299=CARTESIAN_POINT('',(0.00754812174365361,0.00789411159818167,-0.00476906654460622));
#2300=CARTESIAN_POINT('',(0.0075298082293489,0.00789654361835378,-0.00480812165234392));
#2301=CARTESIAN_POINT('',(0.00749181229106209,0.0078994627508877,-0.00487148950701114));
#2302=CARTESIAN_POINT('',(0.00746809574810781,0.00790046955838412,-0.00490394288598383));
#2303=CARTESIAN_POINT('',(0.002375,0.046,0.));
#2304=CARTESIAN_POINT('',(0.,0.,0.));
#2305=CARTESIAN_POINT('',(0.,0.,0.));
#2306=CARTESIAN_POINT('',(0.,0.,0.0028));
#2307=CARTESIAN_POINT('',(-0.00205,0.,0.000585));
#2308=CARTESIAN_POINT('',(-0.00205,0.0003,0.0002925));
#2309=CARTESIAN_POINT('',(-0.00205,0.0003,-0.000585));
#2310=CARTESIAN_POINT('',(-0.00205,0.0003,0.000585));
#2311=CARTESIAN_POINT('',(-0.00205,0.,-0.000585));
#2312=CARTESIAN_POINT('',(-0.00205,0.0047,-0.000585));
#2313=CARTESIAN_POINT('',(-0.00205,0.0047,0.0002925));
#2314=CARTESIAN_POINT('',(-0.00205,0.0047,0.000585));
#2315=CARTESIAN_POINT('',(-0.00205,0.,0.000585));
#2316=CARTESIAN_POINT('',(-0.00205,0.,-0.000585));
#2317=CARTESIAN_POINT('',(-0.001025,0.0003,-0.000585));
#2318=CARTESIAN_POINT('',(-0.000585,0.0003,-0.000585));
#2319=CARTESIAN_POINT('',(-0.000585,0.,-0.000585));
#2320=CARTESIAN_POINT('',(-0.000585,0.0047,-0.000585));
#2321=CARTESIAN_POINT('',(-0.001025,0.0047,-0.000585));
#2322=CARTESIAN_POINT('',(0.000585,0.,0.000585));
#2323=CARTESIAN_POINT('',(0.000585,0.0003,0.0002925));
#2324=CARTESIAN_POINT('',(0.000585,0.0003,0.00205));
#2325=CARTESIAN_POINT('',(0.000585,0.0003,0.000585));
#2326=CARTESIAN_POINT('',(0.000585,0.,0.00205));
#2327=CARTESIAN_POINT('',(0.000585,0.0047,0.00205));
#2328=CARTESIAN_POINT('',(0.000585,0.0047,0.0002925));
#2329=CARTESIAN_POINT('',(0.000585,0.0047,0.000585));
#2330=CARTESIAN_POINT('',(0.000585,0.,0.000585));
#2331=CARTESIAN_POINT('',(0.000585,0.,0.00205));
#2332=CARTESIAN_POINT('',(0.0002925,0.0003,0.00205));
#2333=CARTESIAN_POINT('',(-0.000585,0.0003,0.00205));
#2334=CARTESIAN_POINT('',(-0.000585,0.,0.00205));
#2335=CARTESIAN_POINT('',(-0.000585,0.0047,0.00205));
#2336=CARTESIAN_POINT('',(0.0002925,0.0047,0.00205));
#2337=CARTESIAN_POINT('',(-0.000585,0.,0.00205));
#2338=CARTESIAN_POINT('',(-0.000585,0.0003,0.001025));
#2339=CARTESIAN_POINT('',(-0.000585,0.0003,0.000585));
#2340=CARTESIAN_POINT('',(-0.000585,0.,0.000585));
#2341=CARTESIAN_POINT('',(-0.000585,0.0047,0.000585));
#2342=CARTESIAN_POINT('',(-0.000585,0.0047,0.001025));
#2343=CARTESIAN_POINT('',(-0.000585,0.,0.000585));
#2344=CARTESIAN_POINT('',(-0.0002925,0.0003,0.000585));
#2345=CARTESIAN_POINT('',(-0.0002925,0.0047,0.000585));
#2346=CARTESIAN_POINT('',(0.,0.0047,0.));
#2347=CARTESIAN_POINT('',(-0.00205,0.0047,-0.000585));
#2348=CARTESIAN_POINT('',(0.00205,0.0047,-0.000585));
#2349=CARTESIAN_POINT('',(0.000585,0.0047,-0.000585));
#2350=CARTESIAN_POINT('',(0.00205,0.0047,-0.0002925));
#2351=CARTESIAN_POINT('',(0.00205,0.0047,0.000585));
#2352=CARTESIAN_POINT('',(-0.000585,0.0047,0.000585));
#2353=CARTESIAN_POINT('',(-0.000585,0.0047,0.00205));
#2354=CARTESIAN_POINT('',(-0.000585,0.0047,-0.00205));
#2355=CARTESIAN_POINT('',(-0.0002925,0.0047,-0.00205));
#2356=CARTESIAN_POINT('',(0.000585,0.0047,-0.00205));
#2357=CARTESIAN_POINT('',(0.000585,0.0047,0.000585));
#2358=CARTESIAN_POINT('',(-0.002375,0.,0.));
#2359=CARTESIAN_POINT('',(-0.0002925,0.,0.000885));
#2360=CARTESIAN_POINT('',(0.00235,1.35525271560688E-20,0.000885));
#2361=CARTESIAN_POINT('',(0.000885,-1.20466908053945E-20,0.000885));
#2362=CARTESIAN_POINT('',(0.00235,0.,-0.0002925));
#2363=CARTESIAN_POINT('',(0.00235,3.61400724161835E-20,-0.000885));
#2364=CARTESIAN_POINT('',(-0.001025,0.,-0.000885));
#2365=CARTESIAN_POINT('',(0.000885,-1.20466908053945E-20,-0.000885));
#2366=CARTESIAN_POINT('',(0.000885,0.,0.0002925));
#2367=CARTESIAN_POINT('',(0.000885,2.71050543121376E-20,-0.00235));
#2368=CARTESIAN_POINT('',(-0.0002925,0.,-0.00235));
#2369=CARTESIAN_POINT('',(-0.000885,3.61400724161835E-20,-0.00235));
#2370=CARTESIAN_POINT('',(-0.000885,0.,0.001025));
#2371=CARTESIAN_POINT('',(-0.000885,-1.20466908053945E-20,-0.000885));
#2372=CARTESIAN_POINT('',(-0.001025,0.,-0.000885));
#2373=CARTESIAN_POINT('',(-0.00235,2.71050543121376E-20,-0.000885));
#2374=CARTESIAN_POINT('',(-0.00235,0.,0.0002925));
#2375=CARTESIAN_POINT('',(-0.00235,3.61400724161835E-20,0.000885));
#2376=CARTESIAN_POINT('',(-0.0002925,0.,0.000885));
#2377=CARTESIAN_POINT('',(-0.000885,-1.20466908053945E-20,0.000885));
#2378=CARTESIAN_POINT('',(-0.000885,0.,0.001025));
#2379=CARTESIAN_POINT('',(-0.000885,2.71050543121376E-20,0.00235));
#2380=CARTESIAN_POINT('',(0.0002925,0.,0.00235));
#2381=CARTESIAN_POINT('',(0.000885,3.61400724161835E-20,0.00235));
#2382=CARTESIAN_POINT('',(0.000885,0.,0.0002925));
#2383=CARTESIAN_POINT('',(-0.000585,0.,0.000585));
#2384=CARTESIAN_POINT('',(-0.0002925,0.0003,0.000585));
#2385=CARTESIAN_POINT('',(0.00205,0.0003,0.000585));
#2386=CARTESIAN_POINT('',(0.00205,0.,0.000585));
#2387=CARTESIAN_POINT('',(0.00205,0.,-0.000585));
#2388=CARTESIAN_POINT('',(0.00205,0.0003,-0.0002925));
#2389=CARTESIAN_POINT('',(0.00205,0.0003,-0.000585));
#2390=CARTESIAN_POINT('',(0.00205,0.,-0.000585));
#2391=CARTESIAN_POINT('',(-0.00205,0.,-0.000585));
#2392=CARTESIAN_POINT('',(-0.001025,0.0003,-0.000585));
#2393=CARTESIAN_POINT('',(0.000585,0.0003,-0.000585));
#2394=CARTESIAN_POINT('',(0.000585,0.,-0.000585));
#2395=CARTESIAN_POINT('',(0.000585,0.,0.000585));
#2396=CARTESIAN_POINT('',(0.000585,0.0003,0.0002925));
#2397=CARTESIAN_POINT('',(0.000585,0.0003,-0.00205));
#2398=CARTESIAN_POINT('',(0.000585,0.,-0.00205));
#2399=CARTESIAN_POINT('',(-0.000585,0.,-0.00205));
#2400=CARTESIAN_POINT('',(-0.0002925,0.0003,-0.00205));
#2401=CARTESIAN_POINT('',(-0.000585,0.0003,-0.00205));
#2402=CARTESIAN_POINT('',(-0.000585,0.,-0.00205));
#2403=CARTESIAN_POINT('',(-0.000585,0.,0.00205));
#2404=CARTESIAN_POINT('',(-0.000585,0.0003,0.001025));
#2405=CARTESIAN_POINT('',(0.000735,0.00015,0.0002925));
#2406=CARTESIAN_POINT('',(0.0003925,0.0004925,-0.0018575));
#2407=CARTESIAN_POINT('',(0.0003925,0.0004925,-0.0003925));
#2408=CARTESIAN_POINT('',(-0.0002925,0.00015,-0.0022));
#2409=CARTESIAN_POINT('',(0.00034,0.001225,-0.001125));
#2410=CARTESIAN_POINT('',(-0.000735,0.00015,0.001025));
#2411=CARTESIAN_POINT('',(-0.000831666666666667,5.33333333333334E-5,-0.000831666666666667));
#2412=CARTESIAN_POINT('',(0.0022,0.00015,-0.0002925));
#2413=CARTESIAN_POINT('',(0.00136916666666667,0.000980833333333333,-9.58333333333331E-5));
#2414=CARTESIAN_POINT('',(0.001125,0.001225,0.00034));
#2415=CARTESIAN_POINT('',(-0.001025,0.00015,-0.000735));
#2416=CARTESIAN_POINT('',(-0.00235,0.,-0.000885));
#2417=CARTESIAN_POINT('',(-0.0022,0.00015,0.0002925));
#2418=CARTESIAN_POINT('',(-0.00235,0.,0.000885));
#2419=CARTESIAN_POINT('',(-0.0002925,0.00015,0.000735));
#2420=CARTESIAN_POINT('',(-0.000885,0.,0.000885));
#2421=CARTESIAN_POINT('',(-0.000735,0.00015,0.001025));
#2422=CARTESIAN_POINT('',(-0.000885,0.,0.00235));
#2423=CARTESIAN_POINT('',(0.0002925,0.00015,0.0022));
#2424=CARTESIAN_POINT('',(0.000885,0.,0.00235));
#2425=CARTESIAN_POINT('',(0.000735,0.00015,0.0002925));
#2426=CARTESIAN_POINT('',(0.0003925,0.0004925,0.0003925));
#2427=CARTESIAN_POINT('',(-0.0002925,0.00015,0.000735));
#2428=CARTESIAN_POINT('',(-0.001025,0.00015,-0.000735));
#2429=MECHANICAL_DESIGN_GEOMETRIC_PRESENTATION_REPRESENTATION('',(#941),
#2430);
#2430=(
GEOMETRIC_REPRESENTATION_CONTEXT(3)
GLOBAL_UNCERTAINTY_ASSIGNED_CONTEXT((#2431))
GLOBAL_UNIT_ASSIGNED_CONTEXT((#2434,#2433,#2432))
REPRESENTATION_CONTEXT('DSA V4 1x1.25 v3 v4','TOP_LEVEL_ASSEMBLY_PART')
);
#2431=UNCERTAINTY_MEASURE_WITH_UNIT(LENGTH_MEASURE(2.E-5),#2434,
'DISTANCE_ACCURACY_VALUE','Maximum Tolerance applied to model');
#2432=(
NAMED_UNIT(*)
SI_UNIT($,.STERADIAN.)
SOLID_ANGLE_UNIT()
);
#2433=(
NAMED_UNIT(*)
PLANE_ANGLE_UNIT()
SI_UNIT($,.RADIAN.)
);
#2434=(
LENGTH_UNIT()
NAMED_UNIT(*)
SI_UNIT($,.METRE.)
);
#2435=PRODUCT_DEFINITION_SHAPE('','',#2436);
#2436=PRODUCT_DEFINITION('','',#2438,#2437);
#2437=PRODUCT_DEFINITION_CONTEXT('',#2444,'design');
#2438=PRODUCT_DEFINITION_FORMATION_WITH_SPECIFIED_SOURCE('','',#2440,
 .NOT_KNOWN.);
#2439=PRODUCT_RELATED_PRODUCT_CATEGORY('','',(#2440));
#2440=PRODUCT('DSA V4 1x1.25 v3 v4','DSA V4 1x1.25 v3 v4',
'DSA V4 1x1.25 v3 v4',(#2442));
#2441=PRODUCT_CATEGORY('','');
#2442=PRODUCT_CONTEXT('',#2444,'mechanical');
#2443=APPLICATION_PROTOCOL_DEFINITION('international standard',
'ap242_managed_model_based_3d_engineering',2020,#2444);
#2444=APPLICATION_CONTEXT('managed model based 3d engineering');
ENDSEC;
END-ISO-10303-21;
