ISO-10303-21;
HEADER;
/* Generated by software containing ST-Developer
 * from STEP Tools, Inc. (www.steptools.com) 
 */
/* OPTION: using custom renumber hook */

FILE_DESCRIPTION(
/* description */ ('STEP AP242 Edition 2',
'CAx-IF Rec.Pracs.---Representation and Presentation of Product Manufa
cturing Information (PMI)---4.0---2014-10-13',
'CAx-IF Rec.Pracs.---3D Tessellated Geometry---0.4---2014-09-14','2;1',
'CAx-IF Rec.Pracs.---User Defined Attributes---1.5---2016-08-15'),
/* implementation_level */ '2;1');

FILE_NAME(
/* name */ 'DSA Spacebar 6.25u (50mm spacing) - DSA Spacebar 6.25u v2',

/* time_stamp */ '2026-06-08T00:58:30Z',
/* author */ (''),
/* organization */ (''),
/* preprocessor_version */ 'ST-DEVELOPER v20',
/* originating_system */ 'ONSHAPE BY PTC INC, 1.216',
/* authorisation */ '  ');

FILE_SCHEMA (('AP242_MANAGED_MODEL_BASED_3D_ENGINEERING_MIM_LF { 1 0 10303 442 3 1 4 }'));
ENDSEC;

DATA;
#10=SHAPE_REPRESENTATION_RELATIONSHIP('','',#2025,#11);
#11=ADVANCED_BREP_SHAPE_REPRESENTATION('',(#2023),#4308);
#12=B_SPLINE_SURFACE_WITH_KNOTS('',3,3,((#2822,#2823,#2824,#2825),(#2826,
#2827,#2828,#2829),(#2830,#2831,#2832,#2833),(#2834,#2835,#2836,#2837),
(#2838,#2839,#2840,#2841),(#2842,#2843,#2844,#2845),(#2846,#2847,#2848,
#2849),(#2850,#2851,#2852,#2853),(#2854,#2855,#2856,#2857),(#2858,#2859,
#2860,#2861),(#2862,#2863,#2864,#2865),(#2866,#2867,#2868,#2869),(#2870,
#2871,#2872,#2873),(#2874,#2875,#2876,#2877),(#2878,#2879,#2880,#2881),
(#2882,#2883,#2884,#2885)),.UNSPECIFIED.,.F.,.F.,.F.,(4,1,2,1,1,1,1,1,1,
2,1,4),(4,4),(0.645594597495493,0.708352752575691,0.750191522629157,0.754212891373033,
0.760244944488846,0.766276997604659,0.770298366348535,0.77431973509241,
0.782362472580161,0.790405210067912,0.874243126040748,1.),(0.00719317840855619,
1.),.UNSPECIFIED.);
#13=B_SPLINE_SURFACE_WITH_KNOTS('',3,3,((#2960,#2961,#2962,#2963,#2964,
#2965,#2966,#2967,#2968,#2969,#2970,#2971,#2972,#2973,#2974,#2975,#2976,
#2977,#2978,#2979),(#2980,#2981,#2982,#2983,#2984,#2985,#2986,#2987,#2988,
#2989,#2990,#2991,#2992,#2993,#2994,#2995,#2996,#2997,#2998,#2999),(#3000,
#3001,#3002,#3003,#3004,#3005,#3006,#3007,#3008,#3009,#3010,#3011,#3012,
#3013,#3014,#3015,#3016,#3017,#3018,#3019),(#3020,#3021,#3022,#3023,#3024,
#3025,#3026,#3027,#3028,#3029,#3030,#3031,#3032,#3033,#3034,#3035,#3036,
#3037,#3038,#3039)),.UNSPECIFIED.,.F.,.F.,.F.,(4,4),(4,2,1,1,1,1,2,1,1,
1,1,1,1,2,4),(0.,1.),(0.658449477844885,0.748118853424874,0.750295589411272,
0.756825797370466,0.765532741316057,0.78294662920724,0.817774404989607,
0.820589214442232,0.829033642800107,0.840292880610607,0.862811356231607,
0.907848307473608,0.952885258715608,0.997922209957608,1.),.UNSPECIFIED.);
#14=B_SPLINE_SURFACE_WITH_KNOTS('',3,3,((#3059,#3060,#3061,#3062,#3063,
#3064,#3065,#3066,#3067,#3068,#3069,#3070,#3071),(#3072,#3073,#3074,#3075,
#3076,#3077,#3078,#3079,#3080,#3081,#3082,#3083,#3084),(#3085,#3086,#3087,
#3088,#3089,#3090,#3091,#3092,#3093,#3094,#3095,#3096,#3097),(#3098,#3099,
#3100,#3101,#3102,#3103,#3104,#3105,#3106,#3107,#3108,#3109,#3110)),
 .UNSPECIFIED.,.F.,.F.,.F.,(4,4),(4,1,2,1,1,1,1,1,1,4),(0.,1.),(-8.13404877305597E-18,
0.0340657526417705,0.0681315052835411,0.0686979137159069,0.0692643221482728,
0.0703971390130046,0.0726627727424682,0.0862565751192496,0.104381644954958,
0.158756854462084),.UNSPECIFIED.);
#15=B_SPLINE_SURFACE_WITH_KNOTS('',3,3,((#3128,#3129,#3130,#3131,#3132,
#3133,#3134,#3135,#3136),(#3137,#3138,#3139,#3140,#3141,#3142,#3143,#3144,
#3145),(#3146,#3147,#3148,#3149,#3150,#3151,#3152,#3153,#3154),(#3155,#3156,
#3157,#3158,#3159,#3160,#3161,#3162,#3163),(#3164,#3165,#3166,#3167,#3168,
#3169,#3170,#3171,#3172),(#3173,#3174,#3175,#3176,#3177,#3178,#3179,#3180,
#3181),(#3182,#3183,#3184,#3185,#3186,#3187,#3188,#3189,#3190),(#3191,#3192,
#3193,#3194,#3195,#3196,#3197,#3198,#3199),(#3200,#3201,#3202,#3203,#3204,
#3205,#3206,#3207,#3208),(#3209,#3210,#3211,#3212,#3213,#3214,#3215,#3216,
#3217),(#3218,#3219,#3220,#3221,#3222,#3223,#3224,#3225,#3226),(#3227,#3228,
#3229,#3230,#3231,#3232,#3233,#3234,#3235),(#3236,#3237,#3238,#3239,#3240,
#3241,#3242,#3243,#3244),(#3245,#3246,#3247,#3248,#3249,#3250,#3251,#3252,
#3253)),.UNSPECIFIED.,.F.,.F.,.F.,(4,3,1,1,1,1,1,2,4),(4,1,1,1,1,1,4),(-0.000873895129332044,
-1.39144757038213E-16,0.0121533291441326,0.0162044388588435,0.0202555485735544,
0.0243066582882653,0.0324088777176871,0.0405110971471089,0.145595393122699),
(0.00714925933088092,0.042608214354778,0.0780671693786751,0.113526124402572,
0.148985079426469,0.290820899522058,1.),.UNSPECIFIED.);
#16=B_SPLINE_SURFACE_WITH_KNOTS('',3,3,((#3309,#3310,#3311,#3312,#3313),
(#3314,#3315,#3316,#3317,#3318),(#3319,#3320,#3321,#3322,#3323),(#3324,
#3325,#3326,#3327,#3328),(#3329,#3330,#3331,#3332,#3333),(#3334,#3335,#3336,
#3337,#3338),(#3339,#3340,#3341,#3342,#3343),(#3344,#3345,#3346,#3347,#3348),
(#3349,#3350,#3351,#3352,#3353),(#3354,#3355,#3356,#3357,#3358),(#3359,
#3360,#3361,#3362,#3363),(#3364,#3365,#3366,#3367,#3368),(#3369,#3370,#3371,
#3372,#3373),(#3374,#3375,#3376,#3377,#3378),(#3379,#3380,#3381,#3382,#3383),
(#3384,#3385,#3386,#3387,#3388),(#3389,#3390,#3391,#3392,#3393),(#3394,
#3395,#3396,#3397,#3398),(#3399,#3400,#3401,#3402,#3403),(#3404,#3405,#3406,
#3407,#3408),(#3409,#3410,#3411,#3412,#3413),(#3414,#3415,#3416,#3417,#3418),
(#3419,#3420,#3421,#3422,#3423),(#3424,#3425,#3426,#3427,#3428),(#3429,
#3430,#3431,#3432,#3433),(#3434,#3435,#3436,#3437,#3438),(#3439,#3440,#3441,
#3442,#3443),(#3444,#3445,#3446,#3447,#3448),(#3449,#3450,#3451,#3452,#3453),
(#3454,#3455,#3456,#3457,#3458),(#3459,#3460,#3461,#3462,#3463),(#3464,
#3465,#3466,#3467,#3468),(#3469,#3470,#3471,#3472,#3473),(#3474,#3475,#3476,
#3477,#3478),(#3479,#3480,#3481,#3482,#3483)),.UNSPECIFIED.,.F.,.F.,.F.,
(4,1,2,1,1,1,1,1,1,1,1,1,2,1,1,1,1,1,1,1,1,2,1,1,1,1,1,2,4),(4,1,4),(0.145594246569401,
0.198135781178919,0.250677315788437,0.255741080167175,0.260804844545913,
0.265868608924651,0.26840049111402,0.269666432208704,0.270299402756047,
0.270932373303389,0.275996137682127,0.281059902060865,0.291187430818341,
0.297737323679645,0.301012270110297,0.30428721654095,0.310837109402254,
0.317387002263558,0.330486787986167,0.343586573708776,0.448384859489646,
0.500784002380081,0.510837420230959,0.515864129156398,0.520890838081837,
0.525917547007276,0.535970964858154,0.540997673783593,0.645594812017498),
(0.00715507240562534,0.148990062061965,1.),.UNSPECIFIED.);
#17=B_SPLINE_SURFACE_WITH_KNOTS('',3,3,((#3579,#3580,#3581,#3582,#3583,
#3584,#3585,#3586,#3587,#3588,#3589,#3590,#3591,#3592,#3593,#3594,#3595,
#3596,#3597,#3598,#3599,#3600,#3601,#3602,#3603,#3604,#3605,#3606,#3607,
#3608,#3609,#3610,#3611,#3612,#3613,#3614,#3615,#3616,#3617,#3618,#3619),
(#3620,#3621,#3622,#3623,#3624,#3625,#3626,#3627,#3628,#3629,#3630,#3631,
#3632,#3633,#3634,#3635,#3636,#3637,#3638,#3639,#3640,#3641,#3642,#3643,
#3644,#3645,#3646,#3647,#3648,#3649,#3650,#3651,#3652,#3653,#3654,#3655,
#3656,#3657,#3658,#3659,#3660),(#3661,#3662,#3663,#3664,#3665,#3666,#3667,
#3668,#3669,#3670,#3671,#3672,#3673,#3674,#3675,#3676,#3677,#3678,#3679,
#3680,#3681,#3682,#3683,#3684,#3685,#3686,#3687,#3688,#3689,#3690,#3691,
#3692,#3693,#3694,#3695,#3696,#3697,#3698,#3699,#3700,#3701),(#3702,#3703,
#3704,#3705,#3706,#3707,#3708,#3709,#3710,#3711,#3712,#3713,#3714,#3715,
#3716,#3717,#3718,#3719,#3720,#3721,#3722,#3723,#3724,#3725,#3726,#3727,
#3728,#3729,#3730,#3731,#3732,#3733,#3734,#3735,#3736,#3737,#3738,#3739,
#3740,#3741,#3742),(#3743,#3744,#3745,#3746,#3747,#3748,#3749,#3750,#3751,
#3752,#3753,#3754,#3755,#3756,#3757,#3758,#3759,#3760,#3761,#3762,#3763,
#3764,#3765,#3766,#3767,#3768,#3769,#3770,#3771,#3772,#3773,#3774,#3775,
#3776,#3777,#3778,#3779,#3780,#3781,#3782,#3783),(#3784,#3785,#3786,#3787,
#3788,#3789,#3790,#3791,#3792,#3793,#3794,#3795,#3796,#3797,#3798,#3799,
#3800,#3801,#3802,#3803,#3804,#3805,#3806,#3807,#3808,#3809,#3810,#3811,
#3812,#3813,#3814,#3815,#3816,#3817,#3818,#3819,#3820,#3821,#3822,#3823,
#3824),(#3825,#3826,#3827,#3828,#3829,#3830,#3831,#3832,#3833,#3834,#3835,
#3836,#3837,#3838,#3839,#3840,#3841,#3842,#3843,#3844,#3845,#3846,#3847,
#3848,#3849,#3850,#3851,#3852,#3853,#3854,#3855,#3856,#3857,#3858,#3859,
#3860,#3861,#3862,#3863,#3864,#3865)),.UNSPECIFIED.,.F.,.F.,.F.,(4,3,4),
(4,1,2,1,1,1,1,1,2,1,1,1,1,1,1,1,2,1,1,1,1,1,1,1,1,1,1,1,2,1,1,1,1,1,4),
(0.,1.,1.00639751006419),(0.158756852150596,0.226584809465755,0.249194128570808,
0.253578899029009,0.25796366948721,0.266733210403613,0.284272292236419,
0.301811374069224,0.31935045590203,0.324967907819219,0.330585359736408,
0.341820263570785,0.364290071239541,0.409229686577052,0.454169301914563,
0.476639109583318,0.499108917252074,0.503462573653183,0.507816230054293,
0.516523542856512,0.53393816846095,0.542645481263169,0.546999137664279,
0.551352794065388,0.560060106867607,0.564413763268717,0.566590591469272,
0.567679005569549,0.568767419669826,0.571569984323564,0.574372548977302,
0.579977678284777,0.591187936899728,0.613608454129629,0.658449488589431),
 .UNSPECIFIED.);
#18=B_SPLINE_SURFACE_WITH_KNOTS('',3,1,((#4270,#4271),(#4272,#4273),(#4274,
#4275),(#4276,#4277)),.SURF_OF_LINEAR_EXTRUSION.,.F.,.F.,.F.,(4,4),(2,2),
(0.0188118869107677,0.925111441649849),(0.,1.),.PIECEWISE_BEZIER_KNOTS.);
#19=B_SPLINE_SURFACE_WITH_KNOTS('',3,1,((#4278,#4279),(#4280,#4281),(#4282,
#4283),(#4284,#4285),(#4286,#4287),(#4288,#4289),(#4290,#4291)),
 .SURF_OF_LINEAR_EXTRUSION.,.F.,.F.,.F.,(4,1,1,1,4),(2,2),(0.,0.130416188603743,
0.260832377207486,0.39124856581123,0.521664754414973),(0.,1.),
 .UNSPECIFIED.);
#20=CIRCLE('',#2029,0.0002);
#21=CIRCLE('',#2031,0.0002);
#22=CIRCLE('',#2032,0.0002);
#23=CIRCLE('',#2033,0.0002);
#24=CIRCLE('',#2036,0.0002);
#25=CIRCLE('',#2041,0.0028);
#26=CIRCLE('',#2050,0.0028);
#27=CIRCLE('',#2051,0.0028);
#28=CIRCLE('',#2079,0.0028);
#29=CIRCLE('',#2080,0.0028);
#30=CIRCLE('',#2108,0.0028);
#31=CYLINDRICAL_SURFACE('',#2028,0.0002);
#32=CYLINDRICAL_SURFACE('',#2035,0.0002);
#33=CYLINDRICAL_SURFACE('',#2043,0.0004);
#34=CYLINDRICAL_SURFACE('',#2044,0.000400000000000498);
#35=CYLINDRICAL_SURFACE('',#2046,0.0002);
#36=CYLINDRICAL_SURFACE('',#2048,0.0002);
#37=CYLINDRICAL_SURFACE('',#2049,0.0028);
#38=CYLINDRICAL_SURFACE('',#2078,0.0028);
#39=CYLINDRICAL_SURFACE('',#2107,0.0028);
#40=B_SPLINE_CURVE_WITH_KNOTS('',3,(#2629,#2630,#2631,#2632),
 .UNSPECIFIED.,.F.,.F.,(4,4),(0.,1.),.UNSPECIFIED.);
#41=B_SPLINE_CURVE_WITH_KNOTS('',3,(#2636,#2637,#2638,#2639),
 .UNSPECIFIED.,.F.,.F.,(4,4),(0.,1.),.UNSPECIFIED.);
#42=B_SPLINE_CURVE_WITH_KNOTS('',3,(#2673,#2674,#2675,#2676,#2677,#2678,
#2679,#2680,#2681,#2682,#2683,#2684,#2685,#2686,#2687,#2688,#2689,#2690,
#2691,#2692),.UNSPECIFIED.,.F.,.F.,(4,2,1,1,1,1,1,1,2,1,1,1,1,2,4),(-1.,
-0.997922209957608,-0.952885258715608,-0.907848307473608,-0.862811356231607,
-0.840292880610607,-0.829033642800107,-0.820589214442232,-0.817774404989607,
-0.78294662920724,-0.765532741316057,-0.756825797370466,-0.750295589411272,
-0.748118853424874,-0.658449488586232),.UNSPECIFIED.);
#43=B_SPLINE_CURVE_WITH_KNOTS('',3,(#2695,#2696,#2697,#2698,#2699,#2700,
#2701,#2702,#2703,#2704,#2705,#2706,#2707),.UNSPECIFIED.,.F.,.F.,(4,1,1,
1,1,1,1,2,1,4),(-0.158756852150849,-0.104381643435335,-0.0862565738634978,
-0.0726627716846195,-0.0703971379881398,-0.0692643211398999,-0.06869791271578,
-0.06813150429166,-0.03406575214583,8.13404865463779E-18),.UNSPECIFIED.);
#44=B_SPLINE_CURVE_WITH_KNOTS('',3,(#2711,#2712,#2713,#2714,#2715,#2716,
#2717,#2718,#2719,#2720,#2721,#2722,#2723,#2724,#2725,#2726,#2727,#2728,
#2729,#2730,#2731,#2732,#2733,#2734,#2735,#2736,#2737,#2738,#2739,#2740,
#2741,#2742,#2743,#2744,#2745,#2746,#2747,#2748,#2749,#2750,#2751,#2752,
#2753,#2754,#2755,#2756,#2757,#2758,#2759,#2760,#2761,#2762,#2763,#2764,
#2765,#2766,#2767,#2768,#2769,#2770,#2771,#2772,#2773,#2774,#2775,#2776,
#2777,#2778,#2779,#2780,#2781,#2782,#2783,#2784,#2785,#2786,#2787,#2788,
#2789,#2790,#2791,#2792,#2793,#2794,#2795,#2796,#2797,#2798,#2799,#2800,
#2801,#2802,#2803,#2804,#2805,#2806,#2807,#2808,#2809,#2810,#2811,#2812,
#2813,#2814,#2815,#2816,#2817,#2818,#2819),.UNSPECIFIED.,.F.,.F.,(4,3,3,
3,3,3,3,3,3,3,3,3,3,3,3,3,3,3,3,3,3,3,3,3,3,3,3,3,3,3,3,3,3,3,3,3,4),(-0.658449488586232,
-0.613611375860649,-0.59118789847932,-0.579979203946462,-0.574374213187866,
-0.571571643814945,-0.56876916162014,-0.567680791304385,-0.566592537913309,
-0.564416615918894,-0.560063509674774,-0.551355666062658,-0.547010204042646,
-0.542664220763408,-0.533949738275234,-0.516517219432188,-0.507807466699433,
-0.503453178137194,-0.4991019505938,-0.476632722691603,-0.454172873412476,
-0.409255635680829,-0.364288240033665,-0.341823322151589,-0.330593358318283,
-0.324976097365721,-0.319360861878264,-0.310796682653947,-0.301814730816958,
-0.28513582116484,-0.284263215784086,-0.266726129537633,-0.257949164168271,
-0.253566734563962,-0.249181763803885,-0.226574900660533,-0.158756852150849),
 .UNSPECIFIED.);
#45=B_SPLINE_CURVE_WITH_KNOTS('',3,(#2886,#2887,#2888,#2889,#2890,#2891,
#2892),.UNSPECIFIED.,.F.,.F.,(4,1,1,1,4),(0.,0.25,0.5,0.75,1.),
 .UNSPECIFIED.);
#46=B_SPLINE_CURVE_WITH_KNOTS('',3,(#2894,#2895,#2896,#2897,#2898,#2899,
#2900),.UNSPECIFIED.,.F.,.F.,(4,3,4),(0.00176691742354933,0.0116504132906429,
1.),.PIECEWISE_BEZIER_KNOTS.);
#47=B_SPLINE_CURVE_WITH_KNOTS('',3,(#2902,#2903,#2904,#2905,#2906,#2907,
#2908,#2909,#2910,#2911,#2912,#2913,#2914,#2915,#2916,#2917,#2918,#2919,
#2920,#2921,#2922,#2923),.UNSPECIFIED.,.F.,.F.,(4,1,1,1,1,1,1,1,1,1,1,1,
1,1,1,1,1,1,1,4),(0.,0.0078125,0.015625,0.03125,0.046875,0.0625,0.09375,
0.125,0.1875,0.25,0.3125,0.375,0.5,0.5625,0.625,0.6875,0.75,0.8125,0.875,
1.),.UNSPECIFIED.);
#48=B_SPLINE_CURVE_WITH_KNOTS('',3,(#2925,#2926,#2927,#2928,#2929,#2930,
#2931,#2932,#2933,#2934,#2935,#2936,#2937,#2938,#2939,#2940,#2941,#2942,
#2943,#2944,#2945,#2946,#2947),.UNSPECIFIED.,.F.,.F.,(4,1,1,1,1,1,1,1,1,
1,1,1,1,1,1,1,1,1,1,1,4),(0.,0.0625,0.09375,0.109375,0.125,0.140625,0.15625,
0.1875,0.25,0.375,0.5,0.625,0.75,0.8125,0.84375,0.859375,0.875,0.890625,
0.90625,0.9375,1.),.UNSPECIFIED.);
#49=B_SPLINE_CURVE_WITH_KNOTS('',3,(#2949,#2950,#2951,#2952,#2953,#2954,
#2955,#2956,#2957,#2958,#2959),.UNSPECIFIED.,.F.,.F.,(4,1,1,1,1,1,1,1,4),
(0.,0.25,0.375,0.4375,0.5,0.5625,0.625,0.75,1.),.UNSPECIFIED.);
#50=B_SPLINE_CURVE_WITH_KNOTS('',3,(#3040,#3041,#3042,#3043),
 .UNSPECIFIED.,.F.,.F.,(4,4),(0.,1.),.UNSPECIFIED.);
#51=B_SPLINE_CURVE_WITH_KNOTS('',3,(#3044,#3045,#3046,#3047),
 .UNSPECIFIED.,.F.,.F.,(4,4),(0.,1.),.UNSPECIFIED.);
#52=B_SPLINE_CURVE_WITH_KNOTS('',3,(#3049,#3050,#3051,#3052),
 .UNSPECIFIED.,.F.,.F.,(4,4),(0.,1.),.UNSPECIFIED.);
#53=B_SPLINE_CURVE_WITH_KNOTS('',3,(#3111,#3112,#3113,#3114),
 .UNSPECIFIED.,.F.,.F.,(4,4),(0.,1.),.UNSPECIFIED.);
#54=B_SPLINE_CURVE_WITH_KNOTS('',3,(#3116,#3117,#3118,#3119,#3120),
 .UNSPECIFIED.,.F.,.F.,(4,1,4),(0.,0.5,1.),.UNSPECIFIED.);
#55=B_SPLINE_CURVE_WITH_KNOTS('',3,(#3122,#3123,#3124,#3125,#3126,#3127),
 .UNSPECIFIED.,.F.,.F.,(4,1,1,4),(0.,0.25,0.5,1.),.UNSPECIFIED.);
#56=B_SPLINE_CURVE_WITH_KNOTS('',3,(#3254,#3255,#3256,#3257),
 .UNSPECIFIED.,.F.,.F.,(4,4),(0.,1.),.UNSPECIFIED.);
#57=B_SPLINE_CURVE_WITH_KNOTS('',3,(#3259,#3260,#3261,#3262),
 .UNSPECIFIED.,.F.,.F.,(4,4),(0.,1.),.UNSPECIFIED.);
#58=B_SPLINE_CURVE_WITH_KNOTS('',3,(#3296,#3297,#3298,#3299),
 .UNSPECIFIED.,.F.,.F.,(4,4),(0.,1.),.UNSPECIFIED.);
#59=B_SPLINE_CURVE_WITH_KNOTS('',3,(#3303,#3304,#3305,#3306),
 .UNSPECIFIED.,.F.,.F.,(4,4),(0.,1.),.UNSPECIFIED.);
#60=B_SPLINE_CURVE_WITH_KNOTS('',3,(#3484,#3485,#3486,#3487,#3488,#3489,
#3490),.UNSPECIFIED.,.F.,.F.,(4,1,1,1,4),(0.,0.25,0.5,0.75,1.),
 .UNSPECIFIED.);
#61=B_SPLINE_CURVE_WITH_KNOTS('',3,(#3491,#3492,#3493,#3494,#3495,#3496,
#3497,#3498,#3499,#3500,#3501),.UNSPECIFIED.,.F.,.F.,(4,1,1,1,1,1,1,1,4),
(0.,0.25,0.375,0.5,0.625,0.75,0.8125,0.875,1.),.UNSPECIFIED.);
#62=B_SPLINE_CURVE_WITH_KNOTS('',3,(#3503,#3504,#3505,#3506,#3507,#3508,
#3509,#3510,#3511,#3512,#3513,#3514,#3515,#3516,#3517,#3518,#3519,#3520,
#3521,#3522),.UNSPECIFIED.,.F.,.F.,(4,1,1,1,1,1,1,1,1,1,1,1,1,1,1,1,1,4),
(0.,0.0625,0.09375,0.109375,0.125,0.140625,0.15625,0.1875,0.25,0.375,0.5,
0.625,0.75,0.875,0.90625,0.921875,0.9375,1.),.UNSPECIFIED.);
#63=B_SPLINE_CURVE_WITH_KNOTS('',3,(#3524,#3525,#3526,#3527,#3528,#3529,
#3530,#3531,#3532,#3533,#3534),.UNSPECIFIED.,.F.,.F.,(4,1,1,1,1,1,1,1,4),
(0.,0.125,0.1875,0.25,0.375,0.5,0.625,0.75,1.),.UNSPECIFIED.);
#64=B_SPLINE_CURVE_WITH_KNOTS('',3,(#3536,#3537,#3538,#3539,#3540,#3541,
#3542,#3543,#3544,#3545,#3546,#3547,#3548,#3549,#3550,#3551,#3552,#3553),
 .UNSPECIFIED.,.F.,.F.,(4,1,1,1,1,1,1,1,1,1,1,1,1,1,1,4),(0.,0.0625,0.09375,
0.125,0.15625,0.1875,0.25,0.375,0.5,0.625,0.75,0.875,0.90625,0.921875,0.9375,
1.),.UNSPECIFIED.);
#65=B_SPLINE_CURVE_WITH_KNOTS('',3,(#3555,#3556,#3557,#3558,#3559,#3560,
#3561,#3562,#3563),.UNSPECIFIED.,.F.,.F.,(4,1,1,1,1,1,4),(0.,0.125,0.25,
0.5,0.625,0.75,1.),.UNSPECIFIED.);
#66=B_SPLINE_CURVE_WITH_KNOTS('',3,(#3564,#3565,#3566,#3567),
 .UNSPECIFIED.,.F.,.F.,(4,4),(0.,1.),.UNSPECIFIED.);
#67=B_SPLINE_CURVE_WITH_KNOTS('',3,(#3568,#3569,#3570,#3571),
 .UNSPECIFIED.,.F.,.F.,(4,4),(0.,1.),.UNSPECIFIED.);
#68=B_SPLINE_CURVE_WITH_KNOTS('',3,(#3575,#3576,#3577,#3578),
 .UNSPECIFIED.,.F.,.F.,(4,4),(0.,1.),.UNSPECIFIED.);
#69=ORIENTED_EDGE('',*,*,#625,.T.);
#70=ORIENTED_EDGE('',*,*,#626,.F.);
#71=ORIENTED_EDGE('',*,*,#627,.F.);
#72=ORIENTED_EDGE('',*,*,#628,.T.);
#73=ORIENTED_EDGE('',*,*,#629,.F.);
#74=ORIENTED_EDGE('',*,*,#630,.F.);
#75=ORIENTED_EDGE('',*,*,#631,.T.);
#76=ORIENTED_EDGE('',*,*,#632,.T.);
#77=ORIENTED_EDGE('',*,*,#633,.T.);
#78=ORIENTED_EDGE('',*,*,#634,.T.);
#79=ORIENTED_EDGE('',*,*,#635,.T.);
#80=ORIENTED_EDGE('',*,*,#636,.T.);
#81=ORIENTED_EDGE('',*,*,#637,.T.);
#82=ORIENTED_EDGE('',*,*,#638,.T.);
#83=ORIENTED_EDGE('',*,*,#625,.F.);
#84=ORIENTED_EDGE('',*,*,#639,.F.);
#85=ORIENTED_EDGE('',*,*,#640,.F.);
#86=ORIENTED_EDGE('',*,*,#641,.F.);
#87=ORIENTED_EDGE('',*,*,#642,.F.);
#88=ORIENTED_EDGE('',*,*,#633,.F.);
#89=ORIENTED_EDGE('',*,*,#643,.F.);
#90=ORIENTED_EDGE('',*,*,#644,.F.);
#91=ORIENTED_EDGE('',*,*,#645,.F.);
#92=ORIENTED_EDGE('',*,*,#643,.T.);
#93=ORIENTED_EDGE('',*,*,#632,.F.);
#94=ORIENTED_EDGE('',*,*,#646,.F.);
#95=ORIENTED_EDGE('',*,*,#647,.T.);
#96=ORIENTED_EDGE('',*,*,#626,.T.);
#97=ORIENTED_EDGE('',*,*,#644,.T.);
#98=ORIENTED_EDGE('',*,*,#645,.T.);
#99=ORIENTED_EDGE('',*,*,#648,.F.);
#100=ORIENTED_EDGE('',*,*,#649,.F.);
#101=ORIENTED_EDGE('',*,*,#650,.T.);
#102=ORIENTED_EDGE('',*,*,#651,.F.);
#103=ORIENTED_EDGE('',*,*,#652,.F.);
#104=ORIENTED_EDGE('',*,*,#653,.T.);
#105=ORIENTED_EDGE('',*,*,#627,.T.);
#106=ORIENTED_EDGE('',*,*,#647,.F.);
#107=ORIENTED_EDGE('',*,*,#646,.T.);
#108=ORIENTED_EDGE('',*,*,#654,.F.);
#109=ORIENTED_EDGE('',*,*,#655,.F.);
#110=ORIENTED_EDGE('',*,*,#656,.F.);
#111=ORIENTED_EDGE('',*,*,#657,.F.);
#112=ORIENTED_EDGE('',*,*,#658,.T.);
#113=ORIENTED_EDGE('',*,*,#657,.T.);
#114=ORIENTED_EDGE('',*,*,#656,.T.);
#115=ORIENTED_EDGE('',*,*,#655,.T.);
#116=ORIENTED_EDGE('',*,*,#659,.T.);
#117=ORIENTED_EDGE('',*,*,#660,.F.);
#118=ORIENTED_EDGE('',*,*,#648,.T.);
#119=ORIENTED_EDGE('',*,*,#636,.F.);
#120=ORIENTED_EDGE('',*,*,#661,.T.);
#121=ORIENTED_EDGE('',*,*,#662,.F.);
#122=ORIENTED_EDGE('',*,*,#663,.F.);
#123=ORIENTED_EDGE('',*,*,#664,.T.);
#124=ORIENTED_EDGE('',*,*,#649,.T.);
#125=ORIENTED_EDGE('',*,*,#660,.T.);
#126=ORIENTED_EDGE('',*,*,#665,.T.);
#127=ORIENTED_EDGE('',*,*,#666,.T.);
#128=ORIENTED_EDGE('',*,*,#667,.T.);
#129=ORIENTED_EDGE('',*,*,#666,.F.);
#130=ORIENTED_EDGE('',*,*,#665,.F.);
#131=ORIENTED_EDGE('',*,*,#659,.F.);
#132=ORIENTED_EDGE('',*,*,#654,.T.);
#133=ORIENTED_EDGE('',*,*,#631,.F.);
#134=ORIENTED_EDGE('',*,*,#668,.T.);
#135=ORIENTED_EDGE('',*,*,#668,.F.);
#136=ORIENTED_EDGE('',*,*,#634,.F.);
#137=ORIENTED_EDGE('',*,*,#642,.T.);
#138=ORIENTED_EDGE('',*,*,#669,.F.);
#139=ORIENTED_EDGE('',*,*,#670,.F.);
#140=ORIENTED_EDGE('',*,*,#671,.F.);
#141=ORIENTED_EDGE('',*,*,#672,.T.);
#142=ORIENTED_EDGE('',*,*,#673,.T.);
#143=ORIENTED_EDGE('',*,*,#674,.T.);
#144=ORIENTED_EDGE('',*,*,#662,.T.);
#145=ORIENTED_EDGE('',*,*,#675,.T.);
#146=ORIENTED_EDGE('',*,*,#676,.T.);
#147=ORIENTED_EDGE('',*,*,#675,.F.);
#148=ORIENTED_EDGE('',*,*,#661,.F.);
#149=ORIENTED_EDGE('',*,*,#635,.F.);
#150=ORIENTED_EDGE('',*,*,#677,.T.);
#151=ORIENTED_EDGE('',*,*,#678,.F.);
#152=ORIENTED_EDGE('',*,*,#679,.T.);
#153=ORIENTED_EDGE('',*,*,#680,.T.);
#154=ORIENTED_EDGE('',*,*,#681,.T.);
#155=ORIENTED_EDGE('',*,*,#682,.F.);
#156=ORIENTED_EDGE('',*,*,#683,.T.);
#157=ORIENTED_EDGE('',*,*,#684,.T.);
#158=ORIENTED_EDGE('',*,*,#685,.T.);
#159=ORIENTED_EDGE('',*,*,#650,.F.);
#160=ORIENTED_EDGE('',*,*,#664,.F.);
#161=ORIENTED_EDGE('',*,*,#686,.T.);
#162=ORIENTED_EDGE('',*,*,#687,.T.);
#163=ORIENTED_EDGE('',*,*,#688,.F.);
#164=ORIENTED_EDGE('',*,*,#658,.F.);
#165=ORIENTED_EDGE('',*,*,#652,.T.);
#166=ORIENTED_EDGE('',*,*,#689,.F.);
#167=ORIENTED_EDGE('',*,*,#690,.F.);
#168=ORIENTED_EDGE('',*,*,#691,.F.);
#169=ORIENTED_EDGE('',*,*,#692,.F.);
#170=ORIENTED_EDGE('',*,*,#693,.F.);
#171=ORIENTED_EDGE('',*,*,#694,.F.);
#172=ORIENTED_EDGE('',*,*,#695,.F.);
#173=ORIENTED_EDGE('',*,*,#670,.T.);
#174=ORIENTED_EDGE('',*,*,#696,.F.);
#175=ORIENTED_EDGE('',*,*,#697,.T.);
#176=ORIENTED_EDGE('',*,*,#698,.F.);
#177=ORIENTED_EDGE('',*,*,#629,.T.);
#178=ORIENTED_EDGE('',*,*,#687,.F.);
#179=ORIENTED_EDGE('',*,*,#651,.T.);
#180=ORIENTED_EDGE('',*,*,#685,.F.);
#181=ORIENTED_EDGE('',*,*,#694,.T.);
#182=ORIENTED_EDGE('',*,*,#693,.T.);
#183=ORIENTED_EDGE('',*,*,#692,.T.);
#184=ORIENTED_EDGE('',*,*,#691,.T.);
#185=ORIENTED_EDGE('',*,*,#690,.T.);
#186=ORIENTED_EDGE('',*,*,#638,.F.);
#187=ORIENTED_EDGE('',*,*,#699,.T.);
#188=ORIENTED_EDGE('',*,*,#700,.F.);
#189=ORIENTED_EDGE('',*,*,#677,.F.);
#190=ORIENTED_EDGE('',*,*,#698,.T.);
#191=ORIENTED_EDGE('',*,*,#701,.T.);
#192=ORIENTED_EDGE('',*,*,#639,.T.);
#193=ORIENTED_EDGE('',*,*,#630,.T.);
#194=ORIENTED_EDGE('',*,*,#701,.F.);
#195=ORIENTED_EDGE('',*,*,#697,.F.);
#196=ORIENTED_EDGE('',*,*,#702,.F.);
#197=ORIENTED_EDGE('',*,*,#640,.T.);
#198=ORIENTED_EDGE('',*,*,#696,.T.);
#199=ORIENTED_EDGE('',*,*,#669,.T.);
#200=ORIENTED_EDGE('',*,*,#641,.T.);
#201=ORIENTED_EDGE('',*,*,#702,.T.);
#202=ORIENTED_EDGE('',*,*,#703,.T.);
#203=ORIENTED_EDGE('',*,*,#704,.F.);
#204=ORIENTED_EDGE('',*,*,#705,.F.);
#205=ORIENTED_EDGE('',*,*,#706,.T.);
#206=ORIENTED_EDGE('',*,*,#707,.T.);
#207=ORIENTED_EDGE('',*,*,#708,.F.);
#208=ORIENTED_EDGE('',*,*,#709,.F.);
#209=ORIENTED_EDGE('',*,*,#710,.T.);
#210=ORIENTED_EDGE('',*,*,#711,.T.);
#211=ORIENTED_EDGE('',*,*,#706,.F.);
#212=ORIENTED_EDGE('',*,*,#712,.F.);
#213=ORIENTED_EDGE('',*,*,#713,.T.);
#214=ORIENTED_EDGE('',*,*,#714,.T.);
#215=ORIENTED_EDGE('',*,*,#715,.F.);
#216=ORIENTED_EDGE('',*,*,#716,.F.);
#217=ORIENTED_EDGE('',*,*,#717,.T.);
#218=ORIENTED_EDGE('',*,*,#718,.T.);
#219=ORIENTED_EDGE('',*,*,#713,.F.);
#220=ORIENTED_EDGE('',*,*,#719,.F.);
#221=ORIENTED_EDGE('',*,*,#720,.T.);
#222=ORIENTED_EDGE('',*,*,#721,.T.);
#223=ORIENTED_EDGE('',*,*,#717,.F.);
#224=ORIENTED_EDGE('',*,*,#722,.F.);
#225=ORIENTED_EDGE('',*,*,#708,.T.);
#226=ORIENTED_EDGE('',*,*,#723,.T.);
#227=ORIENTED_EDGE('',*,*,#720,.F.);
#228=ORIENTED_EDGE('',*,*,#724,.F.);
#229=ORIENTED_EDGE('',*,*,#725,.F.);
#230=ORIENTED_EDGE('',*,*,#726,.F.);
#231=ORIENTED_EDGE('',*,*,#714,.F.);
#232=ORIENTED_EDGE('',*,*,#718,.F.);
#233=ORIENTED_EDGE('',*,*,#721,.F.);
#234=ORIENTED_EDGE('',*,*,#723,.F.);
#235=ORIENTED_EDGE('',*,*,#707,.F.);
#236=ORIENTED_EDGE('',*,*,#711,.F.);
#237=ORIENTED_EDGE('',*,*,#727,.F.);
#238=ORIENTED_EDGE('',*,*,#728,.F.);
#239=ORIENTED_EDGE('',*,*,#729,.F.);
#240=ORIENTED_EDGE('',*,*,#730,.F.);
#241=ORIENTED_EDGE('',*,*,#731,.F.);
#242=ORIENTED_EDGE('',*,*,#732,.F.);
#243=ORIENTED_EDGE('',*,*,#733,.F.);
#244=ORIENTED_EDGE('',*,*,#734,.F.);
#245=ORIENTED_EDGE('',*,*,#735,.F.);
#246=ORIENTED_EDGE('',*,*,#736,.F.);
#247=ORIENTED_EDGE('',*,*,#737,.F.);
#248=ORIENTED_EDGE('',*,*,#738,.F.);
#249=ORIENTED_EDGE('',*,*,#739,.F.);
#250=ORIENTED_EDGE('',*,*,#740,.F.);
#251=ORIENTED_EDGE('',*,*,#741,.F.);
#252=ORIENTED_EDGE('',*,*,#703,.F.);
#253=ORIENTED_EDGE('',*,*,#742,.F.);
#254=ORIENTED_EDGE('',*,*,#715,.T.);
#255=ORIENTED_EDGE('',*,*,#726,.T.);
#256=ORIENTED_EDGE('',*,*,#743,.F.);
#257=ORIENTED_EDGE('',*,*,#744,.F.);
#258=ORIENTED_EDGE('',*,*,#743,.T.);
#259=ORIENTED_EDGE('',*,*,#725,.T.);
#260=ORIENTED_EDGE('',*,*,#745,.F.);
#261=ORIENTED_EDGE('',*,*,#746,.F.);
#262=ORIENTED_EDGE('',*,*,#745,.T.);
#263=ORIENTED_EDGE('',*,*,#724,.T.);
#264=ORIENTED_EDGE('',*,*,#747,.F.);
#265=ORIENTED_EDGE('',*,*,#748,.F.);
#266=ORIENTED_EDGE('',*,*,#747,.T.);
#267=ORIENTED_EDGE('',*,*,#729,.T.);
#268=ORIENTED_EDGE('',*,*,#749,.F.);
#269=ORIENTED_EDGE('',*,*,#750,.F.);
#270=ORIENTED_EDGE('',*,*,#749,.T.);
#271=ORIENTED_EDGE('',*,*,#728,.T.);
#272=ORIENTED_EDGE('',*,*,#751,.F.);
#273=ORIENTED_EDGE('',*,*,#752,.F.);
#274=ORIENTED_EDGE('',*,*,#751,.T.);
#275=ORIENTED_EDGE('',*,*,#727,.T.);
#276=ORIENTED_EDGE('',*,*,#710,.F.);
#277=ORIENTED_EDGE('',*,*,#748,.T.);
#278=ORIENTED_EDGE('',*,*,#753,.F.);
#279=ORIENTED_EDGE('',*,*,#733,.T.);
#280=ORIENTED_EDGE('',*,*,#754,.T.);
#281=ORIENTED_EDGE('',*,*,#750,.T.);
#282=ORIENTED_EDGE('',*,*,#755,.F.);
#283=ORIENTED_EDGE('',*,*,#734,.T.);
#284=ORIENTED_EDGE('',*,*,#753,.T.);
#285=ORIENTED_EDGE('',*,*,#752,.T.);
#286=ORIENTED_EDGE('',*,*,#756,.F.);
#287=ORIENTED_EDGE('',*,*,#735,.T.);
#288=ORIENTED_EDGE('',*,*,#755,.T.);
#289=ORIENTED_EDGE('',*,*,#731,.T.);
#290=ORIENTED_EDGE('',*,*,#757,.F.);
#291=ORIENTED_EDGE('',*,*,#744,.T.);
#292=ORIENTED_EDGE('',*,*,#758,.F.);
#293=ORIENTED_EDGE('',*,*,#709,.T.);
#294=ORIENTED_EDGE('',*,*,#759,.F.);
#295=ORIENTED_EDGE('',*,*,#736,.T.);
#296=ORIENTED_EDGE('',*,*,#756,.T.);
#297=ORIENTED_EDGE('',*,*,#705,.T.);
#298=ORIENTED_EDGE('',*,*,#760,.F.);
#299=ORIENTED_EDGE('',*,*,#737,.T.);
#300=ORIENTED_EDGE('',*,*,#759,.T.);
#301=ORIENTED_EDGE('',*,*,#722,.T.);
#302=ORIENTED_EDGE('',*,*,#761,.F.);
#303=ORIENTED_EDGE('',*,*,#738,.T.);
#304=ORIENTED_EDGE('',*,*,#760,.T.);
#305=ORIENTED_EDGE('',*,*,#719,.T.);
#306=ORIENTED_EDGE('',*,*,#762,.F.);
#307=ORIENTED_EDGE('',*,*,#739,.T.);
#308=ORIENTED_EDGE('',*,*,#761,.T.);
#309=ORIENTED_EDGE('',*,*,#740,.T.);
#310=ORIENTED_EDGE('',*,*,#762,.T.);
#311=ORIENTED_EDGE('',*,*,#716,.T.);
#312=ORIENTED_EDGE('',*,*,#763,.F.);
#313=ORIENTED_EDGE('',*,*,#741,.T.);
#314=ORIENTED_EDGE('',*,*,#763,.T.);
#315=ORIENTED_EDGE('',*,*,#712,.T.);
#316=ORIENTED_EDGE('',*,*,#764,.F.);
#317=ORIENTED_EDGE('',*,*,#730,.T.);
#318=ORIENTED_EDGE('',*,*,#764,.T.);
#319=ORIENTED_EDGE('',*,*,#742,.T.);
#320=ORIENTED_EDGE('',*,*,#757,.T.);
#321=ORIENTED_EDGE('',*,*,#732,.T.);
#322=ORIENTED_EDGE('',*,*,#758,.T.);
#323=ORIENTED_EDGE('',*,*,#746,.T.);
#324=ORIENTED_EDGE('',*,*,#754,.F.);
#325=ORIENTED_EDGE('',*,*,#765,.T.);
#326=ORIENTED_EDGE('',*,*,#766,.F.);
#327=ORIENTED_EDGE('',*,*,#767,.F.);
#328=ORIENTED_EDGE('',*,*,#768,.T.);
#329=ORIENTED_EDGE('',*,*,#769,.T.);
#330=ORIENTED_EDGE('',*,*,#770,.F.);
#331=ORIENTED_EDGE('',*,*,#771,.F.);
#332=ORIENTED_EDGE('',*,*,#772,.T.);
#333=ORIENTED_EDGE('',*,*,#773,.T.);
#334=ORIENTED_EDGE('',*,*,#768,.F.);
#335=ORIENTED_EDGE('',*,*,#774,.F.);
#336=ORIENTED_EDGE('',*,*,#775,.T.);
#337=ORIENTED_EDGE('',*,*,#776,.T.);
#338=ORIENTED_EDGE('',*,*,#777,.F.);
#339=ORIENTED_EDGE('',*,*,#778,.F.);
#340=ORIENTED_EDGE('',*,*,#779,.T.);
#341=ORIENTED_EDGE('',*,*,#780,.T.);
#342=ORIENTED_EDGE('',*,*,#775,.F.);
#343=ORIENTED_EDGE('',*,*,#781,.F.);
#344=ORIENTED_EDGE('',*,*,#782,.T.);
#345=ORIENTED_EDGE('',*,*,#783,.T.);
#346=ORIENTED_EDGE('',*,*,#779,.F.);
#347=ORIENTED_EDGE('',*,*,#784,.F.);
#348=ORIENTED_EDGE('',*,*,#770,.T.);
#349=ORIENTED_EDGE('',*,*,#785,.T.);
#350=ORIENTED_EDGE('',*,*,#782,.F.);
#351=ORIENTED_EDGE('',*,*,#786,.F.);
#352=ORIENTED_EDGE('',*,*,#787,.F.);
#353=ORIENTED_EDGE('',*,*,#788,.F.);
#354=ORIENTED_EDGE('',*,*,#776,.F.);
#355=ORIENTED_EDGE('',*,*,#780,.F.);
#356=ORIENTED_EDGE('',*,*,#783,.F.);
#357=ORIENTED_EDGE('',*,*,#785,.F.);
#358=ORIENTED_EDGE('',*,*,#769,.F.);
#359=ORIENTED_EDGE('',*,*,#773,.F.);
#360=ORIENTED_EDGE('',*,*,#789,.F.);
#361=ORIENTED_EDGE('',*,*,#790,.F.);
#362=ORIENTED_EDGE('',*,*,#791,.F.);
#363=ORIENTED_EDGE('',*,*,#792,.F.);
#364=ORIENTED_EDGE('',*,*,#793,.F.);
#365=ORIENTED_EDGE('',*,*,#794,.F.);
#366=ORIENTED_EDGE('',*,*,#795,.F.);
#367=ORIENTED_EDGE('',*,*,#796,.F.);
#368=ORIENTED_EDGE('',*,*,#797,.F.);
#369=ORIENTED_EDGE('',*,*,#798,.F.);
#370=ORIENTED_EDGE('',*,*,#799,.F.);
#371=ORIENTED_EDGE('',*,*,#800,.F.);
#372=ORIENTED_EDGE('',*,*,#801,.F.);
#373=ORIENTED_EDGE('',*,*,#802,.F.);
#374=ORIENTED_EDGE('',*,*,#803,.F.);
#375=ORIENTED_EDGE('',*,*,#765,.F.);
#376=ORIENTED_EDGE('',*,*,#804,.F.);
#377=ORIENTED_EDGE('',*,*,#777,.T.);
#378=ORIENTED_EDGE('',*,*,#788,.T.);
#379=ORIENTED_EDGE('',*,*,#805,.F.);
#380=ORIENTED_EDGE('',*,*,#806,.F.);
#381=ORIENTED_EDGE('',*,*,#805,.T.);
#382=ORIENTED_EDGE('',*,*,#787,.T.);
#383=ORIENTED_EDGE('',*,*,#807,.F.);
#384=ORIENTED_EDGE('',*,*,#808,.F.);
#385=ORIENTED_EDGE('',*,*,#807,.T.);
#386=ORIENTED_EDGE('',*,*,#786,.T.);
#387=ORIENTED_EDGE('',*,*,#809,.F.);
#388=ORIENTED_EDGE('',*,*,#810,.F.);
#389=ORIENTED_EDGE('',*,*,#809,.T.);
#390=ORIENTED_EDGE('',*,*,#791,.T.);
#391=ORIENTED_EDGE('',*,*,#811,.F.);
#392=ORIENTED_EDGE('',*,*,#812,.F.);
#393=ORIENTED_EDGE('',*,*,#811,.T.);
#394=ORIENTED_EDGE('',*,*,#790,.T.);
#395=ORIENTED_EDGE('',*,*,#813,.F.);
#396=ORIENTED_EDGE('',*,*,#814,.F.);
#397=ORIENTED_EDGE('',*,*,#813,.T.);
#398=ORIENTED_EDGE('',*,*,#789,.T.);
#399=ORIENTED_EDGE('',*,*,#772,.F.);
#400=ORIENTED_EDGE('',*,*,#810,.T.);
#401=ORIENTED_EDGE('',*,*,#815,.F.);
#402=ORIENTED_EDGE('',*,*,#795,.T.);
#403=ORIENTED_EDGE('',*,*,#816,.T.);
#404=ORIENTED_EDGE('',*,*,#812,.T.);
#405=ORIENTED_EDGE('',*,*,#817,.F.);
#406=ORIENTED_EDGE('',*,*,#796,.T.);
#407=ORIENTED_EDGE('',*,*,#815,.T.);
#408=ORIENTED_EDGE('',*,*,#814,.T.);
#409=ORIENTED_EDGE('',*,*,#818,.F.);
#410=ORIENTED_EDGE('',*,*,#797,.T.);
#411=ORIENTED_EDGE('',*,*,#817,.T.);
#412=ORIENTED_EDGE('',*,*,#793,.T.);
#413=ORIENTED_EDGE('',*,*,#819,.F.);
#414=ORIENTED_EDGE('',*,*,#806,.T.);
#415=ORIENTED_EDGE('',*,*,#820,.F.);
#416=ORIENTED_EDGE('',*,*,#771,.T.);
#417=ORIENTED_EDGE('',*,*,#821,.F.);
#418=ORIENTED_EDGE('',*,*,#798,.T.);
#419=ORIENTED_EDGE('',*,*,#818,.T.);
#420=ORIENTED_EDGE('',*,*,#767,.T.);
#421=ORIENTED_EDGE('',*,*,#822,.F.);
#422=ORIENTED_EDGE('',*,*,#799,.T.);
#423=ORIENTED_EDGE('',*,*,#821,.T.);
#424=ORIENTED_EDGE('',*,*,#784,.T.);
#425=ORIENTED_EDGE('',*,*,#823,.F.);
#426=ORIENTED_EDGE('',*,*,#800,.T.);
#427=ORIENTED_EDGE('',*,*,#822,.T.);
#428=ORIENTED_EDGE('',*,*,#781,.T.);
#429=ORIENTED_EDGE('',*,*,#824,.F.);
#430=ORIENTED_EDGE('',*,*,#801,.T.);
#431=ORIENTED_EDGE('',*,*,#823,.T.);
#432=ORIENTED_EDGE('',*,*,#802,.T.);
#433=ORIENTED_EDGE('',*,*,#824,.T.);
#434=ORIENTED_EDGE('',*,*,#778,.T.);
#435=ORIENTED_EDGE('',*,*,#825,.F.);
#436=ORIENTED_EDGE('',*,*,#803,.T.);
#437=ORIENTED_EDGE('',*,*,#825,.T.);
#438=ORIENTED_EDGE('',*,*,#774,.T.);
#439=ORIENTED_EDGE('',*,*,#826,.F.);
#440=ORIENTED_EDGE('',*,*,#792,.T.);
#441=ORIENTED_EDGE('',*,*,#826,.T.);
#442=ORIENTED_EDGE('',*,*,#804,.T.);
#443=ORIENTED_EDGE('',*,*,#819,.T.);
#444=ORIENTED_EDGE('',*,*,#794,.T.);
#445=ORIENTED_EDGE('',*,*,#820,.T.);
#446=ORIENTED_EDGE('',*,*,#808,.T.);
#447=ORIENTED_EDGE('',*,*,#816,.F.);
#448=ORIENTED_EDGE('',*,*,#827,.T.);
#449=ORIENTED_EDGE('',*,*,#672,.F.);
#450=ORIENTED_EDGE('',*,*,#828,.F.);
#451=ORIENTED_EDGE('',*,*,#829,.T.);
#452=ORIENTED_EDGE('',*,*,#830,.T.);
#453=ORIENTED_EDGE('',*,*,#831,.F.);
#454=ORIENTED_EDGE('',*,*,#832,.F.);
#455=ORIENTED_EDGE('',*,*,#833,.T.);
#456=ORIENTED_EDGE('',*,*,#834,.T.);
#457=ORIENTED_EDGE('',*,*,#829,.F.);
#458=ORIENTED_EDGE('',*,*,#835,.F.);
#459=ORIENTED_EDGE('',*,*,#836,.T.);
#460=ORIENTED_EDGE('',*,*,#837,.T.);
#461=ORIENTED_EDGE('',*,*,#838,.F.);
#462=ORIENTED_EDGE('',*,*,#839,.F.);
#463=ORIENTED_EDGE('',*,*,#840,.T.);
#464=ORIENTED_EDGE('',*,*,#841,.T.);
#465=ORIENTED_EDGE('',*,*,#836,.F.);
#466=ORIENTED_EDGE('',*,*,#842,.F.);
#467=ORIENTED_EDGE('',*,*,#843,.T.);
#468=ORIENTED_EDGE('',*,*,#844,.T.);
#469=ORIENTED_EDGE('',*,*,#840,.F.);
#470=ORIENTED_EDGE('',*,*,#845,.F.);
#471=ORIENTED_EDGE('',*,*,#831,.T.);
#472=ORIENTED_EDGE('',*,*,#846,.T.);
#473=ORIENTED_EDGE('',*,*,#843,.F.);
#474=ORIENTED_EDGE('',*,*,#847,.F.);
#475=ORIENTED_EDGE('',*,*,#848,.F.);
#476=ORIENTED_EDGE('',*,*,#849,.F.);
#477=ORIENTED_EDGE('',*,*,#837,.F.);
#478=ORIENTED_EDGE('',*,*,#841,.F.);
#479=ORIENTED_EDGE('',*,*,#844,.F.);
#480=ORIENTED_EDGE('',*,*,#846,.F.);
#481=ORIENTED_EDGE('',*,*,#830,.F.);
#482=ORIENTED_EDGE('',*,*,#834,.F.);
#483=ORIENTED_EDGE('',*,*,#850,.F.);
#484=ORIENTED_EDGE('',*,*,#851,.F.);
#485=ORIENTED_EDGE('',*,*,#852,.F.);
#486=ORIENTED_EDGE('',*,*,#853,.F.);
#487=ORIENTED_EDGE('',*,*,#854,.F.);
#488=ORIENTED_EDGE('',*,*,#855,.F.);
#489=ORIENTED_EDGE('',*,*,#856,.F.);
#490=ORIENTED_EDGE('',*,*,#857,.F.);
#491=ORIENTED_EDGE('',*,*,#858,.F.);
#492=ORIENTED_EDGE('',*,*,#859,.F.);
#493=ORIENTED_EDGE('',*,*,#860,.F.);
#494=ORIENTED_EDGE('',*,*,#861,.F.);
#495=ORIENTED_EDGE('',*,*,#862,.F.);
#496=ORIENTED_EDGE('',*,*,#863,.F.);
#497=ORIENTED_EDGE('',*,*,#864,.F.);
#498=ORIENTED_EDGE('',*,*,#827,.F.);
#499=ORIENTED_EDGE('',*,*,#865,.F.);
#500=ORIENTED_EDGE('',*,*,#838,.T.);
#501=ORIENTED_EDGE('',*,*,#849,.T.);
#502=ORIENTED_EDGE('',*,*,#866,.F.);
#503=ORIENTED_EDGE('',*,*,#867,.F.);
#504=ORIENTED_EDGE('',*,*,#866,.T.);
#505=ORIENTED_EDGE('',*,*,#848,.T.);
#506=ORIENTED_EDGE('',*,*,#868,.F.);
#507=ORIENTED_EDGE('',*,*,#869,.F.);
#508=ORIENTED_EDGE('',*,*,#868,.T.);
#509=ORIENTED_EDGE('',*,*,#847,.T.);
#510=ORIENTED_EDGE('',*,*,#870,.F.);
#511=ORIENTED_EDGE('',*,*,#871,.F.);
#512=ORIENTED_EDGE('',*,*,#870,.T.);
#513=ORIENTED_EDGE('',*,*,#852,.T.);
#514=ORIENTED_EDGE('',*,*,#872,.F.);
#515=ORIENTED_EDGE('',*,*,#873,.F.);
#516=ORIENTED_EDGE('',*,*,#872,.T.);
#517=ORIENTED_EDGE('',*,*,#851,.T.);
#518=ORIENTED_EDGE('',*,*,#874,.F.);
#519=ORIENTED_EDGE('',*,*,#875,.F.);
#520=ORIENTED_EDGE('',*,*,#874,.T.);
#521=ORIENTED_EDGE('',*,*,#850,.T.);
#522=ORIENTED_EDGE('',*,*,#833,.F.);
#523=ORIENTED_EDGE('',*,*,#871,.T.);
#524=ORIENTED_EDGE('',*,*,#876,.F.);
#525=ORIENTED_EDGE('',*,*,#856,.T.);
#526=ORIENTED_EDGE('',*,*,#877,.T.);
#527=ORIENTED_EDGE('',*,*,#873,.T.);
#528=ORIENTED_EDGE('',*,*,#878,.F.);
#529=ORIENTED_EDGE('',*,*,#857,.T.);
#530=ORIENTED_EDGE('',*,*,#876,.T.);
#531=ORIENTED_EDGE('',*,*,#875,.T.);
#532=ORIENTED_EDGE('',*,*,#879,.F.);
#533=ORIENTED_EDGE('',*,*,#858,.T.);
#534=ORIENTED_EDGE('',*,*,#878,.T.);
#535=ORIENTED_EDGE('',*,*,#854,.T.);
#536=ORIENTED_EDGE('',*,*,#880,.F.);
#537=ORIENTED_EDGE('',*,*,#867,.T.);
#538=ORIENTED_EDGE('',*,*,#881,.F.);
#539=ORIENTED_EDGE('',*,*,#832,.T.);
#540=ORIENTED_EDGE('',*,*,#882,.F.);
#541=ORIENTED_EDGE('',*,*,#859,.T.);
#542=ORIENTED_EDGE('',*,*,#879,.T.);
#543=ORIENTED_EDGE('',*,*,#828,.T.);
#544=ORIENTED_EDGE('',*,*,#883,.F.);
#545=ORIENTED_EDGE('',*,*,#860,.T.);
#546=ORIENTED_EDGE('',*,*,#882,.T.);
#547=ORIENTED_EDGE('',*,*,#845,.T.);
#548=ORIENTED_EDGE('',*,*,#884,.F.);
#549=ORIENTED_EDGE('',*,*,#861,.T.);
#550=ORIENTED_EDGE('',*,*,#883,.T.);
#551=ORIENTED_EDGE('',*,*,#842,.T.);
#552=ORIENTED_EDGE('',*,*,#885,.F.);
#553=ORIENTED_EDGE('',*,*,#862,.T.);
#554=ORIENTED_EDGE('',*,*,#884,.T.);
#555=ORIENTED_EDGE('',*,*,#863,.T.);
#556=ORIENTED_EDGE('',*,*,#885,.T.);
#557=ORIENTED_EDGE('',*,*,#839,.T.);
#558=ORIENTED_EDGE('',*,*,#886,.F.);
#559=ORIENTED_EDGE('',*,*,#864,.T.);
#560=ORIENTED_EDGE('',*,*,#886,.T.);
#561=ORIENTED_EDGE('',*,*,#835,.T.);
#562=ORIENTED_EDGE('',*,*,#887,.F.);
#563=ORIENTED_EDGE('',*,*,#853,.T.);
#564=ORIENTED_EDGE('',*,*,#887,.T.);
#565=ORIENTED_EDGE('',*,*,#865,.T.);
#566=ORIENTED_EDGE('',*,*,#880,.T.);
#567=ORIENTED_EDGE('',*,*,#855,.T.);
#568=ORIENTED_EDGE('',*,*,#881,.T.);
#569=ORIENTED_EDGE('',*,*,#869,.T.);
#570=ORIENTED_EDGE('',*,*,#877,.F.);
#571=ORIENTED_EDGE('',*,*,#704,.T.);
#572=ORIENTED_EDGE('',*,*,#888,.T.);
#573=ORIENTED_EDGE('',*,*,#678,.T.);
#574=ORIENTED_EDGE('',*,*,#700,.T.);
#575=ORIENTED_EDGE('',*,*,#889,.T.);
#576=ORIENTED_EDGE('',*,*,#890,.F.);
#577=ORIENTED_EDGE('',*,*,#891,.F.);
#578=ORIENTED_EDGE('',*,*,#679,.F.);
#579=ORIENTED_EDGE('',*,*,#888,.F.);
#580=ORIENTED_EDGE('',*,*,#892,.F.);
#581=ORIENTED_EDGE('',*,*,#893,.T.);
#582=ORIENTED_EDGE('',*,*,#680,.F.);
#583=ORIENTED_EDGE('',*,*,#891,.T.);
#584=ORIENTED_EDGE('',*,*,#681,.F.);
#585=ORIENTED_EDGE('',*,*,#893,.F.);
#586=ORIENTED_EDGE('',*,*,#894,.F.);
#587=ORIENTED_EDGE('',*,*,#895,.F.);
#588=ORIENTED_EDGE('',*,*,#695,.T.);
#589=ORIENTED_EDGE('',*,*,#686,.F.);
#590=ORIENTED_EDGE('',*,*,#667,.F.);
#591=ORIENTED_EDGE('',*,*,#671,.T.);
#592=ORIENTED_EDGE('',*,*,#689,.T.);
#593=ORIENTED_EDGE('',*,*,#628,.F.);
#594=ORIENTED_EDGE('',*,*,#653,.F.);
#595=ORIENTED_EDGE('',*,*,#688,.T.);
#596=ORIENTED_EDGE('',*,*,#766,.T.);
#597=ORIENTED_EDGE('',*,*,#896,.T.);
#598=ORIENTED_EDGE('',*,*,#682,.T.);
#599=ORIENTED_EDGE('',*,*,#895,.T.);
#600=ORIENTED_EDGE('',*,*,#897,.T.);
#601=ORIENTED_EDGE('',*,*,#898,.T.);
#602=ORIENTED_EDGE('',*,*,#899,.T.);
#603=ORIENTED_EDGE('',*,*,#900,.T.);
#604=ORIENTED_EDGE('',*,*,#897,.F.);
#605=ORIENTED_EDGE('',*,*,#894,.T.);
#606=ORIENTED_EDGE('',*,*,#892,.T.);
#607=ORIENTED_EDGE('',*,*,#890,.T.);
#608=ORIENTED_EDGE('',*,*,#889,.F.);
#609=ORIENTED_EDGE('',*,*,#699,.F.);
#610=ORIENTED_EDGE('',*,*,#637,.F.);
#611=ORIENTED_EDGE('',*,*,#663,.T.);
#612=ORIENTED_EDGE('',*,*,#674,.F.);
#613=ORIENTED_EDGE('',*,*,#900,.F.);
#614=ORIENTED_EDGE('',*,*,#901,.F.);
#615=ORIENTED_EDGE('',*,*,#683,.F.);
#616=ORIENTED_EDGE('',*,*,#896,.F.);
#617=ORIENTED_EDGE('',*,*,#899,.F.);
#618=ORIENTED_EDGE('',*,*,#902,.T.);
#619=ORIENTED_EDGE('',*,*,#684,.F.);
#620=ORIENTED_EDGE('',*,*,#901,.T.);
#621=ORIENTED_EDGE('',*,*,#676,.F.);
#622=ORIENTED_EDGE('',*,*,#902,.F.);
#623=ORIENTED_EDGE('',*,*,#898,.F.);
#624=ORIENTED_EDGE('',*,*,#673,.F.);
#625=EDGE_CURVE('',#903,#904,#1079,.T.);
#626=EDGE_CURVE('',#905,#904,#1080,.T.);
#627=EDGE_CURVE('',#906,#905,#1081,.T.);
#628=EDGE_CURVE('',#906,#907,#1082,.T.);
#629=EDGE_CURVE('',#908,#907,#40,.F.);
#630=EDGE_CURVE('',#903,#908,#1083,.T.);
#631=EDGE_CURVE('',#909,#910,#41,.T.);
#632=EDGE_CURVE('',#910,#911,#1084,.T.);
#633=EDGE_CURVE('',#911,#912,#20,.T.);
#634=EDGE_CURVE('',#912,#909,#1085,.T.);
#635=EDGE_CURVE('',#913,#914,#1086,.T.);
#636=EDGE_CURVE('',#914,#915,#1087,.T.);
#637=EDGE_CURVE('',#915,#916,#1088,.T.);
#638=EDGE_CURVE('',#916,#913,#1089,.T.);
#639=EDGE_CURVE('',#917,#903,#21,.T.);
#640=EDGE_CURVE('',#918,#917,#1090,.T.);
#641=EDGE_CURVE('',#919,#918,#22,.T.);
#642=EDGE_CURVE('',#912,#919,#1091,.T.);
#643=EDGE_CURVE('',#920,#911,#1092,.T.);
#644=EDGE_CURVE('',#904,#920,#23,.T.);
#645=EDGE_CURVE('',#920,#921,#1093,.T.);
#646=EDGE_CURVE('',#921,#910,#1094,.T.);
#647=EDGE_CURVE('',#921,#905,#24,.T.);
#648=EDGE_CURVE('',#922,#923,#42,.T.);
#649=EDGE_CURVE('',#924,#922,#43,.T.);
#650=EDGE_CURVE('',#924,#925,#1095,.T.);
#651=EDGE_CURVE('',#926,#925,#44,.T.);
#652=EDGE_CURVE('',#923,#926,#1096,.T.);
#653=EDGE_CURVE('',#927,#906,#45,.F.);
#654=EDGE_CURVE('',#928,#910,#46,.T.);
#655=EDGE_CURVE('',#929,#928,#47,.F.);
#656=EDGE_CURVE('',#930,#929,#48,.F.);
#657=EDGE_CURVE('',#927,#930,#49,.F.);
#658=EDGE_CURVE('',#923,#927,#50,.F.);
#659=EDGE_CURVE('',#928,#931,#51,.T.);
#660=EDGE_CURVE('',#922,#931,#52,.F.);
#661=EDGE_CURVE('',#914,#932,#1097,.T.);
#662=EDGE_CURVE('',#933,#932,#1098,.T.);
#663=EDGE_CURVE('',#915,#933,#1099,.T.);
#664=EDGE_CURVE('',#934,#924,#53,.F.);
#665=EDGE_CURVE('',#931,#935,#54,.T.);
#666=EDGE_CURVE('',#935,#934,#55,.T.);
#667=EDGE_CURVE('',#936,#934,#56,.F.);
#668=EDGE_CURVE('',#909,#936,#57,.F.);
#669=EDGE_CURVE('',#937,#919,#1100,.T.);
#670=EDGE_CURVE('',#938,#937,#1101,.T.);
#671=EDGE_CURVE('',#936,#938,#1102,.T.);
#672=EDGE_CURVE('',#939,#939,#25,.T.);
#673=EDGE_CURVE('',#940,#941,#1103,.T.);
#674=EDGE_CURVE('',#941,#933,#1104,.T.);
#675=EDGE_CURVE('',#932,#940,#1105,.T.);
#676=EDGE_CURVE('',#942,#940,#1106,.T.);
#677=EDGE_CURVE('',#913,#943,#1107,.T.);
#678=EDGE_CURVE('',#944,#943,#1108,.T.);
#679=EDGE_CURVE('',#944,#945,#1109,.T.);
#680=EDGE_CURVE('',#945,#946,#1110,.T.);
#681=EDGE_CURVE('',#946,#947,#1111,.T.);
#682=EDGE_CURVE('',#948,#947,#1112,.T.);
#683=EDGE_CURVE('',#948,#949,#1113,.T.);
#684=EDGE_CURVE('',#949,#942,#1114,.T.);
#685=EDGE_CURVE('',#950,#925,#58,.T.);
#686=EDGE_CURVE('',#934,#950,#1115,.T.);
#687=EDGE_CURVE('',#926,#951,#59,.T.);
#688=EDGE_CURVE('',#927,#951,#1116,.T.);
#689=EDGE_CURVE('',#951,#907,#60,.T.);
#690=EDGE_CURVE('',#952,#951,#61,.F.);
#691=EDGE_CURVE('',#953,#952,#62,.F.);
#692=EDGE_CURVE('',#954,#953,#63,.F.);
#693=EDGE_CURVE('',#955,#954,#64,.F.);
#694=EDGE_CURVE('',#950,#955,#65,.F.);
#695=EDGE_CURVE('',#938,#950,#66,.T.);
#696=EDGE_CURVE('',#956,#937,#67,.T.);
#697=EDGE_CURVE('',#956,#957,#1117,.T.);
#698=EDGE_CURVE('',#908,#957,#68,.T.);
#699=EDGE_CURVE('',#916,#958,#1118,.T.);
#700=EDGE_CURVE('',#943,#958,#1119,.T.);
#701=EDGE_CURVE('',#957,#917,#1120,.T.);
#702=EDGE_CURVE('',#918,#956,#1121,.T.);
#703=EDGE_CURVE('',#959,#959,#26,.T.);
#704=EDGE_CURVE('',#960,#960,#27,.T.);
#705=EDGE_CURVE('',#961,#962,#1122,.T.);
#706=EDGE_CURVE('',#961,#963,#1123,.T.);
#707=EDGE_CURVE('',#963,#964,#1124,.T.);
#708=EDGE_CURVE('',#962,#964,#1125,.T.);
#709=EDGE_CURVE('',#965,#961,#1126,.T.);
#710=EDGE_CURVE('',#965,#966,#1127,.T.);
#711=EDGE_CURVE('',#966,#963,#1128,.T.);
#712=EDGE_CURVE('',#967,#968,#1129,.T.);
#713=EDGE_CURVE('',#967,#969,#1130,.T.);
#714=EDGE_CURVE('',#969,#970,#1131,.T.);
#715=EDGE_CURVE('',#968,#970,#1132,.T.);
#716=EDGE_CURVE('',#971,#967,#1133,.T.);
#717=EDGE_CURVE('',#971,#972,#1134,.T.);
#718=EDGE_CURVE('',#972,#969,#1135,.T.);
#719=EDGE_CURVE('',#973,#971,#1136,.T.);
#720=EDGE_CURVE('',#973,#974,#1137,.T.);
#721=EDGE_CURVE('',#974,#972,#1138,.T.);
#722=EDGE_CURVE('',#962,#973,#1139,.T.);
#723=EDGE_CURVE('',#964,#974,#1140,.T.);
#724=EDGE_CURVE('',#975,#976,#1141,.T.);
#725=EDGE_CURVE('',#977,#975,#1142,.T.);
#726=EDGE_CURVE('',#970,#977,#1143,.T.);
#727=EDGE_CURVE('',#978,#966,#1144,.T.);
#728=EDGE_CURVE('',#979,#978,#1145,.T.);
#729=EDGE_CURVE('',#976,#979,#1146,.T.);
#730=EDGE_CURVE('',#980,#981,#1147,.T.);
#731=EDGE_CURVE('',#982,#980,#1148,.T.);
#732=EDGE_CURVE('',#983,#982,#1149,.T.);
#733=EDGE_CURVE('',#984,#983,#1150,.T.);
#734=EDGE_CURVE('',#985,#984,#1151,.T.);
#735=EDGE_CURVE('',#986,#985,#1152,.T.);
#736=EDGE_CURVE('',#987,#986,#1153,.T.);
#737=EDGE_CURVE('',#988,#987,#1154,.T.);
#738=EDGE_CURVE('',#989,#988,#1155,.T.);
#739=EDGE_CURVE('',#990,#989,#1156,.T.);
#740=EDGE_CURVE('',#991,#990,#1157,.T.);
#741=EDGE_CURVE('',#981,#991,#1158,.T.);
#742=EDGE_CURVE('',#968,#992,#1159,.T.);
#743=EDGE_CURVE('',#992,#977,#1160,.T.);
#744=EDGE_CURVE('',#992,#993,#1161,.T.);
#745=EDGE_CURVE('',#993,#975,#1162,.T.);
#746=EDGE_CURVE('',#993,#994,#1163,.T.);
#747=EDGE_CURVE('',#994,#976,#1164,.T.);
#748=EDGE_CURVE('',#994,#995,#1165,.T.);
#749=EDGE_CURVE('',#995,#979,#1166,.T.);
#750=EDGE_CURVE('',#995,#996,#1167,.T.);
#751=EDGE_CURVE('',#996,#978,#1168,.T.);
#752=EDGE_CURVE('',#996,#965,#1169,.T.);
#753=EDGE_CURVE('',#984,#995,#1170,.T.);
#754=EDGE_CURVE('',#983,#994,#1171,.T.);
#755=EDGE_CURVE('',#985,#996,#1172,.T.);
#756=EDGE_CURVE('',#986,#965,#1173,.T.);
#757=EDGE_CURVE('',#992,#980,#1174,.T.);
#758=EDGE_CURVE('',#982,#993,#1175,.T.);
#759=EDGE_CURVE('',#987,#961,#1176,.T.);
#760=EDGE_CURVE('',#988,#962,#1177,.T.);
#761=EDGE_CURVE('',#989,#973,#1178,.T.);
#762=EDGE_CURVE('',#990,#971,#1179,.T.);
#763=EDGE_CURVE('',#991,#967,#1180,.T.);
#764=EDGE_CURVE('',#981,#968,#1181,.T.);
#765=EDGE_CURVE('',#997,#997,#28,.T.);
#766=EDGE_CURVE('',#998,#998,#29,.T.);
#767=EDGE_CURVE('',#999,#1000,#1182,.T.);
#768=EDGE_CURVE('',#999,#1001,#1183,.T.);
#769=EDGE_CURVE('',#1001,#1002,#1184,.T.);
#770=EDGE_CURVE('',#1000,#1002,#1185,.T.);
#771=EDGE_CURVE('',#1003,#999,#1186,.T.);
#772=EDGE_CURVE('',#1003,#1004,#1187,.T.);
#773=EDGE_CURVE('',#1004,#1001,#1188,.T.);
#774=EDGE_CURVE('',#1005,#1006,#1189,.T.);
#775=EDGE_CURVE('',#1005,#1007,#1190,.T.);
#776=EDGE_CURVE('',#1007,#1008,#1191,.T.);
#777=EDGE_CURVE('',#1006,#1008,#1192,.T.);
#778=EDGE_CURVE('',#1009,#1005,#1193,.T.);
#779=EDGE_CURVE('',#1009,#1010,#1194,.T.);
#780=EDGE_CURVE('',#1010,#1007,#1195,.T.);
#781=EDGE_CURVE('',#1011,#1009,#1196,.T.);
#782=EDGE_CURVE('',#1011,#1012,#1197,.T.);
#783=EDGE_CURVE('',#1012,#1010,#1198,.T.);
#784=EDGE_CURVE('',#1000,#1011,#1199,.T.);
#785=EDGE_CURVE('',#1002,#1012,#1200,.T.);
#786=EDGE_CURVE('',#1013,#1014,#1201,.T.);
#787=EDGE_CURVE('',#1015,#1013,#1202,.T.);
#788=EDGE_CURVE('',#1008,#1015,#1203,.T.);
#789=EDGE_CURVE('',#1016,#1004,#1204,.T.);
#790=EDGE_CURVE('',#1017,#1016,#1205,.T.);
#791=EDGE_CURVE('',#1014,#1017,#1206,.T.);
#792=EDGE_CURVE('',#1018,#1019,#1207,.T.);
#793=EDGE_CURVE('',#1020,#1018,#1208,.T.);
#794=EDGE_CURVE('',#1021,#1020,#1209,.T.);
#795=EDGE_CURVE('',#1022,#1021,#1210,.T.);
#796=EDGE_CURVE('',#1023,#1022,#1211,.T.);
#797=EDGE_CURVE('',#1024,#1023,#1212,.T.);
#798=EDGE_CURVE('',#1025,#1024,#1213,.T.);
#799=EDGE_CURVE('',#1026,#1025,#1214,.T.);
#800=EDGE_CURVE('',#1027,#1026,#1215,.T.);
#801=EDGE_CURVE('',#1028,#1027,#1216,.T.);
#802=EDGE_CURVE('',#1029,#1028,#1217,.T.);
#803=EDGE_CURVE('',#1019,#1029,#1218,.T.);
#804=EDGE_CURVE('',#1006,#1030,#1219,.T.);
#805=EDGE_CURVE('',#1030,#1015,#1220,.T.);
#806=EDGE_CURVE('',#1030,#1031,#1221,.T.);
#807=EDGE_CURVE('',#1031,#1013,#1222,.T.);
#808=EDGE_CURVE('',#1031,#1032,#1223,.T.);
#809=EDGE_CURVE('',#1032,#1014,#1224,.T.);
#810=EDGE_CURVE('',#1032,#1033,#1225,.T.);
#811=EDGE_CURVE('',#1033,#1017,#1226,.T.);
#812=EDGE_CURVE('',#1033,#1034,#1227,.T.);
#813=EDGE_CURVE('',#1034,#1016,#1228,.T.);
#814=EDGE_CURVE('',#1034,#1003,#1229,.T.);
#815=EDGE_CURVE('',#1022,#1033,#1230,.T.);
#816=EDGE_CURVE('',#1021,#1032,#1231,.T.);
#817=EDGE_CURVE('',#1023,#1034,#1232,.T.);
#818=EDGE_CURVE('',#1024,#1003,#1233,.T.);
#819=EDGE_CURVE('',#1030,#1018,#1234,.T.);
#820=EDGE_CURVE('',#1020,#1031,#1235,.T.);
#821=EDGE_CURVE('',#1025,#999,#1236,.T.);
#822=EDGE_CURVE('',#1026,#1000,#1237,.T.);
#823=EDGE_CURVE('',#1027,#1011,#1238,.T.);
#824=EDGE_CURVE('',#1028,#1009,#1239,.T.);
#825=EDGE_CURVE('',#1029,#1005,#1240,.T.);
#826=EDGE_CURVE('',#1019,#1006,#1241,.T.);
#827=EDGE_CURVE('',#1035,#1035,#30,.T.);
#828=EDGE_CURVE('',#1036,#1037,#1242,.T.);
#829=EDGE_CURVE('',#1036,#1038,#1243,.T.);
#830=EDGE_CURVE('',#1038,#1039,#1244,.T.);
#831=EDGE_CURVE('',#1037,#1039,#1245,.T.);
#832=EDGE_CURVE('',#1040,#1036,#1246,.T.);
#833=EDGE_CURVE('',#1040,#1041,#1247,.T.);
#834=EDGE_CURVE('',#1041,#1038,#1248,.T.);
#835=EDGE_CURVE('',#1042,#1043,#1249,.T.);
#836=EDGE_CURVE('',#1042,#1044,#1250,.T.);
#837=EDGE_CURVE('',#1044,#1045,#1251,.T.);
#838=EDGE_CURVE('',#1043,#1045,#1252,.T.);
#839=EDGE_CURVE('',#1046,#1042,#1253,.T.);
#840=EDGE_CURVE('',#1046,#1047,#1254,.T.);
#841=EDGE_CURVE('',#1047,#1044,#1255,.T.);
#842=EDGE_CURVE('',#1048,#1046,#1256,.T.);
#843=EDGE_CURVE('',#1048,#1049,#1257,.T.);
#844=EDGE_CURVE('',#1049,#1047,#1258,.T.);
#845=EDGE_CURVE('',#1037,#1048,#1259,.T.);
#846=EDGE_CURVE('',#1039,#1049,#1260,.T.);
#847=EDGE_CURVE('',#1050,#1051,#1261,.T.);
#848=EDGE_CURVE('',#1052,#1050,#1262,.T.);
#849=EDGE_CURVE('',#1045,#1052,#1263,.T.);
#850=EDGE_CURVE('',#1053,#1041,#1264,.T.);
#851=EDGE_CURVE('',#1054,#1053,#1265,.T.);
#852=EDGE_CURVE('',#1051,#1054,#1266,.T.);
#853=EDGE_CURVE('',#1055,#1056,#1267,.T.);
#854=EDGE_CURVE('',#1057,#1055,#1268,.T.);
#855=EDGE_CURVE('',#1058,#1057,#1269,.T.);
#856=EDGE_CURVE('',#1059,#1058,#1270,.T.);
#857=EDGE_CURVE('',#1060,#1059,#1271,.T.);
#858=EDGE_CURVE('',#1061,#1060,#1272,.T.);
#859=EDGE_CURVE('',#1062,#1061,#1273,.T.);
#860=EDGE_CURVE('',#1063,#1062,#1274,.T.);
#861=EDGE_CURVE('',#1064,#1063,#1275,.T.);
#862=EDGE_CURVE('',#1065,#1064,#1276,.T.);
#863=EDGE_CURVE('',#1066,#1065,#1277,.T.);
#864=EDGE_CURVE('',#1056,#1066,#1278,.T.);
#865=EDGE_CURVE('',#1043,#1067,#1279,.T.);
#866=EDGE_CURVE('',#1067,#1052,#1280,.T.);
#867=EDGE_CURVE('',#1067,#1068,#1281,.T.);
#868=EDGE_CURVE('',#1068,#1050,#1282,.T.);
#869=EDGE_CURVE('',#1068,#1069,#1283,.T.);
#870=EDGE_CURVE('',#1069,#1051,#1284,.T.);
#871=EDGE_CURVE('',#1069,#1070,#1285,.T.);
#872=EDGE_CURVE('',#1070,#1054,#1286,.T.);
#873=EDGE_CURVE('',#1070,#1071,#1287,.T.);
#874=EDGE_CURVE('',#1071,#1053,#1288,.T.);
#875=EDGE_CURVE('',#1071,#1040,#1289,.T.);
#876=EDGE_CURVE('',#1059,#1070,#1290,.T.);
#877=EDGE_CURVE('',#1058,#1069,#1291,.T.);
#878=EDGE_CURVE('',#1060,#1071,#1292,.T.);
#879=EDGE_CURVE('',#1061,#1040,#1293,.T.);
#880=EDGE_CURVE('',#1067,#1055,#1294,.T.);
#881=EDGE_CURVE('',#1057,#1068,#1295,.T.);
#882=EDGE_CURVE('',#1062,#1036,#1296,.T.);
#883=EDGE_CURVE('',#1063,#1037,#1297,.T.);
#884=EDGE_CURVE('',#1064,#1048,#1298,.T.);
#885=EDGE_CURVE('',#1065,#1046,#1299,.T.);
#886=EDGE_CURVE('',#1066,#1042,#1300,.T.);
#887=EDGE_CURVE('',#1056,#1043,#1301,.T.);
#888=EDGE_CURVE('',#1072,#944,#1302,.T.);
#889=EDGE_CURVE('',#958,#1072,#1303,.T.);
#890=EDGE_CURVE('',#1073,#1072,#1304,.T.);
#891=EDGE_CURVE('',#945,#1073,#1305,.T.);
#892=EDGE_CURVE('',#1074,#1073,#1306,.T.);
#893=EDGE_CURVE('',#1074,#946,#1307,.T.);
#894=EDGE_CURVE('',#1075,#1074,#1308,.T.);
#895=EDGE_CURVE('',#947,#1075,#1309,.T.);
#896=EDGE_CURVE('',#1076,#948,#1310,.T.);
#897=EDGE_CURVE('',#1075,#1076,#1311,.T.);
#898=EDGE_CURVE('',#941,#1077,#1312,.T.);
#899=EDGE_CURVE('',#1077,#1078,#1313,.T.);
#900=EDGE_CURVE('',#1078,#1076,#1314,.T.);
#901=EDGE_CURVE('',#949,#1078,#1315,.T.);
#902=EDGE_CURVE('',#1077,#942,#1316,.T.);
#903=VERTEX_POINT('',#2621);
#904=VERTEX_POINT('',#2622);
#905=VERTEX_POINT('',#2624);
#906=VERTEX_POINT('',#2626);
#907=VERTEX_POINT('',#2628);
#908=VERTEX_POINT('',#2633);
#909=VERTEX_POINT('',#2640);
#910=VERTEX_POINT('',#2641);
#911=VERTEX_POINT('',#2643);
#912=VERTEX_POINT('',#2645);
#913=VERTEX_POINT('',#2649);
#914=VERTEX_POINT('',#2650);
#915=VERTEX_POINT('',#2652);
#916=VERTEX_POINT('',#2654);
#917=VERTEX_POINT('',#2657);
#918=VERTEX_POINT('',#2659);
#919=VERTEX_POINT('',#2661);
#920=VERTEX_POINT('',#2664);
#921=VERTEX_POINT('',#2668);
#922=VERTEX_POINT('',#2693);
#923=VERTEX_POINT('',#2694);
#924=VERTEX_POINT('',#2708);
#925=VERTEX_POINT('',#2710);
#926=VERTEX_POINT('',#2820);
#927=VERTEX_POINT('',#2893);
#928=VERTEX_POINT('',#2901);
#929=VERTEX_POINT('',#2924);
#930=VERTEX_POINT('',#2948);
#931=VERTEX_POINT('',#3048);
#932=VERTEX_POINT('',#3055);
#933=VERTEX_POINT('',#3057);
#934=VERTEX_POINT('',#3115);
#935=VERTEX_POINT('',#3121);
#936=VERTEX_POINT('',#3258);
#937=VERTEX_POINT('',#3265);
#938=VERTEX_POINT('',#3267);
#939=VERTEX_POINT('',#3271);
#940=VERTEX_POINT('',#3273);
#941=VERTEX_POINT('',#3274);
#942=VERTEX_POINT('',#3279);
#943=VERTEX_POINT('',#3281);
#944=VERTEX_POINT('',#3283);
#945=VERTEX_POINT('',#3285);
#946=VERTEX_POINT('',#3287);
#947=VERTEX_POINT('',#3289);
#948=VERTEX_POINT('',#3291);
#949=VERTEX_POINT('',#3293);
#950=VERTEX_POINT('',#3300);
#951=VERTEX_POINT('',#3307);
#952=VERTEX_POINT('',#3502);
#953=VERTEX_POINT('',#3523);
#954=VERTEX_POINT('',#3535);
#955=VERTEX_POINT('',#3554);
#956=VERTEX_POINT('',#3572);
#957=VERTEX_POINT('',#3574);
#958=VERTEX_POINT('',#3868);
#959=VERTEX_POINT('',#3877);
#960=VERTEX_POINT('',#3879);
#961=VERTEX_POINT('',#3882);
#962=VERTEX_POINT('',#3883);
#963=VERTEX_POINT('',#3885);
#964=VERTEX_POINT('',#3887);
#965=VERTEX_POINT('',#3891);
#966=VERTEX_POINT('',#3893);
#967=VERTEX_POINT('',#3897);
#968=VERTEX_POINT('',#3898);
#969=VERTEX_POINT('',#3900);
#970=VERTEX_POINT('',#3902);
#971=VERTEX_POINT('',#3906);
#972=VERTEX_POINT('',#3908);
#973=VERTEX_POINT('',#3912);
#974=VERTEX_POINT('',#3914);
#975=VERTEX_POINT('',#3921);
#976=VERTEX_POINT('',#3922);
#977=VERTEX_POINT('',#3924);
#978=VERTEX_POINT('',#3927);
#979=VERTEX_POINT('',#3929);
#980=VERTEX_POINT('',#3933);
#981=VERTEX_POINT('',#3934);
#982=VERTEX_POINT('',#3936);
#983=VERTEX_POINT('',#3938);
#984=VERTEX_POINT('',#3940);
#985=VERTEX_POINT('',#3942);
#986=VERTEX_POINT('',#3944);
#987=VERTEX_POINT('',#3946);
#988=VERTEX_POINT('',#3948);
#989=VERTEX_POINT('',#3950);
#990=VERTEX_POINT('',#3952);
#991=VERTEX_POINT('',#3954);
#992=VERTEX_POINT('',#3958);
#993=VERTEX_POINT('',#3962);
#994=VERTEX_POINT('',#3966);
#995=VERTEX_POINT('',#3970);
#996=VERTEX_POINT('',#3974);
#997=VERTEX_POINT('',#4004);
#998=VERTEX_POINT('',#4006);
#999=VERTEX_POINT('',#4009);
#1000=VERTEX_POINT('',#4010);
#1001=VERTEX_POINT('',#4012);
#1002=VERTEX_POINT('',#4014);
#1003=VERTEX_POINT('',#4018);
#1004=VERTEX_POINT('',#4020);
#1005=VERTEX_POINT('',#4024);
#1006=VERTEX_POINT('',#4025);
#1007=VERTEX_POINT('',#4027);
#1008=VERTEX_POINT('',#4029);
#1009=VERTEX_POINT('',#4033);
#1010=VERTEX_POINT('',#4035);
#1011=VERTEX_POINT('',#4039);
#1012=VERTEX_POINT('',#4041);
#1013=VERTEX_POINT('',#4048);
#1014=VERTEX_POINT('',#4049);
#1015=VERTEX_POINT('',#4051);
#1016=VERTEX_POINT('',#4054);
#1017=VERTEX_POINT('',#4056);
#1018=VERTEX_POINT('',#4060);
#1019=VERTEX_POINT('',#4061);
#1020=VERTEX_POINT('',#4063);
#1021=VERTEX_POINT('',#4065);
#1022=VERTEX_POINT('',#4067);
#1023=VERTEX_POINT('',#4069);
#1024=VERTEX_POINT('',#4071);
#1025=VERTEX_POINT('',#4073);
#1026=VERTEX_POINT('',#4075);
#1027=VERTEX_POINT('',#4077);
#1028=VERTEX_POINT('',#4079);
#1029=VERTEX_POINT('',#4081);
#1030=VERTEX_POINT('',#4085);
#1031=VERTEX_POINT('',#4089);
#1032=VERTEX_POINT('',#4093);
#1033=VERTEX_POINT('',#4097);
#1034=VERTEX_POINT('',#4101);
#1035=VERTEX_POINT('',#4131);
#1036=VERTEX_POINT('',#4134);
#1037=VERTEX_POINT('',#4135);
#1038=VERTEX_POINT('',#4137);
#1039=VERTEX_POINT('',#4139);
#1040=VERTEX_POINT('',#4143);
#1041=VERTEX_POINT('',#4145);
#1042=VERTEX_POINT('',#4149);
#1043=VERTEX_POINT('',#4150);
#1044=VERTEX_POINT('',#4152);
#1045=VERTEX_POINT('',#4154);
#1046=VERTEX_POINT('',#4158);
#1047=VERTEX_POINT('',#4160);
#1048=VERTEX_POINT('',#4164);
#1049=VERTEX_POINT('',#4166);
#1050=VERTEX_POINT('',#4173);
#1051=VERTEX_POINT('',#4174);
#1052=VERTEX_POINT('',#4176);
#1053=VERTEX_POINT('',#4179);
#1054=VERTEX_POINT('',#4181);
#1055=VERTEX_POINT('',#4185);
#1056=VERTEX_POINT('',#4186);
#1057=VERTEX_POINT('',#4188);
#1058=VERTEX_POINT('',#4190);
#1059=VERTEX_POINT('',#4192);
#1060=VERTEX_POINT('',#4194);
#1061=VERTEX_POINT('',#4196);
#1062=VERTEX_POINT('',#4198);
#1063=VERTEX_POINT('',#4200);
#1064=VERTEX_POINT('',#4202);
#1065=VERTEX_POINT('',#4204);
#1066=VERTEX_POINT('',#4206);
#1067=VERTEX_POINT('',#4210);
#1068=VERTEX_POINT('',#4214);
#1069=VERTEX_POINT('',#4218);
#1070=VERTEX_POINT('',#4222);
#1071=VERTEX_POINT('',#4226);
#1072=VERTEX_POINT('',#4256);
#1073=VERTEX_POINT('',#4260);
#1074=VERTEX_POINT('',#4264);
#1075=VERTEX_POINT('',#4268);
#1076=VERTEX_POINT('',#4294);
#1077=VERTEX_POINT('',#4298);
#1078=VERTEX_POINT('',#4300);
#1079=LINE('',#2620,#1317);
#1080=LINE('',#2623,#1318);
#1081=LINE('',#2625,#1319);
#1082=LINE('',#2627,#1320);
#1083=LINE('',#2634,#1321);
#1084=LINE('',#2642,#1322);
#1085=LINE('',#2646,#1323);
#1086=LINE('',#2648,#1324);
#1087=LINE('',#2651,#1325);
#1088=LINE('',#2653,#1326);
#1089=LINE('',#2655,#1327);
#1090=LINE('',#2658,#1328);
#1091=LINE('',#2662,#1329);
#1092=LINE('',#2663,#1330);
#1093=LINE('',#2667,#1331);
#1094=LINE('',#2669,#1332);
#1095=LINE('',#2709,#1333);
#1096=LINE('',#2821,#1334);
#1097=LINE('',#3054,#1335);
#1098=LINE('',#3056,#1336);
#1099=LINE('',#3058,#1337);
#1100=LINE('',#3264,#1338);
#1101=LINE('',#3266,#1339);
#1102=LINE('',#3268,#1340);
#1103=LINE('',#3272,#1341);
#1104=LINE('',#3275,#1342);
#1105=LINE('',#3276,#1343);
#1106=LINE('',#3278,#1344);
#1107=LINE('',#3280,#1345);
#1108=LINE('',#3282,#1346);
#1109=LINE('',#3284,#1347);
#1110=LINE('',#3286,#1348);
#1111=LINE('',#3288,#1349);
#1112=LINE('',#3290,#1350);
#1113=LINE('',#3292,#1351);
#1114=LINE('',#3294,#1352);
#1115=LINE('',#3301,#1353);
#1116=LINE('',#3308,#1354);
#1117=LINE('',#3573,#1355);
#1118=LINE('',#3867,#1356);
#1119=LINE('',#3869,#1357);
#1120=LINE('',#3871,#1358);
#1121=LINE('',#3873,#1359);
#1122=LINE('',#3881,#1360);
#1123=LINE('',#3884,#1361);
#1124=LINE('',#3886,#1362);
#1125=LINE('',#3888,#1363);
#1126=LINE('',#3890,#1364);
#1127=LINE('',#3892,#1365);
#1128=LINE('',#3894,#1366);
#1129=LINE('',#3896,#1367);
#1130=LINE('',#3899,#1368);
#1131=LINE('',#3901,#1369);
#1132=LINE('',#3903,#1370);
#1133=LINE('',#3905,#1371);
#1134=LINE('',#3907,#1372);
#1135=LINE('',#3909,#1373);
#1136=LINE('',#3911,#1374);
#1137=LINE('',#3913,#1375);
#1138=LINE('',#3915,#1376);
#1139=LINE('',#3917,#1377);
#1140=LINE('',#3918,#1378);
#1141=LINE('',#3920,#1379);
#1142=LINE('',#3923,#1380);
#1143=LINE('',#3925,#1381);
#1144=LINE('',#3926,#1382);
#1145=LINE('',#3928,#1383);
#1146=LINE('',#3930,#1384);
#1147=LINE('',#3932,#1385);
#1148=LINE('',#3935,#1386);
#1149=LINE('',#3937,#1387);
#1150=LINE('',#3939,#1388);
#1151=LINE('',#3941,#1389);
#1152=LINE('',#3943,#1390);
#1153=LINE('',#3945,#1391);
#1154=LINE('',#3947,#1392);
#1155=LINE('',#3949,#1393);
#1156=LINE('',#3951,#1394);
#1157=LINE('',#3953,#1395);
#1158=LINE('',#3955,#1396);
#1159=LINE('',#3957,#1397);
#1160=LINE('',#3959,#1398);
#1161=LINE('',#3961,#1399);
#1162=LINE('',#3963,#1400);
#1163=LINE('',#3965,#1401);
#1164=LINE('',#3967,#1402);
#1165=LINE('',#3969,#1403);
#1166=LINE('',#3971,#1404);
#1167=LINE('',#3973,#1405);
#1168=LINE('',#3975,#1406);
#1169=LINE('',#3977,#1407);
#1170=LINE('',#3979,#1408);
#1171=LINE('',#3980,#1409);
#1172=LINE('',#3982,#1410);
#1173=LINE('',#3984,#1411);
#1174=LINE('',#3986,#1412);
#1175=LINE('',#3987,#1413);
#1176=LINE('',#3989,#1414);
#1177=LINE('',#3991,#1415);
#1178=LINE('',#3993,#1416);
#1179=LINE('',#3995,#1417);
#1180=LINE('',#3997,#1418);
#1181=LINE('',#3999,#1419);
#1182=LINE('',#4008,#1420);
#1183=LINE('',#4011,#1421);
#1184=LINE('',#4013,#1422);
#1185=LINE('',#4015,#1423);
#1186=LINE('',#4017,#1424);
#1187=LINE('',#4019,#1425);
#1188=LINE('',#4021,#1426);
#1189=LINE('',#4023,#1427);
#1190=LINE('',#4026,#1428);
#1191=LINE('',#4028,#1429);
#1192=LINE('',#4030,#1430);
#1193=LINE('',#4032,#1431);
#1194=LINE('',#4034,#1432);
#1195=LINE('',#4036,#1433);
#1196=LINE('',#4038,#1434);
#1197=LINE('',#4040,#1435);
#1198=LINE('',#4042,#1436);
#1199=LINE('',#4044,#1437);
#1200=LINE('',#4045,#1438);
#1201=LINE('',#4047,#1439);
#1202=LINE('',#4050,#1440);
#1203=LINE('',#4052,#1441);
#1204=LINE('',#4053,#1442);
#1205=LINE('',#4055,#1443);
#1206=LINE('',#4057,#1444);
#1207=LINE('',#4059,#1445);
#1208=LINE('',#4062,#1446);
#1209=LINE('',#4064,#1447);
#1210=LINE('',#4066,#1448);
#1211=LINE('',#4068,#1449);
#1212=LINE('',#4070,#1450);
#1213=LINE('',#4072,#1451);
#1214=LINE('',#4074,#1452);
#1215=LINE('',#4076,#1453);
#1216=LINE('',#4078,#1454);
#1217=LINE('',#4080,#1455);
#1218=LINE('',#4082,#1456);
#1219=LINE('',#4084,#1457);
#1220=LINE('',#4086,#1458);
#1221=LINE('',#4088,#1459);
#1222=LINE('',#4090,#1460);
#1223=LINE('',#4092,#1461);
#1224=LINE('',#4094,#1462);
#1225=LINE('',#4096,#1463);
#1226=LINE('',#4098,#1464);
#1227=LINE('',#4100,#1465);
#1228=LINE('',#4102,#1466);
#1229=LINE('',#4104,#1467);
#1230=LINE('',#4106,#1468);
#1231=LINE('',#4107,#1469);
#1232=LINE('',#4109,#1470);
#1233=LINE('',#4111,#1471);
#1234=LINE('',#4113,#1472);
#1235=LINE('',#4114,#1473);
#1236=LINE('',#4116,#1474);
#1237=LINE('',#4118,#1475);
#1238=LINE('',#4120,#1476);
#1239=LINE('',#4122,#1477);
#1240=LINE('',#4124,#1478);
#1241=LINE('',#4126,#1479);
#1242=LINE('',#4133,#1480);
#1243=LINE('',#4136,#1481);
#1244=LINE('',#4138,#1482);
#1245=LINE('',#4140,#1483);
#1246=LINE('',#4142,#1484);
#1247=LINE('',#4144,#1485);
#1248=LINE('',#4146,#1486);
#1249=LINE('',#4148,#1487);
#1250=LINE('',#4151,#1488);
#1251=LINE('',#4153,#1489);
#1252=LINE('',#4155,#1490);
#1253=LINE('',#4157,#1491);
#1254=LINE('',#4159,#1492);
#1255=LINE('',#4161,#1493);
#1256=LINE('',#4163,#1494);
#1257=LINE('',#4165,#1495);
#1258=LINE('',#4167,#1496);
#1259=LINE('',#4169,#1497);
#1260=LINE('',#4170,#1498);
#1261=LINE('',#4172,#1499);
#1262=LINE('',#4175,#1500);
#1263=LINE('',#4177,#1501);
#1264=LINE('',#4178,#1502);
#1265=LINE('',#4180,#1503);
#1266=LINE('',#4182,#1504);
#1267=LINE('',#4184,#1505);
#1268=LINE('',#4187,#1506);
#1269=LINE('',#4189,#1507);
#1270=LINE('',#4191,#1508);
#1271=LINE('',#4193,#1509);
#1272=LINE('',#4195,#1510);
#1273=LINE('',#4197,#1511);
#1274=LINE('',#4199,#1512);
#1275=LINE('',#4201,#1513);
#1276=LINE('',#4203,#1514);
#1277=LINE('',#4205,#1515);
#1278=LINE('',#4207,#1516);
#1279=LINE('',#4209,#1517);
#1280=LINE('',#4211,#1518);
#1281=LINE('',#4213,#1519);
#1282=LINE('',#4215,#1520);
#1283=LINE('',#4217,#1521);
#1284=LINE('',#4219,#1522);
#1285=LINE('',#4221,#1523);
#1286=LINE('',#4223,#1524);
#1287=LINE('',#4225,#1525);
#1288=LINE('',#4227,#1526);
#1289=LINE('',#4229,#1527);
#1290=LINE('',#4231,#1528);
#1291=LINE('',#4232,#1529);
#1292=LINE('',#4234,#1530);
#1293=LINE('',#4236,#1531);
#1294=LINE('',#4238,#1532);
#1295=LINE('',#4239,#1533);
#1296=LINE('',#4241,#1534);
#1297=LINE('',#4243,#1535);
#1298=LINE('',#4245,#1536);
#1299=LINE('',#4247,#1537);
#1300=LINE('',#4249,#1538);
#1301=LINE('',#4251,#1539);
#1302=LINE('',#4255,#1540);
#1303=LINE('',#4257,#1541);
#1304=LINE('',#4259,#1542);
#1305=LINE('',#4261,#1543);
#1306=LINE('',#4263,#1544);
#1307=LINE('',#4265,#1545);
#1308=LINE('',#4267,#1546);
#1309=LINE('',#4269,#1547);
#1310=LINE('',#4293,#1548);
#1311=LINE('',#4295,#1549);
#1312=LINE('',#4297,#1550);
#1313=LINE('',#4299,#1551);
#1314=LINE('',#4301,#1552);
#1315=LINE('',#4303,#1553);
#1316=LINE('',#4305,#1554);
#1317=VECTOR('',#2148,1.);
#1318=VECTOR('',#2149,1.);
#1319=VECTOR('',#2150,1.);
#1320=VECTOR('',#2151,1.);
#1321=VECTOR('',#2152,1.);
#1322=VECTOR('',#2155,1.);
#1323=VECTOR('',#2158,1.);
#1324=VECTOR('',#2161,1.);
#1325=VECTOR('',#2162,1.);
#1326=VECTOR('',#2163,1.);
#1327=VECTOR('',#2164,1.);
#1328=VECTOR('',#2167,1.);
#1329=VECTOR('',#2170,1.);
#1330=VECTOR('',#2171,1.);
#1331=VECTOR('',#2176,1.);
#1332=VECTOR('',#2177,1.);
#1333=VECTOR('',#2184,1.);
#1334=VECTOR('',#2185,1.);
#1335=VECTOR('',#2188,1.);
#1336=VECTOR('',#2189,1.);
#1337=VECTOR('',#2190,1.);
#1338=VECTOR('',#2193,1.);
#1339=VECTOR('',#2194,1.);
#1340=VECTOR('',#2195,1.);
#1341=VECTOR('',#2200,1.);
#1342=VECTOR('',#2201,1.);
#1343=VECTOR('',#2202,1.);
#1344=VECTOR('',#2205,1.);
#1345=VECTOR('',#2206,1.);
#1346=VECTOR('',#2207,1.);
#1347=VECTOR('',#2208,1.);
#1348=VECTOR('',#2209,1.);
#1349=VECTOR('',#2210,1.);
#1350=VECTOR('',#2211,1.);
#1351=VECTOR('',#2212,1.);
#1352=VECTOR('',#2213,1.);
#1353=VECTOR('',#2216,1.);
#1354=VECTOR('',#2219,1.);
#1355=VECTOR('',#2220,1.);
#1356=VECTOR('',#2223,1.);
#1357=VECTOR('',#2224,1.);
#1358=VECTOR('',#2227,1.);
#1359=VECTOR('',#2230,1.);
#1360=VECTOR('',#2241,1.);
#1361=VECTOR('',#2242,1.);
#1362=VECTOR('',#2243,1.);
#1363=VECTOR('',#2244,1.);
#1364=VECTOR('',#2247,1.);
#1365=VECTOR('',#2248,1.);
#1366=VECTOR('',#2249,1.);
#1367=VECTOR('',#2252,1.);
#1368=VECTOR('',#2253,1.);
#1369=VECTOR('',#2254,1.);
#1370=VECTOR('',#2255,1.);
#1371=VECTOR('',#2258,1.);
#1372=VECTOR('',#2259,1.);
#1373=VECTOR('',#2260,1.);
#1374=VECTOR('',#2263,1.);
#1375=VECTOR('',#2264,1.);
#1376=VECTOR('',#2265,1.);
#1377=VECTOR('',#2268,1.);
#1378=VECTOR('',#2269,1.);
#1379=VECTOR('',#2272,1.);
#1380=VECTOR('',#2273,1.);
#1381=VECTOR('',#2274,1.);
#1382=VECTOR('',#2275,1.);
#1383=VECTOR('',#2276,1.);
#1384=VECTOR('',#2277,1.);
#1385=VECTOR('',#2280,1.);
#1386=VECTOR('',#2281,1.);
#1387=VECTOR('',#2282,1.);
#1388=VECTOR('',#2283,1.);
#1389=VECTOR('',#2284,1.);
#1390=VECTOR('',#2285,1.);
#1391=VECTOR('',#2286,1.);
#1392=VECTOR('',#2287,1.);
#1393=VECTOR('',#2288,1.);
#1394=VECTOR('',#2289,1.);
#1395=VECTOR('',#2290,1.);
#1396=VECTOR('',#2291,1.);
#1397=VECTOR('',#2294,1.);
#1398=VECTOR('',#2295,1.);
#1399=VECTOR('',#2298,1.);
#1400=VECTOR('',#2299,1.);
#1401=VECTOR('',#2302,1.);
#1402=VECTOR('',#2303,1.);
#1403=VECTOR('',#2306,1.);
#1404=VECTOR('',#2307,1.);
#1405=VECTOR('',#2310,1.);
#1406=VECTOR('',#2311,1.);
#1407=VECTOR('',#2314,1.);
#1408=VECTOR('',#2317,1.);
#1409=VECTOR('',#2318,1.);
#1410=VECTOR('',#2321,1.);
#1411=VECTOR('',#2324,1.);
#1412=VECTOR('',#2327,1.);
#1413=VECTOR('',#2328,1.);
#1414=VECTOR('',#2331,1.);
#1415=VECTOR('',#2334,1.);
#1416=VECTOR('',#2337,1.);
#1417=VECTOR('',#2340,1.);
#1418=VECTOR('',#2343,1.);
#1419=VECTOR('',#2346,1.);
#1420=VECTOR('',#2359,1.);
#1421=VECTOR('',#2360,1.);
#1422=VECTOR('',#2361,1.);
#1423=VECTOR('',#2362,1.);
#1424=VECTOR('',#2365,1.);
#1425=VECTOR('',#2366,1.);
#1426=VECTOR('',#2367,1.);
#1427=VECTOR('',#2370,1.);
#1428=VECTOR('',#2371,1.);
#1429=VECTOR('',#2372,1.);
#1430=VECTOR('',#2373,1.);
#1431=VECTOR('',#2376,1.);
#1432=VECTOR('',#2377,1.);
#1433=VECTOR('',#2378,1.);
#1434=VECTOR('',#2381,1.);
#1435=VECTOR('',#2382,1.);
#1436=VECTOR('',#2383,1.);
#1437=VECTOR('',#2386,1.);
#1438=VECTOR('',#2387,1.);
#1439=VECTOR('',#2390,1.);
#1440=VECTOR('',#2391,1.);
#1441=VECTOR('',#2392,1.);
#1442=VECTOR('',#2393,1.);
#1443=VECTOR('',#2394,1.);
#1444=VECTOR('',#2395,1.);
#1445=VECTOR('',#2398,1.);
#1446=VECTOR('',#2399,1.);
#1447=VECTOR('',#2400,1.);
#1448=VECTOR('',#2401,1.);
#1449=VECTOR('',#2402,1.);
#1450=VECTOR('',#2403,1.);
#1451=VECTOR('',#2404,1.);
#1452=VECTOR('',#2405,1.);
#1453=VECTOR('',#2406,1.);
#1454=VECTOR('',#2407,1.);
#1455=VECTOR('',#2408,1.);
#1456=VECTOR('',#2409,1.);
#1457=VECTOR('',#2412,1.);
#1458=VECTOR('',#2413,1.);
#1459=VECTOR('',#2416,1.);
#1460=VECTOR('',#2417,1.);
#1461=VECTOR('',#2420,1.);
#1462=VECTOR('',#2421,1.);
#1463=VECTOR('',#2424,1.);
#1464=VECTOR('',#2425,1.);
#1465=VECTOR('',#2428,1.);
#1466=VECTOR('',#2429,1.);
#1467=VECTOR('',#2432,1.);
#1468=VECTOR('',#2435,1.);
#1469=VECTOR('',#2436,1.);
#1470=VECTOR('',#2439,1.);
#1471=VECTOR('',#2442,1.);
#1472=VECTOR('',#2445,1.);
#1473=VECTOR('',#2446,1.);
#1474=VECTOR('',#2449,1.);
#1475=VECTOR('',#2452,1.);
#1476=VECTOR('',#2455,1.);
#1477=VECTOR('',#2458,1.);
#1478=VECTOR('',#2461,1.);
#1479=VECTOR('',#2464,1.);
#1480=VECTOR('',#2475,1.);
#1481=VECTOR('',#2476,1.);
#1482=VECTOR('',#2477,1.);
#1483=VECTOR('',#2478,1.);
#1484=VECTOR('',#2481,1.);
#1485=VECTOR('',#2482,1.);
#1486=VECTOR('',#2483,1.);
#1487=VECTOR('',#2486,1.);
#1488=VECTOR('',#2487,1.);
#1489=VECTOR('',#2488,1.);
#1490=VECTOR('',#2489,1.);
#1491=VECTOR('',#2492,1.);
#1492=VECTOR('',#2493,1.);
#1493=VECTOR('',#2494,1.);
#1494=VECTOR('',#2497,1.);
#1495=VECTOR('',#2498,1.);
#1496=VECTOR('',#2499,1.);
#1497=VECTOR('',#2502,1.);
#1498=VECTOR('',#2503,1.);
#1499=VECTOR('',#2506,1.);
#1500=VECTOR('',#2507,1.);
#1501=VECTOR('',#2508,1.);
#1502=VECTOR('',#2509,1.);
#1503=VECTOR('',#2510,1.);
#1504=VECTOR('',#2511,1.);
#1505=VECTOR('',#2514,1.);
#1506=VECTOR('',#2515,1.);
#1507=VECTOR('',#2516,1.);
#1508=VECTOR('',#2517,1.);
#1509=VECTOR('',#2518,1.);
#1510=VECTOR('',#2519,1.);
#1511=VECTOR('',#2520,1.);
#1512=VECTOR('',#2521,1.);
#1513=VECTOR('',#2522,1.);
#1514=VECTOR('',#2523,1.);
#1515=VECTOR('',#2524,1.);
#1516=VECTOR('',#2525,1.);
#1517=VECTOR('',#2528,1.);
#1518=VECTOR('',#2529,1.);
#1519=VECTOR('',#2532,1.);
#1520=VECTOR('',#2533,1.);
#1521=VECTOR('',#2536,1.);
#1522=VECTOR('',#2537,1.);
#1523=VECTOR('',#2540,1.);
#1524=VECTOR('',#2541,1.);
#1525=VECTOR('',#2544,1.);
#1526=VECTOR('',#2545,1.);
#1527=VECTOR('',#2548,1.);
#1528=VECTOR('',#2551,1.);
#1529=VECTOR('',#2552,1.);
#1530=VECTOR('',#2555,1.);
#1531=VECTOR('',#2558,1.);
#1532=VECTOR('',#2561,1.);
#1533=VECTOR('',#2562,1.);
#1534=VECTOR('',#2565,1.);
#1535=VECTOR('',#2568,1.);
#1536=VECTOR('',#2571,1.);
#1537=VECTOR('',#2574,1.);
#1538=VECTOR('',#2577,1.);
#1539=VECTOR('',#2580,1.);
#1540=VECTOR('',#2587,1.);
#1541=VECTOR('',#2588,1.);
#1542=VECTOR('',#2591,1.);
#1543=VECTOR('',#2592,1.);
#1544=VECTOR('',#2595,1.);
#1545=VECTOR('',#2596,1.);
#1546=VECTOR('',#2599,1.);
#1547=VECTOR('',#2600,1.);
#1548=VECTOR('',#2603,1.);
#1549=VECTOR('',#2604,1.);
#1550=VECTOR('',#2607,1.);
#1551=VECTOR('',#2608,1.);
#1552=VECTOR('',#2609,1.);
#1553=VECTOR('',#2612,1.);
#1554=VECTOR('',#2615,1.);
#1555=EDGE_LOOP('',(#69,#70,#71,#72,#73,#74));
#1556=EDGE_LOOP('',(#75,#76,#77,#78));
#1557=EDGE_LOOP('',(#79,#80,#81,#82));
#1558=EDGE_LOOP('',(#83,#84,#85,#86,#87,#88,#89,#90));
#1559=EDGE_LOOP('',(#91,#92,#93,#94));
#1560=EDGE_LOOP('',(#95,#96,#97,#98));
#1561=EDGE_LOOP('',(#99,#100,#101,#102,#103));
#1562=EDGE_LOOP('',(#104,#105,#106,#107,#108,#109,#110,#111));
#1563=EDGE_LOOP('',(#112,#113,#114,#115,#116,#117,#118));
#1564=EDGE_LOOP('',(#119,#120,#121,#122));
#1565=EDGE_LOOP('',(#123,#124,#125,#126,#127));
#1566=EDGE_LOOP('',(#128,#129,#130,#131,#132,#133,#134));
#1567=EDGE_LOOP('',(#135,#136,#137,#138,#139,#140));
#1568=EDGE_LOOP('',(#141));
#1569=EDGE_LOOP('',(#142,#143,#144,#145));
#1570=EDGE_LOOP('',(#146,#147,#148,#149,#150,#151,#152,#153,#154,#155,#156,
#157));
#1571=EDGE_LOOP('',(#158,#159,#160,#161));
#1572=EDGE_LOOP('',(#162,#163,#164,#165));
#1573=EDGE_LOOP('',(#166,#167,#168,#169,#170,#171,#172,#173,#174,#175,#176,
#177));
#1574=EDGE_LOOP('',(#178,#179,#180,#181,#182,#183,#184,#185));
#1575=EDGE_LOOP('',(#186,#187,#188,#189));
#1576=EDGE_LOOP('',(#190,#191,#192,#193));
#1577=EDGE_LOOP('',(#194,#195,#196,#197));
#1578=EDGE_LOOP('',(#198,#199,#200,#201));
#1579=EDGE_LOOP('',(#202));
#1580=EDGE_LOOP('',(#203));
#1581=EDGE_LOOP('',(#204,#205,#206,#207));
#1582=EDGE_LOOP('',(#208,#209,#210,#211));
#1583=EDGE_LOOP('',(#212,#213,#214,#215));
#1584=EDGE_LOOP('',(#216,#217,#218,#219));
#1585=EDGE_LOOP('',(#220,#221,#222,#223));
#1586=EDGE_LOOP('',(#224,#225,#226,#227));
#1587=EDGE_LOOP('',(#228,#229,#230,#231,#232,#233,#234,#235,#236,#237,#238,
#239));
#1588=EDGE_LOOP('',(#240,#241,#242,#243,#244,#245,#246,#247,#248,#249,#250,
#251));
#1589=EDGE_LOOP('',(#252));
#1590=EDGE_LOOP('',(#253,#254,#255,#256));
#1591=EDGE_LOOP('',(#257,#258,#259,#260));
#1592=EDGE_LOOP('',(#261,#262,#263,#264));
#1593=EDGE_LOOP('',(#265,#266,#267,#268));
#1594=EDGE_LOOP('',(#269,#270,#271,#272));
#1595=EDGE_LOOP('',(#273,#274,#275,#276));
#1596=EDGE_LOOP('',(#277,#278,#279,#280));
#1597=EDGE_LOOP('',(#281,#282,#283,#284));
#1598=EDGE_LOOP('',(#285,#286,#287,#288));
#1599=EDGE_LOOP('',(#289,#290,#291,#292));
#1600=EDGE_LOOP('',(#293,#294,#295,#296));
#1601=EDGE_LOOP('',(#297,#298,#299,#300));
#1602=EDGE_LOOP('',(#301,#302,#303,#304));
#1603=EDGE_LOOP('',(#305,#306,#307,#308));
#1604=EDGE_LOOP('',(#309,#310,#311,#312));
#1605=EDGE_LOOP('',(#313,#314,#315,#316));
#1606=EDGE_LOOP('',(#317,#318,#319,#320));
#1607=EDGE_LOOP('',(#321,#322,#323,#324));
#1608=EDGE_LOOP('',(#325));
#1609=EDGE_LOOP('',(#326));
#1610=EDGE_LOOP('',(#327,#328,#329,#330));
#1611=EDGE_LOOP('',(#331,#332,#333,#334));
#1612=EDGE_LOOP('',(#335,#336,#337,#338));
#1613=EDGE_LOOP('',(#339,#340,#341,#342));
#1614=EDGE_LOOP('',(#343,#344,#345,#346));
#1615=EDGE_LOOP('',(#347,#348,#349,#350));
#1616=EDGE_LOOP('',(#351,#352,#353,#354,#355,#356,#357,#358,#359,#360,#361,
#362));
#1617=EDGE_LOOP('',(#363,#364,#365,#366,#367,#368,#369,#370,#371,#372,#373,
#374));
#1618=EDGE_LOOP('',(#375));
#1619=EDGE_LOOP('',(#376,#377,#378,#379));
#1620=EDGE_LOOP('',(#380,#381,#382,#383));
#1621=EDGE_LOOP('',(#384,#385,#386,#387));
#1622=EDGE_LOOP('',(#388,#389,#390,#391));
#1623=EDGE_LOOP('',(#392,#393,#394,#395));
#1624=EDGE_LOOP('',(#396,#397,#398,#399));
#1625=EDGE_LOOP('',(#400,#401,#402,#403));
#1626=EDGE_LOOP('',(#404,#405,#406,#407));
#1627=EDGE_LOOP('',(#408,#409,#410,#411));
#1628=EDGE_LOOP('',(#412,#413,#414,#415));
#1629=EDGE_LOOP('',(#416,#417,#418,#419));
#1630=EDGE_LOOP('',(#420,#421,#422,#423));
#1631=EDGE_LOOP('',(#424,#425,#426,#427));
#1632=EDGE_LOOP('',(#428,#429,#430,#431));
#1633=EDGE_LOOP('',(#432,#433,#434,#435));
#1634=EDGE_LOOP('',(#436,#437,#438,#439));
#1635=EDGE_LOOP('',(#440,#441,#442,#443));
#1636=EDGE_LOOP('',(#444,#445,#446,#447));
#1637=EDGE_LOOP('',(#448));
#1638=EDGE_LOOP('',(#449));
#1639=EDGE_LOOP('',(#450,#451,#452,#453));
#1640=EDGE_LOOP('',(#454,#455,#456,#457));
#1641=EDGE_LOOP('',(#458,#459,#460,#461));
#1642=EDGE_LOOP('',(#462,#463,#464,#465));
#1643=EDGE_LOOP('',(#466,#467,#468,#469));
#1644=EDGE_LOOP('',(#470,#471,#472,#473));
#1645=EDGE_LOOP('',(#474,#475,#476,#477,#478,#479,#480,#481,#482,#483,#484,
#485));
#1646=EDGE_LOOP('',(#486,#487,#488,#489,#490,#491,#492,#493,#494,#495,#496,
#497));
#1647=EDGE_LOOP('',(#498));
#1648=EDGE_LOOP('',(#499,#500,#501,#502));
#1649=EDGE_LOOP('',(#503,#504,#505,#506));
#1650=EDGE_LOOP('',(#507,#508,#509,#510));
#1651=EDGE_LOOP('',(#511,#512,#513,#514));
#1652=EDGE_LOOP('',(#515,#516,#517,#518));
#1653=EDGE_LOOP('',(#519,#520,#521,#522));
#1654=EDGE_LOOP('',(#523,#524,#525,#526));
#1655=EDGE_LOOP('',(#527,#528,#529,#530));
#1656=EDGE_LOOP('',(#531,#532,#533,#534));
#1657=EDGE_LOOP('',(#535,#536,#537,#538));
#1658=EDGE_LOOP('',(#539,#540,#541,#542));
#1659=EDGE_LOOP('',(#543,#544,#545,#546));
#1660=EDGE_LOOP('',(#547,#548,#549,#550));
#1661=EDGE_LOOP('',(#551,#552,#553,#554));
#1662=EDGE_LOOP('',(#555,#556,#557,#558));
#1663=EDGE_LOOP('',(#559,#560,#561,#562));
#1664=EDGE_LOOP('',(#563,#564,#565,#566));
#1665=EDGE_LOOP('',(#567,#568,#569,#570));
#1666=EDGE_LOOP('',(#571));
#1667=EDGE_LOOP('',(#572,#573,#574,#575));
#1668=EDGE_LOOP('',(#576,#577,#578,#579));
#1669=EDGE_LOOP('',(#580,#581,#582,#583));
#1670=EDGE_LOOP('',(#584,#585,#586,#587));
#1671=EDGE_LOOP('',(#588,#589,#590,#591));
#1672=EDGE_LOOP('',(#592,#593,#594,#595));
#1673=EDGE_LOOP('',(#596));
#1674=EDGE_LOOP('',(#597,#598,#599,#600));
#1675=EDGE_LOOP('',(#601,#602,#603,#604,#605,#606,#607,#608,#609,#610,#611,
#612));
#1676=EDGE_LOOP('',(#613,#614,#615,#616));
#1677=EDGE_LOOP('',(#617,#618,#619,#620));
#1678=EDGE_LOOP('',(#621,#622,#623,#624));
#1679=FACE_BOUND('',#1555,.T.);
#1680=FACE_BOUND('',#1556,.T.);
#1681=FACE_BOUND('',#1557,.T.);
#1682=FACE_BOUND('',#1558,.T.);
#1683=FACE_BOUND('',#1559,.T.);
#1684=FACE_BOUND('',#1560,.T.);
#1685=FACE_BOUND('',#1561,.T.);
#1686=FACE_BOUND('',#1562,.T.);
#1687=FACE_BOUND('',#1563,.T.);
#1688=FACE_BOUND('',#1564,.T.);
#1689=FACE_BOUND('',#1565,.T.);
#1690=FACE_BOUND('',#1566,.T.);
#1691=FACE_BOUND('',#1567,.T.);
#1692=FACE_BOUND('',#1568,.T.);
#1693=FACE_BOUND('',#1569,.T.);
#1694=FACE_BOUND('',#1570,.T.);
#1695=FACE_BOUND('',#1571,.T.);
#1696=FACE_BOUND('',#1572,.T.);
#1697=FACE_BOUND('',#1573,.T.);
#1698=FACE_BOUND('',#1574,.T.);
#1699=FACE_BOUND('',#1575,.T.);
#1700=FACE_BOUND('',#1576,.T.);
#1701=FACE_BOUND('',#1577,.T.);
#1702=FACE_BOUND('',#1578,.T.);
#1703=FACE_BOUND('',#1579,.T.);
#1704=FACE_BOUND('',#1580,.T.);
#1705=FACE_BOUND('',#1581,.T.);
#1706=FACE_BOUND('',#1582,.T.);
#1707=FACE_BOUND('',#1583,.T.);
#1708=FACE_BOUND('',#1584,.T.);
#1709=FACE_BOUND('',#1585,.T.);
#1710=FACE_BOUND('',#1586,.T.);
#1711=FACE_BOUND('',#1587,.T.);
#1712=FACE_BOUND('',#1588,.T.);
#1713=FACE_BOUND('',#1589,.T.);
#1714=FACE_BOUND('',#1590,.T.);
#1715=FACE_BOUND('',#1591,.T.);
#1716=FACE_BOUND('',#1592,.T.);
#1717=FACE_BOUND('',#1593,.T.);
#1718=FACE_BOUND('',#1594,.T.);
#1719=FACE_BOUND('',#1595,.T.);
#1720=FACE_BOUND('',#1596,.T.);
#1721=FACE_BOUND('',#1597,.T.);
#1722=FACE_BOUND('',#1598,.T.);
#1723=FACE_BOUND('',#1599,.T.);
#1724=FACE_BOUND('',#1600,.T.);
#1725=FACE_BOUND('',#1601,.T.);
#1726=FACE_BOUND('',#1602,.T.);
#1727=FACE_BOUND('',#1603,.T.);
#1728=FACE_BOUND('',#1604,.T.);
#1729=FACE_BOUND('',#1605,.T.);
#1730=FACE_BOUND('',#1606,.T.);
#1731=FACE_BOUND('',#1607,.T.);
#1732=FACE_BOUND('',#1608,.T.);
#1733=FACE_BOUND('',#1609,.T.);
#1734=FACE_BOUND('',#1610,.T.);
#1735=FACE_BOUND('',#1611,.T.);
#1736=FACE_BOUND('',#1612,.T.);
#1737=FACE_BOUND('',#1613,.T.);
#1738=FACE_BOUND('',#1614,.T.);
#1739=FACE_BOUND('',#1615,.T.);
#1740=FACE_BOUND('',#1616,.T.);
#1741=FACE_BOUND('',#1617,.T.);
#1742=FACE_BOUND('',#1618,.T.);
#1743=FACE_BOUND('',#1619,.T.);
#1744=FACE_BOUND('',#1620,.T.);
#1745=FACE_BOUND('',#1621,.T.);
#1746=FACE_BOUND('',#1622,.T.);
#1747=FACE_BOUND('',#1623,.T.);
#1748=FACE_BOUND('',#1624,.T.);
#1749=FACE_BOUND('',#1625,.T.);
#1750=FACE_BOUND('',#1626,.T.);
#1751=FACE_BOUND('',#1627,.T.);
#1752=FACE_BOUND('',#1628,.T.);
#1753=FACE_BOUND('',#1629,.T.);
#1754=FACE_BOUND('',#1630,.T.);
#1755=FACE_BOUND('',#1631,.T.);
#1756=FACE_BOUND('',#1632,.T.);
#1757=FACE_BOUND('',#1633,.T.);
#1758=FACE_BOUND('',#1634,.T.);
#1759=FACE_BOUND('',#1635,.T.);
#1760=FACE_BOUND('',#1636,.T.);
#1761=FACE_BOUND('',#1637,.T.);
#1762=FACE_BOUND('',#1638,.T.);
#1763=FACE_BOUND('',#1639,.T.);
#1764=FACE_BOUND('',#1640,.T.);
#1765=FACE_BOUND('',#1641,.T.);
#1766=FACE_BOUND('',#1642,.T.);
#1767=FACE_BOUND('',#1643,.T.);
#1768=FACE_BOUND('',#1644,.T.);
#1769=FACE_BOUND('',#1645,.T.);
#1770=FACE_BOUND('',#1646,.T.);
#1771=FACE_BOUND('',#1647,.T.);
#1772=FACE_BOUND('',#1648,.T.);
#1773=FACE_BOUND('',#1649,.T.);
#1774=FACE_BOUND('',#1650,.T.);
#1775=FACE_BOUND('',#1651,.T.);
#1776=FACE_BOUND('',#1652,.T.);
#1777=FACE_BOUND('',#1653,.T.);
#1778=FACE_BOUND('',#1654,.T.);
#1779=FACE_BOUND('',#1655,.T.);
#1780=FACE_BOUND('',#1656,.T.);
#1781=FACE_BOUND('',#1657,.T.);
#1782=FACE_BOUND('',#1658,.T.);
#1783=FACE_BOUND('',#1659,.T.);
#1784=FACE_BOUND('',#1660,.T.);
#1785=FACE_BOUND('',#1661,.T.);
#1786=FACE_BOUND('',#1662,.T.);
#1787=FACE_BOUND('',#1663,.T.);
#1788=FACE_BOUND('',#1664,.T.);
#1789=FACE_BOUND('',#1665,.T.);
#1790=FACE_BOUND('',#1666,.T.);
#1791=FACE_BOUND('',#1667,.T.);
#1792=FACE_BOUND('',#1668,.T.);
#1793=FACE_BOUND('',#1669,.T.);
#1794=FACE_BOUND('',#1670,.T.);
#1795=FACE_BOUND('',#1671,.T.);
#1796=FACE_BOUND('',#1672,.T.);
#1797=FACE_BOUND('',#1673,.T.);
#1798=FACE_BOUND('',#1674,.T.);
#1799=FACE_BOUND('',#1675,.T.);
#1800=FACE_BOUND('',#1676,.T.);
#1801=FACE_BOUND('',#1677,.T.);
#1802=FACE_BOUND('',#1678,.T.);
#1803=PLANE('',#2027);
#1804=PLANE('',#2030);
#1805=PLANE('',#2034);
#1806=PLANE('',#2037);
#1807=PLANE('',#2038);
#1808=PLANE('',#2039);
#1809=PLANE('',#2040);
#1810=PLANE('',#2042);
#1811=PLANE('',#2045);
#1812=PLANE('',#2047);
#1813=PLANE('',#2052);
#1814=PLANE('',#2053);
#1815=PLANE('',#2054);
#1816=PLANE('',#2055);
#1817=PLANE('',#2056);
#1818=PLANE('',#2057);
#1819=PLANE('',#2058);
#1820=PLANE('',#2059);
#1821=PLANE('',#2060);
#1822=PLANE('',#2061);
#1823=PLANE('',#2062);
#1824=PLANE('',#2063);
#1825=PLANE('',#2064);
#1826=PLANE('',#2065);
#1827=PLANE('',#2066);
#1828=PLANE('',#2067);
#1829=PLANE('',#2068);
#1830=PLANE('',#2069);
#1831=PLANE('',#2070);
#1832=PLANE('',#2071);
#1833=PLANE('',#2072);
#1834=PLANE('',#2073);
#1835=PLANE('',#2074);
#1836=PLANE('',#2075);
#1837=PLANE('',#2076);
#1838=PLANE('',#2077);
#1839=PLANE('',#2081);
#1840=PLANE('',#2082);
#1841=PLANE('',#2083);
#1842=PLANE('',#2084);
#1843=PLANE('',#2085);
#1844=PLANE('',#2086);
#1845=PLANE('',#2087);
#1846=PLANE('',#2088);
#1847=PLANE('',#2089);
#1848=PLANE('',#2090);
#1849=PLANE('',#2091);
#1850=PLANE('',#2092);
#1851=PLANE('',#2093);
#1852=PLANE('',#2094);
#1853=PLANE('',#2095);
#1854=PLANE('',#2096);
#1855=PLANE('',#2097);
#1856=PLANE('',#2098);
#1857=PLANE('',#2099);
#1858=PLANE('',#2100);
#1859=PLANE('',#2101);
#1860=PLANE('',#2102);
#1861=PLANE('',#2103);
#1862=PLANE('',#2104);
#1863=PLANE('',#2105);
#1864=PLANE('',#2106);
#1865=PLANE('',#2109);
#1866=PLANE('',#2110);
#1867=PLANE('',#2111);
#1868=PLANE('',#2112);
#1869=PLANE('',#2113);
#1870=PLANE('',#2114);
#1871=PLANE('',#2115);
#1872=PLANE('',#2116);
#1873=PLANE('',#2117);
#1874=PLANE('',#2118);
#1875=PLANE('',#2119);
#1876=PLANE('',#2120);
#1877=PLANE('',#2121);
#1878=PLANE('',#2122);
#1879=PLANE('',#2123);
#1880=PLANE('',#2124);
#1881=PLANE('',#2125);
#1882=PLANE('',#2126);
#1883=PLANE('',#2127);
#1884=PLANE('',#2128);
#1885=PLANE('',#2129);
#1886=PLANE('',#2130);
#1887=PLANE('',#2131);
#1888=PLANE('',#2132);
#1889=PLANE('',#2133);
#1890=PLANE('',#2134);
#1891=PLANE('',#2135);
#1892=PLANE('',#2136);
#1893=PLANE('',#2137);
#1894=PLANE('',#2138);
#1895=PLANE('',#2139);
#1896=PLANE('',#2140);
#1897=PLANE('',#2141);
#1898=PLANE('',#2142);
#1899=PLANE('',#2143);
#1900=ADVANCED_FACE('',(#1679),#1803,.T.);
#1901=ADVANCED_FACE('',(#1680),#31,.T.);
#1902=ADVANCED_FACE('',(#1681,#1682),#1804,.F.);
#1903=ADVANCED_FACE('',(#1683),#1805,.T.);
#1904=ADVANCED_FACE('',(#1684),#32,.T.);
#1905=ADVANCED_FACE('',(#1685),#1806,.T.);
#1906=ADVANCED_FACE('',(#1686),#12,.F.);
#1907=ADVANCED_FACE('',(#1687),#13,.F.);
#1908=ADVANCED_FACE('',(#1688),#1807,.T.);
#1909=ADVANCED_FACE('',(#1689),#14,.F.);
#1910=ADVANCED_FACE('',(#1690),#15,.F.);
#1911=ADVANCED_FACE('',(#1691),#1808,.T.);
#1912=ADVANCED_FACE('',(#1692,#1693),#1809,.F.);
#1913=ADVANCED_FACE('',(#1694),#1810,.T.);
#1914=ADVANCED_FACE('',(#1695),#33,.T.);
#1915=ADVANCED_FACE('',(#1696),#34,.T.);
#1916=ADVANCED_FACE('',(#1697),#16,.F.);
#1917=ADVANCED_FACE('',(#1698),#17,.F.);
#1918=ADVANCED_FACE('',(#1699),#1811,.T.);
#1919=ADVANCED_FACE('',(#1700),#35,.T.);
#1920=ADVANCED_FACE('',(#1701),#1812,.T.);
#1921=ADVANCED_FACE('',(#1702),#36,.T.);
#1922=ADVANCED_FACE('',(#1703,#1704),#37,.T.);
#1923=ADVANCED_FACE('',(#1705),#1813,.T.);
#1924=ADVANCED_FACE('',(#1706),#1814,.T.);
#1925=ADVANCED_FACE('',(#1707),#1815,.T.);
#1926=ADVANCED_FACE('',(#1708),#1816,.T.);
#1927=ADVANCED_FACE('',(#1709),#1817,.T.);
#1928=ADVANCED_FACE('',(#1710),#1818,.T.);
#1929=ADVANCED_FACE('',(#1711),#1819,.T.);
#1930=ADVANCED_FACE('',(#1712,#1713),#1820,.F.);
#1931=ADVANCED_FACE('',(#1714),#1821,.T.);
#1932=ADVANCED_FACE('',(#1715),#1822,.T.);
#1933=ADVANCED_FACE('',(#1716),#1823,.T.);
#1934=ADVANCED_FACE('',(#1717),#1824,.T.);
#1935=ADVANCED_FACE('',(#1718),#1825,.T.);
#1936=ADVANCED_FACE('',(#1719),#1826,.T.);
#1937=ADVANCED_FACE('',(#1720),#1827,.T.);
#1938=ADVANCED_FACE('',(#1721),#1828,.T.);
#1939=ADVANCED_FACE('',(#1722),#1829,.T.);
#1940=ADVANCED_FACE('',(#1723),#1830,.T.);
#1941=ADVANCED_FACE('',(#1724),#1831,.T.);
#1942=ADVANCED_FACE('',(#1725),#1832,.T.);
#1943=ADVANCED_FACE('',(#1726),#1833,.T.);
#1944=ADVANCED_FACE('',(#1727),#1834,.T.);
#1945=ADVANCED_FACE('',(#1728),#1835,.T.);
#1946=ADVANCED_FACE('',(#1729),#1836,.T.);
#1947=ADVANCED_FACE('',(#1730),#1837,.T.);
#1948=ADVANCED_FACE('',(#1731),#1838,.T.);
#1949=ADVANCED_FACE('',(#1732,#1733),#38,.T.);
#1950=ADVANCED_FACE('',(#1734),#1839,.T.);
#1951=ADVANCED_FACE('',(#1735),#1840,.T.);
#1952=ADVANCED_FACE('',(#1736),#1841,.T.);
#1953=ADVANCED_FACE('',(#1737),#1842,.T.);
#1954=ADVANCED_FACE('',(#1738),#1843,.T.);
#1955=ADVANCED_FACE('',(#1739),#1844,.T.);
#1956=ADVANCED_FACE('',(#1740),#1845,.T.);
#1957=ADVANCED_FACE('',(#1741,#1742),#1846,.F.);
#1958=ADVANCED_FACE('',(#1743),#1847,.T.);
#1959=ADVANCED_FACE('',(#1744),#1848,.T.);
#1960=ADVANCED_FACE('',(#1745),#1849,.T.);
#1961=ADVANCED_FACE('',(#1746),#1850,.T.);
#1962=ADVANCED_FACE('',(#1747),#1851,.T.);
#1963=ADVANCED_FACE('',(#1748),#1852,.T.);
#1964=ADVANCED_FACE('',(#1749),#1853,.T.);
#1965=ADVANCED_FACE('',(#1750),#1854,.T.);
#1966=ADVANCED_FACE('',(#1751),#1855,.T.);
#1967=ADVANCED_FACE('',(#1752),#1856,.T.);
#1968=ADVANCED_FACE('',(#1753),#1857,.T.);
#1969=ADVANCED_FACE('',(#1754),#1858,.T.);
#1970=ADVANCED_FACE('',(#1755),#1859,.T.);
#1971=ADVANCED_FACE('',(#1756),#1860,.T.);
#1972=ADVANCED_FACE('',(#1757),#1861,.T.);
#1973=ADVANCED_FACE('',(#1758),#1862,.T.);
#1974=ADVANCED_FACE('',(#1759),#1863,.T.);
#1975=ADVANCED_FACE('',(#1760),#1864,.T.);
#1976=ADVANCED_FACE('',(#1761,#1762),#39,.T.);
#1977=ADVANCED_FACE('',(#1763),#1865,.T.);
#1978=ADVANCED_FACE('',(#1764),#1866,.T.);
#1979=ADVANCED_FACE('',(#1765),#1867,.T.);
#1980=ADVANCED_FACE('',(#1766),#1868,.T.);
#1981=ADVANCED_FACE('',(#1767),#1869,.T.);
#1982=ADVANCED_FACE('',(#1768),#1870,.T.);
#1983=ADVANCED_FACE('',(#1769),#1871,.T.);
#1984=ADVANCED_FACE('',(#1770,#1771),#1872,.F.);
#1985=ADVANCED_FACE('',(#1772),#1873,.T.);
#1986=ADVANCED_FACE('',(#1773),#1874,.T.);
#1987=ADVANCED_FACE('',(#1774),#1875,.T.);
#1988=ADVANCED_FACE('',(#1775),#1876,.T.);
#1989=ADVANCED_FACE('',(#1776),#1877,.T.);
#1990=ADVANCED_FACE('',(#1777),#1878,.T.);
#1991=ADVANCED_FACE('',(#1778),#1879,.T.);
#1992=ADVANCED_FACE('',(#1779),#1880,.T.);
#1993=ADVANCED_FACE('',(#1780),#1881,.T.);
#1994=ADVANCED_FACE('',(#1781),#1882,.T.);
#1995=ADVANCED_FACE('',(#1782),#1883,.T.);
#1996=ADVANCED_FACE('',(#1783),#1884,.T.);
#1997=ADVANCED_FACE('',(#1784),#1885,.T.);
#1998=ADVANCED_FACE('',(#1785),#1886,.T.);
#1999=ADVANCED_FACE('',(#1786),#1887,.T.);
#2000=ADVANCED_FACE('',(#1787),#1888,.T.);
#2001=ADVANCED_FACE('',(#1788),#1889,.T.);
#2002=ADVANCED_FACE('',(#1789),#1890,.T.);
#2003=ADVANCED_FACE('',(#1790,#1791),#1891,.F.);
#2004=ADVANCED_FACE('',(#1792),#1892,.T.);
#2005=ADVANCED_FACE('',(#1793),#1893,.T.);
#2006=ADVANCED_FACE('',(#1794),#1894,.T.);
#2007=ADVANCED_FACE('',(#1795),#18,.T.);
#2008=ADVANCED_FACE('',(#1796),#19,.T.);
#2009=ADVANCED_FACE('',(#1797,#1798),#1895,.F.);
#2010=ADVANCED_FACE('',(#1799),#1896,.T.);
#2011=ADVANCED_FACE('',(#1800),#1897,.T.);
#2012=ADVANCED_FACE('',(#1801),#1898,.T.);
#2013=ADVANCED_FACE('',(#1802),#1899,.T.);
#2014=CLOSED_SHELL('',(#1900,#1901,#1902,#1903,#1904,#1905,#1906,#1907,
#1908,#1909,#1910,#1911,#1912,#1913,#1914,#1915,#1916,#1917,#1918,#1919,
#1920,#1921,#1922,#1923,#1924,#1925,#1926,#1927,#1928,#1929,#1930,#1931,
#1932,#1933,#1934,#1935,#1936,#1937,#1938,#1939,#1940,#1941,#1942,#1943,
#1944,#1945,#1946,#1947,#1948,#1949,#1950,#1951,#1952,#1953,#1954,#1955,
#1956,#1957,#1958,#1959,#1960,#1961,#1962,#1963,#1964,#1965,#1966,#1967,
#1968,#1969,#1970,#1971,#1972,#1973,#1974,#1975,#1976,#1977,#1978,#1979,
#1980,#1981,#1982,#1983,#1984,#1985,#1986,#1987,#1988,#1989,#1990,#1991,
#1992,#1993,#1994,#1995,#1996,#1997,#1998,#1999,#2000,#2001,#2002,#2003,
#2004,#2005,#2006,#2007,#2008,#2009,#2010,#2011,#2012,#2013));
#2015=STYLED_ITEM('',(#2016),#2023);
#2016=PRESENTATION_STYLE_ASSIGNMENT((#2017));
#2017=SURFACE_STYLE_USAGE(.BOTH.,#2018);
#2018=SURFACE_SIDE_STYLE('',(#2019));
#2019=SURFACE_STYLE_FILL_AREA(#2020);
#2020=FILL_AREA_STYLE('',(#2021));
#2021=FILL_AREA_STYLE_COLOUR('',#2022);
#2022=COLOUR_RGB('',0.964705882352941,0.964705882352941,0.952941176470588);
#2023=MANIFOLD_SOLID_BREP('DSA Spacebar 6.25u v2',#2014);
#2024=SHAPE_DEFINITION_REPRESENTATION(#4313,#2025);
#2025=SHAPE_REPRESENTATION('DSA Spacebar 6.25u v2',(#2026),#4308);
#2026=AXIS2_PLACEMENT_3D('',#2618,#2144,#2145);
#2027=AXIS2_PLACEMENT_3D('',#2619,#2146,#2147);
#2028=AXIS2_PLACEMENT_3D('',#2635,#2153,#2154);
#2029=AXIS2_PLACEMENT_3D('',#2644,#2156,#2157);
#2030=AXIS2_PLACEMENT_3D('',#2647,#2159,#2160);
#2031=AXIS2_PLACEMENT_3D('',#2656,#2165,#2166);
#2032=AXIS2_PLACEMENT_3D('',#2660,#2168,#2169);
#2033=AXIS2_PLACEMENT_3D('',#2665,#2172,#2173);
#2034=AXIS2_PLACEMENT_3D('',#2666,#2174,#2175);
#2035=AXIS2_PLACEMENT_3D('',#2670,#2178,#2179);
#2036=AXIS2_PLACEMENT_3D('',#2671,#2180,#2181);
#2037=AXIS2_PLACEMENT_3D('',#2672,#2182,#2183);
#2038=AXIS2_PLACEMENT_3D('',#3053,#2186,#2187);
#2039=AXIS2_PLACEMENT_3D('',#3263,#2191,#2192);
#2040=AXIS2_PLACEMENT_3D('',#3269,#2196,#2197);
#2041=AXIS2_PLACEMENT_3D('',#3270,#2198,#2199);
#2042=AXIS2_PLACEMENT_3D('',#3277,#2203,#2204);
#2043=AXIS2_PLACEMENT_3D('',#3295,#2214,#2215);
#2044=AXIS2_PLACEMENT_3D('',#3302,#2217,#2218);
#2045=AXIS2_PLACEMENT_3D('',#3866,#2221,#2222);
#2046=AXIS2_PLACEMENT_3D('',#3870,#2225,#2226);
#2047=AXIS2_PLACEMENT_3D('',#3872,#2228,#2229);
#2048=AXIS2_PLACEMENT_3D('',#3874,#2231,#2232);
#2049=AXIS2_PLACEMENT_3D('',#3875,#2233,#2234);
#2050=AXIS2_PLACEMENT_3D('',#3876,#2235,#2236);
#2051=AXIS2_PLACEMENT_3D('',#3878,#2237,#2238);
#2052=AXIS2_PLACEMENT_3D('',#3880,#2239,#2240);
#2053=AXIS2_PLACEMENT_3D('',#3889,#2245,#2246);
#2054=AXIS2_PLACEMENT_3D('',#3895,#2250,#2251);
#2055=AXIS2_PLACEMENT_3D('',#3904,#2256,#2257);
#2056=AXIS2_PLACEMENT_3D('',#3910,#2261,#2262);
#2057=AXIS2_PLACEMENT_3D('',#3916,#2266,#2267);
#2058=AXIS2_PLACEMENT_3D('',#3919,#2270,#2271);
#2059=AXIS2_PLACEMENT_3D('',#3931,#2278,#2279);
#2060=AXIS2_PLACEMENT_3D('',#3956,#2292,#2293);
#2061=AXIS2_PLACEMENT_3D('',#3960,#2296,#2297);
#2062=AXIS2_PLACEMENT_3D('',#3964,#2300,#2301);
#2063=AXIS2_PLACEMENT_3D('',#3968,#2304,#2305);
#2064=AXIS2_PLACEMENT_3D('',#3972,#2308,#2309);
#2065=AXIS2_PLACEMENT_3D('',#3976,#2312,#2313);
#2066=AXIS2_PLACEMENT_3D('',#3978,#2315,#2316);
#2067=AXIS2_PLACEMENT_3D('',#3981,#2319,#2320);
#2068=AXIS2_PLACEMENT_3D('',#3983,#2322,#2323);
#2069=AXIS2_PLACEMENT_3D('',#3985,#2325,#2326);
#2070=AXIS2_PLACEMENT_3D('',#3988,#2329,#2330);
#2071=AXIS2_PLACEMENT_3D('',#3990,#2332,#2333);
#2072=AXIS2_PLACEMENT_3D('',#3992,#2335,#2336);
#2073=AXIS2_PLACEMENT_3D('',#3994,#2338,#2339);
#2074=AXIS2_PLACEMENT_3D('',#3996,#2341,#2342);
#2075=AXIS2_PLACEMENT_3D('',#3998,#2344,#2345);
#2076=AXIS2_PLACEMENT_3D('',#4000,#2347,#2348);
#2077=AXIS2_PLACEMENT_3D('',#4001,#2349,#2350);
#2078=AXIS2_PLACEMENT_3D('',#4002,#2351,#2352);
#2079=AXIS2_PLACEMENT_3D('',#4003,#2353,#2354);
#2080=AXIS2_PLACEMENT_3D('',#4005,#2355,#2356);
#2081=AXIS2_PLACEMENT_3D('',#4007,#2357,#2358);
#2082=AXIS2_PLACEMENT_3D('',#4016,#2363,#2364);
#2083=AXIS2_PLACEMENT_3D('',#4022,#2368,#2369);
#2084=AXIS2_PLACEMENT_3D('',#4031,#2374,#2375);
#2085=AXIS2_PLACEMENT_3D('',#4037,#2379,#2380);
#2086=AXIS2_PLACEMENT_3D('',#4043,#2384,#2385);
#2087=AXIS2_PLACEMENT_3D('',#4046,#2388,#2389);
#2088=AXIS2_PLACEMENT_3D('',#4058,#2396,#2397);
#2089=AXIS2_PLACEMENT_3D('',#4083,#2410,#2411);
#2090=AXIS2_PLACEMENT_3D('',#4087,#2414,#2415);
#2091=AXIS2_PLACEMENT_3D('',#4091,#2418,#2419);
#2092=AXIS2_PLACEMENT_3D('',#4095,#2422,#2423);
#2093=AXIS2_PLACEMENT_3D('',#4099,#2426,#2427);
#2094=AXIS2_PLACEMENT_3D('',#4103,#2430,#2431);
#2095=AXIS2_PLACEMENT_3D('',#4105,#2433,#2434);
#2096=AXIS2_PLACEMENT_3D('',#4108,#2437,#2438);
#2097=AXIS2_PLACEMENT_3D('',#4110,#2440,#2441);
#2098=AXIS2_PLACEMENT_3D('',#4112,#2443,#2444);
#2099=AXIS2_PLACEMENT_3D('',#4115,#2447,#2448);
#2100=AXIS2_PLACEMENT_3D('',#4117,#2450,#2451);
#2101=AXIS2_PLACEMENT_3D('',#4119,#2453,#2454);
#2102=AXIS2_PLACEMENT_3D('',#4121,#2456,#2457);
#2103=AXIS2_PLACEMENT_3D('',#4123,#2459,#2460);
#2104=AXIS2_PLACEMENT_3D('',#4125,#2462,#2463);
#2105=AXIS2_PLACEMENT_3D('',#4127,#2465,#2466);
#2106=AXIS2_PLACEMENT_3D('',#4128,#2467,#2468);
#2107=AXIS2_PLACEMENT_3D('',#4129,#2469,#2470);
#2108=AXIS2_PLACEMENT_3D('',#4130,#2471,#2472);
#2109=AXIS2_PLACEMENT_3D('',#4132,#2473,#2474);
#2110=AXIS2_PLACEMENT_3D('',#4141,#2479,#2480);
#2111=AXIS2_PLACEMENT_3D('',#4147,#2484,#2485);
#2112=AXIS2_PLACEMENT_3D('',#4156,#2490,#2491);
#2113=AXIS2_PLACEMENT_3D('',#4162,#2495,#2496);
#2114=AXIS2_PLACEMENT_3D('',#4168,#2500,#2501);
#2115=AXIS2_PLACEMENT_3D('',#4171,#2504,#2505);
#2116=AXIS2_PLACEMENT_3D('',#4183,#2512,#2513);
#2117=AXIS2_PLACEMENT_3D('',#4208,#2526,#2527);
#2118=AXIS2_PLACEMENT_3D('',#4212,#2530,#2531);
#2119=AXIS2_PLACEMENT_3D('',#4216,#2534,#2535);
#2120=AXIS2_PLACEMENT_3D('',#4220,#2538,#2539);
#2121=AXIS2_PLACEMENT_3D('',#4224,#2542,#2543);
#2122=AXIS2_PLACEMENT_3D('',#4228,#2546,#2547);
#2123=AXIS2_PLACEMENT_3D('',#4230,#2549,#2550);
#2124=AXIS2_PLACEMENT_3D('',#4233,#2553,#2554);
#2125=AXIS2_PLACEMENT_3D('',#4235,#2556,#2557);
#2126=AXIS2_PLACEMENT_3D('',#4237,#2559,#2560);
#2127=AXIS2_PLACEMENT_3D('',#4240,#2563,#2564);
#2128=AXIS2_PLACEMENT_3D('',#4242,#2566,#2567);
#2129=AXIS2_PLACEMENT_3D('',#4244,#2569,#2570);
#2130=AXIS2_PLACEMENT_3D('',#4246,#2572,#2573);
#2131=AXIS2_PLACEMENT_3D('',#4248,#2575,#2576);
#2132=AXIS2_PLACEMENT_3D('',#4250,#2578,#2579);
#2133=AXIS2_PLACEMENT_3D('',#4252,#2581,#2582);
#2134=AXIS2_PLACEMENT_3D('',#4253,#2583,#2584);
#2135=AXIS2_PLACEMENT_3D('',#4254,#2585,#2586);
#2136=AXIS2_PLACEMENT_3D('',#4258,#2589,#2590);
#2137=AXIS2_PLACEMENT_3D('',#4262,#2593,#2594);
#2138=AXIS2_PLACEMENT_3D('',#4266,#2597,#2598);
#2139=AXIS2_PLACEMENT_3D('',#4292,#2601,#2602);
#2140=AXIS2_PLACEMENT_3D('',#4296,#2605,#2606);
#2141=AXIS2_PLACEMENT_3D('',#4302,#2610,#2611);
#2142=AXIS2_PLACEMENT_3D('',#4304,#2613,#2614);
#2143=AXIS2_PLACEMENT_3D('',#4306,#2616,#2617);
#2144=DIRECTION('',(0.,0.,1.));
#2145=DIRECTION('',(1.,0.,0.));
#2146=DIRECTION('',(0.,0.,1.));
#2147=DIRECTION('',(1.,0.,0.));
#2148=DIRECTION('',(1.,0.,0.));
#2149=DIRECTION('',(0.,-1.,0.));
#2150=DIRECTION('',(1.,0.,0.));
#2151=DIRECTION('',(-1.,0.,0.));
#2152=DIRECTION('',(0.,1.,0.));
#2153=DIRECTION('',(0.,1.,0.));
#2154=DIRECTION('',(0.707106781186548,0.,-0.707106781186548));
#2155=DIRECTION('',(0.,-1.,0.));
#2156=DIRECTION('',(0.,1.,0.));
#2157=DIRECTION('',(0.707106781186548,0.,-0.707106781186548));
#2158=DIRECTION('',(0.,1.,0.));
#2159=DIRECTION('',(0.,1.,0.));
#2160=DIRECTION('',(1.,0.,0.));
#2161=DIRECTION('',(1.,0.,0.));
#2162=DIRECTION('',(-1.52085345839062E-16,0.,-1.));
#2163=DIRECTION('',(-1.,0.,0.));
#2164=DIRECTION('',(0.,0.,1.));
#2165=DIRECTION('',(0.,1.,0.));
#2166=DIRECTION('',(-0.707106781186548,0.,0.707106781186548));
#2167=DIRECTION('',(0.,0.,1.));
#2168=DIRECTION('',(0.,1.,0.));
#2169=DIRECTION('',(-0.707106781186548,0.,-0.707106781186548));
#2170=DIRECTION('',(-1.,0.,0.));
#2171=DIRECTION('',(0.,0.,-1.));
#2172=DIRECTION('',(0.,1.,0.));
#2173=DIRECTION('',(0.707106781186548,0.,0.707106781186548));
#2174=DIRECTION('',(1.,0.,0.));
#2175=DIRECTION('',(0.,0.,-1.));
#2176=DIRECTION('',(0.,1.,0.));
#2177=DIRECTION('',(0.,0.,-1.));
#2178=DIRECTION('',(0.,1.,0.));
#2179=DIRECTION('',(0.707106781186548,0.,0.707106781186548));
#2180=DIRECTION('',(0.,-1.,0.));
#2181=DIRECTION('',(0.707106781186548,0.,0.707106781186548));
#2182=DIRECTION('',(-7.58008645817053E-35,1.,-1.37641278934403E-32));
#2183=DIRECTION('',(0.,1.37641278934403E-32,1.));
#2184=DIRECTION('',(-1.,0.,0.));
#2185=DIRECTION('',(-1.,0.,0.));
#2186=DIRECTION('',(-0.93834311681711,-0.345705358827357,1.42708237436834E-16));
#2187=DIRECTION('',(1.52085345839062E-16,0.,1.));
#2188=DIRECTION('',(-0.326732019606536,0.88684405321774,-0.326732019606536));
#2189=DIRECTION('',(0.,0.,1.));
#2190=DIRECTION('',(-0.326732019606536,0.88684405321774,0.326732019606536));
#2191=DIRECTION('',(0.,0.,-1.));
#2192=DIRECTION('',(-1.,0.,0.));
#2193=DIRECTION('',(0.,-1.,0.));
#2194=DIRECTION('',(-1.,0.,0.));
#2195=DIRECTION('',(-1.,0.,0.));
#2196=DIRECTION('',(2.04108092666668E-32,1.,-1.11187011939835E-48));
#2197=DIRECTION('',(0.,1.11187011939835E-48,1.));
#2198=DIRECTION('',(2.04108092666668E-32,1.,-1.11187011939835E-48));
#2199=DIRECTION('',(1.,0.,0.));
#2200=DIRECTION('',(-2.26941689363459E-80,-1.11187011939835E-48,-1.));
#2201=DIRECTION('',(1.,0.,0.));
#2202=DIRECTION('',(-1.,0.,1.06752213906265E-16));
#2203=DIRECTION('',(0.,-0.345705358827356,-0.93834311681711));
#2204=DIRECTION('',(-1.,0.,0.));
#2205=DIRECTION('',(1.91523423840437E-32,0.93834311681711,-0.345705358827356));
#2206=DIRECTION('',(0.326732019606536,0.88684405321774,-0.326732019606536));
#2207=DIRECTION('',(-1.,0.,1.06752213906265E-16));
#2208=DIRECTION('',(1.60754134860003E-13,-0.93834311681711,0.345705358827356));
#2209=DIRECTION('',(1.,-2.04108092666668E-32,7.51977183508778E-33));
#2210=DIRECTION('',(1.91523423840437E-32,0.93834311681711,-0.345705358827356));
#2211=DIRECTION('',(-1.,0.,1.06752213906265E-16));
#2212=DIRECTION('',(1.60754134860003E-13,-0.93834311681711,0.345705358827356));
#2213=DIRECTION('',(1.,-2.04108092666668E-32,7.51977183508776E-33));
#2214=DIRECTION('',(1.,0.,0.));
#2215=DIRECTION('',(0.,0.906352173556831,-0.422523061487546));
#2216=DIRECTION('',(-1.,0.,0.));
#2217=DIRECTION('',(1.,0.,0.));
#2218=DIRECTION('',(0.,0.905991840918959,0.423295150206421));
#2219=DIRECTION('',(-1.,0.,0.));
#2220=DIRECTION('',(0.,0.,1.));
#2221=DIRECTION('',(0.93834311681711,-0.345705358827356,0.));
#2222=DIRECTION('',(0.,0.,-1.));
#2223=DIRECTION('',(0.326732019606536,0.88684405321774,0.326732019606536));
#2224=DIRECTION('',(-3.20256641718795E-16,0.,-1.));
#2225=DIRECTION('',(0.,1.,0.));
#2226=DIRECTION('',(-0.707106781186548,0.,0.707106781186548));
#2227=DIRECTION('',(0.,-1.,0.));
#2228=DIRECTION('',(-1.,0.,0.));
#2229=DIRECTION('',(0.,0.,1.));
#2230=DIRECTION('',(0.,1.,0.));
#2231=DIRECTION('',(0.,1.,0.));
#2232=DIRECTION('',(-0.707106781186548,0.,-0.707106781186548));
#2233=DIRECTION('',(0.,1.,0.));
#2234=DIRECTION('',(1.,0.,0.));
#2235=DIRECTION('',(0.,1.,0.));
#2236=DIRECTION('',(0.,0.,1.));
#2237=DIRECTION('',(2.04108092666668E-32,1.,-1.11187011939835E-48));
#2238=DIRECTION('',(1.,0.,0.));
#2239=DIRECTION('',(1.,0.,0.));
#2240=DIRECTION('',(0.,0.,-1.));
#2241=DIRECTION('',(0.,0.,1.));
#2242=DIRECTION('',(0.,1.,0.));
#2243=DIRECTION('',(0.,0.,1.));
#2244=DIRECTION('',(0.,1.,0.));
#2245=DIRECTION('',(0.,0.,1.));
#2246=DIRECTION('',(1.,0.,0.));
#2247=DIRECTION('',(-1.,0.,0.));
#2248=DIRECTION('',(0.,1.,0.));
#2249=DIRECTION('',(-1.,0.,0.));
#2250=DIRECTION('',(-1.,0.,0.));
#2251=DIRECTION('',(0.,0.,1.));
#2252=DIRECTION('',(0.,0.,-1.));
#2253=DIRECTION('',(0.,1.,0.));
#2254=DIRECTION('',(0.,0.,-1.));
#2255=DIRECTION('',(0.,1.,0.));
#2256=DIRECTION('',(0.,0.,-1.));
#2257=DIRECTION('',(-1.,0.,0.));
#2258=DIRECTION('',(1.,0.,0.));
#2259=DIRECTION('',(0.,1.,0.));
#2260=DIRECTION('',(1.,0.,0.));
#2261=DIRECTION('',(1.,0.,0.));
#2262=DIRECTION('',(0.,0.,-1.));
#2263=DIRECTION('',(0.,0.,1.));
#2264=DIRECTION('',(0.,1.,0.));
#2265=DIRECTION('',(0.,0.,1.));
#2266=DIRECTION('',(0.,0.,-1.));
#2267=DIRECTION('',(-1.,0.,0.));
#2268=DIRECTION('',(1.,0.,0.));
#2269=DIRECTION('',(1.,0.,0.));
#2270=DIRECTION('',(0.,-1.,0.));
#2271=DIRECTION('',(0.,0.,-1.));
#2272=DIRECTION('',(-1.,0.,0.));
#2273=DIRECTION('',(0.,0.,-1.));
#2274=DIRECTION('',(1.,0.,0.));
#2275=DIRECTION('',(0.,0.,1.));
#2276=DIRECTION('',(-1.,0.,0.));
#2277=DIRECTION('',(0.,0.,-1.));
#2278=DIRECTION('',(0.,1.,0.));
#2279=DIRECTION('',(1.,0.,0.));
#2280=DIRECTION('',(-1.,0.,0.));
#2281=DIRECTION('',(0.,0.,1.));
#2282=DIRECTION('',(1.,0.,0.));
#2283=DIRECTION('',(0.,0.,1.));
#2284=DIRECTION('',(1.,0.,0.));
#2285=DIRECTION('',(0.,0.,-1.));
#2286=DIRECTION('',(1.,0.,0.));
#2287=DIRECTION('',(0.,0.,-1.));
#2288=DIRECTION('',(-1.,0.,0.));
#2289=DIRECTION('',(0.,0.,-1.));
#2290=DIRECTION('',(-1.,0.,0.));
#2291=DIRECTION('',(0.,0.,1.));
#2292=DIRECTION('',(0.,0.,-1.));
#2293=DIRECTION('',(-1.,0.,0.));
#2294=DIRECTION('',(1.,0.,0.));
#2295=DIRECTION('',(0.,1.,0.));
#2296=DIRECTION('',(-1.,0.,0.));
#2297=DIRECTION('',(0.,0.,1.));
#2298=DIRECTION('',(0.,0.,-1.));
#2299=DIRECTION('',(0.,1.,0.));
#2300=DIRECTION('',(0.,0.,1.));
#2301=DIRECTION('',(1.,0.,0.));
#2302=DIRECTION('',(-1.,0.,0.));
#2303=DIRECTION('',(0.,1.,0.));
#2304=DIRECTION('',(-1.,0.,0.));
#2305=DIRECTION('',(0.,0.,1.));
#2306=DIRECTION('',(0.,0.,-1.));
#2307=DIRECTION('',(0.,1.,0.));
#2308=DIRECTION('',(0.,0.,1.));
#2309=DIRECTION('',(1.,0.,0.));
#2310=DIRECTION('',(-1.,0.,0.));
#2311=DIRECTION('',(0.,1.,0.));
#2312=DIRECTION('',(1.,0.,0.));
#2313=DIRECTION('',(0.,0.,-1.));
#2314=DIRECTION('',(0.,0.,1.));
#2315=DIRECTION('',(-0.707106781186548,-0.707106781186548,0.));
#2316=DIRECTION('',(0.,0.,1.));
#2317=DIRECTION('',(-0.577350269189626,0.577350269189626,0.577350269189626));
#2318=DIRECTION('',(-0.577350269189626,0.577350269189626,0.577350269189626));
#2319=DIRECTION('',(0.,-0.707106781186548,0.707106781186548));
#2320=DIRECTION('',(1.,0.,0.));
#2321=DIRECTION('',(0.577350269189626,0.577350269189626,0.577350269189626));
#2322=DIRECTION('',(0.707106781186548,-0.707106781186548,0.));
#2323=DIRECTION('',(0.,0.,-1.));
#2324=DIRECTION('',(0.577350269189626,0.577350269189626,0.577350269189626));
#2325=DIRECTION('',(-0.707106781186548,-0.707106781186548,0.));
#2326=DIRECTION('',(0.,0.,1.));
#2327=DIRECTION('',(0.577350269189626,-0.577350269189626,0.577350269189626));
#2328=DIRECTION('',(-0.577350269189626,0.577350269189626,0.577350269189626));
#2329=DIRECTION('',(0.,-0.707106781186548,0.707106781186548));
#2330=DIRECTION('',(1.,0.,0.));
#2331=DIRECTION('',(0.577350269189626,0.577350269189626,0.577350269189626));
#2332=DIRECTION('',(0.707106781186548,-0.707106781186548,0.));
#2333=DIRECTION('',(0.,0.,-1.));
#2334=DIRECTION('',(0.577350269189626,0.577350269189626,-0.577350269189626));
#2335=DIRECTION('',(0.,-0.707106781186548,-0.707106781186548));
#2336=DIRECTION('',(-1.,0.,0.));
#2337=DIRECTION('',(0.577350269189626,0.577350269189626,-0.577350269189626));
#2338=DIRECTION('',(0.707106781186548,-0.707106781186548,0.));
#2339=DIRECTION('',(0.,0.,-1.));
#2340=DIRECTION('',(0.577350269189626,0.577350269189626,-0.577350269189626));
#2341=DIRECTION('',(0.,-0.707106781186548,-0.707106781186548));
#2342=DIRECTION('',(-1.,0.,0.));
#2343=DIRECTION('',(-0.577350269189626,0.577350269189626,-0.577350269189626));
#2344=DIRECTION('',(-0.707106781186548,-0.707106781186548,0.));
#2345=DIRECTION('',(0.,0.,1.));
#2346=DIRECTION('',(-0.577350269189626,0.577350269189626,-0.577350269189626));
#2347=DIRECTION('',(0.,-0.707106781186548,-0.707106781186548));
#2348=DIRECTION('',(-1.,0.,0.));
#2349=DIRECTION('',(0.,-0.707106781186548,0.707106781186548));
#2350=DIRECTION('',(1.,0.,0.));
#2351=DIRECTION('',(0.,1.,0.));
#2352=DIRECTION('',(1.,0.,0.));
#2353=DIRECTION('',(0.,1.,0.));
#2354=DIRECTION('',(0.,0.,1.));
#2355=DIRECTION('',(2.04108092666668E-32,1.,-1.11187011939835E-48));
#2356=DIRECTION('',(1.,0.,0.));
#2357=DIRECTION('',(1.,0.,0.));
#2358=DIRECTION('',(0.,0.,-1.));
#2359=DIRECTION('',(0.,0.,1.));
#2360=DIRECTION('',(0.,1.,0.));
#2361=DIRECTION('',(0.,0.,1.));
#2362=DIRECTION('',(0.,1.,0.));
#2363=DIRECTION('',(0.,0.,1.));
#2364=DIRECTION('',(1.,0.,0.));
#2365=DIRECTION('',(-1.,0.,0.));
#2366=DIRECTION('',(0.,1.,0.));
#2367=DIRECTION('',(-1.,0.,0.));
#2368=DIRECTION('',(-1.,0.,0.));
#2369=DIRECTION('',(0.,0.,1.));
#2370=DIRECTION('',(0.,0.,-1.));
#2371=DIRECTION('',(0.,1.,0.));
#2372=DIRECTION('',(0.,0.,-1.));
#2373=DIRECTION('',(0.,1.,0.));
#2374=DIRECTION('',(0.,0.,-1.));
#2375=DIRECTION('',(-1.,0.,0.));
#2376=DIRECTION('',(1.,0.,0.));
#2377=DIRECTION('',(0.,1.,0.));
#2378=DIRECTION('',(1.,0.,0.));
#2379=DIRECTION('',(1.,0.,0.));
#2380=DIRECTION('',(0.,0.,-1.));
#2381=DIRECTION('',(0.,0.,1.));
#2382=DIRECTION('',(0.,1.,0.));
#2383=DIRECTION('',(0.,0.,1.));
#2384=DIRECTION('',(0.,0.,-1.));
#2385=DIRECTION('',(-1.,0.,0.));
#2386=DIRECTION('',(1.,0.,0.));
#2387=DIRECTION('',(1.,0.,0.));
#2388=DIRECTION('',(0.,-1.,0.));
#2389=DIRECTION('',(0.,0.,-1.));
#2390=DIRECTION('',(-1.,0.,0.));
#2391=DIRECTION('',(0.,0.,-1.));
#2392=DIRECTION('',(1.,0.,0.));
#2393=DIRECTION('',(0.,0.,1.));
#2394=DIRECTION('',(-1.,0.,0.));
#2395=DIRECTION('',(0.,0.,-1.));
#2396=DIRECTION('',(0.,1.,0.));
#2397=DIRECTION('',(1.,0.,0.));
#2398=DIRECTION('',(-1.,0.,0.));
#2399=DIRECTION('',(0.,0.,1.));
#2400=DIRECTION('',(1.,0.,0.));
#2401=DIRECTION('',(0.,0.,1.));
#2402=DIRECTION('',(1.,0.,0.));
#2403=DIRECTION('',(0.,0.,-1.));
#2404=DIRECTION('',(1.,0.,0.));
#2405=DIRECTION('',(0.,0.,-1.));
#2406=DIRECTION('',(-1.,0.,0.));
#2407=DIRECTION('',(0.,0.,-1.));
#2408=DIRECTION('',(-1.,0.,0.));
#2409=DIRECTION('',(0.,0.,1.));
#2410=DIRECTION('',(0.,0.,-1.));
#2411=DIRECTION('',(-1.,0.,0.));
#2412=DIRECTION('',(1.,0.,0.));
#2413=DIRECTION('',(0.,1.,0.));
#2414=DIRECTION('',(-1.,0.,0.));
#2415=DIRECTION('',(0.,0.,1.));
#2416=DIRECTION('',(0.,0.,-1.));
#2417=DIRECTION('',(0.,1.,0.));
#2418=DIRECTION('',(0.,0.,1.));
#2419=DIRECTION('',(1.,0.,0.));
#2420=DIRECTION('',(-1.,0.,0.));
#2421=DIRECTION('',(0.,1.,0.));
#2422=DIRECTION('',(-1.,0.,0.));
#2423=DIRECTION('',(0.,0.,1.));
#2424=DIRECTION('',(0.,0.,-1.));
#2425=DIRECTION('',(0.,1.,0.));
#2426=DIRECTION('',(0.,0.,1.));
#2427=DIRECTION('',(1.,0.,0.));
#2428=DIRECTION('',(-1.,0.,0.));
#2429=DIRECTION('',(0.,1.,0.));
#2430=DIRECTION('',(1.,0.,0.));
#2431=DIRECTION('',(0.,0.,-1.));
#2432=DIRECTION('',(0.,0.,1.));
#2433=DIRECTION('',(-0.707106781186548,-0.707106781186548,0.));
#2434=DIRECTION('',(0.,0.,1.));
#2435=DIRECTION('',(-0.577350269189626,0.577350269189626,0.577350269189626));
#2436=DIRECTION('',(-0.577350269189626,0.577350269189626,0.577350269189626));
#2437=DIRECTION('',(0.,-0.707106781186548,0.707106781186548));
#2438=DIRECTION('',(1.,0.,0.));
#2439=DIRECTION('',(0.577350269189626,0.577350269189626,0.577350269189626));
#2440=DIRECTION('',(0.707106781186548,-0.707106781186548,0.));
#2441=DIRECTION('',(0.,0.,-1.));
#2442=DIRECTION('',(0.577350269189626,0.577350269189626,0.577350269189626));
#2443=DIRECTION('',(-0.707106781186548,-0.707106781186548,0.));
#2444=DIRECTION('',(0.,0.,1.));
#2445=DIRECTION('',(0.577350269189626,-0.577350269189626,0.577350269189626));
#2446=DIRECTION('',(-0.577350269189626,0.577350269189626,0.577350269189626));
#2447=DIRECTION('',(0.,-0.707106781186548,0.707106781186548));
#2448=DIRECTION('',(1.,0.,0.));
#2449=DIRECTION('',(0.577350269189626,0.577350269189626,0.577350269189626));
#2450=DIRECTION('',(0.707106781186548,-0.707106781186548,0.));
#2451=DIRECTION('',(0.,0.,-1.));
#2452=DIRECTION('',(0.577350269189626,0.577350269189626,-0.577350269189626));
#2453=DIRECTION('',(0.,-0.707106781186548,-0.707106781186548));
#2454=DIRECTION('',(-1.,0.,0.));
#2455=DIRECTION('',(0.577350269189626,0.577350269189626,-0.577350269189626));
#2456=DIRECTION('',(0.707106781186548,-0.707106781186548,0.));
#2457=DIRECTION('',(0.,0.,-1.));
#2458=DIRECTION('',(0.577350269189626,0.577350269189626,-0.577350269189626));
#2459=DIRECTION('',(0.,-0.707106781186548,-0.707106781186548));
#2460=DIRECTION('',(-1.,0.,0.));
#2461=DIRECTION('',(-0.577350269189626,0.577350269189626,-0.577350269189626));
#2462=DIRECTION('',(-0.707106781186548,-0.707106781186548,0.));
#2463=DIRECTION('',(0.,0.,1.));
#2464=DIRECTION('',(-0.577350269189626,0.577350269189626,-0.577350269189626));
#2465=DIRECTION('',(0.,-0.707106781186548,-0.707106781186548));
#2466=DIRECTION('',(-1.,0.,0.));
#2467=DIRECTION('',(0.,-0.707106781186548,0.707106781186548));
#2468=DIRECTION('',(1.,0.,0.));
#2469=DIRECTION('',(0.,1.,0.));
#2470=DIRECTION('',(1.,0.,0.));
#2471=DIRECTION('',(0.,1.,0.));
#2472=DIRECTION('',(0.,0.,1.));
#2473=DIRECTION('',(1.,0.,0.));
#2474=DIRECTION('',(0.,0.,-1.));
#2475=DIRECTION('',(0.,0.,1.));
#2476=DIRECTION('',(0.,1.,0.));
#2477=DIRECTION('',(0.,0.,1.));
#2478=DIRECTION('',(0.,1.,0.));
#2479=DIRECTION('',(0.,0.,1.));
#2480=DIRECTION('',(1.,0.,0.));
#2481=DIRECTION('',(-1.,0.,0.));
#2482=DIRECTION('',(0.,1.,0.));
#2483=DIRECTION('',(-1.,0.,0.));
#2484=DIRECTION('',(-1.,0.,0.));
#2485=DIRECTION('',(0.,0.,1.));
#2486=DIRECTION('',(0.,0.,-1.));
#2487=DIRECTION('',(0.,1.,0.));
#2488=DIRECTION('',(0.,0.,-1.));
#2489=DIRECTION('',(0.,1.,0.));
#2490=DIRECTION('',(0.,0.,-1.));
#2491=DIRECTION('',(-1.,0.,0.));
#2492=DIRECTION('',(1.,0.,0.));
#2493=DIRECTION('',(0.,1.,0.));
#2494=DIRECTION('',(1.,0.,0.));
#2495=DIRECTION('',(1.,0.,0.));
#2496=DIRECTION('',(0.,0.,-1.));
#2497=DIRECTION('',(0.,0.,1.));
#2498=DIRECTION('',(0.,1.,0.));
#2499=DIRECTION('',(0.,0.,1.));
#2500=DIRECTION('',(0.,0.,-1.));
#2501=DIRECTION('',(-1.,0.,0.));
#2502=DIRECTION('',(1.,0.,0.));
#2503=DIRECTION('',(1.,0.,0.));
#2504=DIRECTION('',(0.,-1.,0.));
#2505=DIRECTION('',(0.,0.,-1.));
#2506=DIRECTION('',(-1.,0.,0.));
#2507=DIRECTION('',(0.,0.,-1.));
#2508=DIRECTION('',(1.,0.,0.));
#2509=DIRECTION('',(0.,0.,1.));
#2510=DIRECTION('',(-1.,0.,0.));
#2511=DIRECTION('',(0.,0.,-1.));
#2512=DIRECTION('',(0.,1.,0.));
#2513=DIRECTION('',(1.,0.,0.));
#2514=DIRECTION('',(-1.,0.,0.));
#2515=DIRECTION('',(0.,0.,1.));
#2516=DIRECTION('',(1.,0.,0.));
#2517=DIRECTION('',(0.,0.,1.));
#2518=DIRECTION('',(1.,0.,0.));
#2519=DIRECTION('',(0.,0.,-1.));
#2520=DIRECTION('',(1.,0.,0.));
#2521=DIRECTION('',(0.,0.,-1.));
#2522=DIRECTION('',(-1.,0.,0.));
#2523=DIRECTION('',(0.,0.,-1.));
#2524=DIRECTION('',(-1.,0.,0.));
#2525=DIRECTION('',(0.,0.,1.));
#2526=DIRECTION('',(0.,0.,-1.));
#2527=DIRECTION('',(-1.,0.,0.));
#2528=DIRECTION('',(1.,0.,0.));
#2529=DIRECTION('',(0.,1.,0.));
#2530=DIRECTION('',(-1.,0.,0.));
#2531=DIRECTION('',(0.,0.,1.));
#2532=DIRECTION('',(0.,0.,-1.));
#2533=DIRECTION('',(0.,1.,0.));
#2534=DIRECTION('',(0.,0.,1.));
#2535=DIRECTION('',(1.,0.,0.));
#2536=DIRECTION('',(-1.,0.,0.));
#2537=DIRECTION('',(0.,1.,0.));
#2538=DIRECTION('',(-1.,0.,0.));
#2539=DIRECTION('',(0.,0.,1.));
#2540=DIRECTION('',(0.,0.,-1.));
#2541=DIRECTION('',(0.,1.,0.));
#2542=DIRECTION('',(0.,0.,1.));
#2543=DIRECTION('',(1.,0.,0.));
#2544=DIRECTION('',(-1.,0.,0.));
#2545=DIRECTION('',(0.,1.,0.));
#2546=DIRECTION('',(1.,0.,0.));
#2547=DIRECTION('',(0.,0.,-1.));
#2548=DIRECTION('',(0.,0.,1.));
#2549=DIRECTION('',(-0.707106781186548,-0.707106781186548,0.));
#2550=DIRECTION('',(0.,0.,1.));
#2551=DIRECTION('',(-0.577350269189626,0.577350269189626,0.577350269189626));
#2552=DIRECTION('',(-0.577350269189626,0.577350269189626,0.577350269189626));
#2553=DIRECTION('',(0.,-0.707106781186548,0.707106781186548));
#2554=DIRECTION('',(1.,0.,0.));
#2555=DIRECTION('',(0.577350269189626,0.577350269189626,0.577350269189626));
#2556=DIRECTION('',(0.707106781186548,-0.707106781186548,0.));
#2557=DIRECTION('',(0.,0.,-1.));
#2558=DIRECTION('',(0.577350269189626,0.577350269189626,0.577350269189626));
#2559=DIRECTION('',(-0.707106781186548,-0.707106781186548,0.));
#2560=DIRECTION('',(0.,0.,1.));
#2561=DIRECTION('',(0.577350269189626,-0.577350269189626,0.577350269189626));
#2562=DIRECTION('',(-0.577350269189626,0.577350269189626,0.577350269189626));
#2563=DIRECTION('',(0.,-0.707106781186548,0.707106781186548));
#2564=DIRECTION('',(1.,0.,0.));
#2565=DIRECTION('',(0.577350269189626,0.577350269189626,0.577350269189626));
#2566=DIRECTION('',(0.707106781186548,-0.707106781186548,0.));
#2567=DIRECTION('',(0.,0.,-1.));
#2568=DIRECTION('',(0.577350269189626,0.577350269189626,-0.577350269189626));
#2569=DIRECTION('',(0.,-0.707106781186548,-0.707106781186548));
#2570=DIRECTION('',(-1.,0.,0.));
#2571=DIRECTION('',(0.577350269189626,0.577350269189626,-0.577350269189626));
#2572=DIRECTION('',(0.707106781186548,-0.707106781186548,0.));
#2573=DIRECTION('',(0.,0.,-1.));
#2574=DIRECTION('',(0.577350269189626,0.577350269189626,-0.577350269189626));
#2575=DIRECTION('',(0.,-0.707106781186548,-0.707106781186548));
#2576=DIRECTION('',(-1.,0.,0.));
#2577=DIRECTION('',(-0.577350269189626,0.577350269189626,-0.577350269189626));
#2578=DIRECTION('',(-0.707106781186548,-0.707106781186548,0.));
#2579=DIRECTION('',(0.,0.,1.));
#2580=DIRECTION('',(-0.577350269189626,0.577350269189626,-0.577350269189626));
#2581=DIRECTION('',(0.,-0.707106781186548,-0.707106781186548));
#2582=DIRECTION('',(-1.,0.,0.));
#2583=DIRECTION('',(0.,-0.707106781186548,0.707106781186548));
#2584=DIRECTION('',(1.,0.,0.));
#2585=DIRECTION('',(2.04108092666668E-32,1.,-1.11187011939835E-48));
#2586=DIRECTION('',(0.,1.11187011939835E-48,1.));
#2587=DIRECTION('',(4.65003306299E-13,-9.48998192311895E-45,1.));
#2588=DIRECTION('',(1.,0.,0.));
#2589=DIRECTION('',(-1.,2.04108092666668E-32,4.65003306299E-13));
#2590=DIRECTION('',(-4.65003306299E-13,9.49053785817865E-45,-1.));
#2591=DIRECTION('',(1.60754134860003E-13,0.93834311681711,0.345705358827356));
#2592=DIRECTION('',(-4.65003306299E-13,9.49053785817865E-45,-1.));
#2593=DIRECTION('',(-2.04108092666668E-32,-1.,1.11187011939835E-48));
#2594=DIRECTION('',(1.,-2.04108092666668E-32,0.));
#2595=DIRECTION('',(-1.,2.04108092666668E-32,7.51977183508778E-33));
#2596=DIRECTION('',(1.13470844681851E-80,5.55935059699771E-49,1.));
#2597=DIRECTION('',(1.,-2.04108092666668E-32,0.));
#2598=DIRECTION('',(1.13470844681851E-80,5.55935059699771E-49,1.));
#2599=DIRECTION('',(-1.91523423840437E-32,-0.93834311681711,-0.345705358827356));
#2600=DIRECTION('',(-2.26941689363459E-80,-1.11187011939835E-48,-1.));
#2601=DIRECTION('',(2.04108092666668E-32,1.,-1.11187011939835E-48));
#2602=DIRECTION('',(0.,1.11187011939835E-48,1.));
#2603=DIRECTION('',(4.65003306299E-13,-9.48998192311895E-45,1.));
#2604=DIRECTION('',(1.,0.,0.));
#2605=DIRECTION('',(0.,-0.345705358827356,0.93834311681711));
#2606=DIRECTION('',(1.,0.,0.));
#2607=DIRECTION('',(-1.91523423840437E-32,-0.93834311681711,-0.345705358827356));
#2608=DIRECTION('',(-1.,2.04108092666668E-32,7.51977183508776E-33));
#2609=DIRECTION('',(1.60754134860003E-13,0.93834311681711,0.345705358827356));
#2610=DIRECTION('',(-1.,2.04108092666668E-32,4.65003306299E-13));
#2611=DIRECTION('',(-4.65003306299E-13,9.49053785817865E-45,-1.));
#2612=DIRECTION('',(-4.65003306299E-13,9.48998192311893E-45,-1.));
#2613=DIRECTION('',(-2.04108092666668E-32,-1.,1.11187011939835E-48));
#2614=DIRECTION('',(1.,-2.04108092666668E-32,0.));
#2615=DIRECTION('',(2.26941689363458E-80,1.11187011939835E-48,1.));
#2616=DIRECTION('',(1.,-2.04108092666668E-32,0.));
#2617=DIRECTION('',(1.13470844681851E-80,5.55935059699771E-49,1.));
#2618=CARTESIAN_POINT('',(0.,0.,0.));
#2619=CARTESIAN_POINT('',(0.040775,0.,0.0091));
#2620=CARTESIAN_POINT('',(-0.058975,0.,0.0091));
#2621=CARTESIAN_POINT('',(-0.058775,0.,0.0091));
#2622=CARTESIAN_POINT('',(0.058775,0.,0.0091));
#2623=CARTESIAN_POINT('',(0.058775,0.,0.0091));
#2624=CARTESIAN_POINT('',(0.058775,0.001,0.0091));
#2625=CARTESIAN_POINT('',(0.040775,0.001,0.0091));
#2626=CARTESIAN_POINT('',(0.049875,0.001,0.0091));
#2627=CARTESIAN_POINT('',(0.049875,0.001,0.0091));
#2628=CARTESIAN_POINT('',(-0.049875,0.001,0.0091));
#2629=CARTESIAN_POINT('',(-0.049875,0.001,0.0091));
#2630=CARTESIAN_POINT('',(-0.0528416666666667,0.001,0.0091));
#2631=CARTESIAN_POINT('',(-0.0558083333333333,0.001,0.0091));
#2632=CARTESIAN_POINT('',(-0.058775,0.001,0.0091));
#2633=CARTESIAN_POINT('',(-0.058775,0.001,0.0091));
#2634=CARTESIAN_POINT('',(-0.058775,0.,0.0091));
#2635=CARTESIAN_POINT('',(0.058775,0.,-0.0089));
#2636=CARTESIAN_POINT('',(0.058775,0.001,-0.0091));
#2637=CARTESIAN_POINT('',(0.0588797197551197,0.001,-0.0091));
#2638=CARTESIAN_POINT('',(0.058975,0.001,-0.00900471975511966));
#2639=CARTESIAN_POINT('',(0.058975,0.001,-0.0089));
#2640=CARTESIAN_POINT('',(0.058775,0.001,-0.0091));
#2641=CARTESIAN_POINT('',(0.058975,0.001,-0.0089));
#2642=CARTESIAN_POINT('',(0.058975,0.,-0.0089));
#2643=CARTESIAN_POINT('',(0.058975,0.,-0.0089));
#2644=CARTESIAN_POINT('',(0.058775,0.,-0.0089));
#2645=CARTESIAN_POINT('',(0.058775,0.,-0.0091));
#2646=CARTESIAN_POINT('',(0.058775,0.,-0.0091));
#2647=CARTESIAN_POINT('',(0.049875,0.,0.));
#2648=CARTESIAN_POINT('',(-0.046225,0.,0.0073));
#2649=CARTESIAN_POINT('',(-0.057175,0.,0.0073));
#2650=CARTESIAN_POINT('',(0.057175,0.,0.0073));
#2651=CARTESIAN_POINT('',(0.057175,0.,-0.00365));
#2652=CARTESIAN_POINT('',(0.057175,0.,-0.0073));
#2653=CARTESIAN_POINT('',(0.046225,-1.38777878078145E-19,-0.0073));
#2654=CARTESIAN_POINT('',(-0.057175,0.,-0.0073));
#2655=CARTESIAN_POINT('',(-0.057175,-1.38777878078145E-19,0.00365));
#2656=CARTESIAN_POINT('',(-0.058775,0.,0.0089));
#2657=CARTESIAN_POINT('',(-0.058975,0.,0.0089));
#2658=CARTESIAN_POINT('',(-0.058975,0.,-0.0091));
#2659=CARTESIAN_POINT('',(-0.058975,0.,-0.0089));
#2660=CARTESIAN_POINT('',(-0.058775,0.,-0.0089));
#2661=CARTESIAN_POINT('',(-0.058775,0.,-0.0091));
#2662=CARTESIAN_POINT('',(-0.040775,0.,-0.0091));
#2663=CARTESIAN_POINT('',(0.058975,0.,0.0091));
#2664=CARTESIAN_POINT('',(0.058975,0.,0.0089));
#2665=CARTESIAN_POINT('',(0.058775,0.,0.0089));
#2666=CARTESIAN_POINT('',(0.058975,0.,0.0091));
#2667=CARTESIAN_POINT('',(0.058975,0.,0.0089));
#2668=CARTESIAN_POINT('',(0.058975,0.001,0.0089));
#2669=CARTESIAN_POINT('',(0.058975,0.001,0.0091));
#2670=CARTESIAN_POINT('',(0.058775,0.,0.0089));
#2671=CARTESIAN_POINT('',(0.058775,0.001,0.0089));
#2672=CARTESIAN_POINT('',(0.0503892149976127,0.008,-0.000313298463633941));
#2673=CARTESIAN_POINT('',(0.0553522913104497,0.008,-0.00364198768996336));
#2674=CARTESIAN_POINT('',(0.0553599927200998,0.008,-0.00361530899105849));
#2675=CARTESIAN_POINT('',(0.05536726444455,0.008,-0.00358850413892338));
#2676=CARTESIAN_POINT('',(0.0555239057238898,0.008,-0.0029788711239499));
#2677=CARTESIAN_POINT('',(0.0557344795192438,0.008,-0.00178834481759027));
#2678=CARTESIAN_POINT('',(0.055822375041724,0.008,2.00432874435943E-5));
#2679=CARTESIAN_POINT('',(0.0557344146007378,0.008,0.00152751561856637));
#2680=CARTESIAN_POINT('',(0.0555731229721437,0.00800000000000009,0.00256913312506149));
#2681=CARTESIAN_POINT('',(0.0554571256100368,0.0080000000000001,0.00312187620139605));
#2682=CARTESIAN_POINT('',(0.0553859820967845,0.0080000000000001,0.00341428015398934));
#2683=CARTESIAN_POINT('',(0.0553476374786307,0.0080000000000001,0.00355979308733404));
#2684=CARTESIAN_POINT('',(0.0552177045770846,0.00800000000000009,0.00404577002115598));
#2685=CARTESIAN_POINT('',(0.0548505364580564,0.008,0.00467316597847401));
#2686=CARTESIAN_POINT('',(0.0541926600647501,0.008,0.00517510562230481));
#2687=CARTESIAN_POINT('',(0.0537984732743541,0.008,0.00536880410125331));
#2688=CARTESIAN_POINT('',(0.0535785012062523,0.008,0.00544592075685847));
#2689=CARTESIAN_POINT('',(0.0534663174037043,0.008,0.00547705091260169));
#2690=CARTESIAN_POINT('',(0.0522785509210356,0.008,0.0057878427992883));
#2691=CARTESIAN_POINT('',(0.0510753720783266,0.008,0.00591531893078446));
#2692=CARTESIAN_POINT('',(0.0498749999998715,0.008,0.00591532065042366));
#2693=CARTESIAN_POINT('',(0.0553522913104497,0.008,-0.00364198768996335));
#2694=CARTESIAN_POINT('',(0.0498749999998715,0.008,0.00591532065042366));
#2695=CARTESIAN_POINT('',(0.0498749999999899,0.008,-0.00591540213692455));
#2696=CARTESIAN_POINT('',(0.0506042996158116,0.008,-0.00591540191164505));
#2697=CARTESIAN_POINT('',(0.0515740462894274,0.00800000000000045,-0.00585218133980757));
#2698=CARTESIAN_POINT('',(0.0527099209198329,0.00800000000000049,-0.00565648577284745));
#2699=CARTESIAN_POINT('',(0.0531528834581208,0.00800000000000054,-0.00555661090823582));
#2700=CARTESIAN_POINT('',(0.053373096607855,0.00800000000000055,-0.00550095257714154));
#2701=CARTESIAN_POINT('',(0.0534243896959268,0.00800000000000055,-0.00548767037888458));
#2702=CARTESIAN_POINT('',(0.0534536819198678,0.00800000000000055,-0.00548000453899807));
#2703=CARTESIAN_POINT('',(0.0534683194772793,0.00800000000000055,-0.00547613292559139));
#2704=CARTESIAN_POINT('',(0.0539157728815705,0.00800000000000043,-0.0053585406100627));
#2705=CARTESIAN_POINT('',(0.0547386772488817,0.00800000000000031,-0.00488465433524645));
#2706=CARTESIAN_POINT('',(0.0552260252726009,0.008,-0.00407938990055978));
#2707=CARTESIAN_POINT('',(0.0553522913104497,0.008,-0.00364198768996336));
#2708=CARTESIAN_POINT('',(0.0498749999999898,0.008,-0.00591540213692455));
#2709=CARTESIAN_POINT('',(0.0498749999999898,0.008,-0.00591540213692455));
#2710=CARTESIAN_POINT('',(-0.0498750000000102,0.008,-0.00591540213692455));
#2711=CARTESIAN_POINT('',(-0.0498750000001285,0.008,0.00591532065042366));
#2712=CARTESIAN_POINT('',(-0.0504752319590003,0.008,0.00591532151089905));
#2713=CARTESIAN_POINT('',(-0.0510762549334608,0.00799999999999969,0.00588312036100423));
#2714=CARTESIAN_POINT('',(-0.0516717141597423,0.00799999999999958,0.00581349785249295));
#2715=CARTESIAN_POINT('',(-0.0519695024849055,0.00799999999999952,0.00577867973348805));
#2716=CARTESIAN_POINT('',(-0.0522659562811474,0.00799999999999951,0.00573450619277451));
#2717=CARTESIAN_POINT('',(-0.0525608360438147,0.00799999999999946,0.00567985362943296));
#2718=CARTESIAN_POINT('',(-0.0527082358929751,0.00799999999999943,0.00565253476726383));
#2719=CARTESIAN_POINT('',(-0.0528552173870563,0.00799999999999939,0.00562260086129896));
#2720=CARTESIAN_POINT('',(-0.0530014879826266,0.00799999999999938,0.00559003844989027));
#2721=CARTESIAN_POINT('',(-0.0530746316778199,0.00799999999999937,0.00557375537477495));
#2722=CARTESIAN_POINT('',(-0.0531475957972866,0.00799999999999936,0.00555681551903545));
#2723=CARTESIAN_POINT('',(-0.0532204047107803,0.00799999999999935,0.00553919904605094));
#2724=CARTESIAN_POINT('',(-0.0532568101287054,0.00799999999999935,0.0055303905769969));
#2725=CARTESIAN_POINT('',(-0.0532931785970367,0.00799999999999935,0.00552141248999946));
#2726=CARTESIAN_POINT('',(-0.0533295016650312,0.00799999999999935,0.00551226640170255));
#2727=CARTESIAN_POINT('',(-0.0533658236031422,0.00799999999999934,0.00550312059790841));
#2728=CARTESIAN_POINT('',(-0.0534021001435224,0.00799999999999934,0.00549380680331515));
#2729=CARTESIAN_POINT('',(-0.0534383334391698,0.00799999999999934,0.00548432327382863));
#2730=CARTESIAN_POINT('',(-0.0534524049802835,0.00799999999999934,0.00548064025596652));
#2731=CARTESIAN_POINT('',(-0.053466450229932,0.00799999999999934,0.00547685677644196));
#2732=CARTESIAN_POINT('',(-0.0534804649534771,0.00799999999999934,0.00547296183942636));
#2733=CARTESIAN_POINT('',(-0.0534944781714069,0.00799999999999934,0.00546906732084763));
#2734=CARTESIAN_POINT('',(-0.0535084644676467,0.00799999999999934,0.00546506037597147));
#2735=CARTESIAN_POINT('',(-0.053522423811716,0.00799999999999934,0.00546093552554458));
#2736=CARTESIAN_POINT('',(-0.0535503349986114,0.00799999999999934,0.00545268804123517));
#2737=CARTESIAN_POINT('',(-0.0535781384247,0.00799999999999934,0.00544396912910002));
#2738=CARTESIAN_POINT('',(-0.0536057795971308,0.00799999999999934,0.00543478372433763));
#2739=CARTESIAN_POINT('',(-0.0536610779766738,0.00799999999999934,0.00541640758634714));
#2740=CARTESIAN_POINT('',(-0.0537157265809348,0.00799999999999935,0.00539616354112593));
#2741=CARTESIAN_POINT('',(-0.0537695987087516,0.00799999999999935,0.00537411638537605));
#2742=CARTESIAN_POINT('',(-0.0538773631504567,0.00799999999999936,0.00533001381273121));
#2743=CARTESIAN_POINT('',(-0.0539821715875003,0.00799999999999938,0.00527865851957293));
#2744=CARTESIAN_POINT('',(-0.0540838846815592,0.00799999999999939,0.00522017727176869));
#2745=CARTESIAN_POINT('',(-0.054134642412963,0.00799999999999939,0.00519099346317771));
#2746=CARTESIAN_POINT('',(-0.0541845852609815,0.0079999999999994,0.00516005453088288));
#2747=CARTESIAN_POINT('',(-0.0542334904952963,0.0079999999999994,0.00512746779841859));
#2748=CARTESIAN_POINT('',(-0.0542824015960311,0.0079999999999994,0.00509487715701783));
#2749=CARTESIAN_POINT('',(-0.054330274665715,0.0079999999999994,0.00506063845226436));
#2750=CARTESIAN_POINT('',(-0.0543768584764946,0.0079999999999994,0.0050249957408184));
#2751=CARTESIAN_POINT('',(-0.0544702674422426,0.00799999999999941,0.00495352565803857));
#2752=CARTESIAN_POINT('',(-0.054558486113132,0.00799999999999942,0.00487640402304174));
#2753=CARTESIAN_POINT('',(-0.05464114953655,0.00799999999999943,0.00479414615068252));
#2754=CARTESIAN_POINT('',(-0.0548065100944856,0.00799999999999946,0.00462959686025284));
#2755=CARTESIAN_POINT('',(-0.0549514406541877,0.00799999999999948,0.00444273050041803));
#2756=CARTESIAN_POINT('',(-0.0550695906188601,0.00799999999999949,0.00423999563576762));
#2757=CARTESIAN_POINT('',(-0.0551286215017144,0.0079999999999995,0.00413870387424355));
#2758=CARTESIAN_POINT('',(-0.0551808079173536,0.0079999999999995,0.00403374834545818));
#2759=CARTESIAN_POINT('',(-0.0552255466569738,0.0079999999999995,0.00392628741909352));
#2760=CARTESIAN_POINT('',(-0.0552479130074541,0.00799999999999951,0.00387256420823844));
#2761=CARTESIAN_POINT('',(-0.0552684614942154,0.00799999999999951,0.00381810168285246));
#2762=CARTESIAN_POINT('',(-0.0552871686998436,0.00799999999999951,0.00376290395189429));
#2763=CARTESIAN_POINT('',(-0.0553058627545038,0.00799999999999951,0.00370774502435769));
#2764=CARTESIAN_POINT('',(-0.0553227125042395,0.00799999999999951,0.00365187336313702));
#2765=CARTESIAN_POINT('',(-0.0553377729118138,0.00799999999999951,0.00359570575591935));
#2766=CARTESIAN_POINT('',(-0.055415543087405,0.00799999999999953,0.00330566283016814));
#2767=CARTESIAN_POINT('',(-0.0554825385888546,0.00799999999999959,0.00301267595634499));
#2768=CARTESIAN_POINT('',(-0.0555391885330935,0.00799999999999962,0.00271700914891322));
#2769=CARTESIAN_POINT('',(-0.055595814831728,0.00799999999999966,0.00242146575237716));
#2770=CARTESIAN_POINT('',(-0.0556420617912476,0.00799999999999966,0.00212339160471637));
#2771=CARTESIAN_POINT('',(-0.055678785053907,0.00799999999999968,0.00182370747950283));
#2772=CARTESIAN_POINT('',(-0.0557522275556199,0.00799999999999971,0.00122437206414333));
#2773=CARTESIAN_POINT('',(-0.0557875674459039,0.00799999999999981,0.000618598458741814));
#2774=CARTESIAN_POINT('',(-0.0557903351434022,0.00799999999999986,1.46744118569413E-5));
#2775=CARTESIAN_POINT('',(-0.0557931059315165,0.00799999999999991,-0.000589924021362721));
#2776=CARTESIAN_POINT('',(-0.0557632976383745,0.008,-0.00119209131483212));
#2777=CARTESIAN_POINT('',(-0.0556961756993357,0.008,-0.00178945315268539));
#2778=CARTESIAN_POINT('',(-0.0556626427622622,0.008,-0.00208788459262373));
#2779=CARTESIAN_POINT('',(-0.0556197476356126,0.008,-0.00238536028343022));
#2780=CARTESIAN_POINT('',(-0.0555663405385893,0.008,-0.00268117283980827));
#2781=CARTESIAN_POINT('',(-0.0555396429218358,0.008,-0.00282904626302758));
#2782=CARTESIAN_POINT('',(-0.0555103199644007,0.008,-0.00297650421492708));
#2783=CARTESIAN_POINT('',(-0.0554783909425082,0.008,-0.00312319131113853));
#2784=CARTESIAN_POINT('',(-0.0554624199518093,0.008,-0.00319656462827687));
#2785=CARTESIAN_POINT('',(-0.0554457987634651,0.008,-0.00326973808750937));
#2786=CARTESIAN_POINT('',(-0.0554284775819943,0.008,-0.0033427895284162));
#2787=CARTESIAN_POINT('',(-0.055411162646174,0.008,-0.00341581462852355));
#2788=CARTESIAN_POINT('',(-0.0553931542150926,0.008,-0.00348869496383347));
#2789=CARTESIAN_POINT('',(-0.055374580514892,0.008,-0.00356141352633854));
#2790=CARTESIAN_POINT('',(-0.0553462524959279,0.008,-0.0036723215734933));
#2791=CARTESIAN_POINT('',(-0.055310412319581,0.00800000001987586,-0.00378153348012241));
#2792=CARTESIAN_POINT('',(-0.0552677880517063,0.00799999988598849,-0.00388775603966305));
#2793=CARTESIAN_POINT('',(-0.0552230845125684,0.0079999997455699,-0.00399916028387676));
#2794=CARTESIAN_POINT('',(-0.0551703772315312,0.00799999967867696,-0.00410825509057596));
#2795=CARTESIAN_POINT('',(-0.0551103026938392,0.00799999969654815,-0.00421337814290826));
#2796=CARTESIAN_POINT('',(-0.0549987481225453,0.00799999972973379,-0.00440858492246199));
#2797=CARTESIAN_POINT('',(-0.0548616796519124,0.008,-0.00458994894580269));
#2798=CARTESIAN_POINT('',(-0.0547065972153031,0.008,-0.0047500679133326));
#2799=CARTESIAN_POINT('',(-0.0546984836292553,0.008,-0.00475844500005719));
#2800=CARTESIAN_POINT('',(-0.0546903111236606,0.008,-0.00476677444603957));
#2801=CARTESIAN_POINT('',(-0.0546820805171152,0.008,-0.00477505495171336));
#2802=CARTESIAN_POINT('',(-0.0545166668490013,0.008,-0.00494147146182017));
#2803=CARTESIAN_POINT('',(-0.0543275556284887,0.008,-0.00508790250665734));
#2804=CARTESIAN_POINT('',(-0.0541236631717071,0.008,-0.00520635753304688));
#2805=CARTESIAN_POINT('',(-0.0540216190232609,0.008,-0.00526564193467649));
#2806=CARTESIAN_POINT('',(-0.053916243450186,0.008,-0.00531784484467831));
#2807=CARTESIAN_POINT('',(-0.0538077135288525,0.008,-0.00536272739032919));
#2808=CARTESIAN_POINT('',(-0.0537535234164174,0.008,-0.00538513770967075));
#2809=CARTESIAN_POINT('',(-0.0536985650188559,0.008,-0.00540570081980828));
#2810=CARTESIAN_POINT('',(-0.0536429678191887,0.008,-0.00542436875946887));
#2811=CARTESIAN_POINT('',(-0.0535873383814351,0.008,-0.00544304752375116));
#2812=CARTESIAN_POINT('',(-0.0535311339202642,0.008,-0.00545981400866646));
#2813=CARTESIAN_POINT('',(-0.0534744874771364,0.008,-0.00547481682947083));
#2814=CARTESIAN_POINT('',(-0.0531824448484817,0.008,-0.00555216437298849));
#2815=CARTESIAN_POINT('',(-0.0528874766659379,0.008,-0.00561840102086374));
#2816=CARTESIAN_POINT('',(-0.0525901345571815,0.008,-0.00567422428903306));
#2817=CARTESIAN_POINT('',(-0.0516981416509678,0.008,-0.00584168781923049));
#2818=CARTESIAN_POINT('',(-0.0507845997451781,0.008,-0.00591540241806713));
#2819=CARTESIAN_POINT('',(-0.0498750000000102,0.008,-0.00591540213692455));
#2820=CARTESIAN_POINT('',(-0.0498750000001285,0.008,0.00591532065042366));
#2821=CARTESIAN_POINT('',(0.0498749999998715,0.008,0.00591532065042366));
#2822=CARTESIAN_POINT('',(0.04987499774506,0.00794953207952869,0.00614346920442201));
#2823=CARTESIAN_POINT('',(0.0498749992674102,0.00562237800931227,0.00813589946397996));
#2824=CARTESIAN_POINT('',(0.0498750000143916,0.00257136465749896,0.0091));
#2825=CARTESIAN_POINT('',(0.0498749999935034,0.001,0.0091));
#2826=CARTESIAN_POINT('',(0.0506056683045442,0.00794953207954435,0.00614346819536344));
#2827=CARTESIAN_POINT('',(0.0516346599323112,0.0056223780107636,0.00813589837847326));
#2828=CARTESIAN_POINT('',(0.052253855936005,0.00257136475838102,0.00909999760124733));
#2829=CARTESIAN_POINT('',(0.0524632862922593,0.001,0.0091));
#2830=CARTESIAN_POINT('',(0.0518233395215147,0.00794953206660392,0.00605150314790207));
#2831=CARTESIAN_POINT('',(0.0545673144903178,0.00562237681144191,0.00810040693149218));
#2832=CARTESIAN_POINT('',(0.0562185775849789,0.00257128139317129,0.00910000409158847));
#2833=CARTESIAN_POINT('',(0.0567770971108985,0.001,0.00909999923834186));
#2834=CARTESIAN_POINT('',(0.0529958956165794,0.00794953203205985,0.00580857565432645));
#2835=CARTESIAN_POINT('',(0.0564966298959114,0.00562237360988398,0.00800804229157145));
#2836=CARTESIAN_POINT('',(0.0583868137442182,0.00257105885191424,0.00909999584076845));
#2837=CARTESIAN_POINT('',(0.0586660492615527,0.001,0.00910000058826341));
#2838=CARTESIAN_POINT('',(0.0534969039586754,0.00794953201312614,0.00567612835148012));
#2839=CARTESIAN_POINT('',(0.05704934823966,0.00562237185510106,0.00795810198389382));
#2840=CARTESIAN_POINT('',(0.0588122865288896,0.00257093687642499,0.00910000750996661));
#2841=CARTESIAN_POINT('',(0.0587854725452611,0.001,0.00909999910433534));
#2842=CARTESIAN_POINT('',(0.0536478151762048,0.00794953200270201,0.00563411832509342));
#2843=CARTESIAN_POINT('',(0.0571795341272906,0.00562237088898905,0.00796235883161676));
#2844=CARTESIAN_POINT('',(0.0588920202645286,0.00257086972168783,0.00908718160860002));
#2845=CARTESIAN_POINT('',(0.0588116533145212,0.001,0.00909794252942062));
#2846=CARTESIAN_POINT('',(0.0540117154263587,0.00794953196586481,0.00549549669780645));
#2847=CARTESIAN_POINT('',(0.0574062155324321,0.00562236747490218,0.00798748172476328));
#2848=CARTESIAN_POINT('',(0.0589475934313153,0.00257063240748068,0.0090455755254792));
#2849=CARTESIAN_POINT('',(0.0588522486737972,0.001,0.00908649304497464));
#2850=CARTESIAN_POINT('',(0.0544348729727004,0.00794953191372095,0.00524145435620617));
#2851=CARTESIAN_POINT('',(0.0576117013382988,0.005622362642188,0.00796331225971054));
#2852=CARTESIAN_POINT('',(0.0589356708432101,0.00257029648406065,0.00902862313628818));
#2853=CARTESIAN_POINT('',(0.0588890514011254,0.001,0.00906588347759623));
#2854=CARTESIAN_POINT('',(0.0547828430666841,0.00794953186341163,0.00493954167553506));
#2855=CARTESIAN_POINT('',(0.0577433334689356,0.00562235797950076,0.00787969699230711));
#2856=CARTESIAN_POINT('',(0.0589154906498893,0.00256997237926525,0.00904001953573056));
#2857=CARTESIAN_POINT('',(0.0589170024089945,0.001,0.0090420015160869));
#2858=CARTESIAN_POINT('',(0.0551311297776233,0.00794953180558158,0.00454381433844346));
#2859=CARTESIAN_POINT('',(0.0578404473919285,0.00562235261978809,0.00772967048032997));
#2860=CARTESIAN_POINT('',(0.058901446565321,0.00256959982402103,0.00906371306896981));
#2861=CARTESIAN_POINT('',(0.0589442998710601,0.001,0.00901005788576172));
#2862=CARTESIAN_POINT('',(0.0554274051360446,0.00794953174007139,0.0040102358052245));
#2863=CARTESIAN_POINT('',(0.0578522911646869,0.00562234654827683,0.00745923208661098));
#2864=CARTESIAN_POINT('',(0.0589330152652724,0.00256917779144235,0.00907464274297864));
#2865=CARTESIAN_POINT('',(0.0589683733916235,0.001,0.00896283127522801));
#2866=CARTESIAN_POINT('',(0.0555162212172627,0.00794953171068561,0.00370131128769659));
#2867=CARTESIAN_POINT('',(0.0578208247867302,0.00562234382479155,0.0072345168922042));
#2868=CARTESIAN_POINT('',(0.0589751955832,0.0025689884811595,0.0089748789326387));
#2869=CARTESIAN_POINT('',(0.0589750050227186,0.001,0.00892094322144676));
#2870=CARTESIAN_POINT('',(0.0557897651812935,0.00794953165369109,0.00269756843041481));
#2871=CARTESIAN_POINT('',(0.0579247942407143,0.00562233854251549,0.00612882630023785));
#2872=CARTESIAN_POINT('',(0.0589748863251359,0.00256862130855748,0.00812284854743999));
#2873=CARTESIAN_POINT('',(0.0589749906339159,0.001,0.0086816822514912));
#2874=CARTESIAN_POINT('',(0.0561713861395487,0.00794953158280447,0.00028264495653545));
#2875=CARTESIAN_POINT('',(0.0580703260502051,0.00562233197271413,0.000927593843776406));
#2876=CARTESIAN_POINT('',(0.0589751242319827,0.00256816463968306,0.00139005261216114));
#2877=CARTESIAN_POINT('',(0.0589750030896012,0.001,0.0016692362592403));
#2878=CARTESIAN_POINT('',(0.0559360890667035,0.0079495315760562,-0.00219502673132746));
#2879=CARTESIAN_POINT('',(0.0579776461922248,0.00562233134727964,-0.00561039126417455));
#2880=CARTESIAN_POINT('',(0.0589749366120372,0.00256812116554179,-0.00773712779495668));
#2881=CARTESIAN_POINT('',(0.058975,0.001,-0.00857492292302526));
#2882=CARTESIAN_POINT('',(0.0555785831430867,0.00794953154990999,-0.00357418964285849));
#2883=CARTESIAN_POINT('',(0.0578428610476956,0.00562232892403848,-0.00712472988095286));
#2884=CARTESIAN_POINT('',(0.058975,0.00256795272531782,-0.0089));
#2885=CARTESIAN_POINT('',(0.058975,0.001,-0.0089));
#2886=CARTESIAN_POINT('',(0.0498750036697061,0.001,0.0091));
#2887=CARTESIAN_POINT('',(0.0498750032722695,0.00143472062864279,0.0091));
#2888=CARTESIAN_POINT('',(0.0498750024773963,0.00253942855094895,0.00895031208027819));
#2889=CARTESIAN_POINT('',(0.0498750012850865,0.00449064318309376,0.00830034022648945));
#2890=CARTESIAN_POINT('',(0.0498750000927767,0.00625255916474191,0.007412977947156));
#2891=CARTESIAN_POINT('',(0.0498749992979035,0.0073504662803594,0.00664617743695639));
#2892=CARTESIAN_POINT('',(0.0498749989004669,0.00785686992981604,0.00622194393583507));
#2893=CARTESIAN_POINT('',(0.0498749999999635,0.0078568699298168,0.00622194393583444));
#2894=CARTESIAN_POINT('',(0.0555416915345474,0.00798783995525864,-0.0035163411162707));
#2895=CARTESIAN_POINT('',(0.0555641314591582,0.0079646078534016,-0.00355152842923626));
#2896=CARTESIAN_POINT('',(0.055586571383769,0.00794137575154456,-0.00358671574220181));
#2897=CARTESIAN_POINT('',(0.0556090113083798,0.00791814364968752,-0.00362190305516736));
#2898=CARTESIAN_POINT('',(0.0578530037694599,0.00559493346398349,-0.00714063435172245));
#2899=CARTESIAN_POINT('',(0.058975,0.00256091335629984,-0.0089));
#2900=CARTESIAN_POINT('',(0.058975,0.001,-0.0089));
#2901=CARTESIAN_POINT('',(0.0556088301170986,0.00791829039013029,-0.00362184613438877));
#2902=CARTESIAN_POINT('',(0.0556088082538338,0.00791835386738216,-0.00362158465196484));
#2903=CARTESIAN_POINT('',(0.0556088256903406,0.00791835044360237,-0.00362153480253573));
#2904=CARTESIAN_POINT('',(0.0556267796486137,0.00791709746147914,-0.00355782995176071));
#2905=CARTESIAN_POINT('',(0.055643566746221,0.00791586594054858,-0.00349665303122425));
#2906=CARTESIAN_POINT('',(0.055670656286585,0.00791380386117053,-0.00339609985911869));
#2907=CARTESIAN_POINT('',(0.0556979358697764,0.00791157206840453,-0.00329075130631845));
#2908=CARTESIAN_POINT('',(0.0557373640686175,0.00790813303284439,-0.00313253640474215));
#2909=CARTESIAN_POINT('',(0.0557749296830525,0.0079045652596649,-0.00297343519258812));
#2910=CARTESIAN_POINT('',(0.0558483752312072,0.00789673086899715,-0.00263537528170803));
#2911=CARTESIAN_POINT('',(0.0559139154246891,0.00788856317880776,-0.00228038848665933));
#2912=CARTESIAN_POINT('',(0.05598407520463,0.00787797816984096,-0.00182393807102808));
#2913=CARTESIAN_POINT('',(0.0560415518001415,0.00786765128796011,-0.00131813131822975));
#2914=CARTESIAN_POINT('',(0.0560884149859171,0.00785862701450251,-0.000691814268458143));
#2915=CARTESIAN_POINT('',(0.0561018919638135,0.00785512213800036,-9.90481547231541E-5));
#2916=CARTESIAN_POINT('',(0.056091741942244,0.00785743376642885,0.000412753726818795));
#2917=CARTESIAN_POINT('',(0.0560693778696179,0.00786217693809951,0.000862713240431976));
#2918=CARTESIAN_POINT('',(0.0560301324706866,0.00786957463993091,0.00133554603579189));
#2919=CARTESIAN_POINT('',(0.0559632170143949,0.00788092434216951,0.00187270237048351));
#2920=CARTESIAN_POINT('',(0.0558892084217284,0.00789135675547626,0.00232184385593972));
#2921=CARTESIAN_POINT('',(0.0557672655163719,0.0079049361558331,0.00293513579263805));
#2922=CARTESIAN_POINT('',(0.0556549136168768,0.00791449968558114,0.0033689556239658));
#2923=CARTESIAN_POINT('',(0.0555679996120028,0.0079206284376552,0.00365895825981494));
#2924=CARTESIAN_POINT('',(0.0555682369436463,0.00792095697836082,0.00365902244516196));
#2925=CARTESIAN_POINT('',(0.0555679996156009,0.00792062843480467,0.00365895826110174));
#2926=CARTESIAN_POINT('',(0.0555628109747016,0.00792127339849044,0.00367484244375358));
#2927=CARTESIAN_POINT('',(0.0555499634202,0.00792335481613192,0.00371479427637308));
#2928=CARTESIAN_POINT('',(0.0555046960175708,0.00792802116667159,0.00383549207410586));
#2929=CARTESIAN_POINT('',(0.0554700222965933,0.00793099391745816,0.00392074784385579));
#2930=CARTESIAN_POINT('',(0.0554235081468831,0.0079342908753537,0.00402342474682224));
#2931=CARTESIAN_POINT('',(0.0554129216977241,0.00793491410264005,0.00404467535218055));
#2932=CARTESIAN_POINT('',(0.055384234653391,0.00793662242639796,0.00410325489844616));
#2933=CARTESIAN_POINT('',(0.0553363162969801,0.00793904724410451,0.00419498514167793));
#2934=CARTESIAN_POINT('',(0.0552139359858424,0.00794393684130901,0.00440612663385622));
#2935=CARTESIAN_POINT('',(0.0550386619921282,0.00794772226109802,0.00465297367645688));
#2936=CARTESIAN_POINT('',(0.0547860093838505,0.00794946141464569,0.00493654323438274));
#2937=CARTESIAN_POINT('',(0.0544887321836252,0.00794776945227138,0.00519848295835044));
#2938=CARTESIAN_POINT('',(0.0542428865503407,0.00794416590664834,0.00536794894364282));
#2939=CARTESIAN_POINT('',(0.0540525587726028,0.00793962834019432,0.00547810659347899));
#2940=CARTESIAN_POINT('',(0.0539559537648298,0.00793687678241653,0.00552861751832211));
#2941=CARTESIAN_POINT('',(0.0538921339108698,0.00793484386169503,0.00555970909698744));
#2942=CARTESIAN_POINT('',(0.0538674205528356,0.00793405030255682,0.00557195577041841));
#2943=CARTESIAN_POINT('',(0.0537541357826039,0.00793003653024701,0.00562283989417343));
#2944=CARTESIAN_POINT('',(0.0536633602125051,0.00792650576171875,0.00565928635155964));
#2945=CARTESIAN_POINT('',(0.0535418074259782,0.00792118473740146,0.00570435713094031));
#2946=CARTESIAN_POINT('',(0.0535100242661362,0.00791932039831351,0.00571424704341391));
#2947=CARTESIAN_POINT('',(0.0534999210681963,0.00791914129100453,0.00571713983038666));
#2948=CARTESIAN_POINT('',(0.0534999596936718,0.00791934282304528,0.00571728720960646));
#2949=CARTESIAN_POINT('',(0.0534999210681963,0.0079191412910043,0.00571713983038697));
#2950=CARTESIAN_POINT('',(0.0533706957782166,0.00791685569545658,0.00575413289513954));
#2951=CARTESIAN_POINT('',(0.0530633807786854,0.00791041488501401,0.0058420110981166));
#2952=CARTESIAN_POINT('',(0.0524617780938088,0.0078971991407592,0.00597181714463917));
#2953=CARTESIAN_POINT('',(0.052063727705214,0.00788848302046818,0.00604347870915882));
#2954=CARTESIAN_POINT('',(0.0516805742185616,0.00788007140465178,0.00610104196487766));
#2955=CARTESIAN_POINT('',(0.0514402728429119,0.00787506541441786,0.00613085487237369));
#2956=CARTESIAN_POINT('',(0.0510864950749894,0.00786844715209338,0.00616894576255634));
#2957=CARTESIAN_POINT('',(0.0505267179719475,0.00785989482472275,0.00621165290456301));
#2958=CARTESIAN_POINT('',(0.0501122607892483,0.00785686997955946,0.00622194355122872));
#2959=CARTESIAN_POINT('',(0.0498749999999635,0.00785686992981676,0.00622194393583439));
#2960=CARTESIAN_POINT('',(0.0498749999999635,0.0078568699298168,0.00622194393583444));
#2961=CARTESIAN_POINT('',(0.0510979187996858,0.00785687020922924,0.00622194198093423));
#2962=CARTESIAN_POINT('',(0.0523225764296885,0.00789852744325072,0.00605444514738263));
#2963=CARTESIAN_POINT('',(0.0535291020203663,0.00791985804066163,0.005708941951889));
#2964=CARTESIAN_POINT('',(0.053650143923863,0.00792611691112175,0.00566663975416242));
#2965=CARTESIAN_POINT('',(0.0538839364400471,0.00793542718422368,0.00557013482572539));
#2966=CARTESIAN_POINT('',(0.0543028121330682,0.00794626926637652,0.00534419330957556));
#2967=CARTESIAN_POINT('',(0.0549964503714226,0.00795286388243312,0.00479896331291544));
#2968=CARTESIAN_POINT('',(0.0554121838797631,0.00794082984067323,0.00413780262302251));
#2969=CARTESIAN_POINT('',(0.0555804390341765,0.00791940307949531,0.00362158570461244));
#2970=CARTESIAN_POINT('',(0.0556214093232499,0.00791761265812872,0.00347524595924839));
#2971=CARTESIAN_POINT('',(0.055702856871486,0.00791097813950506,0.00317701209243807));
#2972=CARTESIAN_POINT('',(0.0558348491250815,0.00789909312111005,0.00261718346275553));
#2973=CARTESIAN_POINT('',(0.0560279958454221,0.00787204594817052,0.00155724220707333));
#2974=CARTESIAN_POINT('',(0.0561382156515365,0.00784620021284851,2.31412206355752E-5));
#2975=CARTESIAN_POINT('',(0.0560256644539368,0.00787524162172503,-0.0018216454657006));
#2976=CARTESIAN_POINT('',(0.0557769955301939,0.00790691147928347,-0.00302816991181184));
#2977=CARTESIAN_POINT('',(0.055600850527673,0.00791889398168231,-0.00364969375480386));
#2978=CARTESIAN_POINT('',(0.0555903008722613,0.00792075914775927,-0.00367920778768707));
#2979=CARTESIAN_POINT('',(0.0555801524644368,0.00792210657353904,-0.00370776496405249));
#2980=CARTESIAN_POINT('',(0.0498749998947246,0.00794614476011628,0.00614715503204093));
#2981=CARTESIAN_POINT('',(0.0510924437750645,0.00794614487592346,0.00614715307982063));
#2982=CARTESIAN_POINT('',(0.0523109046862427,0.00796330365010757,0.00598114699243768));
#2983=CARTESIAN_POINT('',(0.0535111679056618,0.00797131376238867,0.00564252927509441));
#2984=CARTESIAN_POINT('',(0.0536294201961738,0.00797366497453374,0.00560250315654565));
#2985=CARTESIAN_POINT('',(0.053858721524175,0.00797710584870178,0.00551043292067344));
#2986=CARTESIAN_POINT('',(0.0542695769323503,0.00798106837487009,0.005292882669915));
#2987=CARTESIAN_POINT('',(0.054951827768464,0.00798339633633414,0.00476028825777585));
#2988=CARTESIAN_POINT('',(0.0553535868334847,0.00797919061330579,0.00411049761295873));
#2989=CARTESIAN_POINT('',(0.0555139817172172,0.00797115740069093,0.00360382604390748));
#2990=CARTESIAN_POINT('',(0.0555544758980454,0.00797048218944975,0.00345778813878462));
#2991=CARTESIAN_POINT('',(0.0556340152576428,0.00796797401656704,0.00316146757020081));
#2992=CARTESIAN_POINT('',(0.0557635228317899,0.0079634191672117,0.00260399711920921));
#2993=CARTESIAN_POINT('',(0.0559531038905365,0.00795279648283201,0.00154982914625494));
#2994=CARTESIAN_POINT('',(0.0560639561292204,0.00794202306512538,2.22582511834656E-5));
#2995=CARTESIAN_POINT('',(0.0559505062763471,0.00795422061539574,-0.0018134692823008));
#2996=CARTESIAN_POINT('',(0.0557065710567274,0.00796656058331237,-0.00301456577721712));
#2997=CARTESIAN_POINT('',(0.0555342162618127,0.00797107366033243,-0.00363223674421618));
#2998=CARTESIAN_POINT('',(0.0555243232557373,0.00797177563974871,-0.00366090380360198));
#2999=CARTESIAN_POINT('',(0.0555146818134846,0.00797228059202648,-0.00368886538034933));
#3000=CARTESIAN_POINT('',(0.0498749997323786,0.008,0.00603178255602271));
#3001=CARTESIAN_POINT('',(0.0510839537534576,0.00799999999743701,0.00603178073207721));
#3002=CARTESIAN_POINT('',(0.0522947673322983,0.00799992843997708,0.00588467590800309));
#3003=CARTESIAN_POINT('',(0.0534887693550176,0.00799987391350476,0.00555989415511278));
#3004=CARTESIAN_POINT('',(0.0536039863136247,0.00799984289917815,0.00552428786886632));
#3005=CARTESIAN_POINT('',(0.0538286196567134,0.00799980572892182,0.00543966168012551));
#3006=CARTESIAN_POINT('',(0.0542311356317271,0.00799977143529869,0.00523400715091694));
#3007=CARTESIAN_POINT('',(0.0549012030122617,0.00799975812765296,0.00471672443637434));
#3008=CARTESIAN_POINT('',(0.0552856750255015,0.00799979537104267,0.00407814385180087));
#3009=CARTESIAN_POINT('',(0.0554309321864358,0.0079999003775508,0.00358182434829307));
#3010=CARTESIAN_POINT('',(0.0554703598388556,0.00799990960527211,0.00343605002268088));
#3011=CARTESIAN_POINT('',(0.0555457326837885,0.00799994426388769,0.00314169121371193));
#3012=CARTESIAN_POINT('',(0.0556685514337107,0.00800001484540967,0.00258659048936506));
#3013=CARTESIAN_POINT('',(0.0558441810731753,0.0080001956514052,0.00153871117881376));
#3014=CARTESIAN_POINT('',(0.0559439025248304,0.00800047036823237,2.1146240947208E-5));
#3015=CARTESIAN_POINT('',(0.0558428687608181,0.00800022900840713,-0.00180096788806097));
#3016=CARTESIAN_POINT('',(0.0556154135668043,0.00800006585768318,-0.00299675471170678));
#3017=CARTESIAN_POINT('',(0.0554508627083127,0.00800001604796276,-0.0036104020638492));
#3018=CARTESIAN_POINT('',(0.055442271690557,0.00800000650033615,-0.00363813781987735));
#3019=CARTESIAN_POINT('',(0.0554335944024455,0.008,-0.00366545766574871));
#3020=CARTESIAN_POINT('',(0.0498749995684997,0.008,0.00591532065042427));
#3021=CARTESIAN_POINT('',(0.0510753717900729,0.008,0.00591531896132477));
#3022=CARTESIAN_POINT('',(0.052278550782127,0.008,0.00578784283563523));
#3023=CARTESIAN_POINT('',(0.0534663174037043,0.008,0.00547705091260169));
#3024=CARTESIAN_POINT('',(0.0535785012062523,0.008,0.00544592075685847));
#3025=CARTESIAN_POINT('',(0.0537984732743541,0.008,0.00536880410125331));
#3026=CARTESIAN_POINT('',(0.0541926600647501,0.008,0.00517510562230481));
#3027=CARTESIAN_POINT('',(0.0548505364580564,0.008,0.00467316597847401));
#3028=CARTESIAN_POINT('',(0.0552177045770846,0.00800000000000009,0.00404577002115598));
#3029=CARTESIAN_POINT('',(0.0553476374786307,0.0080000000000001,0.00355979308733404));
#3030=CARTESIAN_POINT('',(0.0553859820967845,0.0080000000000001,0.00341428015398934));
#3031=CARTESIAN_POINT('',(0.0554571256100368,0.0080000000000001,0.00312187620139605));
#3032=CARTESIAN_POINT('',(0.0555731229721437,0.00800000000000009,0.00256913312506149));
#3033=CARTESIAN_POINT('',(0.0557344146007378,0.008,0.00152751561856637));
#3034=CARTESIAN_POINT('',(0.055822375041724,0.008,2.00432874435943E-5));
#3035=CARTESIAN_POINT('',(0.0557344795192438,0.008,-0.00178834481759027));
#3036=CARTESIAN_POINT('',(0.0555239057238898,0.008,-0.0029788711239499));
#3037=CARTESIAN_POINT('',(0.05536726444455,0.008,-0.00358850413892338));
#3038=CARTESIAN_POINT('',(0.0553599927200998,0.008,-0.00361530899105849));
#3039=CARTESIAN_POINT('',(0.0553522913104497,0.008,-0.00364198768996336));
#3040=CARTESIAN_POINT('',(0.049875,0.00785686992981681,0.00622194393583444));
#3041=CARTESIAN_POINT('',(0.049875,0.00794614476011631,0.00614715503204075));
#3042=CARTESIAN_POINT('',(0.049875,0.00800000000000001,0.0060317825560223));
#3043=CARTESIAN_POINT('',(0.049875,0.00799999999999998,0.00591532065042366));
#3044=CARTESIAN_POINT('',(0.0556087495939735,0.00791835663550971,-0.00362182203651309));
#3045=CARTESIAN_POINT('',(0.0556009388907579,0.00791888814662661,-0.0036493858931274));
#3046=CARTESIAN_POINT('',(0.0555903579055798,0.00792075157532378,-0.00367904729841992));
#3047=CARTESIAN_POINT('',(0.0555801524644368,0.00792210657353904,-0.00370776496405249));
#3048=CARTESIAN_POINT('',(0.0555801524644368,0.00792210657353904,-0.00370776496405249));
#3049=CARTESIAN_POINT('',(0.0555801524652055,0.00792210657343698,-0.00370776496188946));
#3050=CARTESIAN_POINT('',(0.0555146818142149,0.00797228059198823,-0.00368886537823141));
#3051=CARTESIAN_POINT('',(0.0554335944031027,0.00800000000000049,-0.0036654576636794));
#3052=CARTESIAN_POINT('',(0.055352291311033,0.00799999999999999,-0.00364198768794261));
#3053=CARTESIAN_POINT('',(0.057175,0.,-0.0073));
#3054=CARTESIAN_POINT('',(0.057175,0.,0.0073));
#3055=CARTESIAN_POINT('',(0.055075,0.0057,0.0052));
#3056=CARTESIAN_POINT('',(0.055075,0.0057,0.0052));
#3057=CARTESIAN_POINT('',(0.055075,0.0057,-0.0052));
#3058=CARTESIAN_POINT('',(0.057175,0.,-0.0073));
#3059=CARTESIAN_POINT('',(0.0555801524644368,0.00792210657353904,-0.00370776496405249));
#3060=CARTESIAN_POINT('',(0.0554137674382295,0.00794419786879995,-0.00417596516059017));
#3061=CARTESIAN_POINT('',(0.0548742335180665,0.00795614865868629,-0.00501656606667455));
#3062=CARTESIAN_POINT('',(0.0540085148881879,0.00794112675436283,-0.00555228561843864));
#3063=CARTESIAN_POINT('',(0.0535319611555041,0.00792044682260536,-0.00570669636060989));
#3064=CARTESIAN_POINT('',(0.0535173243336704,0.00792032541225225,-0.00571072670947946));
#3065=CARTESIAN_POINT('',(0.0534874994768326,0.00791976295591342,-0.00571930366155408));
#3066=CARTESIAN_POINT('',(0.053435532920399,0.00791891439523246,-0.00573390978242966));
#3067=CARTESIAN_POINT('',(0.0532120680709088,0.00791489095641969,-0.00579578503841612));
#3068=CARTESIAN_POINT('',(0.05276251926352,0.0079056717436497,-0.00590900885384455));
#3069=CARTESIAN_POINT('',(0.051608145070244,0.00787712952052972,-0.00613998820401608));
#3070=CARTESIAN_POINT('',(0.0506180318193039,0.00785696623532872,-0.00622194449240371));
#3071=CARTESIAN_POINT('',(0.0498749999999888,0.00785696640457422,-0.00622194457594435));
#3072=CARTESIAN_POINT('',(0.0555146818134846,0.00797228059202648,-0.00368886538034933));
#3073=CARTESIAN_POINT('',(0.0553566085817392,0.00798055937815949,-0.004147300610818));
#3074=CARTESIAN_POINT('',(0.0548324485166471,0.00798460087594784,-0.00497588382631212));
#3075=CARTESIAN_POINT('',(0.0539808082426584,0.0079793431584465,-0.00549401982736699));
#3076=CARTESIAN_POINT('',(0.0535135061802901,0.00797156210748466,-0.00564082713468565));
#3077=CARTESIAN_POINT('',(0.0534988727007512,0.00797151631496291,-0.00564483195115652));
#3078=CARTESIAN_POINT('',(0.0534692224181844,0.00797130445722485,-0.00565323247162365));
#3079=CARTESIAN_POINT('',(0.053417480381341,0.00797098413096339,-0.00566758927483474));
#3080=CARTESIAN_POINT('',(0.0531950956862064,0.00796946361644611,-0.00572830984440725));
#3081=CARTESIAN_POINT('',(0.0527477428647391,0.00796592864730482,-0.00583920185857783));
#3082=CARTESIAN_POINT('',(0.0515993218469667,0.00795480666070025,-0.00606562716025884));
#3083=CARTESIAN_POINT('',(0.0506146962894287,0.00794618547191376,-0.00614715445738729));
#3084=CARTESIAN_POINT('',(0.0498749999772996,0.00794618554204979,-0.00614715453692196));
#3085=CARTESIAN_POINT('',(0.0554335944024455,0.008,-0.00366545766574871));
#3086=CARTESIAN_POINT('',(0.0552913286564464,0.00799989342578468,-0.0041133715996291));
#3087=CARTESIAN_POINT('',(0.0547855736365166,0.00799981630513333,-0.0049302802247979));
#3088=CARTESIAN_POINT('',(0.0539483014060477,0.00799981126484783,-0.00542630603248996));
#3089=CARTESIAN_POINT('',(0.0534909307370382,0.00799988803505844,-0.00555859056142327));
#3090=CARTESIAN_POINT('',(0.0534762952967503,0.00799988882484219,-0.0055625293968816));
#3091=CARTESIAN_POINT('',(0.0534468242890956,0.00799989148992486,-0.00557056509296376));
#3092=CARTESIAN_POINT('',(0.053395307135341,0.00799989540135218,-0.00558438844918229));
#3093=CARTESIAN_POINT('',(0.0531740101908634,0.00799991505327545,-0.00564259665737678));
#3094=CARTESIAN_POINT('',(0.0527288578069445,0.00799993576502374,-0.00574802228477191));
#3095=CARTESIAN_POINT('',(0.0515867229502128,0.00800009832127547,-0.00595926666297797));
#3096=CARTESIAN_POINT('',(0.0506095258624116,0.00800000000155132,-0.00603182193705952));
#3097=CARTESIAN_POINT('',(0.049874999942311,0.008,-0.00603182208551095));
#3098=CARTESIAN_POINT('',(0.0553522913104497,0.008,-0.00364198768996336));
#3099=CARTESIAN_POINT('',(0.0552260252726009,0.008,-0.00407938990055978));
#3100=CARTESIAN_POINT('',(0.0547386772488817,0.00800000000000031,-0.00488465433524645));
#3101=CARTESIAN_POINT('',(0.0539157728815705,0.00800000000000043,-0.0053585406100627));
#3102=CARTESIAN_POINT('',(0.0534683194772793,0.00800000000000055,-0.00547613292559139));
#3103=CARTESIAN_POINT('',(0.0534536819198678,0.00800000000000055,-0.00548000453899807));
#3104=CARTESIAN_POINT('',(0.0534243896959268,0.00800000000000055,-0.00548767037888458));
#3105=CARTESIAN_POINT('',(0.053373096607855,0.00800000000000055,-0.00550095257714154));
#3106=CARTESIAN_POINT('',(0.0531528834581208,0.00800000000000054,-0.00555661090823582));
#3107=CARTESIAN_POINT('',(0.0527099209198329,0.00800000000000049,-0.00565648577284745));
#3108=CARTESIAN_POINT('',(0.0515740462894274,0.00800000000000045,-0.00585218133980757));
#3109=CARTESIAN_POINT('',(0.0506042995228143,0.008,-0.00591540191567588));
#3110=CARTESIAN_POINT('',(0.0498749999069925,0.008,-0.00591540213692458));
#3111=CARTESIAN_POINT('',(0.049875,0.008,-0.00591540213692455));
#3112=CARTESIAN_POINT('',(0.049875,0.008,-0.00603182208551093));
#3113=CARTESIAN_POINT('',(0.049875,0.00794618554204979,-0.00614715453692195));
#3114=CARTESIAN_POINT('',(0.049875,0.00785696640457422,-0.00622194457594435));
#3115=CARTESIAN_POINT('',(0.0498749999999888,0.00785696640457422,-0.00622194457594435));
#3116=CARTESIAN_POINT('',(0.0555801524644368,0.00792210657353904,-0.00370776496405249));
#3117=CARTESIAN_POINT('',(0.0554135449001106,0.00794422741566125,-0.00417659137313705));
#3118=CARTESIAN_POINT('',(0.0548772585649369,0.00795862695202736,-0.00501402864920491));
#3119=CARTESIAN_POINT('',(0.0539970470535991,0.00793612815326464,-0.00556225504410368));
#3120=CARTESIAN_POINT('',(0.0535360280827507,0.00792064202854749,-0.00570535262101073));
#3121=CARTESIAN_POINT('',(0.0535360280827507,0.00792064202854749,-0.00570535262101072));
#3122=CARTESIAN_POINT('',(0.0535360280827507,0.00792064202854749,-0.00570535262101073));
#3123=CARTESIAN_POINT('',(0.0532301325569906,0.00791036666774483,-0.00580030079297515));
#3124=CARTESIAN_POINT('',(0.0526442272974185,0.00790539099251848,-0.00593726452668423));
#3125=CARTESIAN_POINT('',(0.0514183021184302,0.00787106360524003,-0.00616079904833175));
#3126=CARTESIAN_POINT('',(0.0504935705748459,0.00785696626367812,-0.00622194450639715));
#3127=CARTESIAN_POINT('',(0.0498749999999888,0.00785696640457422,-0.00622194457594435));
#3128=CARTESIAN_POINT('',(0.0555857362725919,0.0079498403935521,-0.00354496704934598));
#3129=CARTESIAN_POINT('',(0.0556664453723168,0.00786672463706009,-0.00367168156788874));
#3130=CARTESIAN_POINT('',(0.0558249743623737,0.00769863768420098,-0.00392061227646233));
#3131=CARTESIAN_POINT('',(0.0560541326799601,0.00744154604109372,-0.00428047654935857));
#3132=CARTESIAN_POINT('',(0.0562746464691091,0.00718009828997463,-0.00462682516268531));
#3133=CARTESIAN_POINT('',(0.0566983918642174,0.00664970078332621,-0.00529246341531811));
#3134=CARTESIAN_POINT('',(0.0582837977551301,0.00437417166399166,-0.00778460739734571));
#3135=CARTESIAN_POINT('',(0.0589755178328682,0.00212001828497122,-0.00887949150873839));
#3136=CARTESIAN_POINT('',(0.058975,0.001,-0.0088932230358799));
#3137=CARTESIAN_POINT('',(0.0555832517283692,0.00794984039337261,-0.00355455084411792));
#3138=CARTESIAN_POINT('',(0.0556640158691387,0.00786672463628925,-0.00368129926573641));
#3139=CARTESIAN_POINT('',(0.0558226552227152,0.00769863767934627,-0.00393028750630151));
#3140=CARTESIAN_POINT('',(0.0560519691096453,0.00744154602235581,-0.00429021952284795));
#3141=CARTESIAN_POINT('',(0.056272631612515,0.00718009825054227,-0.00463661194868961));
#3142=CARTESIAN_POINT('',(0.0566966584325904,0.00664970069077479,-0.00530229918237557));
#3143=CARTESIAN_POINT('',(0.0582831292952516,0.00437417124763272,-0.00779407285222107));
#3144=CARTESIAN_POINT('',(0.0589753452219121,0.002120017448859,-0.00888632767249226));
#3145=CARTESIAN_POINT('',(0.058975,0.001,-0.00889548202391993));
#3146=CARTESIAN_POINT('',(0.0555807671841464,0.00794984039319312,-0.00356413463888986));
#3147=CARTESIAN_POINT('',(0.0556615863659606,0.00786672463551841,-0.00369091696358408));
#3148=CARTESIAN_POINT('',(0.0558203360830567,0.00769863767449155,-0.0039399627361407));
#3149=CARTESIAN_POINT('',(0.0560498055393305,0.00744154600361789,-0.00429996249633734));
#3150=CARTESIAN_POINT('',(0.0562706167559209,0.00718009821110992,-0.00464639873469391));
#3151=CARTESIAN_POINT('',(0.0566949250009634,0.00664970059822336,-0.00531213494943303));
#3152=CARTESIAN_POINT('',(0.0582824608353731,0.00437417083127379,-0.00780353830709643));
#3153=CARTESIAN_POINT('',(0.0589751726109561,0.00212001661274678,-0.00889316383624613));
#3154=CARTESIAN_POINT('',(0.058975,0.001,-0.00889774101195996));
#3155=CARTESIAN_POINT('',(0.0555782826399236,0.00794984039301363,-0.0035737184336618));
#3156=CARTESIAN_POINT('',(0.0556591568627825,0.00786672463474758,-0.00370053466143175));
#3157=CARTESIAN_POINT('',(0.0558180169433983,0.00769863766963684,-0.00394963796597988));
#3158=CARTESIAN_POINT('',(0.0560476419690157,0.00744154598487998,-0.00430970546982672));
#3159=CARTESIAN_POINT('',(0.0562686018993268,0.00718009817167756,-0.00465618552069821));
#3160=CARTESIAN_POINT('',(0.0566931915693364,0.00664970050567193,-0.00532197071649049));
#3161=CARTESIAN_POINT('',(0.0582817923754946,0.00437417041491485,-0.00781300376197179));
#3162=CARTESIAN_POINT('',(0.058975,0.00212001577663456,-0.0089));
#3163=CARTESIAN_POINT('',(0.058975,0.001,-0.0089));
#3164=CARTESIAN_POINT('',(0.0555437298855951,0.00794984039051747,-0.00370700103062771));
#3165=CARTESIAN_POINT('',(0.0556253695686447,0.0078667246240275,-0.00383428875117122));
#3166=CARTESIAN_POINT('',(0.0557857644835157,0.00769863760212198,-0.00408419215770611));
#3167=CARTESIAN_POINT('',(0.056017553024382,0.00744154572429033,-0.00444520177789011));
#3168=CARTESIAN_POINT('',(0.0562405811282474,0.00718009762328865,-0.00479229113289492));
#3169=CARTESIAN_POINT('',(0.0566690845976821,0.00664969921855186,-0.00545875751209346));
#3170=CARTESIAN_POINT('',(0.058272496050741,0.00437416462457797,-0.0079446405965736));
#3171=CARTESIAN_POINT('',(0.0589725994856906,0.00212000414875532,-0.00899507107362814));
#3172=CARTESIAN_POINT('',(0.058975,0.001,-0.0089314159265359));
#3173=CARTESIAN_POINT('',(0.0554295930828759,0.00794984038915562,-0.00408872140430536));
#3174=CARTESIAN_POINT('',(0.0555171298055365,0.00786672461817887,-0.00421108521674145));
#3175=CARTESIAN_POINT('',(0.0556886114572633,0.00769863756528752,-0.00445102754707934));
#3176=CARTESIAN_POINT('',(0.055935105500702,0.00744154558211903,-0.00479676374085594));
#3177=CARTESIAN_POINT('',(0.0561710063398793,0.00718009732410115,-0.00512833170523286));
#3178=CARTESIAN_POINT('',(0.0566218364660948,0.00664969851633081,-0.00576332504064565));
#3179=CARTESIAN_POINT('',(0.0582846328381229,0.00437416146551269,-0.00811571127467618));
#3180=CARTESIAN_POINT('',(0.0589311401015379,0.00211999780487063,-0.00904727510477211));
#3181=CARTESIAN_POINT('',(0.0589648647336344,0.001,-0.00897324682780425));
#3182=CARTESIAN_POINT('',(0.0550862078782532,0.00794984038926614,-0.00461613175692087));
#3183=CARTESIAN_POINT('',(0.0551842429161054,0.00786672461865354,-0.00472842237602809));
#3184=CARTESIAN_POINT('',(0.0553760710747126,0.00769863756827701,-0.00494826251497798));
#3185=CARTESIAN_POINT('',(0.0556511664678543,0.00744154559365765,-0.00526406461091621));
#3186=CARTESIAN_POINT('',(0.0559138127364025,0.0071800973483832,-0.00556600002024776));
#3187=CARTESIAN_POINT('',(0.0564145290784779,0.00664969857332306,-0.006142512392954));
#3188=CARTESIAN_POINT('',(0.0582489185509635,0.0043741617219024,-0.00826101265149312));
#3189=CARTESIAN_POINT('',(0.0589144329053802,0.00211999831974025,-0.00904645536777936));
#3190=CARTESIAN_POINT('',(0.0589374068739927,0.001,-0.00901802611353159));
#3191=CARTESIAN_POINT('',(0.0548262882329537,0.00794984038972987,-0.00491693814437016));
#3192=CARTESIAN_POINT('',(0.0549310473166689,0.00786672462064505,-0.00502255023435743));
#3193=CARTESIAN_POINT('',(0.0551360489810287,0.00769863758081949,-0.00522917432618641));
#3194=CARTESIAN_POINT('',(0.0554300865845218,0.00744154564206832,-0.00552561501328873));
#3195=CARTESIAN_POINT('',(0.0557108539989907,0.00718009745025938,-0.00580868178617275));
#3196=CARTESIAN_POINT('',(0.0562461695644269,0.00664969881243599,-0.00634850544548866));
#3197=CARTESIAN_POINT('',(0.0582075498752171,0.0043741627975941,-0.00832571218689777));
#3198=CARTESIAN_POINT('',(0.0589154312147132,0.00212000047989319,-0.00904096563934375));
#3199=CARTESIAN_POINT('',(0.0589169424197835,0.001,-0.00904198649006681));
#3200=CARTESIAN_POINT('',(0.0544275148045227,0.00794984039068277,-0.00526779838721784));
#3201=CARTESIAN_POINT('',(0.0545411088996154,0.00786672462473743,-0.00536436817830691));
#3202=CARTESIAN_POINT('',(0.0547635989440581,0.00769863760659321,-0.00555327266133245));
#3203=CARTESIAN_POINT('',(0.0550832726930037,0.00744154574154813,-0.00582420925188559));
#3204=CARTESIAN_POINT('',(0.0553890382138403,0.00718009765960624,-0.00608285693768113));
#3205=CARTESIAN_POINT('',(0.0559729855397505,0.00664969930379266,-0.00657601507462003));
#3206=CARTESIAN_POINT('',(0.0581219073285136,0.00437416500804884,-0.0083815944905394));
#3207=CARTESIAN_POINT('',(0.0589235256921506,0.0021200049188233,-0.00903845668360515));
#3208=CARTESIAN_POINT('',(0.0588849955424039,0.001,-0.00906928153690949));
#3209=CARTESIAN_POINT('',(0.0538895291123419,0.00794984039213518,-0.00556538326140116));
#3210=CARTESIAN_POINT('',(0.0540125964620194,0.00786672463097503,-0.00565172044430511));
#3211=CARTESIAN_POINT('',(0.0542540784708596,0.00769863764587746,-0.00582094165085621));
#3212=CARTESIAN_POINT('',(0.0546022873537882,0.00744154589317505,-0.0060646154391568));
#3213=CARTESIAN_POINT('',(0.0549365336320588,0.00718009797869229,-0.00629816887540355));
#3214=CARTESIAN_POINT('',(0.055577140010977,0.00664970005271748,-0.00674529213526629));
#3215=CARTESIAN_POINT('',(0.0579568664053963,0.00437416837721933,-0.00840039908119754));
#3216=CARTESIAN_POINT('',(0.0589180190529566,0.00212001168463134,-0.00906801139026928));
#3217=CARTESIAN_POINT('',(0.0588377702422065,0.001,-0.00909335335758947));
#3218=CARTESIAN_POINT('',(0.0535776155020172,0.00794984039279478,-0.00565425733522715));
#3219=CARTESIAN_POINT('',(0.0537037362065132,0.00786672463380775,-0.00573627508802442));
#3220=CARTESIAN_POINT('',(0.0539514310883253,0.00769863766371791,-0.00589735694874619));
#3221=CARTESIAN_POINT('',(0.054309240189167,0.00744154596203451,-0.00613023107322748));
#3222=CARTESIAN_POINT('',(0.0546533404120971,0.00718009812360122,-0.00635431237188756));
#3223=CARTESIAN_POINT('',(0.055314097979806,0.00664970039283229,-0.00678497796455586));
#3224=CARTESIAN_POINT('',(0.0577818598014987,0.00437416990728586,-0.00839570763796474));
#3225=CARTESIAN_POINT('',(0.0588346068722596,0.00212001475723819,-0.00910011637824152));
#3226=CARTESIAN_POINT('',(0.0587958825444686,0.001,-0.00909998598530621));
#3227=CARTESIAN_POINT('',(0.0523354625832742,0.00794984039291987,-0.00598816564156661));
#3228=CARTESIAN_POINT('',(0.0524573478039784,0.00786672463434497,-0.00606280587553608));
#3229=CARTESIAN_POINT('',(0.0526976623743922,0.00769863766710125,-0.00620932707516408));
#3230=CARTESIAN_POINT('',(0.0530477389831874,0.00744154597509332,-0.00642098739561972));
#3231=CARTESIAN_POINT('',(0.0533874247897166,0.00718009815108238,-0.00662448849448383));
#3232=CARTESIAN_POINT('',(0.0540460253165705,0.00664970045733315,-0.00701528813702769));
#3233=CARTESIAN_POINT('',(0.0565737514564787,0.00437417019745431,-0.00847360664557284));
#3234=CARTESIAN_POINT('',(0.0580039251842412,0.00212001533994067,-0.00909976786735919));
#3235=CARTESIAN_POINT('',(0.0585033097332602,0.001,-0.0090999716460324));
#3236=CARTESIAN_POINT('',(0.0511056755153887,0.0079498403673671,-0.00614323512979134));
#3237=CARTESIAN_POINT('',(0.0511666166752589,0.00786672452460511,-0.00621445000212358));
#3238=CARTESIAN_POINT('',(0.0512867668446763,0.00769863697596176,-0.00635424902131804));
#3239=CARTESIAN_POINT('',(0.051461803157395,0.00744154330747604,-0.00655607502076709));
#3240=CARTESIAN_POINT('',(0.0516316475993721,0.00718009253730698,-0.0067500461533692));
#3241=CARTESIAN_POINT('',(0.0519609571259542,0.00664968728127695,-0.0071223194626095));
#3242=CARTESIAN_POINT('',(0.0532248769674835,0.00437411092263964,-0.00851057764880436));
#3243=CARTESIAN_POINT('',(0.0539398057491916,0.00211989630707569,-0.00910011674059905));
#3244=CARTESIAN_POINT('',(0.054189087793348,0.001,-0.0091));
#3245=CARTESIAN_POINT('',(0.0498750033285298,0.00794984035469223,-0.00614323559370945));
#3246=CARTESIAN_POINT('',(0.0498750003204865,0.0078667244701712,-0.00621445042547059));
#3247=CARTESIAN_POINT('',(0.0498749943963362,0.00769863663313809,-0.00635424930794101));
#3248=CARTESIAN_POINT('',(0.0498749857859236,0.0074415419842665,-0.00655607401582028));
#3249=CARTESIAN_POINT('',(0.049874977451328,0.00718008975272422,-0.00675004383520248));
#3250=CARTESIAN_POINT('',(0.0498749613337791,0.00664968074560062,-0.00712231115163128));
#3251=CARTESIAN_POINT('',(0.0498748999236842,0.004374081520746,-0.00851056176511515));
#3252=CARTESIAN_POINT('',(0.0498748674507954,0.00211983726359063,-0.0091));
#3253=CARTESIAN_POINT('',(0.0498748587849844,0.001,-0.0091));
#3254=CARTESIAN_POINT('',(0.0498749999999879,0.00785696640457423,-0.00622194457594435));
#3255=CARTESIAN_POINT('',(0.0498749999999919,0.00554571276419988,-0.00815940726439045));
#3256=CARTESIAN_POINT('',(0.0498749999999959,0.00254862242837545,-0.00909999999999999));
#3257=CARTESIAN_POINT('',(0.049875,0.000999999999999999,-0.00910000000000001));
#3258=CARTESIAN_POINT('',(0.049875,0.001,-0.0091));
#3259=CARTESIAN_POINT('',(0.049875,0.001,-0.0091));
#3260=CARTESIAN_POINT('',(0.0528416666666667,0.001,-0.0091));
#3261=CARTESIAN_POINT('',(0.0558083333333333,0.001,-0.0091));
#3262=CARTESIAN_POINT('',(0.058775,0.001,-0.0091));
#3263=CARTESIAN_POINT('',(0.058975,0.,-0.0091));
#3264=CARTESIAN_POINT('',(-0.058775,0.,-0.0091));
#3265=CARTESIAN_POINT('',(-0.058775,0.001,-0.0091));
#3266=CARTESIAN_POINT('',(-0.040775,0.001,-0.0091));
#3267=CARTESIAN_POINT('',(-0.049875,0.001,-0.0091));
#3268=CARTESIAN_POINT('',(0.049875,0.001,-0.0091));
#3269=CARTESIAN_POINT('',(0.049875,0.0057,-2.4980018054066E-18));
#3270=CARTESIAN_POINT('',(0.05,0.0057,0.));
#3271=CARTESIAN_POINT('',(0.0528,0.0057,0.));
#3272=CARTESIAN_POINT('',(0.025,0.0057,-0.00455302360615781));
#3273=CARTESIAN_POINT('',(0.025,0.0057,0.0052));
#3274=CARTESIAN_POINT('',(0.025,0.0057,-0.0052));
#3275=CARTESIAN_POINT('',(0.055075,0.0057,-0.0052));
#3276=CARTESIAN_POINT('',(0.044675,0.0057,0.0052));
#3277=CARTESIAN_POINT('',(0.057175,0.,0.0073));
#3278=CARTESIAN_POINT('',(0.025,0.00517037107224144,0.00539512644706894));
#3279=CARTESIAN_POINT('',(0.025,0.0027,0.00630526315789473));
#3280=CARTESIAN_POINT('',(-0.057175,0.,0.0073));
#3281=CARTESIAN_POINT('',(-0.055075,0.0057,0.0052));
#3282=CARTESIAN_POINT('',(0.044675,0.0057,0.0052));
#3283=CARTESIAN_POINT('',(-0.0265,0.0057,0.0052));
#3284=CARTESIAN_POINT('',(-0.0264999999999994,0.00221645819604494,0.00648341013829923));
#3285=CARTESIAN_POINT('',(-0.0264999999999995,0.0027,0.00630526315789474));
#3286=CARTESIAN_POINT('',(0.0157125,0.0027,0.00630526315789473));
#3287=CARTESIAN_POINT('',(-0.025,0.0027,0.00630526315789473));
#3288=CARTESIAN_POINT('',(-0.025,0.00517037107224144,0.00539512644706894));
#3289=CARTESIAN_POINT('',(-0.025,0.0057,0.0052));
#3290=CARTESIAN_POINT('',(0.044675,0.0057,0.0052));
#3291=CARTESIAN_POINT('',(0.0235,0.0057,0.0052));
#3292=CARTESIAN_POINT('',(0.0235000000000006,0.00221645819604871,0.00648341013829784));
#3293=CARTESIAN_POINT('',(0.0235000000000005,0.0027,0.00630526315789473));
#3294=CARTESIAN_POINT('',(0.057175,0.0027,0.00630526315789474));
#3295=CARTESIAN_POINT('',(0.049875,0.0076,-0.00591540213692456));
#3296=CARTESIAN_POINT('',(-0.049875,0.00785696640457422,-0.00622194457594434));
#3297=CARTESIAN_POINT('',(-0.049875,0.00794618554204979,-0.00614715453692195));
#3298=CARTESIAN_POINT('',(-0.049875,0.008,-0.00603182208551093));
#3299=CARTESIAN_POINT('',(-0.049875,0.008,-0.00591540213692455));
#3300=CARTESIAN_POINT('',(-0.0498750000000113,0.00785696640457422,-0.00622194457594435));
#3301=CARTESIAN_POINT('',(0.0498749999999888,0.00785696640457422,-0.00622194457594435));
#3302=CARTESIAN_POINT('',(0.049875,0.00759999999999948,0.00591532065042376));
#3303=CARTESIAN_POINT('',(-0.049875,0.00799999999999998,0.00591532065042366));
#3304=CARTESIAN_POINT('',(-0.049875,0.00800000000000001,0.0060317825560223));
#3305=CARTESIAN_POINT('',(-0.049875,0.00794614476011631,0.00614715503204075));
#3306=CARTESIAN_POINT('',(-0.049875,0.00785686992981681,0.00622194393583444));
#3307=CARTESIAN_POINT('',(-0.0498750000000365,0.0078568699298168,0.00622194393583444));
#3308=CARTESIAN_POINT('',(0.0498749999999635,0.0078568699298168,0.00622194393583444));
#3309=CARTESIAN_POINT('',(-0.0498749563891296,0.00794979947703002,-0.00614327061801126));
#3310=CARTESIAN_POINT('',(-0.049874960441889,0.00761733666839987,-0.00642812655209577));
#3311=CARTESIAN_POINT('',(-0.0498749868360196,0.00518616027032071,-0.00827479613423095));
#3312=CARTESIAN_POINT('',(-0.0498749994012556,0.00234379685074111,-0.0091));
#3313=CARTESIAN_POINT('',(-0.049875,0.001,-0.0091));
#3314=CARTESIAN_POINT('',(-0.0504903002854613,0.00794979947068225,-0.00614327255408381));
#3315=CARTESIAN_POINT('',(-0.0506121895538424,0.00761733657846644,-0.00642812828657627));
#3316=CARTESIAN_POINT('',(-0.051416941030821,0.00518615385898995,-0.00827479516225088));
#3317=CARTESIAN_POINT('',(-0.0518823808289757,0.00234376142448565,-0.00909999509690869));
#3318=CARTESIAN_POINT('',(-0.0520320893222156,0.001,-0.0091));
#3319=CARTESIAN_POINT('',(-0.0517209983827716,0.00794979946443536,-0.00606506173874331));
#3320=CARTESIAN_POINT('',(-0.0520866582343549,0.00761733648996733,-0.00635676807947324));
#3321=CARTESIAN_POINT('',(-0.0545008615729196,0.00518614754993716,-0.00824886293099398));
#3322=CARTESIAN_POINT('',(-0.0558971843489378,0.00234372656337605,-0.00910000970886765));
#3323=CARTESIAN_POINT('',(-0.0563462678364988,0.000999999999999953,-0.00910000033581707));
#3324=CARTESIAN_POINT('',(-0.0529134740789669,0.00794979949039033,-0.00583189056879579));
#3325=CARTESIAN_POINT('',(-0.0534088824650205,0.00761733685769759,-0.00614414553106171));
#3326=CARTESIAN_POINT('',(-0.0566539818736049,0.00518617376537445,-0.00817228763939749));
#3327=CARTESIAN_POINT('',(-0.0583397631311124,0.00234387141860674,-0.00909999143162782));
#3328=CARTESIAN_POINT('',(-0.0586391782428187,0.000999999999999879,-0.00910000068547986));
#3329=CARTESIAN_POINT('',(-0.0535463270978653,0.00794979951873609,-0.00566265716672226));
#3330=CARTESIAN_POINT('',(-0.0540503566398036,0.00761733725929578,-0.00598992922330595));
#3331=CARTESIAN_POINT('',(-0.0573241394384563,0.0051862023952262,-0.00811733816502037));
#3332=CARTESIAN_POINT('',(-0.0588169712901239,0.00234402961485166,-0.00910001619717567));
#3333=CARTESIAN_POINT('',(-0.0587880893728485,0.000999999999999845,-0.00910000111301842));
#3334=CARTESIAN_POINT('',(-0.053709303694993,0.00794979953374724,-0.00561633238513467));
#3335=CARTESIAN_POINT('',(-0.0542091352375707,0.00761733747196927,-0.00595134469297973));
#3336=CARTESIAN_POINT('',(-0.0574494711085224,0.00518621755666497,-0.00812177070794188));
#3337=CARTESIAN_POINT('',(-0.0588856811376036,0.00234411339043944,-0.00908583235197858));
#3338=CARTESIAN_POINT('',(-0.0588142687773861,0.000999999999999846,-0.00909742226315609));
#3339=CARTESIAN_POINT('',(-0.0540577055581387,0.00794979957868929,-0.00547450527116538));
#3340=CARTESIAN_POINT('',(-0.0545381634178656,0.0076173381086959,-0.00583252636057553));
#3341=CARTESIAN_POINT('',(-0.0576384541959024,0.00518626294874701,-0.0081329826945033));
#3342=CARTESIAN_POINT('',(-0.0589306302342854,0.00234436420755638,-0.00905258102159713));
#3343=CARTESIAN_POINT('',(-0.0588520300542752,0.000999999999999841,-0.00908596864508242));
#3344=CARTESIAN_POINT('',(-0.0543858727242571,0.00794979962844754,-0.00528036323210758));
#3345=CARTESIAN_POINT('',(-0.0548427385321956,0.00761733881365666,-0.00566379082909081));
#3346=CARTESIAN_POINT('',(-0.0577775241943756,0.00518631320522101,-0.00811685545558668));
#3347=CARTESIAN_POINT('',(-0.0589308150587817,0.00234464190321024,-0.00903735002734866));
#3348=CARTESIAN_POINT('',(-0.0588810291474803,0.00099999999999984,-0.00907046606756965));
#3349=CARTESIAN_POINT('',(-0.0546098346228977,0.00794979966638905,-0.00510582749004619));
#3350=CARTESIAN_POINT('',(-0.0550481027953986,0.00761733935120123,-0.00550855986985381));
#3351=CARTESIAN_POINT('',(-0.0578562718256647,0.00518635152663694,-0.00808334511963827));
#3352=CARTESIAN_POINT('',(-0.0589236339940874,0.00234485365086804,-0.00903700804989182));
#3353=CARTESIAN_POINT('',(-0.0588994499245975,0.000999999999999838,-0.00905680239648979));
#3354=CARTESIAN_POINT('',(-0.0547176148772817,0.00794979968571872,-0.0050102662681335));
#3355=CARTESIAN_POINT('',(-0.0551462908013929,0.00761733962505847,-0.0054228065503696));
#3356=CARTESIAN_POINT('',(-0.0578902542088427,0.00518637104984985,-0.0080607503265895));
#3357=CARTESIAN_POINT('',(-0.0589197914552903,0.00234496152774326,-0.0090387320542662));
#3358=CARTESIAN_POINT('',(-0.058908125543839,0.000999999999999838,-0.00904931906352903));
#3359=CARTESIAN_POINT('',(-0.0547776333778302,0.00794979969680696,-0.00495349968469548));
#3360=CARTESIAN_POINT('',(-0.055200776781407,0.00761733978215358,-0.00537165712626448));
#3361=CARTESIAN_POINT('',(-0.0579080479596817,0.00518638224912062,-0.00804614740310677));
#3362=CARTESIAN_POINT('',(-0.0589177508719959,0.00234502341009538,-0.00904018836071029));
#3363=CARTESIAN_POINT('',(-0.0589129209928401,0.000999999999999838,-0.00904486412607284));
#3364=CARTESIAN_POINT('',(-0.0549248571407727,0.00794979972454894,-0.00480826557722251));
#3365=CARTESIAN_POINT('',(-0.0553341094978377,0.00761734017519383,-0.00524045965874153));
#3366=CARTESIAN_POINT('',(-0.0579498038938785,0.00518641026885964,-0.00800687422163857));
#3367=CARTESIAN_POINT('',(-0.0589128459138751,0.00234517823511845,-0.00904460093800105));
#3368=CARTESIAN_POINT('',(-0.0589246337566168,0.000999999999999838,-0.00903343649095284));
#3369=CARTESIAN_POINT('',(-0.0551503232952433,0.00794979977149227,-0.00453717611192117));
#3370=CARTESIAN_POINT('',(-0.0555357201501086,0.00761734084027278,-0.00499297941574105));
#3371=CARTESIAN_POINT('',(-0.0579988951833262,0.00518645768216463,-0.00791852812758246));
#3372=CARTESIAN_POINT('',(-0.058909183735438,0.00234544022064334,-0.00905573155091463));
#3373=CARTESIAN_POINT('',(-0.0589423593531826,0.000999999999999845,-0.00901182937458728));
#3374=CARTESIAN_POINT('',(-0.0554566629812777,0.00794979984891625,-0.00400940676462783));
#3375=CARTESIAN_POINT('',(-0.0558017765179825,0.00761734193719362,-0.00450323749414365));
#3376=CARTESIAN_POINT('',(-0.0580232196951361,0.00518653588137198,-0.00769560338633569));
#3377=CARTESIAN_POINT('',(-0.0589335303514618,0.00234587231582012,-0.0090565591022472));
#3378=CARTESIAN_POINT('',(-0.0589671776720017,0.000999999999999845,-0.00896543268377158));
#3379=CARTESIAN_POINT('',(-0.0555493720141398,0.00794979988319071,-0.00368485057796524));
#3380=CARTESIAN_POINT('',(-0.0558754350481866,0.00761734242278269,-0.0041936610129771));
#3381=CARTESIAN_POINT('',(-0.0579951044836942,0.00518657049888425,-0.0074962603442032));
#3382=CARTESIAN_POINT('',(-0.058974652420995,0.0023460635972991,-0.00898632925879102));
#3383=CARTESIAN_POINT('',(-0.0589750022703287,0.000999999999999861,-0.00892618024988324));
#3384=CARTESIAN_POINT('',(-0.0555967790815281,0.00794979988659047,-0.00350199455274676));
#3385=CARTESIAN_POINT('',(-0.0559186243373961,0.00761734247094897,-0.00400823359470812));
#3386=CARTESIAN_POINT('',(-0.058010469116091,0.00518657393264264,-0.00730190054040602));
#3387=CARTESIAN_POINT('',(-0.0589751532006992,0.00234608257077051,-0.00884465038624294));
#3388=CARTESIAN_POINT('',(-0.0589750007258614,0.000999999999999866,-0.00888306842381981));
#3389=CARTESIAN_POINT('',(-0.0556238502010185,0.0079497998881148,-0.00339380530945164));
#3390=CARTESIAN_POINT('',(-0.0559432880841904,0.00761734249254469,-0.00389720227798875));
#3391=CARTESIAN_POINT('',(-0.0580192110208737,0.00518657547219372,-0.00717670119774112));
#3392=CARTESIAN_POINT('',(-0.0589749134914376,0.00234609107766723,-0.00874630916982628));
#3393=CARTESIAN_POINT('',(-0.0589750009524928,0.000999999999999871,-0.00883398367186079));
#3394=CARTESIAN_POINT('',(-0.0556581851712169,0.00794979988924836,-0.00324874896262308));
#3395=CARTESIAN_POINT('',(-0.0559745745298286,0.00761734250860454,-0.00374583986613341));
#3396=CARTESIAN_POINT('',(-0.0580303586705343,0.0051865766170958,-0.00698914360708336));
#3397=CARTESIAN_POINT('',(-0.0589750317704043,0.00234609740390354,-0.00857771594387046));
#3398=CARTESIAN_POINT('',(-0.0589750008268144,0.000999999999999872,-0.00872412305978228));
#3399=CARTESIAN_POINT('',(-0.0556913532520727,0.0079497998898021,-0.00310316278970031));
#3400=CARTESIAN_POINT('',(-0.0560047995188801,0.00761734251644968,-0.0035923346380704));
#3401=CARTESIAN_POINT('',(-0.0580411254809343,0.00518657717637262,-0.00678847740224928));
#3402=CARTESIAN_POINT('',(-0.0589749798274625,0.00234610049422654,-0.00838801397104856));
#3403=CARTESIAN_POINT('',(-0.0589750008133,0.000999999999999873,-0.00858563989323368));
#3404=CARTESIAN_POINT('',(-0.055730614153744,0.00794979988944352,-0.002920231175743));
#3405=CARTESIAN_POINT('',(-0.0560405812431836,0.00761734251136892,-0.00339657596649327));
#3406=CARTESIAN_POINT('',(-0.0580539058524817,0.00518657681416467,-0.00651374591208965));
#3407=CARTESIAN_POINT('',(-0.0589750090966185,0.00234609849282111,-0.00810989310389361));
#3408=CARTESIAN_POINT('',(-0.0589750007157067,0.000999999999999877,-0.00836071892503122));
#3409=CARTESIAN_POINT('',(-0.0557887353610005,0.00794979988678331,-0.00262564946058));
#3410=CARTESIAN_POINT('',(-0.0560935600192136,0.00761734247367944,-0.00307567541332089));
#3411=CARTESIAN_POINT('',(-0.0580728661873163,0.00518657412728869,-0.00602694187076807));
#3412=CARTESIAN_POINT('',(-0.0589749972902925,0.00234608364630023,-0.00758556338646903));
#3413=CARTESIAN_POINT('',(-0.0589750004825988,0.000999999999999881,-0.00789819729390703));
#3414=CARTESIAN_POINT('',(-0.055852510986203,0.00794979987983701,-0.00225417138993915));
#3415=CARTESIAN_POINT('',(-0.0561517043190025,0.0076173423752654,-0.00266126401099918));
#3416=CARTESIAN_POINT('',(-0.0580937461678877,0.00518656711137245,-0.00533661858862299));
#3417=CARTESIAN_POINT('',(-0.0589749979693878,0.00234604487936521,-0.00679163956662001));
#3418=CARTESIAN_POINT('',(-0.0589750005373085,0.000999999999999889,-0.00714238269054573));
#3419=CARTESIAN_POINT('',(-0.0560603561743749,0.00794979983584377,-0.000753705446368869));
#3420=CARTESIAN_POINT('',(-0.0563412667509228,0.00761734175197904,-0.000944464948442681));
#3421=CARTESIAN_POINT('',(-0.0581621948290925,0.00518652267743201,-0.00221175531031557));
#3422=CARTESIAN_POINT('',(-0.0589750105097908,0.00234579935652578,-0.00300239982390771));
#3423=CARTESIAN_POINT('',(-0.0589749958532031,0.000999999999999915,-0.00332948864589632));
#3424=CARTESIAN_POINT('',(-0.0560498097640385,0.00794979970199662,0.00126407000407769));
#3425=CARTESIAN_POINT('',(-0.0563317724627304,0.00761733985566311,0.00156332974727033));
#3426=CARTESIAN_POINT('',(-0.0581594545046847,0.00518638748951072,0.00355221206449765));
#3427=CARTESIAN_POINT('',(-0.0589749707405843,0.00234505236623073,0.00479953925598579));
#3428=CARTESIAN_POINT('',(-0.058975000784047,0.001,0.0053229590427318));
#3429=CARTESIAN_POINT('',(-0.0556948969055536,0.00794979966290955,0.0030405248383414));
#3430=CARTESIAN_POINT('',(-0.0560082137412644,0.00761733930188853,0.00353572243706469));
#3431=CARTESIAN_POINT('',(-0.05804338604738,0.00518634801106065,0.00677909943128463));
#3432=CARTESIAN_POINT('',(-0.0589749943899533,0.00234483422530009,0.00846393913801437));
#3433=CARTESIAN_POINT('',(-0.0589749683571009,0.001,0.00876353744682915));
#3434=CARTESIAN_POINT('',(-0.0555104546368314,0.00794979967040624,0.00372252746896039));
#3435=CARTESIAN_POINT('',(-0.0558402368719301,0.00761733940809913,0.00422762822001867));
#3436=CARTESIAN_POINT('',(-0.0579840410131575,0.00518635558278491,0.0075062756676485));
#3437=CARTESIAN_POINT('',(-0.0589749482156355,0.00234487606339068,0.0089843306482978));
#3438=CARTESIAN_POINT('',(-0.0589750112499814,0.001,0.0089261782763178));
#3439=CARTESIAN_POINT('',(-0.0554147160894306,0.0079497996984576,0.00404372004941849));
#3440=CARTESIAN_POINT('',(-0.0557636537953763,0.00761733980552269,0.00453411740570493));
#3441=CARTESIAN_POINT('',(-0.0580101938713156,0.00518638391500956,0.00770444556517846));
#3442=CARTESIAN_POINT('',(-0.0589334418179852,0.00234503261507492,0.00905699630547687));
#3443=CARTESIAN_POINT('',(-0.0589671805592101,0.001,0.00896542685226809));
#3444=CARTESIAN_POINT('',(-0.0551058348190719,0.00794979976264571,0.00456528851296694));
#3445=CARTESIAN_POINT('',(-0.0554951343622345,0.00761734071492146,0.00501822611031833));
#3446=CARTESIAN_POINT('',(-0.0579842215563846,0.00518644874581599,0.00792538997213169));
#3447=CARTESIAN_POINT('',(-0.0589097287481093,0.00234539084221961,0.00905478274061853));
#3448=CARTESIAN_POINT('',(-0.0589423639098451,0.001,0.00901182778456168));
#3449=CARTESIAN_POINT('',(-0.0547868162169584,0.00794979981775594,0.00494230275890364));
#3450=CARTESIAN_POINT('',(-0.0552098137363136,0.00761734149570735,0.0053623995387196));
#3451=CARTESIAN_POINT('',(-0.0579143280342639,0.00518650440784303,0.00804831291333537));
#3452=CARTESIAN_POINT('',(-0.0589140976461109,0.002345698406634,0.00904044984969484));
#3453=CARTESIAN_POINT('',(-0.0589173353550522,0.001,0.00904232469565211));
#3454=CARTESIAN_POINT('',(-0.0542803589971258,0.00794979989196308,0.0053668524332749));
#3455=CARTESIAN_POINT('',(-0.0547474338520432,0.00761734254705291,0.00574230407051015));
#3456=CARTESIAN_POINT('',(-0.0577495313873014,0.00518657935800038,0.0081419882137209));
#3457=CARTESIAN_POINT('',(-0.0589374756831138,0.00234611254895834,0.00903085270069416));
#3458=CARTESIAN_POINT('',(-0.0588766741743679,0.001,0.00907573182646566));
#3459=CARTESIAN_POINT('',(-0.0537496867736626,0.00794979995441247,0.00560790307766131));
#3460=CARTESIAN_POINT('',(-0.0542512224340811,0.00761734343181799,0.00594559806879366));
#3461=CARTESIAN_POINT('',(-0.0574999983662343,0.00518664243267723,0.00812916604678795));
#3462=CARTESIAN_POINT('',(-0.0589213980417761,0.00234646107248646,0.00907687998211439));
#3463=CARTESIAN_POINT('',(-0.0588273802267794,0.001,0.00909617214146313));
#3464=CARTESIAN_POINT('',(-0.0535076898334078,0.00794979997315917,0.00567318257628613));
#3465=CARTESIAN_POINT('',(-0.0540153819843786,0.00761734369741584,0.0059994625819236));
#3466=CARTESIAN_POINT('',(-0.0573129868156792,0.00518666136708076,0.00812045623525536));
#3467=CARTESIAN_POINT('',(-0.0588166470710756,0.00234656569585439,0.00910028626565777));
#3468=CARTESIAN_POINT('',(-0.0587880946687525,0.001,0.00910000342815116));
#3469=CARTESIAN_POINT('',(-0.0523100963447685,0.00794980001802059,0.00599116302001241));
#3470=CARTESIAN_POINT('',(-0.0528001259123934,0.00761734433299941,0.00628926315993392));
#3471=CARTESIAN_POINT('',(-0.0560353328104959,0.00518670667767107,0.00822376077330459));
#3472=CARTESIAN_POINT('',(-0.0579044949288947,0.00234681606268279,0.00909963482648637));
#3473=CARTESIAN_POINT('',(-0.0585026323553672,0.001,0.0091000211469071));
#3474=CARTESIAN_POINT('',(-0.0510925840330064,0.00794980003942973,0.00614324208740818));
#3475=CARTESIAN_POINT('',(-0.0513375968618376,0.00761734463631768,0.00642789766621426));
#3476=CARTESIAN_POINT('',(-0.0529551015712298,0.0051867283011519,0.00827358002745821));
#3477=CARTESIAN_POINT('',(-0.0538894091659597,0.00234693554473484,0.00910023896279819));
#3478=CARTESIAN_POINT('',(-0.0541887927510372,0.001,0.0091));
#3479=CARTESIAN_POINT('',(-0.0498749947635234,0.00794980003945546,0.00614323977893939));
#3480=CARTESIAN_POINT('',(-0.0498749930384978,0.00761734463668231,0.00642789487540004));
#3481=CARTESIAN_POINT('',(-0.0498749816744838,0.00518672832714624,0.00827356467499765));
#3482=CARTESIAN_POINT('',(-0.0498749752874759,0.00234693568836838,0.0091));
#3483=CARTESIAN_POINT('',(-0.0498749734643986,0.001,0.0091));
#3484=CARTESIAN_POINT('',(-0.0498750010986364,0.00785686992981596,0.00622194393583514));
#3485=CARTESIAN_POINT('',(-0.049875000701024,0.00735046628035932,0.00664617743695645));
#3486=CARTESIAN_POINT('',(-0.0498749999057992,0.00625255916474184,0.00741297794715603));
#3487=CARTESIAN_POINT('',(-0.0498749987129619,0.00449064318309371,0.00830034022648948));
#3488=CARTESIAN_POINT('',(-0.0498749975201247,0.00253942855094893,0.0089503120802782));
#3489=CARTESIAN_POINT('',(-0.0498749967248998,0.00143472062864279,0.0091));
#3490=CARTESIAN_POINT('',(-0.0498749963272874,0.001,0.0091));
#3491=CARTESIAN_POINT('',(-0.0498750000000365,0.0078568699298173,0.00622194393583503));
#3492=CARTESIAN_POINT('',(-0.0501339631846582,0.0078568698935623,0.00622194437702407));
#3493=CARTESIAN_POINT('',(-0.0505649915143052,0.00785980717328118,0.00621013541966058));
#3494=CARTESIAN_POINT('',(-0.0511919011700844,0.00786903328654859,0.00616157400749363));
#3495=CARTESIAN_POINT('',(-0.0517201080511631,0.0078797145667299,0.00609881597119398));
#3496=CARTESIAN_POINT('',(-0.0521542589069109,0.00788970094858502,0.00603082632262893));
#3497=CARTESIAN_POINT('',(-0.052554820433748,0.00789954254034708,0.00595213837019044));
#3498=CARTESIAN_POINT('',(-0.0527951723055102,0.00790528206889322,0.00589909139204716));
#3499=CARTESIAN_POINT('',(-0.0531522135286168,0.00791259119635523,0.00581453776966471));
#3500=CARTESIAN_POINT('',(-0.0533527511275927,0.00791646774827576,0.00575984925606626));
#3501=CARTESIAN_POINT('',(-0.0534996076675485,0.00791929331388493,0.00571735200099906));
#3502=CARTESIAN_POINT('',(-0.0534996147161506,0.00791932997607806,0.00571737879502811));
#3503=CARTESIAN_POINT('',(-0.0534996076729071,0.00791929330171418,0.00571735201625024));
#3504=CARTESIAN_POINT('',(-0.0535008668177126,0.00791934472567643,0.0057169504145006));
#3505=CARTESIAN_POINT('',(-0.0535217984720078,0.00792117221464554,0.00571005695044545));
#3506=CARTESIAN_POINT('',(-0.0536445252693448,0.00792678543597098,0.00566601692532721));
#3507=CARTESIAN_POINT('',(-0.0537413707051844,0.00793050471188653,0.00562814283673354));
#3508=CARTESIAN_POINT('',(-0.053871963295808,0.00793487424348529,0.00556932413836963));
#3509=CARTESIAN_POINT('',(-0.0538903260523391,0.00793540471657757,0.00555987068314144));
#3510=CARTESIAN_POINT('',(-0.0539544397458085,0.00793734604193498,0.00552858506221296));
#3511=CARTESIAN_POINT('',(-0.0540484097241455,0.00793990560341972,0.0054794152839692));
#3512=CARTESIAN_POINT('',(-0.0542465514715753,0.0079446493978871,0.0053652597531041));
#3513=CARTESIAN_POINT('',(-0.0544800335987999,0.00794815325895683,0.00520409082832194));
#3514=CARTESIAN_POINT('',(-0.0547858692828874,0.00794976063952721,0.00493714386184267));
#3515=CARTESIAN_POINT('',(-0.0550500739573279,0.00794820563661945,0.00463768779586669));
#3516=CARTESIAN_POINT('',(-0.0552526425966602,0.00794376841813717,0.00434306020949149));
#3517=CARTESIAN_POINT('',(-0.0553793824738396,0.00793834647273987,0.00412058883937838));
#3518=CARTESIAN_POINT('',(-0.0554681156080292,0.00793132719938889,0.00392184013416808));
#3519=CARTESIAN_POINT('',(-0.0554834913174679,0.00792995861472432,0.00388620816807016));
#3520=CARTESIAN_POINT('',(-0.0555450794103286,0.00792367390019561,0.00373565720272293));
#3521=CARTESIAN_POINT('',(-0.0555608657560502,0.0079211210750636,0.00368361531532318));
#3522=CARTESIAN_POINT('',(-0.0555683995413831,0.00792057901791255,0.00365834047829417));
#3523=CARTESIAN_POINT('',(-0.055568654614233,0.00792093134916954,0.00365840895273913));
#3524=CARTESIAN_POINT('',(-0.0555683995352348,0.00792057902273979,0.00365834047635918));
#3525=CARTESIAN_POINT('',(-0.0556376436637105,0.00791560140702597,0.00342601252379339));
#3526=CARTESIAN_POINT('',(-0.0557435723364209,0.00790671309835888,0.00303224319401716));
#3527=CARTESIAN_POINT('',(-0.0558746497472543,0.00789264075915162,0.00240578463413267));
#3528=CARTESIAN_POINT('',(-0.0559976190370097,0.007875390523414,0.0016651299909405));
#3529=CARTESIAN_POINT('',(-0.0560768033792457,0.00786055029504517,0.000853280299834269));
#3530=CARTESIAN_POINT('',(-0.0561046766253836,0.00785451199288437,1.43624917055087E-5));
#3531=CARTESIAN_POINT('',(-0.0560873399742164,0.00785920507696554,-0.000810373952108151));
#3532=CARTESIAN_POINT('',(-0.0559596384924912,0.00788427021815839,-0.00218050996490372));
#3533=CARTESIAN_POINT('',(-0.0557738618653304,0.00790565723145551,-0.00304583139965466));
#3534=CARTESIAN_POINT('',(-0.0556078846460463,0.00791891046550909,-0.00362164908669909));
#3535=CARTESIAN_POINT('',(-0.0556079584577259,0.00791901052336399,-0.0036216680596529));
#3536=CARTESIAN_POINT('',(-0.0556078846459709,0.00791891046551932,-0.00362164908693873));
#3537=CARTESIAN_POINT('',(-0.0556005243333161,0.00791991105769065,-0.00364500653258238));
#3538=CARTESIAN_POINT('',(-0.0555819216080094,0.00792258219715608,-0.00370121642212582));
#3539=CARTESIAN_POINT('',(-0.0555364334217885,0.00792772695256821,-0.00382595361939662));
#3540=CARTESIAN_POINT('',(-0.0554639946777663,0.00793388470946132,-0.00399329661236317));
#3541=CARTESIAN_POINT('',(-0.0554273275850506,0.00793630519941077,-0.00406718249061981));
#3542=CARTESIAN_POINT('',(-0.0553623746092918,0.00794008614236638,-0.0041928201193353));
#3543=CARTESIAN_POINT('',(-0.0552614224551896,0.00794432033319699,-0.00436481802334642));
#3544=CARTESIAN_POINT('',(-0.0550956468314772,0.0079480544316101,-0.00461015063797885));
#3545=CARTESIAN_POINT('',(-0.0548246441521775,0.00794960451724728,-0.00492112173758));
#3546=CARTESIAN_POINT('',(-0.0545263409652135,0.0079480294674851,-0.00518423149424595));
#3547=CARTESIAN_POINT('',(-0.0542280472788748,0.00794355711034006,-0.00539023419108157));
#3548=CARTESIAN_POINT('',(-0.0539936123110966,0.00793764079325767,-0.00552143577909046));
#3549=CARTESIAN_POINT('',(-0.0538068736494021,0.00793092197648198,-0.0056045586377742));
#3550=CARTESIAN_POINT('',(-0.0537647215448538,0.00792927488761986,-0.00562262941563111));
#3551=CARTESIAN_POINT('',(-0.0536185138729671,0.00792312884647709,-0.00568185443989476));
#3552=CARTESIAN_POINT('',(-0.0535640100676399,0.00792068947693318,-0.00569818004725378));
#3553=CARTESIAN_POINT('',(-0.0535362464676725,0.0079202209141265,-0.00570618743817669));
#3554=CARTESIAN_POINT('',(-0.0535363080962247,0.00792053981961666,-0.00570641978073843));
#3555=CARTESIAN_POINT('',(-0.0535362464676725,0.0079202209141265,-0.00570618743817668));
#3556=CARTESIAN_POINT('',(-0.0534159478165989,0.00791819064882589,-0.00574088316667881));
#3557=CARTESIAN_POINT('',(-0.0531581911047518,0.00791330694106264,-0.00581297085341928));
#3558=CARTESIAN_POINT('',(-0.0524440428388464,0.00789749854519857,-0.00598028631245473));
#3559=CARTESIAN_POINT('',(-0.0519225100860035,0.00788493997865362,-0.00607180398625029));
#3560=CARTESIAN_POINT('',(-0.0512009014724501,0.00786976487536269,-0.00616016882532983));
#3561=CARTESIAN_POINT('',(-0.0505647818102374,0.00786007847705716,-0.00620993781012308));
#3562=CARTESIAN_POINT('',(-0.0501320815484901,0.00785696645750155,-0.00622194459798841));
#3563=CARTESIAN_POINT('',(-0.0498750000000112,0.00785696640457331,-0.00622194457594329));
#3564=CARTESIAN_POINT('',(-0.049875,0.000999999999999999,-0.00910000000000001));
#3565=CARTESIAN_POINT('',(-0.049875,0.00254862242837545,-0.00909999999999999));
#3566=CARTESIAN_POINT('',(-0.049875,0.00554571276419988,-0.00815940726439045));
#3567=CARTESIAN_POINT('',(-0.049875,0.00785696640457423,-0.00622194457594435));
#3568=CARTESIAN_POINT('',(-0.058975,0.001,-0.0089));
#3569=CARTESIAN_POINT('',(-0.058975,0.001,-0.00900471975511966));
#3570=CARTESIAN_POINT('',(-0.0588797197551197,0.001,-0.0091));
#3571=CARTESIAN_POINT('',(-0.058775,0.001,-0.0091));
#3572=CARTESIAN_POINT('',(-0.058975,0.001,-0.0089));
#3573=CARTESIAN_POINT('',(-0.058975,0.001,-0.0091));
#3574=CARTESIAN_POINT('',(-0.058975,0.001,0.0089));
#3575=CARTESIAN_POINT('',(-0.058775,0.001,0.0091));
#3576=CARTESIAN_POINT('',(-0.0588797197551197,0.001,0.0091));
#3577=CARTESIAN_POINT('',(-0.058975,0.001,0.00900471975511966));
#3578=CARTESIAN_POINT('',(-0.058975,0.001,0.0089));
#3579=CARTESIAN_POINT('',(-0.0498749999052525,0.00785696640457419,-0.00622194457594434));
#3580=CARTESIAN_POINT('',(-0.0508018621825316,0.00785696661438393,-0.00622194468654511));
#3581=CARTESIAN_POINT('',(-0.0520440513857137,0.00788907436478813,-0.0060945188036123));
#3582=CARTESIAN_POINT('',(-0.0532409887411351,0.00791547512767137,-0.00579155878684482));
#3583=CARTESIAN_POINT('',(-0.0535951960143756,0.00792154975262977,-0.00568944279327075));
#3584=CARTESIAN_POINT('',(-0.0537169429179575,0.00792796893954935,-0.005644008244769));
#3585=CARTESIAN_POINT('',(-0.0539503314298295,0.00793642272805604,-0.00554303985007877));
#3586=CARTESIAN_POINT('',(-0.0543423391767853,0.00794689717682463,-0.00533002110646254));
#3587=CARTESIAN_POINT('',(-0.0548413618521076,0.00795045043115299,-0.00493419887213597));
#3588=CARTESIAN_POINT('',(-0.0553118694127717,0.00794653765716006,-0.00433362433904128));
#3589=CARTESIAN_POINT('',(-0.0555312834067729,0.00792970198394202,-0.00386478782029618));
#3590=CARTESIAN_POINT('',(-0.0556317908543645,0.00791568693634847,-0.00354610362778469));
#3591=CARTESIAN_POINT('',(-0.0556696607786356,0.00791429529200783,-0.00340018908797118));
#3592=CARTESIAN_POINT('',(-0.0557459973402998,0.00790765377885326,-0.00310191843538983));
#3593=CARTESIAN_POINT('',(-0.0558632719659462,0.00789661502197438,-0.00257894052144494));
#3594=CARTESIAN_POINT('',(-0.0560442866659819,0.00786976653782063,-0.0015200793732998));
#3595=CARTESIAN_POINT('',(-0.0561378651865245,0.00784695428871477,1.4744582224795E-5));
#3596=CARTESIAN_POINT('',(-0.0560289845834679,0.00787182851855321,0.00155631260651386));
#3597=CARTESIAN_POINT('',(-0.0558072478437281,0.00790298895566531,0.00276926787664606));
#3598=CARTESIAN_POINT('',(-0.0556569300403591,0.00791450993628645,0.00336208229848639));
#3599=CARTESIAN_POINT('',(-0.0555513901034122,0.00792218722035621,0.00371636320740333));
#3600=CARTESIAN_POINT('',(-0.0555052498648758,0.0079288450410634,0.00383787071327955));
#3601=CARTESIAN_POINT('',(-0.0554049390838892,0.00793698721436471,0.00406874447456522));
#3602=CARTESIAN_POINT('',(-0.0551921762036265,0.00794732893125113,0.0044587317326858));
#3603=CARTESIAN_POINT('',(-0.0548780258881369,0.00795033890764403,0.00485389098879039));
#3604=CARTESIAN_POINT('',(-0.0545492282957556,0.00794885792393368,0.00514520093311226));
#3605=CARTESIAN_POINT('',(-0.0543462793471564,0.00794631021173841,0.00529578677864086));
#3606=CARTESIAN_POINT('',(-0.0541347684453531,0.00794257797543066,0.00543432935998342));
#3607=CARTESIAN_POINT('',(-0.053912483288491,0.00793675519256462,0.00555394062046256));
#3608=CARTESIAN_POINT('',(-0.0537087030014444,0.0079288531972609,0.00564192402261262));
#3609=CARTESIAN_POINT('',(-0.0536046161125053,0.00792413022654081,0.00568147866559467));
#3610=CARTESIAN_POINT('',(-0.0535447663751394,0.00792133324678174,0.00570257619351386));
#3611=CARTESIAN_POINT('',(-0.0535147651571965,0.00791995845345678,0.00571255436827429));
#3612=CARTESIAN_POINT('',(-0.0534613556054989,0.00791774287421787,0.00572956185609827));
#3613=CARTESIAN_POINT('',(-0.0533887404653575,0.00791704388066643,0.005749139408501));
#3614=CARTESIAN_POINT('',(-0.0532406701123482,0.00791406817182973,0.00578967268974792));
#3615=CARTESIAN_POINT('',(-0.0529819509175097,0.00790914948731275,0.00585604315480298));
#3616=CARTESIAN_POINT('',(-0.0524596186872544,0.0078974814936964,0.00597672150031428));
#3617=CARTESIAN_POINT('',(-0.0514046528713414,0.00787111852816407,0.00616166231744784));
#3618=CARTESIAN_POINT('',(-0.0504865455164089,0.00785686978604129,0.00622194493297949));
#3619=CARTESIAN_POINT('',(-0.0498749995604313,0.0078568699298169,0.00622194393583373));
#3620=CARTESIAN_POINT('',(-0.0498749999283689,0.00794618554204977,-0.00614715453692195));
#3621=CARTESIAN_POINT('',(-0.0507977014742959,0.00794618562899579,-0.00614715464252502));
#3622=CARTESIAN_POINT('',(-0.0520333026506131,0.00795969174002473,-0.00602006087084662));
#3623=CARTESIAN_POINT('',(-0.0532243850854388,0.00796968848868274,-0.00572375861029542));
#3624=CARTESIAN_POINT('',(-0.0535767618972177,0.00797199422775458,-0.00562353903384024));
#3625=CARTESIAN_POINT('',(-0.05369557985705,0.00797439548440089,-0.00558059801704228));
#3626=CARTESIAN_POINT('',(-0.0539245297995172,0.00797751668928461,-0.00548403704051029));
#3627=CARTESIAN_POINT('',(-0.0543092853493657,0.00798133662942116,-0.00527871527708807));
#3628=CARTESIAN_POINT('',(-0.0547994311873153,0.00798259722124603,-0.00489237139880189));
#3629=CARTESIAN_POINT('',(-0.0552590081749599,0.007981219394087,-0.0043019887115033));
#3630=CARTESIAN_POINT('',(-0.0554683977030262,0.00797506435882544,-0.00384251654257956));
#3631=CARTESIAN_POINT('',(-0.0555641699349367,0.00796978124584479,-0.00352985085506375));
#3632=CARTESIAN_POINT('',(-0.0556017373837397,0.00796925170469341,-0.00338400362427142));
#3633=CARTESIAN_POINT('',(-0.0556763533051695,0.00796672526462149,-0.00308753588967169));
#3634=CARTESIAN_POINT('',(-0.0557914067783148,0.00796247121119572,-0.0025668268783045));
#3635=CARTESIAN_POINT('',(-0.0559692310279692,0.00795185289320186,-0.00151358161074606));
#3636=CARTESIAN_POINT('',(-0.0560636011060159,0.00794227047517035,1.4363055371259E-5));
#3637=CARTESIAN_POINT('',(-0.0559538521706065,0.00795272217656221,0.00154911027250022));
#3638=CARTESIAN_POINT('',(-0.0557362475764807,0.00796496906035965,0.00275555127201498));
#3639=CARTESIAN_POINT('',(-0.0555887456298773,0.00796936044353802,0.00334610773913219));
#3640=CARTESIAN_POINT('',(-0.0554857091677942,0.00797225193674472,0.00369774658585668));
#3641=CARTESIAN_POINT('',(-0.0554421984867091,0.00797474106532471,0.00381615725917992));
#3642=CARTESIAN_POINT('',(-0.0553461771070292,0.00797774203325414,0.00404276117708242));
#3643=CARTESIAN_POINT('',(-0.0551411732939613,0.00798150963369545,0.00442541796543649));
#3644=CARTESIAN_POINT('',(-0.0548343425391677,0.00798257378107172,0.00481376651991839));
#3645=CARTESIAN_POINT('',(-0.0545117899556508,0.00798204024253672,0.00509860633174713));
#3646=CARTESIAN_POINT('',(-0.0543125028592922,0.00798111999778546,0.00524530263698861));
#3647=CARTESIAN_POINT('',(-0.0541047836989247,0.00797976693250888,0.00537977695184232));
#3648=CARTESIAN_POINT('',(-0.0538865605846932,0.00797763923237932,0.00549504406466));
#3649=CARTESIAN_POINT('',(-0.0536868513495234,0.00797471760073922,0.00557903810624276));
#3650=CARTESIAN_POINT('',(-0.0535849338015493,0.00797295527537389,0.00561664291520041));
#3651=CARTESIAN_POINT('',(-0.0535263214595964,0.00797190683725918,0.00563669100175926));
#3652=CARTESIAN_POINT('',(-0.0534969212585847,0.00797138985798629,0.0056461838880784));
#3653=CARTESIAN_POINT('',(-0.0534444834867244,0.00797055513196612,0.00566242700450268));
#3654=CARTESIAN_POINT('',(-0.0533719125311155,0.0079702888816861,0.00568183927592032));
#3655=CARTESIAN_POINT('',(-0.0532246918563651,0.00796916093469381,0.00572151323031293));
#3656=CARTESIAN_POINT('',(-0.0529670903370645,0.00796728416064958,0.00578666670906286));
#3657=CARTESIAN_POINT('',(-0.052447352735962,0.00796276009883054,0.00590480428411762));
#3658=CARTESIAN_POINT('',(-0.0513977040320111,0.00795235922109683,0.00608659437856257));
#3659=CARTESIAN_POINT('',(-0.050483807776428,0.00794614470052611,0.0061471560278463));
#3660=CARTESIAN_POINT('',(-0.0498749996676471,0.00794614476011633,0.00614715503204022));
#3661=CARTESIAN_POINT('',(-0.0498749999640164,0.008,-0.00603182208551094));
#3662=CARTESIAN_POINT('',(-0.0507912519324078,0.00799999999807686,-0.00603182227649955));
#3663=CARTESIAN_POINT('',(-0.0520179410409801,0.00800003314270635,-0.0059188459032274));
#3664=CARTESIAN_POINT('',(-0.0532034678078462,0.00799993066574598,-0.00563808777177803));
#3665=CARTESIAN_POINT('',(-0.053553960778456,0.00799991831690195,-0.00554178768845675));
#3666=CARTESIAN_POINT('',(-0.053669628812409,0.00799988791505312,-0.00550350602574326));
#3667=CARTESIAN_POINT('',(-0.0538939507622043,0.00799985529551391,-0.00541409861186044));
#3668=CARTESIAN_POINT('',(-0.0542712403987008,0.00799982163105392,-0.00521977957063959));
#3669=CARTESIAN_POINT('',(-0.0547516889347173,0.00799981445037834,-0.00484470790395382));
#3670=CARTESIAN_POINT('',(-0.0551984246907484,0.00799982479048063,-0.00426537003857193));
#3671=CARTESIAN_POINT('',(-0.0553925918038484,0.00799987761120845,-0.00381539879269908));
#3672=CARTESIAN_POINT('',(-0.0554787869145818,0.00799994411497221,-0.00350933527350586));
#3673=CARTESIAN_POINT('',(-0.0555155970068982,0.00799994909135093,-0.00336348886464799));
#3674=CARTESIAN_POINT('',(-0.0555861852701785,0.00799998399923793,-0.00306889250631475));
#3675=CARTESIAN_POINT('',(-0.0556950812384016,0.00800003533581777,-0.00255051952336763));
#3676=CARTESIAN_POINT('',(-0.0558592470507667,0.00800019591703126,-0.00150355460563539));
#3677=CARTESIAN_POINT('',(-0.0559439748701686,0.00800039366467595,1.37825169980054E-5));
#3678=CARTESIAN_POINT('',(-0.0558446196506751,0.00800019514138881,0.0015382148443097));
#3679=CARTESIAN_POINT('',(-0.0556431136351962,0.00799999885993009,0.00273753486740894));
#3680=CARTESIAN_POINT('',(-0.0555022771514466,0.00799996403747942,0.00332595787623315));
#3681=CARTESIAN_POINT('',(-0.0554043233490444,0.007999930265861,0.0036748298390329));
#3682=CARTESIAN_POINT('',(-0.0553656907430416,0.00799989874945162,0.0037899017964916));
#3683=CARTESIAN_POINT('',(-0.0552765818657536,0.00799986558755279,0.00401207854883171));
#3684=CARTESIAN_POINT('',(-0.0550826555529215,0.00799982848502824,0.00438713255415963));
#3685=CARTESIAN_POINT('',(-0.0547844892917847,0.00799981570041329,0.00476817980289877));
#3686=CARTESIAN_POINT('',(-0.0544689062985031,0.00799981366743802,0.00504540953555348));
#3687=CARTESIAN_POINT('',(-0.0542735342417374,0.00799982076990799,0.00518722608192122));
#3688=CARTESIAN_POINT('',(-0.0540698107054117,0.0079998313184364,0.00531634027722002));
#3689=CARTESIAN_POINT('',(-0.0538557817838926,0.00799984327118294,0.00542541670782928));
#3690=CARTESIAN_POINT('',(-0.0536603238463073,0.00799987382998767,0.00550285399161097));
#3691=CARTESIAN_POINT('',(-0.0535607142662249,0.00799989462359046,0.00553693251281902));
#3692=CARTESIAN_POINT('',(-0.0535034366615678,0.0079999078485282,0.00555498247969425));
#3693=CARTESIAN_POINT('',(-0.0534746921835454,0.00799991458451389,0.00556351845527483));
#3694=CARTESIAN_POINT('',(-0.0534233212124826,0.0079999251151159,0.00557823343926162));
#3695=CARTESIAN_POINT('',(-0.053350760045444,0.00799992615252429,0.00559725613795661));
#3696=CARTESIAN_POINT('',(-0.0532044144052155,0.00799993764273939,0.00563506278349328));
#3697=CARTESIAN_POINT('',(-0.0529479272952858,0.00799995782620375,0.00569730877903626));
#3698=CARTESIAN_POINT('',(-0.0524308605683022,0.00799996726342874,0.00580881544958836));
#3699=CARTESIAN_POINT('',(-0.0513871500998975,0.0080001348832362,0.00597723048409846));
#3700=CARTESIAN_POINT('',(-0.0504795624112953,0.00800000000131882,0.00603178348588343));
#3701=CARTESIAN_POINT('',(-0.0498749998330427,0.008,0.00603178255602205));
#3702=CARTESIAN_POINT('',(-0.049875,0.008,-0.00591540213692455));
#3703=CARTESIAN_POINT('',(-0.0507847326455849,0.008,-0.00591540241810876));
#3704=CARTESIAN_POINT('',(-0.0520024872085829,0.008,-0.00581713958695008));
#3705=CARTESIAN_POINT('',(-0.0531824996686469,0.008,-0.00555214985385774));
#3706=CARTESIAN_POINT('',(-0.0535311145480744,0.008,-0.00545981913939448));
#3707=CARTESIAN_POINT('',(-0.0536436355061542,0.008,-0.00542625129897889));
#3708=CARTESIAN_POINT('',(-0.0538633359265904,0.008,-0.00534405530206761));
#3709=CARTESIAN_POINT('',(-0.0542331685171491,0.008,-0.00516079717718186));
#3710=CARTESIAN_POINT('',(-0.0547039174244258,0.008,-0.00479701323009567));
#3711=CARTESIAN_POINT('',(-0.0551377946692945,0.008,-0.00422872282329837));
#3712=CARTESIAN_POINT('',(-0.0553166463870756,0.008,-0.00378823351639389));
#3713=CARTESIAN_POINT('',(-0.0553931357722581,0.008,-0.00348876717003897));
#3714=CARTESIAN_POINT('',(-0.0554291760838342,0.008,-0.00334291875391831));
#3715=CARTESIAN_POINT('',(-0.0554956686922674,0.008,-0.0030501881176601));
#3716=CARTESIAN_POINT('',(-0.0555982842063571,0.008,-0.00253414072689976));
#3717=CARTESIAN_POINT('',(-0.0557483912959509,0.008,-0.00149343597189578));
#3718=CARTESIAN_POINT('',(-0.0558229121444006,0.0079999999999999,1.31906305685484E-5));
#3719=CARTESIAN_POINT('',(-0.055734547987858,0.00799999999999967,0.00152723613947484));
#3720=CARTESIAN_POINT('',(-0.0555495863546964,0.00799999999999965,0.00271945926134005));
#3721=CARTESIAN_POINT('',(-0.0554155142517039,0.00799999999999953,0.00330577037256532));
#3722=CARTESIAN_POINT('',(-0.0553227100734027,0.00799999999999951,0.00365188242891342));
#3723=CARTESIAN_POINT('',(-0.0552890117854078,0.00799999999999951,0.00376361839012232));
#3724=CARTESIAN_POINT('',(-0.0552068705249038,0.0079999999999995,0.00398137480671586));
#3725=CARTESIAN_POINT('',(-0.0550240804748454,0.00799999999999949,0.00434883458280138));
#3726=CARTESIAN_POINT('',(-0.0547345905456112,0.00799999999999945,0.0047225833376444));
#3727=CARTESIAN_POINT('',(-0.0544259819748055,0.0079999999999994,0.00499219326199139));
#3728=CARTESIAN_POINT('',(-0.0542345245411864,0.0079999999999994,0.00512911640195054));
#3729=CARTESIAN_POINT('',(-0.0540347947404471,0.00799999999999939,0.00525285071365405));
#3730=CARTESIAN_POINT('',(-0.0538249548308345,0.00799999999999935,0.00535570665784384));
#3731=CARTESIAN_POINT('',(-0.0536337425301391,0.00799999999999934,0.00542653193040741));
#3732=CARTESIAN_POINT('',(-0.0535364382934054,0.00799999999999934,0.00545704604854469));
#3733=CARTESIAN_POINT('',(-0.0534804942430895,0.00799999999999934,0.00547307363927826));
#3734=CARTESIAN_POINT('',(-0.0534524050594821,0.00799999999999934,0.00548064023523745));
#3735=CARTESIAN_POINT('',(-0.053402100331111,0.00799999999999934,0.00549380675421663));
#3736=CARTESIAN_POINT('',(-0.0533295476281391,0.00799999999999935,0.00551243425200468));
#3737=CARTESIAN_POINT('',(-0.0531840745173317,0.00799999999999936,0.00554834644516377));
#3738=CARTESIAN_POINT('',(-0.0529286968041006,0.00799999999999938,0.00560763641590802));
#3739=CARTESIAN_POINT('',(-0.0524142898472989,0.0079999999999995,0.00571239889548932));
#3740=CARTESIAN_POINT('',(-0.0513765043197166,0.00799999999999954,0.00586704814495606));
#3741=CARTESIAN_POINT('',(-0.0504752710710945,0.008,0.00591532151095971));
#3742=CARTESIAN_POINT('',(-0.049875,0.008,0.00591532065042366));
#3743=CARTESIAN_POINT('',(-0.0498750000002302,0.008,-0.0059146573391318));
#3744=CARTESIAN_POINT('',(-0.0507846909383819,0.0080000000000123,-0.00591465762089303));
#3745=CARTESIAN_POINT('',(-0.0520023883425346,0.00799999978796918,-0.00581648891976811));
#3746=CARTESIAN_POINT('',(-0.0531823655247653,0.00800000044356656,-0.00555160006516295));
#3747=CARTESIAN_POINT('',(-0.0535309683890856,0.0080000005225684,-0.00545929474477691));
#3748=CARTESIAN_POINT('',(-0.0536434692137159,0.00800000071706454,-0.00542575706108691));
#3749=CARTESIAN_POINT('',(-0.0538631400678715,0.00800000092574837,-0.00534360719928828));
#3750=CARTESIAN_POINT('',(-0.0542329249519037,0.0080000011411171,-0.0051604198367261));
#3751=CARTESIAN_POINT('',(-0.0547036118057079,0.00800000118705554,-0.00479670810293966));
#3752=CARTESIAN_POINT('',(-0.0551374067881221,0.00800000112090463,-0.00422848837236983));
#3753=CARTESIAN_POINT('',(-0.0553161605255075,0.0080000007829835,-0.00378805972626533));
#3754=CARTESIAN_POINT('',(-0.0553925878182131,0.008000000357525,-0.00348863558539004));
#3755=CARTESIAN_POINT('',(-0.0554286232051092,0.00800000032568857,-0.0033427871564279));
#3756=CARTESIAN_POINT('',(-0.0554950896115492,0.00800000010236501,-0.00305006845614544));
#3757=CARTESIAN_POINT('',(-0.0555976649463704,0.00799999977393872,-0.00253403594338452));
#3758=CARTESIAN_POINT('',(-0.0557476820951438,0.00799999874661878,-0.0014933712378346));
#3759=CARTESIAN_POINT('',(-0.0558221376443941,0.00799999748152617,1.31868439691591E-5));
#3760=CARTESIAN_POINT('',(-0.0557338438032873,0.00799999875158067,0.00152716590310017));
#3761=CARTESIAN_POINT('',(-0.0555489880129781,0.00800000000729326,0.00271934362246831));
#3762=CARTESIAN_POINT('',(-0.0554149591851796,0.00800000023007011,0.00330564122280743));
#3763=CARTESIAN_POINT('',(-0.0553221879516504,0.00800000044612436,0.00365173562262623));
#3764=CARTESIAN_POINT('',(-0.0552885212310047,0.00800000064775091,0.00376345024176555));
#3765=CARTESIAN_POINT('',(-0.0552064245458991,0.00800000085990448,0.00398117837921667));
#3766=CARTESIAN_POINT('',(-0.0550237057401939,0.00800000109726824,0.00434858957114418));
#3767=CARTESIAN_POINT('',(-0.0547342713178804,0.00800000117905791,0.00472229163379905));
#3768=CARTESIAN_POINT('',(-0.0544257073660126,0.00800000119206383,0.0049918528103457));
#3769=CARTESIAN_POINT('',(-0.0542342749762345,0.00800000114662571,0.0051287446446881));
#3770=CARTESIAN_POINT('',(-0.0540345707254589,0.00800000107914139,0.00525244453853217));
#3771=CARTESIAN_POINT('',(-0.053824757615092,0.00800000100267353,0.00535526068709749));
#3772=CARTESIAN_POINT('',(-0.0536335724759014,0.00800000080717326,0.00542604365925274));
#3773=CARTESIAN_POINT('',(-0.053536282987625,0.00800000067414598,0.0054565349740855));
#3774=CARTESIAN_POINT('',(-0.0534803474687364,0.0080000005895393,0.00547254962664735));
#3775=CARTESIAN_POINT('',(-0.0534522624773816,0.00800000054644576,0.00548011002099066));
#3776=CARTESIAN_POINT('',(-0.0534019645703089,0.00800000047907613,0.00549326663364937));
#3777=CARTESIAN_POINT('',(-0.0533294119214859,0.00800000047243931,0.00551189160313564));
#3778=CARTESIAN_POINT('',(-0.0531839443926943,0.00800000039893056,0.00554779167651658));
#3779=CARTESIAN_POINT('',(-0.0529285737768397,0.00800000026980666,0.00560706273606243));
#3780=CARTESIAN_POINT('',(-0.0524141838359445,0.00800000020943204,0.00571178206961412));
#3781=CARTESIAN_POINT('',(-0.0513764362132308,0.00799999913708267,0.0058663432523325));
#3782=CARTESIAN_POINT('',(-0.0504752436172024,0.00799999999999156,0.00591457644430304));
#3783=CARTESIAN_POINT('',(-0.0498750000010681,0.008,0.0059145755842105));
#3784=CARTESIAN_POINT('',(-0.0498750000004604,0.008,-0.00591391254133904));
#3785=CARTESIAN_POINT('',(-0.0507846492311788,0.00800000000002461,-0.00591391282367731));
#3786=CARTESIAN_POINT('',(-0.0520022894764863,0.00799999957593837,-0.00581583825258613));
#3787=CARTESIAN_POINT('',(-0.0531822313808838,0.00800000088713313,-0.00555105027646816));
#3788=CARTESIAN_POINT('',(-0.0535308222300968,0.00800000104513683,-0.00545877035015934));
#3789=CARTESIAN_POINT('',(-0.0536433029212775,0.0080000014341291,-0.00542526282319493));
#3790=CARTESIAN_POINT('',(-0.0538629442091525,0.00800000185149677,-0.00534315909650895));
#3791=CARTESIAN_POINT('',(-0.0542326813866583,0.00800000228223421,-0.00516004249627035));
#3792=CARTESIAN_POINT('',(-0.0547033061869901,0.0080000023741111,-0.00479640297578364));
#3793=CARTESIAN_POINT('',(-0.0551370189069496,0.00800000224180929,-0.0042282539214413));
#3794=CARTESIAN_POINT('',(-0.0553156746639393,0.00800000156596702,-0.00378788593613677));
#3795=CARTESIAN_POINT('',(-0.0553920398641681,0.00800000071505002,-0.00348850400074111));
#3796=CARTESIAN_POINT('',(-0.0554280703263841,0.00800000065137715,-0.00334265555893748));
#3797=CARTESIAN_POINT('',(-0.0554945105308311,0.00800000020473004,-0.00304994879463077));
#3798=CARTESIAN_POINT('',(-0.0555970456863837,0.00799999954787745,-0.00253393115986928));
#3799=CARTESIAN_POINT('',(-0.0557469728943367,0.00799999749323758,-0.00149330650377341));
#3800=CARTESIAN_POINT('',(-0.0558213631443876,0.00799999496305245,1.31830573697698E-5));
#3801=CARTESIAN_POINT('',(-0.0557331396187167,0.00799999750316167,0.0015270956667255));
#3802=CARTESIAN_POINT('',(-0.0555483896712598,0.00800000001458686,0.00271922798359657));
#3803=CARTESIAN_POINT('',(-0.0554144041186553,0.0080000004601407,0.00330551207304955));
#3804=CARTESIAN_POINT('',(-0.0553216658298981,0.00800000089224921,0.00365158881633905));
#3805=CARTESIAN_POINT('',(-0.0552880306766015,0.00800000129550231,0.00376328209340878));
#3806=CARTESIAN_POINT('',(-0.0552059785668944,0.00800000171980947,0.00398098195171747));
#3807=CARTESIAN_POINT('',(-0.0550233310055424,0.008000002194537,0.00434834455948698));
#3808=CARTESIAN_POINT('',(-0.0547339520901495,0.00800000235811636,0.00472199992995369));
#3809=CARTESIAN_POINT('',(-0.0544254327572198,0.00800000238412827,0.00499151235870001));
#3810=CARTESIAN_POINT('',(-0.0542340254112827,0.00800000229325203,0.00512837288742566));
#3811=CARTESIAN_POINT('',(-0.0540343467104706,0.00800000215828339,0.00525203836341028));
#3812=CARTESIAN_POINT('',(-0.0538245603993496,0.00800000200534771,0.00535481471635113));
#3813=CARTESIAN_POINT('',(-0.0536334024216637,0.00800000161434718,0.00542555538809807));
#3814=CARTESIAN_POINT('',(-0.0535361276818445,0.00800000134829261,0.00545602389962632));
#3815=CARTESIAN_POINT('',(-0.0534802006943833,0.00800000117907926,0.00547202561401645));
#3816=CARTESIAN_POINT('',(-0.0534521198952811,0.00800000109289219,0.00547957980674387));
#3817=CARTESIAN_POINT('',(-0.0534018288095067,0.00800000095815293,0.00549272651308211));
#3818=CARTESIAN_POINT('',(-0.0533292762148327,0.00800000094487928,0.0055113489542666));
#3819=CARTESIAN_POINT('',(-0.0531838142680568,0.00800000079786176,0.00554723690786939));
#3820=CARTESIAN_POINT('',(-0.0529284507495788,0.00800000053961395,0.00560648905621684));
#3821=CARTESIAN_POINT('',(-0.0524140778245901,0.00800000041886458,0.00571116524373891));
#3822=CARTESIAN_POINT('',(-0.0513763681067449,0.00799999827416581,0.00586563835970894));
#3823=CARTESIAN_POINT('',(-0.0504752161633103,0.00799999999998313,0.00591383137764637));
#3824=CARTESIAN_POINT('',(-0.0498750000021363,0.008,0.00591383051799734));
#3825=CARTESIAN_POINT('',(-0.0498750000006906,0.008,-0.00591316774354629));
#3826=CARTESIAN_POINT('',(-0.0507846075239757,0.00800000000003691,-0.00591316802646158));
#3827=CARTESIAN_POINT('',(-0.0520021906104381,0.00799999936390757,-0.00581518758540415));
#3828=CARTESIAN_POINT('',(-0.0531820972370022,0.00800000133069972,-0.00555050048777337));
#3829=CARTESIAN_POINT('',(-0.053530676071108,0.00800000156770527,-0.00545824595554176));
#3830=CARTESIAN_POINT('',(-0.0536431366288391,0.00800000215119367,-0.00542476858530295));
#3831=CARTESIAN_POINT('',(-0.0538627483504335,0.00800000277724517,-0.00534271099372962));
#3832=CARTESIAN_POINT('',(-0.054232437821413,0.00800000342335133,-0.00515966515581459));
#3833=CARTESIAN_POINT('',(-0.0547030005682722,0.00800000356116667,-0.00479609784862763));
#3834=CARTESIAN_POINT('',(-0.0551366310257772,0.00800000336271395,-0.00422801947051276));
#3835=CARTESIAN_POINT('',(-0.0553151888023712,0.00800000234895054,-0.00378771214600821));
#3836=CARTESIAN_POINT('',(-0.055391491910123,0.00800000107257504,-0.00348837241609218));
#3837=CARTESIAN_POINT('',(-0.055427517447659,0.00800000097706574,-0.00334252396144707));
#3838=CARTESIAN_POINT('',(-0.0554939314501129,0.00800000030709507,-0.00304982913311611));
#3839=CARTESIAN_POINT('',(-0.0555964264263971,0.0079999993218162,-0.00253382637635403));
#3840=CARTESIAN_POINT('',(-0.0557462636935296,0.00799999623985639,-0.00149324176971223));
#3841=CARTESIAN_POINT('',(-0.0558205886443811,0.00799999244457872,1.31792707703805E-5));
#3842=CARTESIAN_POINT('',(-0.055732435434146,0.00799999625474267,0.00152702543035082));
#3843=CARTESIAN_POINT('',(-0.0555477913295416,0.00800000002188047,0.00271911234472483));
#3844=CARTESIAN_POINT('',(-0.055413849052131,0.00800000069021128,0.00330538292329166));
#3845=CARTESIAN_POINT('',(-0.0553211437081459,0.00800000133837407,0.00365144201005186));
#3846=CARTESIAN_POINT('',(-0.0552875401221983,0.00800000194325371,0.00376311394505201));
#3847=CARTESIAN_POINT('',(-0.0552055325878898,0.00800000257971445,0.00398078552421828));
#3848=CARTESIAN_POINT('',(-0.0550229562708909,0.00800000329180576,0.00434809954782977));
#3849=CARTESIAN_POINT('',(-0.0547336328624187,0.00800000353717482,0.00472170822610833));
#3850=CARTESIAN_POINT('',(-0.054425158148427,0.00800000357619271,0.00499117190705432));
#3851=CARTESIAN_POINT('',(-0.0542337758463308,0.00800000343987834,0.00512800113016322));
#3852=CARTESIAN_POINT('',(-0.0540341226954823,0.00800000323742538,0.0052516321882884));
#3853=CARTESIAN_POINT('',(-0.0538243631836072,0.00800000300802189,0.00535436874560477));
#3854=CARTESIAN_POINT('',(-0.053633232367426,0.0080000024215211,0.0054250671169434));
#3855=CARTESIAN_POINT('',(-0.0535359723760641,0.00800000202243925,0.00545551282516713));
#3856=CARTESIAN_POINT('',(-0.0534800539200302,0.00800000176861923,0.00547150160138554));
#3857=CARTESIAN_POINT('',(-0.0534519773131806,0.00800000163933862,0.00547904959249708));
#3858=CARTESIAN_POINT('',(-0.0534016930487046,0.00800000143722973,0.00549218639251484));
#3859=CARTESIAN_POINT('',(-0.0533291405081795,0.00800000141731924,0.00551080630539756));
#3860=CARTESIAN_POINT('',(-0.0531836841434194,0.00800000119679295,0.00554668213922219));
#3861=CARTESIAN_POINT('',(-0.0529283277223179,0.00800000080942123,0.00560591537637124));
#3862=CARTESIAN_POINT('',(-0.0524139718132357,0.00800000062829712,0.00571054841786371));
#3863=CARTESIAN_POINT('',(-0.0513763000002591,0.00799999741124895,0.00586493346708538));
#3864=CARTESIAN_POINT('',(-0.0504751887094181,0.00799999999997469,0.0059130863109897));
#3865=CARTESIAN_POINT('',(-0.0498750000032044,0.008,0.00591308545178418));
#3866=CARTESIAN_POINT('',(-0.057175,0.,0.0073));
#3867=CARTESIAN_POINT('',(-0.057175,0.,-0.0073));
#3868=CARTESIAN_POINT('',(-0.055075,0.0057,-0.0052));
#3869=CARTESIAN_POINT('',(-0.055075,0.0057,-0.0052));
#3870=CARTESIAN_POINT('',(-0.058775,0.,0.0089));
#3871=CARTESIAN_POINT('',(-0.058975,0.,0.0089));
#3872=CARTESIAN_POINT('',(-0.058975,0.,-0.0091));
#3873=CARTESIAN_POINT('',(-0.058975,0.,-0.0089));
#3874=CARTESIAN_POINT('',(-0.058775,0.,-0.0089));
#3875=CARTESIAN_POINT('',(-0.05,0.,0.));
#3876=CARTESIAN_POINT('',(-0.05,0.,0.));
#3877=CARTESIAN_POINT('',(-0.05,0.,0.0028));
#3878=CARTESIAN_POINT('',(-0.05,0.0057,0.));
#3879=CARTESIAN_POINT('',(-0.0472,0.0057,0.));
#3880=CARTESIAN_POINT('',(-0.05205,0.,0.000585));
#3881=CARTESIAN_POINT('',(-0.05205,0.0003,0.0002925));
#3882=CARTESIAN_POINT('',(-0.05205,0.0003,-0.000585));
#3883=CARTESIAN_POINT('',(-0.05205,0.0003,0.000585));
#3884=CARTESIAN_POINT('',(-0.05205,0.,-0.000585));
#3885=CARTESIAN_POINT('',(-0.05205,0.0047,-0.000585));
#3886=CARTESIAN_POINT('',(-0.05205,0.0047,0.0002925));
#3887=CARTESIAN_POINT('',(-0.05205,0.0047,0.000585));
#3888=CARTESIAN_POINT('',(-0.05205,0.,0.000585));
#3889=CARTESIAN_POINT('',(-0.05205,0.,-0.000585));
#3890=CARTESIAN_POINT('',(-0.051025,0.0003,-0.000585));
#3891=CARTESIAN_POINT('',(-0.050585,0.0003,-0.000585));
#3892=CARTESIAN_POINT('',(-0.050585,0.,-0.000585));
#3893=CARTESIAN_POINT('',(-0.050585,0.0047,-0.000585));
#3894=CARTESIAN_POINT('',(-0.051025,0.0047,-0.000585));
#3895=CARTESIAN_POINT('',(-0.049415,0.,0.000585));
#3896=CARTESIAN_POINT('',(-0.049415,0.0003,0.0002925));
#3897=CARTESIAN_POINT('',(-0.049415,0.0003,0.00205));
#3898=CARTESIAN_POINT('',(-0.049415,0.0003,0.000585));
#3899=CARTESIAN_POINT('',(-0.049415,0.,0.00205));
#3900=CARTESIAN_POINT('',(-0.049415,0.0047,0.00205));
#3901=CARTESIAN_POINT('',(-0.049415,0.0047,0.0002925));
#3902=CARTESIAN_POINT('',(-0.049415,0.0047,0.000585));
#3903=CARTESIAN_POINT('',(-0.049415,0.,0.000585));
#3904=CARTESIAN_POINT('',(-0.049415,0.,0.00205));
#3905=CARTESIAN_POINT('',(-0.0497075,0.0003,0.00205));
#3906=CARTESIAN_POINT('',(-0.050585,0.0003,0.00205));
#3907=CARTESIAN_POINT('',(-0.050585,0.,0.00205));
#3908=CARTESIAN_POINT('',(-0.050585,0.0047,0.00205));
#3909=CARTESIAN_POINT('',(-0.0497075,0.0047,0.00205));
#3910=CARTESIAN_POINT('',(-0.050585,0.,0.00205));
#3911=CARTESIAN_POINT('',(-0.050585,0.0003,0.001025));
#3912=CARTESIAN_POINT('',(-0.050585,0.0003,0.000585));
#3913=CARTESIAN_POINT('',(-0.050585,0.,0.000585));
#3914=CARTESIAN_POINT('',(-0.050585,0.0047,0.000585));
#3915=CARTESIAN_POINT('',(-0.050585,0.0047,0.001025));
#3916=CARTESIAN_POINT('',(-0.050585,0.,0.000585));
#3917=CARTESIAN_POINT('',(-0.0502925,0.0003,0.000585));
#3918=CARTESIAN_POINT('',(-0.0502925,0.0047,0.000585));
#3919=CARTESIAN_POINT('',(-0.05,0.0047,0.));
#3920=CARTESIAN_POINT('',(-0.05205,0.0047,-0.000585));
#3921=CARTESIAN_POINT('',(-0.04795,0.0047,-0.000585));
#3922=CARTESIAN_POINT('',(-0.049415,0.0047,-0.000585));
#3923=CARTESIAN_POINT('',(-0.04795,0.0047,-0.0002925));
#3924=CARTESIAN_POINT('',(-0.04795,0.0047,0.000585));
#3925=CARTESIAN_POINT('',(-0.050585,0.0047,0.000585));
#3926=CARTESIAN_POINT('',(-0.050585,0.0047,0.00205));
#3927=CARTESIAN_POINT('',(-0.050585,0.0047,-0.00205));
#3928=CARTESIAN_POINT('',(-0.0502925,0.0047,-0.00205));
#3929=CARTESIAN_POINT('',(-0.049415,0.0047,-0.00205));
#3930=CARTESIAN_POINT('',(-0.049415,0.0047,0.000585));
#3931=CARTESIAN_POINT('',(0.049875,0.,0.));
#3932=CARTESIAN_POINT('',(-0.0502925,0.,0.000885));
#3933=CARTESIAN_POINT('',(-0.04765,-3.43330687953743E-19,0.000885));
#3934=CARTESIAN_POINT('',(-0.049115,0.,0.000885));
#3935=CARTESIAN_POINT('',(-0.04765,0.,-0.0002925));
#3936=CARTESIAN_POINT('',(-0.04765,0.,-0.000885));
#3937=CARTESIAN_POINT('',(-0.051025,0.,-0.000885));
#3938=CARTESIAN_POINT('',(-0.049115,-1.20466908053945E-20,-0.000885));
#3939=CARTESIAN_POINT('',(-0.049115,0.,0.0002925));
#3940=CARTESIAN_POINT('',(-0.049115,0.,-0.00235));
#3941=CARTESIAN_POINT('',(-0.0502925,0.,-0.00235));
#3942=CARTESIAN_POINT('',(-0.050885,3.61400724161835E-20,-0.00235));
#3943=CARTESIAN_POINT('',(-0.050885,0.,0.001025));
#3944=CARTESIAN_POINT('',(-0.050885,0.,-0.000885));
#3945=CARTESIAN_POINT('',(-0.051025,0.,-0.000885));
#3946=CARTESIAN_POINT('',(-0.05235,2.71050543121376E-20,-0.000885));
#3947=CARTESIAN_POINT('',(-0.05235,0.,0.0002925));
#3948=CARTESIAN_POINT('',(-0.05235,0.,0.000885));
#3949=CARTESIAN_POINT('',(-0.0502925,0.,0.000885));
#3950=CARTESIAN_POINT('',(-0.050885,-1.20466908053945E-20,0.000885));
#3951=CARTESIAN_POINT('',(-0.050885,0.,0.001025));
#3952=CARTESIAN_POINT('',(-0.050885,0.,0.00235));
#3953=CARTESIAN_POINT('',(-0.0497075,0.,0.00235));
#3954=CARTESIAN_POINT('',(-0.049115,3.61400724161835E-20,0.00235));
#3955=CARTESIAN_POINT('',(-0.049115,0.,0.0002925));
#3956=CARTESIAN_POINT('',(-0.050585,0.,0.000585));
#3957=CARTESIAN_POINT('',(-0.0502925,0.0003,0.000585));
#3958=CARTESIAN_POINT('',(-0.04795,0.0003,0.000585));
#3959=CARTESIAN_POINT('',(-0.04795,0.,0.000585));
#3960=CARTESIAN_POINT('',(-0.04795,0.,-0.000585));
#3961=CARTESIAN_POINT('',(-0.04795,0.0003,-0.0002925));
#3962=CARTESIAN_POINT('',(-0.04795,0.0003,-0.000585));
#3963=CARTESIAN_POINT('',(-0.04795,0.,-0.000585));
#3964=CARTESIAN_POINT('',(-0.05205,0.,-0.000585));
#3965=CARTESIAN_POINT('',(-0.051025,0.0003,-0.000585));
#3966=CARTESIAN_POINT('',(-0.049415,0.0003,-0.000585));
#3967=CARTESIAN_POINT('',(-0.049415,0.,-0.000585));
#3968=CARTESIAN_POINT('',(-0.049415,0.,0.000585));
#3969=CARTESIAN_POINT('',(-0.049415,0.0003,0.0002925));
#3970=CARTESIAN_POINT('',(-0.049415,0.0003,-0.00205));
#3971=CARTESIAN_POINT('',(-0.049415,0.,-0.00205));
#3972=CARTESIAN_POINT('',(-0.050585,0.,-0.00205));
#3973=CARTESIAN_POINT('',(-0.0502925,0.0003,-0.00205));
#3974=CARTESIAN_POINT('',(-0.050585,0.0003,-0.00205));
#3975=CARTESIAN_POINT('',(-0.050585,0.,-0.00205));
#3976=CARTESIAN_POINT('',(-0.050585,0.,0.00205));
#3977=CARTESIAN_POINT('',(-0.050585,0.0003,0.001025));
#3978=CARTESIAN_POINT('',(-0.049265,0.00015,0.0002925));
#3979=CARTESIAN_POINT('',(-0.0496075,0.0004925,-0.0018575));
#3980=CARTESIAN_POINT('',(-0.0496075,0.0004925,-0.0003925));
#3981=CARTESIAN_POINT('',(-0.0502925,0.00015,-0.0022));
#3982=CARTESIAN_POINT('',(-0.04966,0.001225,-0.001125));
#3983=CARTESIAN_POINT('',(-0.050735,0.00015,0.001025));
#3984=CARTESIAN_POINT('',(-0.0508316666666667,5.33333333333338E-5,-0.000831666666666666));
#3985=CARTESIAN_POINT('',(-0.0478,0.00015,-0.0002925));
#3986=CARTESIAN_POINT('',(-0.0486308333333333,0.000980833333333334,-9.58333333333338E-5));
#3987=CARTESIAN_POINT('',(-0.048875,0.001225,0.00034));
#3988=CARTESIAN_POINT('',(-0.051025,0.00015,-0.000735));
#3989=CARTESIAN_POINT('',(-0.05235,0.,-0.000885));
#3990=CARTESIAN_POINT('',(-0.0522,0.00015,0.0002925));
#3991=CARTESIAN_POINT('',(-0.05235,0.,0.000885));
#3992=CARTESIAN_POINT('',(-0.0502925,0.00015,0.000735));
#3993=CARTESIAN_POINT('',(-0.050885,0.,0.000885));
#3994=CARTESIAN_POINT('',(-0.050735,0.00015,0.001025));
#3995=CARTESIAN_POINT('',(-0.050885,0.,0.00235));
#3996=CARTESIAN_POINT('',(-0.0497075,0.00015,0.0022));
#3997=CARTESIAN_POINT('',(-0.049115,0.,0.00235));
#3998=CARTESIAN_POINT('',(-0.049265,0.00015,0.0002925));
#3999=CARTESIAN_POINT('',(-0.0496075,0.0004925,0.0003925));
#4000=CARTESIAN_POINT('',(-0.0502925,0.00015,0.000735));
#4001=CARTESIAN_POINT('',(-0.051025,0.00015,-0.000735));
#4002=CARTESIAN_POINT('',(0.,0.,0.));
#4003=CARTESIAN_POINT('',(0.,0.,0.));
#4004=CARTESIAN_POINT('',(0.,0.,0.0028));
#4005=CARTESIAN_POINT('',(0.,0.0057,0.));
#4006=CARTESIAN_POINT('',(0.0028,0.0057,0.));
#4007=CARTESIAN_POINT('',(-0.00205,0.,0.000585));
#4008=CARTESIAN_POINT('',(-0.00205,0.0003,0.0002925));
#4009=CARTESIAN_POINT('',(-0.00205,0.0003,-0.000585));
#4010=CARTESIAN_POINT('',(-0.00205,0.0003,0.000585));
#4011=CARTESIAN_POINT('',(-0.00205,0.,-0.000585));
#4012=CARTESIAN_POINT('',(-0.00205,0.0047,-0.000585));
#4013=CARTESIAN_POINT('',(-0.00205,0.0047,0.000585));
#4014=CARTESIAN_POINT('',(-0.00205,0.0047,0.000585));
#4015=CARTESIAN_POINT('',(-0.00205,0.,0.000585));
#4016=CARTESIAN_POINT('',(-0.05205,0.,-0.000585));
#4017=CARTESIAN_POINT('',(-0.051025,0.0003,-0.000585));
#4018=CARTESIAN_POINT('',(-0.000585,0.0003,-0.000585));
#4019=CARTESIAN_POINT('',(-0.000585,0.,-0.000585));
#4020=CARTESIAN_POINT('',(-0.000585,0.0047,-0.000585));
#4021=CARTESIAN_POINT('',(-0.05205,0.0047,-0.000585));
#4022=CARTESIAN_POINT('',(0.000585,0.,0.000585));
#4023=CARTESIAN_POINT('',(0.000585,0.0003,0.0002925));
#4024=CARTESIAN_POINT('',(0.000585,0.0003,0.00205));
#4025=CARTESIAN_POINT('',(0.000585,0.0003,0.000585));
#4026=CARTESIAN_POINT('',(0.000585,0.,0.00205));
#4027=CARTESIAN_POINT('',(0.000585,0.0047,0.00205));
#4028=CARTESIAN_POINT('',(0.000585,0.0047,0.000585));
#4029=CARTESIAN_POINT('',(0.000585,0.0047,0.000585));
#4030=CARTESIAN_POINT('',(0.000585,0.,0.000585));
#4031=CARTESIAN_POINT('',(-0.049415,0.,0.00205));
#4032=CARTESIAN_POINT('',(-0.0497075,0.0003,0.00205));
#4033=CARTESIAN_POINT('',(-0.000585,0.0003,0.00205));
#4034=CARTESIAN_POINT('',(-0.000585,0.,0.00205));
#4035=CARTESIAN_POINT('',(-0.000585,0.0047,0.00205));
#4036=CARTESIAN_POINT('',(-0.049415,0.0047,0.00205));
#4037=CARTESIAN_POINT('',(-0.000585,0.,0.00205));
#4038=CARTESIAN_POINT('',(-0.000585,0.0003,0.001025));
#4039=CARTESIAN_POINT('',(-0.000585,0.0003,0.000585));
#4040=CARTESIAN_POINT('',(-0.000585,0.,0.000585));
#4041=CARTESIAN_POINT('',(-0.000585,0.0047,0.000585));
#4042=CARTESIAN_POINT('',(-0.000585,0.0047,0.00205));
#4043=CARTESIAN_POINT('',(-0.050585,0.,0.000585));
#4044=CARTESIAN_POINT('',(-0.0502925,0.0003,0.000585));
#4045=CARTESIAN_POINT('',(-0.050585,0.0047,0.000585));
#4046=CARTESIAN_POINT('',(-0.05,0.0047,0.));
#4047=CARTESIAN_POINT('',(-0.05205,0.0047,-0.000585));
#4048=CARTESIAN_POINT('',(0.00205,0.0047,-0.000585));
#4049=CARTESIAN_POINT('',(0.000585,0.0047,-0.000585));
#4050=CARTESIAN_POINT('',(0.00205,0.0047,-0.000585));
#4051=CARTESIAN_POINT('',(0.00205,0.0047,0.000585));
#4052=CARTESIAN_POINT('',(-0.050585,0.0047,0.000585));
#4053=CARTESIAN_POINT('',(-0.000585,0.0047,0.00205));
#4054=CARTESIAN_POINT('',(-0.000585,0.0047,-0.00205));
#4055=CARTESIAN_POINT('',(-0.050585,0.0047,-0.00205));
#4056=CARTESIAN_POINT('',(0.000585,0.0047,-0.00205));
#4057=CARTESIAN_POINT('',(0.000585,0.0047,0.000585));
#4058=CARTESIAN_POINT('',(0.049875,0.,0.));
#4059=CARTESIAN_POINT('',(-0.0502925,0.,0.000885));
#4060=CARTESIAN_POINT('',(0.00235,1.35525271560688E-20,0.000885));
#4061=CARTESIAN_POINT('',(0.000885,-1.20466908053945E-20,0.000885));
#4062=CARTESIAN_POINT('',(0.00235,0.,-0.0002925));
#4063=CARTESIAN_POINT('',(0.00235,3.61400724161835E-20,-0.000885));
#4064=CARTESIAN_POINT('',(-0.051025,0.,-0.000885));
#4065=CARTESIAN_POINT('',(0.000885,-1.20466908053945E-20,-0.000885));
#4066=CARTESIAN_POINT('',(0.000885,0.,0.0002925));
#4067=CARTESIAN_POINT('',(0.000885,2.71050543121376E-20,-0.00235));
#4068=CARTESIAN_POINT('',(-0.0502925,0.,-0.00235));
#4069=CARTESIAN_POINT('',(-0.000885,3.61400724161835E-20,-0.00235));
#4070=CARTESIAN_POINT('',(-0.000885,0.,0.001025));
#4071=CARTESIAN_POINT('',(-0.000885,-1.20466908053945E-20,-0.000885));
#4072=CARTESIAN_POINT('',(-0.051025,0.,-0.000885));
#4073=CARTESIAN_POINT('',(-0.00235,2.71050543121376E-20,-0.000885));
#4074=CARTESIAN_POINT('',(-0.00235,0.,0.0002925));
#4075=CARTESIAN_POINT('',(-0.00235,3.61400724161835E-20,0.000885));
#4076=CARTESIAN_POINT('',(-0.0502925,0.,0.000885));
#4077=CARTESIAN_POINT('',(-0.000885,-1.20466908053945E-20,0.000885));
#4078=CARTESIAN_POINT('',(-0.000885,0.,0.001025));
#4079=CARTESIAN_POINT('',(-0.000885,2.71050543121376E-20,0.00235));
#4080=CARTESIAN_POINT('',(-0.0497075,0.,0.00235));
#4081=CARTESIAN_POINT('',(0.000885,3.61400724161835E-20,0.00235));
#4082=CARTESIAN_POINT('',(0.000885,0.,0.0002925));
#4083=CARTESIAN_POINT('',(-0.050585,0.,0.000585));
#4084=CARTESIAN_POINT('',(-0.0502925,0.0003,0.000585));
#4085=CARTESIAN_POINT('',(0.00205,0.0003,0.000585));
#4086=CARTESIAN_POINT('',(0.00205,0.,0.000585));
#4087=CARTESIAN_POINT('',(0.00205,0.,-0.000585));
#4088=CARTESIAN_POINT('',(0.00205,0.0003,-0.0002925));
#4089=CARTESIAN_POINT('',(0.00205,0.0003,-0.000585));
#4090=CARTESIAN_POINT('',(0.00205,0.,-0.000585));
#4091=CARTESIAN_POINT('',(-0.05205,0.,-0.000585));
#4092=CARTESIAN_POINT('',(-0.051025,0.0003,-0.000585));
#4093=CARTESIAN_POINT('',(0.000585,0.0003,-0.000585));
#4094=CARTESIAN_POINT('',(0.000585,0.,-0.000585));
#4095=CARTESIAN_POINT('',(0.000585,0.,0.000585));
#4096=CARTESIAN_POINT('',(0.000585,0.0003,0.0002925));
#4097=CARTESIAN_POINT('',(0.000585,0.0003,-0.00205));
#4098=CARTESIAN_POINT('',(0.000585,0.,-0.00205));
#4099=CARTESIAN_POINT('',(-0.050585,0.,-0.00205));
#4100=CARTESIAN_POINT('',(-0.0502925,0.0003,-0.00205));
#4101=CARTESIAN_POINT('',(-0.000585,0.0003,-0.00205));
#4102=CARTESIAN_POINT('',(-0.000585,0.,-0.00205));
#4103=CARTESIAN_POINT('',(-0.000585,0.,0.00205));
#4104=CARTESIAN_POINT('',(-0.000585,0.0003,0.001025));
#4105=CARTESIAN_POINT('',(0.000735,0.00015,0.0002925));
#4106=CARTESIAN_POINT('',(-0.0162741666666666,0.0171591666666666,0.0148091666666667));
#4107=CARTESIAN_POINT('',(0.0003925,0.0004925,-0.0003925));
#4108=CARTESIAN_POINT('',(-0.0502925,0.00015,-0.0022));
#4109=CARTESIAN_POINT('',(0.00034,0.001225,-0.001125));
#4110=CARTESIAN_POINT('',(-0.000735,0.00015,0.001025));
#4111=CARTESIAN_POINT('',(-0.0174983333333334,-0.0166133333333334,-0.0174983333333334));
#4112=CARTESIAN_POINT('',(0.0022,0.00015,-0.0002925));
#4113=CARTESIAN_POINT('',(-0.0152975,0.0176475,-0.0167625));
#4114=CARTESIAN_POINT('',(-0.0155416666666667,0.0178916666666666,0.0170066666666666));
#4115=CARTESIAN_POINT('',(-0.051025,0.00015,-0.000735));
#4116=CARTESIAN_POINT('',(-0.0018575,0.0004925,-0.0003925));
#4117=CARTESIAN_POINT('',(-0.0022,0.00015,0.0002925));
#4118=CARTESIAN_POINT('',(-0.0182308333333334,-0.0158808333333334,0.0167658333333334));
#4119=CARTESIAN_POINT('',(-0.0502925,0.00015,0.000735));
#4120=CARTESIAN_POINT('',(-0.000831666666666667,5.33333333333334E-5,0.000831666666666667));
#4121=CARTESIAN_POINT('',(-0.000735,0.00015,0.001025));
#4122=CARTESIAN_POINT('',(-0.0170591666666667,-0.0161741666666666,0.0185241666666667));
#4123=CARTESIAN_POINT('',(-0.0497075,0.00015,0.0022));
#4124=CARTESIAN_POINT('',(9.91666666666667E-5,0.000785833333333333,0.00156416666666667));
#4125=CARTESIAN_POINT('',(0.000735,0.00015,0.0002925));
#4126=CARTESIAN_POINT('',(-0.0162741666666666,0.0171591666666666,-0.0162741666666666));
#4127=CARTESIAN_POINT('',(-0.0502925,0.00015,0.000735));
#4128=CARTESIAN_POINT('',(-0.051025,0.00015,-0.000735));
#4129=CARTESIAN_POINT('',(0.05,0.,0.));
#4130=CARTESIAN_POINT('',(0.05,0.,0.));
#4131=CARTESIAN_POINT('',(0.05,0.,0.0028));
#4132=CARTESIAN_POINT('',(0.04795,0.,0.000585));
#4133=CARTESIAN_POINT('',(0.04795,0.0003,0.0002925));
#4134=CARTESIAN_POINT('',(0.04795,0.0003,-0.000585));
#4135=CARTESIAN_POINT('',(0.04795,0.0003,0.000585));
#4136=CARTESIAN_POINT('',(0.04795,0.,-0.000585));
#4137=CARTESIAN_POINT('',(0.04795,0.0047,-0.000585));
#4138=CARTESIAN_POINT('',(0.04795,0.0047,0.000585));
#4139=CARTESIAN_POINT('',(0.04795,0.0047,0.000585));
#4140=CARTESIAN_POINT('',(0.04795,0.,0.000585));
#4141=CARTESIAN_POINT('',(-0.05205,0.,-0.000585));
#4142=CARTESIAN_POINT('',(-0.051025,0.0003,-0.000585));
#4143=CARTESIAN_POINT('',(0.049415,0.0003,-0.000585));
#4144=CARTESIAN_POINT('',(0.049415,0.,-0.000585));
#4145=CARTESIAN_POINT('',(0.049415,0.0047,-0.000585));
#4146=CARTESIAN_POINT('',(-0.05205,0.0047,-0.000585));
#4147=CARTESIAN_POINT('',(0.050585,0.,0.000585));
#4148=CARTESIAN_POINT('',(0.050585,0.0003,0.0002925));
#4149=CARTESIAN_POINT('',(0.050585,0.0003,0.00205));
#4150=CARTESIAN_POINT('',(0.050585,0.0003,0.000585));
#4151=CARTESIAN_POINT('',(0.050585,0.,0.00205));
#4152=CARTESIAN_POINT('',(0.050585,0.0047,0.00205));
#4153=CARTESIAN_POINT('',(0.050585,0.0047,0.000585));
#4154=CARTESIAN_POINT('',(0.050585,0.0047,0.000585));
#4155=CARTESIAN_POINT('',(0.050585,0.,0.000585));
#4156=CARTESIAN_POINT('',(-0.049415,0.,0.00205));
#4157=CARTESIAN_POINT('',(-0.0497075,0.0003,0.00205));
#4158=CARTESIAN_POINT('',(0.049415,0.0003,0.00205));
#4159=CARTESIAN_POINT('',(0.049415,0.,0.00205));
#4160=CARTESIAN_POINT('',(0.049415,0.0047,0.00205));
#4161=CARTESIAN_POINT('',(-0.049415,0.0047,0.00205));
#4162=CARTESIAN_POINT('',(0.049415,0.,0.00205));
#4163=CARTESIAN_POINT('',(0.049415,0.0003,0.001025));
#4164=CARTESIAN_POINT('',(0.049415,0.0003,0.000585));
#4165=CARTESIAN_POINT('',(0.049415,0.,0.000585));
#4166=CARTESIAN_POINT('',(0.049415,0.0047,0.000585));
#4167=CARTESIAN_POINT('',(0.049415,0.0047,0.00205));
#4168=CARTESIAN_POINT('',(-0.050585,0.,0.000585));
#4169=CARTESIAN_POINT('',(-0.0502925,0.0003,0.000585));
#4170=CARTESIAN_POINT('',(-0.050585,0.0047,0.000585));
#4171=CARTESIAN_POINT('',(-0.05,0.0047,0.));
#4172=CARTESIAN_POINT('',(-0.05205,0.0047,-0.000585));
#4173=CARTESIAN_POINT('',(0.05205,0.0047,-0.000585));
#4174=CARTESIAN_POINT('',(0.050585,0.0047,-0.000585));
#4175=CARTESIAN_POINT('',(0.05205,0.0047,-0.000585));
#4176=CARTESIAN_POINT('',(0.05205,0.0047,0.000585));
#4177=CARTESIAN_POINT('',(-0.050585,0.0047,0.000585));
#4178=CARTESIAN_POINT('',(0.049415,0.0047,0.00205));
#4179=CARTESIAN_POINT('',(0.049415,0.0047,-0.00205));
#4180=CARTESIAN_POINT('',(-0.050585,0.0047,-0.00205));
#4181=CARTESIAN_POINT('',(0.050585,0.0047,-0.00205));
#4182=CARTESIAN_POINT('',(0.050585,0.0047,0.000585));
#4183=CARTESIAN_POINT('',(0.049875,0.,0.));
#4184=CARTESIAN_POINT('',(-0.0502925,0.,0.000885));
#4185=CARTESIAN_POINT('',(0.05235,-3.43330687953743E-19,0.000885));
#4186=CARTESIAN_POINT('',(0.050885,0.,0.000885));
#4187=CARTESIAN_POINT('',(0.05235,0.,-0.0002925));
#4188=CARTESIAN_POINT('',(0.05235,0.,-0.000885));
#4189=CARTESIAN_POINT('',(-0.051025,0.,-0.000885));
#4190=CARTESIAN_POINT('',(0.050885,-1.20466908053945E-20,-0.000885));
#4191=CARTESIAN_POINT('',(0.050885,0.,0.0002925));
#4192=CARTESIAN_POINT('',(0.050885,0.,-0.00235));
#4193=CARTESIAN_POINT('',(-0.0502925,0.,-0.00235));
#4194=CARTESIAN_POINT('',(0.049115,3.61400724161835E-20,-0.00235));
#4195=CARTESIAN_POINT('',(0.049115,0.,0.001025));
#4196=CARTESIAN_POINT('',(0.049115,0.,-0.000885));
#4197=CARTESIAN_POINT('',(-0.051025,0.,-0.000885));
#4198=CARTESIAN_POINT('',(0.04765,2.71050543121376E-20,-0.000885));
#4199=CARTESIAN_POINT('',(0.04765,0.,0.0002925));
#4200=CARTESIAN_POINT('',(0.04765,0.,0.000885));
#4201=CARTESIAN_POINT('',(-0.0502925,0.,0.000885));
#4202=CARTESIAN_POINT('',(0.049115,-1.20466908053945E-20,0.000885));
#4203=CARTESIAN_POINT('',(0.049115,0.,0.001025));
#4204=CARTESIAN_POINT('',(0.049115,0.,0.00235));
#4205=CARTESIAN_POINT('',(-0.0497075,0.,0.00235));
#4206=CARTESIAN_POINT('',(0.050885,3.61400724161835E-20,0.00235));
#4207=CARTESIAN_POINT('',(0.050885,0.,0.0002925));
#4208=CARTESIAN_POINT('',(-0.050585,0.,0.000585));
#4209=CARTESIAN_POINT('',(-0.0502925,0.0003,0.000585));
#4210=CARTESIAN_POINT('',(0.05205,0.0003,0.000585));
#4211=CARTESIAN_POINT('',(0.05205,0.,0.000585));
#4212=CARTESIAN_POINT('',(0.05205,0.,-0.000585));
#4213=CARTESIAN_POINT('',(0.05205,0.0003,-0.0002925));
#4214=CARTESIAN_POINT('',(0.05205,0.0003,-0.000585));
#4215=CARTESIAN_POINT('',(0.05205,0.,-0.000585));
#4216=CARTESIAN_POINT('',(-0.05205,0.,-0.000585));
#4217=CARTESIAN_POINT('',(-0.051025,0.0003,-0.000585));
#4218=CARTESIAN_POINT('',(0.050585,0.0003,-0.000585));
#4219=CARTESIAN_POINT('',(0.050585,0.,-0.000585));
#4220=CARTESIAN_POINT('',(0.050585,0.,0.000585));
#4221=CARTESIAN_POINT('',(0.050585,0.0003,0.0002925));
#4222=CARTESIAN_POINT('',(0.050585,0.0003,-0.00205));
#4223=CARTESIAN_POINT('',(0.050585,0.,-0.00205));
#4224=CARTESIAN_POINT('',(-0.050585,0.,-0.00205));
#4225=CARTESIAN_POINT('',(-0.0502925,0.0003,-0.00205));
#4226=CARTESIAN_POINT('',(0.049415,0.0003,-0.00205));
#4227=CARTESIAN_POINT('',(0.049415,0.,-0.00205));
#4228=CARTESIAN_POINT('',(0.049415,0.,0.00205));
#4229=CARTESIAN_POINT('',(0.049415,0.0003,0.001025));
#4230=CARTESIAN_POINT('',(0.050735,0.00015,0.0002925));
#4231=CARTESIAN_POINT('',(0.0170591666666666,0.0338258333333333,0.0314758333333333));
#4232=CARTESIAN_POINT('',(0.0503925,0.0004925,-0.0003925));
#4233=CARTESIAN_POINT('',(-0.0502925,0.00015,-0.0022));
#4234=CARTESIAN_POINT('',(0.05034,0.001225,-0.001125));
#4235=CARTESIAN_POINT('',(0.049265,0.00015,0.001025));
#4236=CARTESIAN_POINT('',(0.015835,-0.03328,-0.034165));
#4237=CARTESIAN_POINT('',(0.0522,0.00015,-0.0002925));
#4238=CARTESIAN_POINT('',(0.0180358333333334,0.0343141666666667,-0.0334291666666666));
#4239=CARTESIAN_POINT('',(0.0177916666666667,0.0345583333333334,0.0336733333333333));
#4240=CARTESIAN_POINT('',(-0.051025,0.00015,-0.000735));
#4241=CARTESIAN_POINT('',(0.0481425,0.0004925,-0.0003925));
#4242=CARTESIAN_POINT('',(0.0478,0.00015,0.0002925));
#4243=CARTESIAN_POINT('',(0.0151025,-0.0325475,0.0334325));
#4244=CARTESIAN_POINT('',(-0.0502925,0.00015,0.000735));
#4245=CARTESIAN_POINT('',(0.0491683333333333,5.33333333333334E-5,0.000831666666666667));
#4246=CARTESIAN_POINT('',(0.049265,0.00015,0.001025));
#4247=CARTESIAN_POINT('',(0.0162741666666666,-0.0328408333333333,0.0351908333333334));
#4248=CARTESIAN_POINT('',(-0.0497075,0.00015,0.0022));
#4249=CARTESIAN_POINT('',(0.0500991666666667,0.000785833333333333,0.00156416666666667));
#4250=CARTESIAN_POINT('',(0.050735,0.00015,0.0002925));
#4251=CARTESIAN_POINT('',(0.0170591666666666,0.0338258333333333,-0.0329408333333333));
#4252=CARTESIAN_POINT('',(-0.0502925,0.00015,0.000735));
#4253=CARTESIAN_POINT('',(-0.051025,0.00015,-0.000735));
#4254=CARTESIAN_POINT('',(0.049875,0.0057,-2.4980018054066E-18));
#4255=CARTESIAN_POINT('',(-0.0265,0.0057,0.00455302360617557));
#4256=CARTESIAN_POINT('',(-0.0265000000000048,0.0057,-0.0052));
#4257=CARTESIAN_POINT('',(0.055075,0.0057,-0.0052));
#4258=CARTESIAN_POINT('',(-0.0264999999999982,0.0057,0.00910604721231562));
#4259=CARTESIAN_POINT('',(-0.0265000000000049,0.00517037107224665,-0.00539512644706703));
#4260=CARTESIAN_POINT('',(-0.0265000000000054,0.0027,-0.00630526315789474));
#4261=CARTESIAN_POINT('',(-0.0264999999999982,0.0027,0.00910604721231562));
#4262=CARTESIAN_POINT('',(-0.02575,0.0027,-3.00204932237556E-51));
#4263=CARTESIAN_POINT('',(0.00841250000000012,0.0027,-0.00630526315789474));
#4264=CARTESIAN_POINT('',(-0.025,0.0027,-0.00630526315789474));
#4265=CARTESIAN_POINT('',(-0.025,0.0027,-0.00910604721231562));
#4266=CARTESIAN_POINT('',(-0.025,0.0057,-0.00910604721231562));
#4267=CARTESIAN_POINT('',(-0.025,0.00221645819605125,-0.00648341013829691));
#4268=CARTESIAN_POINT('',(-0.025,0.0057,-0.0052));
#4269=CARTESIAN_POINT('',(-0.025,0.0057,-0.00455302360615781));
#4270=CARTESIAN_POINT('',(0.0498749999999879,0.00785696639867278,-0.00622194458089138));
#4271=CARTESIAN_POINT('',(-0.049875,0.00785696639867278,-0.00622194458089138));
#4272=CARTESIAN_POINT('',(0.0498749999999879,0.00554571275908858,-0.00815940726601157));
#4273=CARTESIAN_POINT('',(-0.049875,0.00554571275908858,-0.00815940726601157));
#4274=CARTESIAN_POINT('',(0.0498749999999879,0.00254862242697096,-0.00910000000002709));
#4275=CARTESIAN_POINT('',(-0.049875,0.00254862242697096,-0.00910000000002709));
#4276=CARTESIAN_POINT('',(0.0498749999999879,0.000999999999933047,-0.0091));
#4277=CARTESIAN_POINT('',(-0.049875,0.000999999999933047,-0.0091));
#4278=CARTESIAN_POINT('',(0.0498750036697061,0.000999999999999999,0.0091));
#4279=CARTESIAN_POINT('',(-0.0498750010986364,0.001,0.0091));
#4280=CARTESIAN_POINT('',(0.0498750036697061,0.00143472062867915,0.0091));
#4281=CARTESIAN_POINT('',(-0.0498750010986364,0.00143472062867915,0.0091));
#4282=CARTESIAN_POINT('',(0.0498750036697061,0.00253942855110506,0.00895031208025043));
#4283=CARTESIAN_POINT('',(-0.0498750010986364,0.00253942855110506,0.00895031208025043));
#4284=CARTESIAN_POINT('',(0.0498750036697061,0.00449064318340926,0.00830034022636537));
#4285=CARTESIAN_POINT('',(-0.0498750010986364,0.00449064318340927,0.00830034022636537));
#4286=CARTESIAN_POINT('',(0.0498750036697061,0.00625255916517556,0.00741297794690875));
#4287=CARTESIAN_POINT('',(-0.0498750010986364,0.00625255916517556,0.00741297794690875));
#4288=CARTESIAN_POINT('',(0.0498750036697061,0.00735046628085259,0.00664617743659349));
#4289=CARTESIAN_POINT('',(-0.0498750010986364,0.00735046628085259,0.00664617743659349));
#4290=CARTESIAN_POINT('',(0.0498750036697061,0.00785686993032422,0.00622194393540935));
#4291=CARTESIAN_POINT('',(-0.0498750010986364,0.00785686993032422,0.00622194393540935));
#4292=CARTESIAN_POINT('',(0.049875,0.0057,-2.4980018054066E-18));
#4293=CARTESIAN_POINT('',(0.0234999999999997,0.0057,0.00455302360616394));
#4294=CARTESIAN_POINT('',(0.0234999999999952,0.0057,-0.0052));
#4295=CARTESIAN_POINT('',(0.055075,0.0057,-0.0052));
#4296=CARTESIAN_POINT('',(0.042575,0.,-0.0073));
#4297=CARTESIAN_POINT('',(0.025,0.00221645819605125,-0.00648341013829691));
#4298=CARTESIAN_POINT('',(0.025,0.0027,-0.00630526315789474));
#4299=CARTESIAN_POINT('',(0.042575,0.0027,-0.00630526315789474));
#4300=CARTESIAN_POINT('',(0.0234999999999947,0.0027,-0.00630526315789474));
#4301=CARTESIAN_POINT('',(0.0234999999999951,0.00517037107224288,-0.00539512644706842));
#4302=CARTESIAN_POINT('',(0.0235000000000018,0.0057,0.00910604721231562));
#4303=CARTESIAN_POINT('',(0.0234999999999975,0.0027,-2.29014128352245E-14));
#4304=CARTESIAN_POINT('',(-0.02575,0.0027,-3.00204932237556E-51));
#4305=CARTESIAN_POINT('',(0.025,0.0027,-3.00204932237556E-51));
#4306=CARTESIAN_POINT('',(0.025,0.0057,-0.00910604721231562));
#4307=MECHANICAL_DESIGN_GEOMETRIC_PRESENTATION_REPRESENTATION('',(#2015),
#4308);
#4308=(
GEOMETRIC_REPRESENTATION_CONTEXT(3)
GLOBAL_UNCERTAINTY_ASSIGNED_CONTEXT((#4309))
GLOBAL_UNIT_ASSIGNED_CONTEXT((#4312,#4311,#4310))
REPRESENTATION_CONTEXT('DSA Spacebar 6.25u v2',
'TOP_LEVEL_ASSEMBLY_PART')
);
#4309=UNCERTAINTY_MEASURE_WITH_UNIT(LENGTH_MEASURE(2.E-5),#4312,
'DISTANCE_ACCURACY_VALUE','Maximum Tolerance applied to model');
#4310=(
NAMED_UNIT(*)
SI_UNIT($,.STERADIAN.)
SOLID_ANGLE_UNIT()
);
#4311=(
NAMED_UNIT(*)
PLANE_ANGLE_UNIT()
SI_UNIT($,.RADIAN.)
);
#4312=(
LENGTH_UNIT()
NAMED_UNIT(*)
SI_UNIT($,.METRE.)
);
#4313=PRODUCT_DEFINITION_SHAPE('','',#4314);
#4314=PRODUCT_DEFINITION('','',#4316,#4315);
#4315=PRODUCT_DEFINITION_CONTEXT('',#4322,'design');
#4316=PRODUCT_DEFINITION_FORMATION_WITH_SPECIFIED_SOURCE('','',#4318,
 .NOT_KNOWN.);
#4317=PRODUCT_RELATED_PRODUCT_CATEGORY('','',(#4318));
#4318=PRODUCT('DSA Spacebar 6.25u v2','DSA Spacebar 6.25u v2',
'DSA Spacebar 6.25u v2',(#4320));
#4319=PRODUCT_CATEGORY('','');
#4320=PRODUCT_CONTEXT('',#4322,'mechanical');
#4321=APPLICATION_PROTOCOL_DEFINITION('international standard',
'ap242_managed_model_based_3d_engineering',2020,#4322);
#4322=APPLICATION_CONTEXT('managed model based 3d engineering');
ENDSEC;
END-ISO-10303-21;
